"dane_code","department","municipality","cod_dde_2026","cod_mme_2026","municipality_2026","pvs1_petro_2022","petro_winner_2022","winner_name_2022","share_cepeda_2026","cepeda_winner_2026","winner_name_2026","total_votes_2026","match_type","switched_plurality","petro_share_diff","petro_supporter_switched"
"05001","Antioquia","Medellin","01","001","MEDELLIN",0.244699999690056,FALSE,"federico_gutiérrez",0.242316658106102,FALSE,"ABELARDO DE LA ESPRIELLA",1240183,"exact",FALSE,-0.00238334158395376,"Did not vote Petro before"
"05002","Antioquia","Abejorral","01","004","ABEJORRAL",0.0940999984741211,FALSE,"federico_gutiérrez",0.122222222222222,FALSE,"ABELARDO DE LA ESPRIELLA",7560,"exact",FALSE,0.0281222237481011,"Did not vote Petro before"
"05004","Antioquia","Abriaqui","01","007","ABRIAQUI",0.0571999996900558,FALSE,"federico_gutiérrez",0.0929808568824066,FALSE,"ABELARDO DE LA ESPRIELLA",1097,"exact",FALSE,0.0357808571923507,"Did not vote Petro before"
"05021","Antioquia","Alejandria","01","010","ALEJANDRIA",0.116200000047684,FALSE,"federico_gutiérrez",0.140942028985507,FALSE,"ABELARDO DE LA ESPRIELLA",2760,"exact",FALSE,0.0247420289378235,"Did not vote Petro before"
"05030","Antioquia","Amaga","01","013","AMAGA",0.197999998927116,FALSE,"federico_gutiérrez",0.293313184737439,FALSE,"ABELARDO DE LA ESPRIELLA",13235,"exact",FALSE,0.0953131858103222,"Did not vote Petro before"
"05031","Antioquia","Amalfi","01","016","AMALFI",0.146799996495247,FALSE,"federico_gutiérrez",0.168738898756661,FALSE,"ABELARDO DE LA ESPRIELLA",6756,"exact",FALSE,0.0219389022614138,"Did not vote Petro before"
"05034","Antioquia","Andes","01","019","ANDES",0.147399991750717,FALSE,"federico_gutiérrez",0.144851362043631,FALSE,"ABELARDO DE LA ESPRIELLA",17694,"exact",FALSE,-0.00254862970708655,"Did not vote Petro before"
"05036","Antioquia","Angelopolis","01","022","ANGELOPOLIS",0.143399998545647,FALSE,"federico_gutiérrez",0.18471986417657,FALSE,"ABELARDO DE LA ESPRIELLA",2945,"exact",FALSE,0.0413198656309238,"Did not vote Petro before"
"05038","Antioquia","Angostura","01","025","ANGOSTURA",0.106300003826618,FALSE,"federico_gutiérrez",0.152440687210254,FALSE,"ABELARDO DE LA ESPRIELLA",3667,"exact",FALSE,0.0461406833836354,"Did not vote Petro before"
"05040","Antioquia","Anori","01","028","ANORI",0.24940000474453,FALSE,"rodolfo_hernández",0.333507716453047,FALSE,"ABELARDO DE LA ESPRIELLA",3823,"exact",FALSE,0.0841077117085176,"Did not vote Petro before"
"05044","Antioquia","Anza","01","034","ANZA",0.130300000309944,FALSE,"federico_gutiérrez",0.135547272111149,FALSE,"ABELARDO DE LA ESPRIELLA",2951,"exact",FALSE,0.0052472718012046,"Did not vote Petro before"
"05045","Antioquia","Apartado","01","035","APARTADO",0.527700006961823,TRUE,"gustavo_petro",0.588054465561201,TRUE,"IVÁN CEPEDA CASTRO",55301,"exact",FALSE,0.0603544585993789,"No Switch (Still Petro)"
"05051","Antioquia","Arboletes","01","037","ARBOLETES",0.400999993085861,TRUE,"gustavo_petro",0.420365268850117,FALSE,"ABELARDO DE LA ESPRIELLA",9801,"exact",TRUE,0.0193652757642561,"Switched (Voted Petro before, not anymore)"
"05055","Antioquia","Argelia","01","039","ARGELIA",0.0733999982476234,FALSE,"federico_gutiérrez",0.10450563204005,FALSE,"ABELARDO DE LA ESPRIELLA",3196,"exact",FALSE,0.0311056337924266,"Did not vote Petro before"
"05059","Antioquia","Armenia","01","040","ARMENIA",0.108999997377396,FALSE,"federico_gutiérrez",0.17353579175705,FALSE,"ABELARDO DE LA ESPRIELLA",2305,"exact",FALSE,0.0645357943796543,"Did not vote Petro before"
"05079","Antioquia","Barbosa","01","043","BARBOSA",0.254299998283386,FALSE,"federico_gutiérrez",0.282509381628324,FALSE,"ABELARDO DE LA ESPRIELLA",24516,"exact",FALSE,0.0282093833449381,"Did not vote Petro before"
"05086","Antioquia","Belmira","01","046","BELMIRA",0.0973999947309494,FALSE,"federico_gutiérrez",0.12666907253699,FALSE,"ABELARDO DE LA ESPRIELLA",2771,"exact",FALSE,0.0292690778060408,"Did not vote Petro before"
"05088","Antioquia","Bello","01","049","BELLO",0.26910001039505,FALSE,"federico_gutiérrez",0.277141542304911,FALSE,"ABELARDO DE LA ESPRIELLA",228165,"exact",FALSE,0.00804153190986084,"Did not vote Petro before"
"05091","Antioquia","Betania","01","052","BETANIA",0.108599998056889,FALSE,"federico_gutiérrez",0.134751773049645,FALSE,"ABELARDO DE LA ESPRIELLA",3666,"exact",FALSE,0.0261517749927568,"Did not vote Petro before"
"05093","Antioquia","Betulia","01","055","BETULIA",0.0832000002264977,FALSE,"federico_gutiérrez",0.106084516920919,FALSE,"ABELARDO DE LA ESPRIELLA",5703,"exact",FALSE,0.0228845166944212,"Did not vote Petro before"
"05107","Antioquia","Briceno","01","062","BRICEÑO",0.231299996376038,FALSE,"rodolfo_hernández",0.23146186440678,FALSE,"ABELARDO DE LA ESPRIELLA",1888,"exact",FALSE,0.000161868030742057,"Did not vote Petro before"
"05113","Antioquia","Buritica","01","061","BURITICA",0.259099990129471,FALSE,"federico_gutiérrez",0.302136031478359,FALSE,"ABELARDO DE LA ESPRIELLA",3558,"exact",FALSE,0.0430360413488878,"Did not vote Petro before"
"05120","Antioquia","Caceres","01","064","CACERES",0.455900013446808,TRUE,"gustavo_petro",0.559679655013091,TRUE,"IVÁN CEPEDA CASTRO",6493,"exact",FALSE,0.103779641566283,"No Switch (Still Petro)"
"05125","Antioquia","Caicedo","01","067","CAICEDO",0.151099994778633,FALSE,"federico_gutiérrez",0.159237726098191,FALSE,"ABELARDO DE LA ESPRIELLA",3096,"exact",FALSE,0.00813773131955808,"Did not vote Petro before"
"05129","Antioquia","Caldas","01","070","CALDAS",0.258199989795685,FALSE,"federico_gutiérrez",0.283226513745994,FALSE,"ABELARDO DE LA ESPRIELLA",47432,"exact",FALSE,0.0250265239503095,"Did not vote Petro before"
"05134","Antioquia","Campamento","01","073","CAMPAMENTO",0.157600000500679,FALSE,"federico_gutiérrez",0.205400192864031,FALSE,"ABELARDO DE LA ESPRIELLA",2074,"exact",FALSE,0.0478001923633518,"Did not vote Petro before"
"05138","Antioquia","Canasgordas","01","076","CAÑASGORDAS",0.100600004196167,FALSE,"federico_gutiérrez",0.137621935143686,FALSE,"ABELARDO DE LA ESPRIELLA",7586,"exact",FALSE,0.0370219309475187,"Did not vote Petro before"
"05142","Antioquia","Caracoli","01","078","CARACOLI",0.17620000243187,FALSE,"federico_gutiérrez",0.223505775991964,FALSE,"ABELARDO DE LA ESPRIELLA",1991,"exact",FALSE,0.0473057735600943,"Did not vote Petro before"
"05145","Antioquia","Caramanta","01","079","CARAMANTA",0.144600003957748,FALSE,"federico_gutiérrez",0.159917355371901,FALSE,"ABELARDO DE LA ESPRIELLA",2420,"exact",FALSE,0.0153173514141524,"Did not vote Petro before"
"05147","Antioquia","Carepa","01","080","CAREPA",0.47749999165535,TRUE,"gustavo_petro",0.562302593531741,TRUE,"IVÁN CEPEDA CASTRO",22479,"exact",FALSE,0.084802601876391,"No Switch (Still Petro)"
"05150","Antioquia","Carolina","01","085","CAROLINA",0.185400009155273,FALSE,"federico_gutiérrez",0.201082431307244,FALSE,"ABELARDO DE LA ESPRIELLA",2402,"exact",FALSE,0.0156824221519705,"Did not vote Petro before"
"05154","Antioquia","Caucasia","01","088","CAUCASIA",0.39630001783371,TRUE,"gustavo_petro",0.502957791515668,TRUE,"IVÁN CEPEDA CASTRO",37528,"exact",FALSE,0.106657773681959,"No Switch (Still Petro)"
"05172","Antioquia","Chigorodo","01","106","CHIGORODO",0.446699976921082,TRUE,"gustavo_petro",0.533627744915323,TRUE,"IVÁN CEPEDA CASTRO",24682,"exact",FALSE,0.0869277679942414,"No Switch (Still Petro)"
"05190","Antioquia","Cisneros","01","091","CISNEROS",0.186499997973442,FALSE,"federico_gutiérrez",0.247060596924932,FALSE,"ABELARDO DE LA ESPRIELLA",6634,"exact",FALSE,0.0605605989514901,"Did not vote Petro before"
"05197","Antioquia","Cocorna","01","094","COCORNA",0.103699997067451,FALSE,"federico_gutiérrez",0.115476325650051,FALSE,"ABELARDO DE LA ESPRIELLA",8807,"exact",FALSE,0.0117763285825996,"Did not vote Petro before"
"05206","Antioquia","Concepcion","01","097","CONCEPCION",0.0830000042915344,FALSE,"federico_gutiérrez",0.100688156465049,FALSE,"ABELARDO DE LA ESPRIELLA",2761,"exact",FALSE,0.0176881521735145,"Did not vote Petro before"
"05209","Antioquia","Concordia","01","100","CONCORDIA",0.100699998438358,FALSE,"federico_gutiérrez",0.131111757857974,FALSE,"ABELARDO DE LA ESPRIELLA",6872,"exact",FALSE,0.0304117594196161,"Did not vote Petro before"
"05212","Antioquia","Copacabana","01","103","COPACABANA",0.286500006914139,FALSE,"federico_gutiérrez",0.284512979332,FALSE,"ABELARDO DE LA ESPRIELLA",46497,"exact",FALSE,-0.00198702758213887,"Did not vote Petro before"
"05234","Antioquia","Dabeiba","01","109","DABEIBA",0.292800009250641,FALSE,"rodolfo_hernández",0.372119669000637,FALSE,"ABELARDO DE LA ESPRIELLA",7855,"exact",FALSE,0.0793196597499957,"Did not vote Petro before"
"05237","Antioquia","Donmatias","01","112","DON MATIAS",0.125200003385544,FALSE,"federico_gutiérrez",0.127808136004857,FALSE,"ABELARDO DE LA ESPRIELLA",9882,"exact",FALSE,0.0026081326193135,"Did not vote Petro before"
"05240","Antioquia","Ebejico","01","115","EBEJICO",0.115200005471706,FALSE,"federico_gutiérrez",0.167730496453901,FALSE,"ABELARDO DE LA ESPRIELLA",5640,"exact",FALSE,0.0525304909821943,"Did not vote Petro before"
"05250","Antioquia","El Bagre","01","117","EL BAGRE",0.370600014925003,TRUE,"gustavo_petro",0.45391621129326,TRUE,"IVÁN CEPEDA CASTRO",13725,"exact",FALSE,0.0833161963682574,"No Switch (Still Petro)"
"05264","Antioquia","Entrerrios","01","118","ENTRERRIOS",0.116800002753735,FALSE,"rodolfo_hernández",0.132841960918752,FALSE,"ABELARDO DE LA ESPRIELLA",5834,"exact",FALSE,0.0160419581650176,"Did not vote Petro before"
"05266","Antioquia","Envigado","01","121","ENVIGADO",0.166700005531311,FALSE,"federico_gutiérrez",0.146072339311906,FALSE,"ABELARDO DE LA ESPRIELLA",164309,"exact",FALSE,-0.0206276662194048,"Did not vote Petro before"
"05282","Antioquia","Fredonia","01","124","FREDONIA",0.166900008916855,FALSE,"federico_gutiérrez",0.233069977426637,FALSE,"ABELARDO DE LA ESPRIELLA",8860,"exact",FALSE,0.0661699685097817,"Did not vote Petro before"
"05284","Antioquia","Frontino","01","127","FRONTINO",0.236100003123283,FALSE,"federico_gutiérrez",0.304386884264111,FALSE,"ABELARDO DE LA ESPRIELLA",6679,"exact",FALSE,0.068286881140828,"Did not vote Petro before"
"05306","Antioquia","Giraldo","01","130","GIRALDO",0.25330001115799,FALSE,"federico_gutiérrez",0.305439330543933,FALSE,"ABELARDO DE LA ESPRIELLA",2868,"exact",FALSE,0.0521393193859436,"Did not vote Petro before"
"05308","Antioquia","Girardota","01","133","GIRARDOTA",0.260300010442734,FALSE,"federico_gutiérrez",0.264333188396795,FALSE,"ABELARDO DE LA ESPRIELLA",32198,"exact",FALSE,0.00403317795406105,"Did not vote Petro before"
"05310","Antioquia","Gomez Plata","01","136","GOMEZ PLATA",0.120900005102158,FALSE,"federico_gutiérrez",0.145872915347266,FALSE,"ABELARDO DE LA ESPRIELLA",4737,"exact",FALSE,0.0249729102451086,"Did not vote Petro before"
"05313","Antioquia","Granada","01","139","GRANADA",0.0981999933719635,FALSE,"federico_gutiérrez",0.0986434433093284,FALSE,"ABELARDO DE LA ESPRIELLA",5971,"exact",FALSE,0.00044344993736492,"Did not vote Petro before"
"05315","Antioquia","Guadalupe","01","140","GUADALUPE",0.278200000524521,FALSE,"federico_gutiérrez",0.357862461673237,FALSE,"ABELARDO DE LA ESPRIELLA",2283,"exact",FALSE,0.0796624611487161,"Did not vote Petro before"
"05318","Antioquia","Guarne","01","142","GUARNE",0.184000000357628,FALSE,"federico_gutiérrez",0.198850009224525,FALSE,"ABELARDO DE LA ESPRIELLA",32522,"exact",FALSE,0.0148500088668971,"Did not vote Petro before"
"05321","Antioquia","Guatape","01","145","GUATAPE",0.146699994802475,FALSE,"federico_gutiérrez",0.133545044292161,FALSE,"ABELARDO DE LA ESPRIELLA",5983,"exact",FALSE,-0.0131549505103138,"Did not vote Petro before"
"05347","Antioquia","Heliconia","01","148","HELICONIA",0.140100002288818,FALSE,"federico_gutiérrez",0.201025641025641,FALSE,"ABELARDO DE LA ESPRIELLA",2925,"exact",FALSE,0.0609256387368227,"Did not vote Petro before"
"05353","Antioquia","Hispania","01","150","HISPANIA",0.202399998903275,FALSE,"federico_gutiérrez",0.181679389312977,FALSE,"ABELARDO DE LA ESPRIELLA",2620,"exact",FALSE,-0.0207206095902975,"Did not vote Petro before"
"05360","Antioquia","Itagui","01","151","ITAGUI",0.238999992609024,FALSE,"federico_gutiérrez",0.240829686338092,FALSE,"ABELARDO DE LA ESPRIELLA",164062,"exact",FALSE,0.00182969372906766,"Did not vote Petro before"
"05361","Antioquia","Ituango","01","154","ITUANGO",0.239799991250038,FALSE,"federico_gutiérrez",0.314430894308943,FALSE,"ABELARDO DE LA ESPRIELLA",4920,"exact",FALSE,0.074630903058905,"Did not vote Petro before"
"05364","Antioquia","Jardin","01","157","JARDIN",0.231600001454353,FALSE,"federico_gutiérrez",0.222945484133442,FALSE,"ABELARDO DE LA ESPRIELLA",8603,"exact",FALSE,-0.00865451732091152,"Did not vote Petro before"
"05368","Antioquia","Jerico","01","160","JERICO",0.145799994468689,FALSE,"federico_gutiérrez",0.175428571428571,FALSE,"ABELARDO DE LA ESPRIELLA",7000,"exact",FALSE,0.0296285769598825,"Did not vote Petro before"
"05376","Antioquia","La Ceja","01","163","LA CEJA",0.164300009608269,FALSE,"federico_gutiérrez",0.184182986993572,FALSE,"ABELARDO DE LA ESPRIELLA",46823,"exact",FALSE,0.0198829773853028,"Did not vote Petro before"
"05380","Antioquia","La Estrella","01","166","LA ESTRELLA",0.252600014209747,FALSE,"federico_gutiérrez",0.239774859287054,FALSE,"ABELARDO DE LA ESPRIELLA",42640,"exact",FALSE,-0.0128251549226929,"Did not vote Petro before"
"05390","Antioquia","La Pintada","01","170","LA PINTADA",0.181400001049042,FALSE,"federico_gutiérrez",0.315162741465996,FALSE,"ABELARDO DE LA ESPRIELLA",3779,"exact",FALSE,0.133762740416955,"Did not vote Petro before"
"05400","Antioquia","La Union","01","169","LA UNION",0.151800006628036,FALSE,"federico_gutiérrez",0.169369114210862,FALSE,"ABELARDO DE LA ESPRIELLA",14123,"exact",FALSE,0.0175691075828252,"Did not vote Petro before"
"05411","Antioquia","Liborina","01","172","LIBORINA",0.120299994945526,FALSE,"federico_gutiérrez",0.143825765358537,FALSE,"ABELARDO DE LA ESPRIELLA",4867,"exact",FALSE,0.023525770413011,"Did not vote Petro before"
"05425","Antioquia","Maceo","01","175","MACEO",0.143999993801117,FALSE,"federico_gutiérrez",0.195226300382797,FALSE,"ABELARDO DE LA ESPRIELLA",4441,"exact",FALSE,0.0512263065816797,"Did not vote Petro before"
"05440","Antioquia","Marinilla","01","178","MARINILLA",0.192699998617172,FALSE,"federico_gutiérrez",0.181735727798077,FALSE,"ABELARDO DE LA ESPRIELLA",38589,"exact",FALSE,-0.0109642708190951,"Did not vote Petro before"
"05467","Antioquia","Montebello","01","181","MONTEBELLO",0.141000002622604,FALSE,"federico_gutiérrez",0.181331747919144,FALSE,"ABELARDO DE LA ESPRIELLA",3364,"exact",FALSE,0.0403317452965395,"Did not vote Petro before"
"05475","Antioquia","Murindo","01","184","MURINDO",0.870700001716614,TRUE,"gustavo_petro",0.91304347826087,TRUE,"IVÁN CEPEDA CASTRO",1633,"exact",FALSE,0.0423434765442557,"No Switch (Still Petro)"
"05480","Antioquia","Mutata","01","187","MUTATA",0.408499985933304,TRUE,"gustavo_petro",0.515299260255548,TRUE,"IVÁN CEPEDA CASTRO",5948,"exact",FALSE,0.106799274322244,"No Switch (Still Petro)"
"05483","Antioquia","Narino","01","190","NARIÑO",0.0723999962210655,FALSE,"federico_gutiérrez",0.0829602317619173,FALSE,"ABELARDO DE LA ESPRIELLA",3797,"exact",FALSE,0.0105602355408518,"Did not vote Petro before"
"05490","Antioquia","Necocli","01","192","NECOCLI",0.353199988603592,TRUE,"gustavo_petro",0.383888072573947,FALSE,"ABELARDO DE LA ESPRIELLA",15653,"exact",TRUE,0.0306880839703556,"Switched (Voted Petro before, not anymore)"
"05495","Antioquia","Nechi","01","191","NECHI",0.34919998049736,TRUE,"gustavo_petro",0.3843399750934,FALSE,"ABELARDO DE LA ESPRIELLA",6424,"exact",TRUE,0.0351399945960395,"Switched (Voted Petro before, not anymore)"
"05501","Antioquia","Olaya","01","193","OLAYA",0.17620000243187,FALSE,"federico_gutiérrez",0.158506731946144,FALSE,"ABELARDO DE LA ESPRIELLA",1634,"exact",FALSE,-0.0176932704857251,"Did not vote Petro before"
"05541","Antioquia","Penol","01","196","PEÑOL",0.152400001883507,FALSE,"federico_gutiérrez",0.137064823400489,FALSE,"ABELARDO DE LA ESPRIELLA",11863,"exact",FALSE,-0.0153351784830179,"Did not vote Petro before"
"05543","Antioquia","Peque","01","199","PEQUE",0.199000000953674,FALSE,"federico_gutiérrez",0.286274509803922,FALSE,"ABELARDO DE LA ESPRIELLA",3060,"exact",FALSE,0.0872745088502472,"Did not vote Petro before"
"05576","Antioquia","Pueblorrico","01","202","PUEBLORRICO",0.174099996685982,FALSE,"federico_gutiérrez",0.155890410958904,FALSE,"ABELARDO DE LA ESPRIELLA",3650,"exact",FALSE,-0.0182095857270776,"Did not vote Petro before"
"05579","Antioquia","Puerto Berrio","01","205","PUERTO BERRIO",0.258199989795685,FALSE,"rodolfo_hernández",0.367383631883865,FALSE,"ABELARDO DE LA ESPRIELLA",15017,"exact",FALSE,0.10918364208818,"Did not vote Petro before"
"05591","Antioquia","Puerto Triunfo","01","206","PUERTO TRIUNFO",0.150100007653236,FALSE,"rodolfo_hernández",0.258594730238394,FALSE,"ABELARDO DE LA ESPRIELLA",7970,"exact",FALSE,0.108494722585158,"Did not vote Petro before"
"05604","Antioquia","Remedios","01","208","REMEDIOS",0.376399993896484,TRUE,"gustavo_petro",0.444720188609009,TRUE,"IVÁN CEPEDA CASTRO",8059,"exact",FALSE,0.0683201947125242,"No Switch (Still Petro)"
"05607","Antioquia","Retiro","01","211","RETIRO",0.114100001752377,FALSE,"federico_gutiérrez",0.121107462348545,FALSE,"ABELARDO DE LA ESPRIELLA",17662,"exact",FALSE,0.00700746059616834,"Did not vote Petro before"
"05615","Antioquia","Rionegro","01","214","RIONEGRO",0.182000011205673,FALSE,"federico_gutiérrez",0.178916779894673,FALSE,"ABELARDO DE LA ESPRIELLA",100829,"exact",FALSE,-0.00308323131100005,"Did not vote Petro before"
"05628","Antioquia","Sabanalarga","01","217","SABANALARGA",0.118000000715256,FALSE,"federico_gutiérrez",0.142172073342736,FALSE,"ABELARDO DE LA ESPRIELLA",3545,"exact",FALSE,0.0241720726274805,"Did not vote Petro before"
"05631","Antioquia","Sabaneta","01","218","SABANETA",0.200499996542931,FALSE,"federico_gutiérrez",0.167063569887653,FALSE,"ABELARDO DE LA ESPRIELLA",71386,"exact",FALSE,-0.0334364266552776,"Did not vote Petro before"
"05642","Antioquia","Salgar","01","220","SALGAR",0.0842000022530556,FALSE,"federico_gutiérrez",0.077966683839945,FALSE,"ABELARDO DE LA ESPRIELLA",5823,"exact",FALSE,-0.00623331841311053,"Did not vote Petro before"
"05649","Antioquia","San Carlos","01","226","SAN CARLOS",0.160199999809265,FALSE,"federico_gutiérrez",0.170188593501477,FALSE,"ABELARDO DE LA ESPRIELLA",8802,"exact",FALSE,0.00998859369221181,"Did not vote Petro before"
"05652","Antioquia","San Francisco","01","227","SAN FRANCISCO",0.135900005698204,FALSE,"federico_gutiérrez",0.15493455960382,FALSE,"ABELARDO DE LA ESPRIELLA",2827,"exact",FALSE,0.0190345539056163,"Did not vote Petro before"
"05656","Antioquia","San Jeronimo","01","229","SAN JERONIMO",0.130899995565414,FALSE,"federico_gutiérrez",0.18005284015852,FALSE,"ABELARDO DE LA ESPRIELLA",7570,"exact",FALSE,0.049152844593106,"Did not vote Petro before"
"05658","Antioquia","San Jose De La Montana","01","230","SAN JOSE DE LA MONTAÑA",0.11879999935627,FALSE,"federico_gutiérrez",0.119077306733167,FALSE,"ABELARDO DE LA ESPRIELLA",1604,"exact",FALSE,0.00027730737689724,"Did not vote Petro before"
"05659","Antioquia","San Juan De Uraba","01","231","SAN JUAN DE URABA",0.373699992895126,TRUE,"gustavo_petro",0.400802381260515,FALSE,"ABELARDO DE LA ESPRIELLA",7727,"exact",TRUE,0.0271023883653888,"Switched (Voted Petro before, not anymore)"
"05660","Antioquia","San Luis","01","232","SAN LUIS",0.134700000286102,FALSE,"rodolfo_hernández",0.152221412964312,FALSE,"ABELARDO DE LA ESPRIELLA",6865,"exact",FALSE,0.0175214126782094,"Did not vote Petro before"
"05665","Antioquia","San Pedro De Uraba","01","237","SAN PEDRO DE URABA",0.2483000010252,FALSE,"federico_gutiérrez",0.26137052759248,FALSE,"ABELARDO DE LA ESPRIELLA",11543,"exact",FALSE,0.0130705265672804,"Did not vote Petro before"
"05667","Antioquia","San Rafael","01","238","SAN RAFAEL",0.174799993634224,FALSE,"federico_gutiérrez",0.162849198993777,FALSE,"ABELARDO DE LA ESPRIELLA",7553,"exact",FALSE,-0.0119507946404466,"Did not vote Petro before"
"05670","Antioquia","San Roque","01","241","SAN ROQUE",0.106099992990494,FALSE,"federico_gutiérrez",0.140090983319725,FALSE,"ABELARDO DE LA ESPRIELLA",8573,"exact",FALSE,0.0339909903292309,"Did not vote Petro before"
"05679","Antioquia","Santa Barbara","01","247","SANTA BARBARA",0.195499986410141,FALSE,"federico_gutiérrez",0.240371506475801,FALSE,"ABELARDO DE LA ESPRIELLA",11736,"exact",FALSE,0.04487152006566,"Did not vote Petro before"
"05686","Antioquia","Santa Rosa De Osos","01","250","SANTA ROSA DE OSOS",0.13400000333786,FALSE,"federico_gutiérrez",0.139210737639096,FALSE,"ABELARDO DE LA ESPRIELLA",17434,"exact",FALSE,0.00521073430123592,"Did not vote Petro before"
"05690","Antioquia","Santo Domingo","01","253","SANTO DOMINGO",0.128700003027916,FALSE,"federico_gutiérrez",0.160096690219412,FALSE,"ABELARDO DE LA ESPRIELLA",5378,"exact",FALSE,0.0313966871914965,"Did not vote Petro before"
"05736","Antioquia","Segovia","01","259","SEGOVIA",0.463800013065338,TRUE,"gustavo_petro",0.529957321076822,TRUE,"IVÁN CEPEDA CASTRO",12184,"exact",FALSE,0.0661573080114839,"No Switch (Still Petro)"
"05756","Antioquia","Sonson","01","262","SONSON",0.0879999995231628,FALSE,"federico_gutiérrez",0.102147593843159,FALSE,"ABELARDO DE LA ESPRIELLA",16437,"exact",FALSE,0.0141475943199959,"Did not vote Petro before"
"05761","Antioquia","Sopetran","01","265","SOPETRAN",0.191299989819527,FALSE,"federico_gutiérrez",0.23040794417606,FALSE,"ABELARDO DE LA ESPRIELLA",7452,"exact",FALSE,0.0391079543565334,"Did not vote Petro before"
"05789","Antioquia","Tamesis","01","268","TAMESIS",0.188500002026558,FALSE,"federico_gutiérrez",0.229278543077282,FALSE,"ABELARDO DE LA ESPRIELLA",8566,"exact",FALSE,0.0407785410507243,"Did not vote Petro before"
"05790","Antioquia","Taraza","01","270","TARAZA",0.42220002412796,TRUE,"gustavo_petro",0.527520915896081,TRUE,"IVÁN CEPEDA CASTRO",6813,"exact",FALSE,0.105320891768121,"No Switch (Still Petro)"
"05792","Antioquia","Tarso","01","271","TARSO",0.256200015544891,FALSE,"federico_gutiérrez",0.257337883959044,FALSE,"ABELARDO DE LA ESPRIELLA",2930,"exact",FALSE,0.00113786841415303,"Did not vote Petro before"
"05809","Antioquia","Titiribi","01","274","TITIRIBI",0.141800001263618,FALSE,"federico_gutiérrez",0.200148625216745,FALSE,"ABELARDO DE LA ESPRIELLA",4037,"exact",FALSE,0.0583486239531266,"Did not vote Petro before"
"05819","Antioquia","Toledo","01","277","TOLEDO",0.187999993562698,FALSE,"federico_gutiérrez",0.234452394056136,FALSE,"ABELARDO DE LA ESPRIELLA",1817,"exact",FALSE,0.0464524004934381,"Did not vote Petro before"
"05837","Antioquia","Turbo","01","280","TURBO",0.545099973678589,TRUE,"gustavo_petro",0.598781241720392,TRUE,"IVÁN CEPEDA CASTRO",45292,"exact",FALSE,0.0536812680418033,"No Switch (Still Petro)"
"05842","Antioquia","Uramita","01","282","URAMITA",0.146300002932549,FALSE,"federico_gutiérrez",0.213137665967855,FALSE,"ABELARDO DE LA ESPRIELLA",2862,"exact",FALSE,0.0668376630353061,"Did not vote Petro before"
"05847","Antioquia","Urrao","01","283","URRAO",0.178899988532066,FALSE,"federico_gutiérrez",0.184002969286443,FALSE,"ABELARDO DE LA ESPRIELLA",10777,"exact",FALSE,0.00510298075437701,"Did not vote Petro before"
"05854","Antioquia","Valdivia","01","286","VALDIVIA",0.321899980306625,TRUE,"gustavo_petro",0.399366541894616,FALSE,"ABELARDO DE LA ESPRIELLA",3473,"exact",TRUE,0.0774665615879903,"Switched (Voted Petro before, not anymore)"
"05856","Antioquia","Valparaiso","01","289","VALPARAISO",0.228900000452995,FALSE,"federico_gutiérrez",0.29262960649594,FALSE,"ABELARDO DE LA ESPRIELLA",3202,"exact",FALSE,0.0637296060429448,"Did not vote Petro before"
"05858","Antioquia","Vegachi","01","290","VEGACHI",0.127100005745888,FALSE,"federico_gutiérrez",0.147286821705426,FALSE,"ABELARDO DE LA ESPRIELLA",4902,"exact",FALSE,0.0201868159595386,"Did not vote Petro before"
"05861","Antioquia","Venecia","01","292","VENECIA",0.144999995827675,FALSE,"federico_gutiérrez",0.180565247732031,FALSE,"ABELARDO DE LA ESPRIELLA",5732,"exact",FALSE,0.0355652519043558,"Did not vote Petro before"
"05873","Antioquia","Vigia Del Fuerte","01","291","VIGIA DEL FUERTE",0.715199947357178,TRUE,"gustavo_petro",0.750788643533123,TRUE,"IVÁN CEPEDA CASTRO",2219,"exact",FALSE,0.0355886961759453,"No Switch (Still Petro)"
"05885","Antioquia","Yali","01","293","YALI",0.141800001263618,FALSE,"federico_gutiérrez",0.208487845076226,FALSE,"ABELARDO DE LA ESPRIELLA",2427,"exact",FALSE,0.0666878438126073,"Did not vote Petro before"
"05887","Antioquia","Yarumal","01","295","YARUMAL",0.167500004172325,FALSE,"rodolfo_hernández",0.188089480048368,FALSE,"ABELARDO DE LA ESPRIELLA",16540,"exact",FALSE,0.0205894758760425,"Did not vote Petro before"
"05890","Antioquia","Yolombo","01","298","YOLOMBO",0.181500002741814,FALSE,"federico_gutiérrez",0.209332469215813,FALSE,"ABELARDO DE LA ESPRIELLA",7715,"exact",FALSE,0.0278324664739997,"Did not vote Petro before"
"05895","Antioquia","Zaragoza","01","301","ZARAGOZA",0.349700003862381,TRUE,"gustavo_petro",0.470037453183521,TRUE,"IVÁN CEPEDA CASTRO",6408,"exact",FALSE,0.12033744932114,"No Switch (Still Petro)"
"08001","Atlantico","Barranquilla","03","001","BARRANQUILLA",0.518999993801117,TRUE,"gustavo_petro",0.468820541760722,TRUE,"IVÁN CEPEDA CASTRO",602480,"exact",FALSE,-0.0501794520403946,"No Switch (Still Petro)"
"08078","Atlantico","Baranoa","03","004","BARANOA",0.593199968338013,TRUE,"gustavo_petro",0.614807048398552,TRUE,"IVÁN CEPEDA CASTRO",29567,"exact",FALSE,0.0216070800605398,"No Switch (Still Petro)"
"08137","Atlantico","Campo De La Cruz","03","007","CAMPO DE LA CRUZ",0.342299997806549,FALSE,"federico_gutiérrez",0.337674527748445,FALSE,"ABELARDO DE LA ESPRIELLA",8523,"exact",FALSE,-0.00462547005810371,"Did not vote Petro before"
"08141","Atlantico","Candelaria","03","010","CANDELARIA",0.343100011348724,FALSE,"federico_gutiérrez",0.342137271937446,FALSE,"ABELARDO DE LA ESPRIELLA",5755,"exact",FALSE,-0.000962739411278668,"Did not vote Petro before"
"08296","Atlantico","Galapa","03","013","GALAPA",0.656800031661987,TRUE,"gustavo_petro",0.653530377668309,TRUE,"IVÁN CEPEDA CASTRO",22533,"exact",FALSE,-0.00326965399367862,"No Switch (Still Petro)"
"08372","Atlantico","Juan De Acosta","03","016","JUAN DE ACOSTA",0.423400014638901,TRUE,"gustavo_petro",0.384123601491742,FALSE,"ABELARDO DE LA ESPRIELLA",9385,"exact",TRUE,-0.0392764131471586,"Switched (Voted Petro before, not anymore)"
"08421","Atlantico","Luruaco","03","019","LURUACO",0.351799994707108,FALSE,"federico_gutiérrez",0.473827947200728,TRUE,"IVÁN CEPEDA CASTRO",10985,"exact",FALSE,0.122027952493621,"Did not vote Petro before"
"08433","Atlantico","Malambo","03","022","MALAMBO",0.672800004482269,TRUE,"gustavo_petro",0.681759172797048,TRUE,"IVÁN CEPEDA CASTRO",43907,"exact",FALSE,0.00895916831477905,"No Switch (Still Petro)"
"08436","Atlantico","Manati","03","025","MANATI",0.317699998617172,FALSE,"federico_gutiérrez",0.3240540090015,FALSE,"ABELARDO DE LA ESPRIELLA",5999,"exact",FALSE,0.00635401038432803,"Did not vote Petro before"
"08520","Atlantico","Palmar De Varela","03","028","PALMAR DE VARELA",0.643299996852875,TRUE,"gustavo_petro",0.621348954519567,TRUE,"IVÁN CEPEDA CASTRO",12291,"exact",FALSE,-0.0219510423333076,"No Switch (Still Petro)"
"08549","Atlantico","Piojo","03","031","PIOJO",0.478499978780746,TRUE,"gustavo_petro",0.501753155680224,TRUE,"IVÁN CEPEDA CASTRO",2852,"exact",FALSE,0.0232531768994779,"No Switch (Still Petro)"
"08558","Atlantico","Polonuevo","03","034","POLONUEVO",0.642399966716766,TRUE,"gustavo_petro",0.681681320004818,TRUE,"IVÁN CEPEDA CASTRO",8303,"exact",FALSE,0.0392813532880512,"No Switch (Still Petro)"
"08560","Atlantico","Ponedera","03","035","PONEDERA",0.478100001811981,TRUE,"gustavo_petro",0.483681823210532,TRUE,"IVÁN CEPEDA CASTRO",9039,"exact",FALSE,0.00558182139855096,"No Switch (Still Petro)"
"08573","Atlantico","Puerto Colombia","03","037","PUERTO COLOMBIA",0.523800015449524,TRUE,"gustavo_petro",0.541150462856353,TRUE,"IVÁN CEPEDA CASTRO",21713,"exact",FALSE,0.0173504474068295,"No Switch (Still Petro)"
"08606","Atlantico","Repelon","03","040","REPELON",0.436100006103516,TRUE,"gustavo_petro",0.483325183374083,TRUE,"IVÁN CEPEDA CASTRO",10225,"exact",FALSE,0.0472251772705675,"No Switch (Still Petro)"
"08634","Atlantico","Sabanagrande","03","043","SABANAGRANDE",0.607900023460388,TRUE,"gustavo_petro",0.594419016683892,TRUE,"IVÁN CEPEDA CASTRO",13546,"exact",FALSE,-0.0134810067764962,"No Switch (Still Petro)"
"08675","Atlantico","Santa Lucia","03","047","SANTA LUCIA",0.254799991846085,FALSE,"federico_gutiérrez",0.269003876622282,FALSE,"ABELARDO DE LA ESPRIELLA",5933,"exact",FALSE,0.0142038847761976,"Did not vote Petro before"
"08685","Atlantico","Santo Tomas","03","049","SANTO TOMAS",0.650299966335297,TRUE,"gustavo_petro",0.600253538981618,TRUE,"IVÁN CEPEDA CASTRO",14199,"exact",FALSE,-0.0500464273536783,"No Switch (Still Petro)"
"08758","Atlantico","Soledad","03","052","SOLEDAD",0.654800057411194,TRUE,"gustavo_petro",0.618473801292474,TRUE,"IVÁN CEPEDA CASTRO",170371,"exact",FALSE,-0.0363262561187203,"No Switch (Still Petro)"
"08770","Atlantico","Suan","03","055","SUAN",0.354399979114532,FALSE,"federico_gutiérrez",0.334676606890993,FALSE,"ABELARDO DE LA ESPRIELLA",4963,"exact",FALSE,-0.0197233722235391,"Did not vote Petro before"
"08832","Atlantico","Tubara","03","058","TUBARA",0.558399975299835,TRUE,"gustavo_petro",0.600604421822809,TRUE,"IVÁN CEPEDA CASTRO",6287,"exact",FALSE,0.0422044465229737,"No Switch (Still Petro)"
"08849","Atlantico","Usiacuri","03","061","USIACURI",0.523899972438812,TRUE,"gustavo_petro",0.619107744107744,TRUE,"IVÁN CEPEDA CASTRO",4752,"exact",FALSE,0.0952077716689319,"No Switch (Still Petro)"
"11001","Bogota, D.C.","Bogota, D.C.","16","001","BOGOTA. D.C.",0.470499992370605,TRUE,"gustavo_petro",0.413110143811178,TRUE,"IVÁN CEPEDA CASTRO",4128330,"exact",FALSE,-0.0573898485594276,"No Switch (Still Petro)"
"13006","Bolivar","Achi","05","004","ACHI",0.218400001525879,FALSE,"federico_gutiérrez",0.27809023872016,FALSE,"ABELARDO DE LA ESPRIELLA",8001,"exact",FALSE,0.0596902371942811,"Did not vote Petro before"
"13030","Bolivar","Altos Del Rosario","05","006","ALTOS DEL ROSARIO",0.311599999666214,TRUE,"gustavo_petro",0.342750698540826,FALSE,"ABELARDO DE LA ESPRIELLA",3221,"exact",TRUE,0.0311506988746119,"Switched (Voted Petro before, not anymore)"
"13042","Bolivar","Arenal","05","005","ARENAL",0.488900005817413,TRUE,"gustavo_petro",0.568459254371495,TRUE,"IVÁN CEPEDA CASTRO",3031,"exact",FALSE,0.0795592485540813,"No Switch (Still Petro)"
"13052","Bolivar","Arjona","05","007","ARJONA",0.551199972629547,TRUE,"gustavo_petro",0.651763500658569,TRUE,"IVÁN CEPEDA CASTRO",27332,"exact",FALSE,0.100563528029022,"No Switch (Still Petro)"
"13062","Bolivar","Arroyohondo","05","009","ARROYO HONDO",0.25229999423027,FALSE,"federico_gutiérrez",0.2509583439816,FALSE,"ABELARDO DE LA ESPRIELLA",3913,"exact",FALSE,-0.00134165024867061,"Did not vote Petro before"
"13074","Bolivar","Barranco De Loba","05","010","BARRANCO DE LOBA",0.243900001049042,FALSE,"federico_gutiérrez",0.360338345864662,FALSE,"ABELARDO DE LA ESPRIELLA",5320,"exact",FALSE,0.11643834481562,"Did not vote Petro before"
"13140","Bolivar","Calamar","05","013","CALAMAR",0.389900028705597,FALSE,"federico_gutiérrez",0.416605883783127,FALSE,"ABELARDO DE LA ESPRIELLA",8226,"exact",FALSE,0.0267058550775298,"Did not vote Petro before"
"13160","Bolivar","Cantagallo","05","014","CANTAGALLO",0.450899988412857,TRUE,"gustavo_petro",0.55072146917359,TRUE,"IVÁN CEPEDA CASTRO",4574,"exact",FALSE,0.0998214807607328,"No Switch (Still Petro)"
"13188","Bolivar","Cicuco","05","015","CICUCO",0.483499974012375,TRUE,"gustavo_petro",0.597837388230401,TRUE,"IVÁN CEPEDA CASTRO",4809,"exact",FALSE,0.114337414218026,"No Switch (Still Petro)"
"13212","Bolivar","Cordoba","05","016","CORDOBA",0.560099959373474,TRUE,"gustavo_petro",0.570745044429255,TRUE,"IVÁN CEPEDA CASTRO",7315,"exact",FALSE,0.0106450850557809,"No Switch (Still Petro)"
"13222","Bolivar","Clemencia","05","018","CLEMENCIA",0.454399973154068,TRUE,"gustavo_petro",0.603776914931168,TRUE,"IVÁN CEPEDA CASTRO",5666,"exact",FALSE,0.1493769417771,"No Switch (Still Petro)"
"13244","Bolivar","El Carmen De Bolivar","05","022","EL CARMEN DE BOLIVAR",0.339900016784668,FALSE,"federico_gutiérrez",0.378388068263301,FALSE,"ABELARDO DE LA ESPRIELLA",27892,"exact",FALSE,0.0384880514786333,"Did not vote Petro before"
"13248","Bolivar","El Guamo","05","025","EL GUAMO",0.386399984359741,FALSE,"federico_gutiérrez",0.426992437463642,FALSE,"ABELARDO DE LA ESPRIELLA",3438,"exact",FALSE,0.0405924531039004,"Did not vote Petro before"
"13268","Bolivar","El Penon","05","027","EL PEÑON",0.347099989652634,FALSE,"federico_gutiérrez",0.455732946298984,FALSE,"ABELARDO DE LA ESPRIELLA",2756,"exact",FALSE,0.10863295664635,"Did not vote Petro before"
"13300","Bolivar","Hatillo De Loba","05","026","HATILLO DE LOBA",0.230499997735023,FALSE,"federico_gutiérrez",0.295283926852743,FALSE,"ABELARDO DE LA ESPRIELLA",5195,"exact",FALSE,0.0647839291177195,"Did not vote Petro before"
"13430","Bolivar","Magangue","05","028","MAGANGUE",0.558600008487701,TRUE,"gustavo_petro",0.598610473880842,TRUE,"IVÁN CEPEDA CASTRO",45771,"exact",FALSE,0.0400104653931401,"No Switch (Still Petro)"
"13433","Bolivar","Mahates","05","031","MAHATES",0.412000000476837,TRUE,"gustavo_petro",0.487925901422428,TRUE,"IVÁN CEPEDA CASTRO",9069,"exact",FALSE,0.0759259009455909,"No Switch (Still Petro)"
"13440","Bolivar","Margarita","05","037","MARGARITA",0.278899997472763,FALSE,"federico_gutiérrez",0.290458372310571,FALSE,"ABELARDO DE LA ESPRIELLA",4276,"exact",FALSE,0.0115583748378076,"Did not vote Petro before"
"13442","Bolivar","Maria La Baja","05","040","MARIA LA BAJA",0.560099959373474,TRUE,"gustavo_petro",0.639184611662231,TRUE,"IVÁN CEPEDA CASTRO",16532,"exact",FALSE,0.0790846522887567,"No Switch (Still Petro)"
"13458","Bolivar","Montecristo","05","041","MONTECRISTO",0.431199997663498,TRUE,"gustavo_petro",0.525693730729702,TRUE,"IVÁN CEPEDA CASTRO",3892,"exact",FALSE,0.094493733066204,"No Switch (Still Petro)"
"13468","Bolivar","Mompos","05","043","MOMPOS",0.447499990463257,TRUE,"gustavo_petro",0.481815536805353,TRUE,"IVÁN CEPEDA CASTRO",17185,"exact",FALSE,0.0343155463420967,"No Switch (Still Petro)"
"13473","Bolivar","Morales","05","044","MORALES",0.237900003790855,FALSE,"rodolfo_hernández",0.300290697674419,FALSE,"ABELARDO DE LA ESPRIELLA",6880,"exact",FALSE,0.0623906938835632,"Did not vote Petro before"
"13490","Bolivar","Norosi","05","050","NOROSI",0.547100007534027,TRUE,"gustavo_petro",0.597343105817682,TRUE,"IVÁN CEPEDA CASTRO",2183,"exact",FALSE,0.050243098283655,"No Switch (Still Petro)"
"13549","Bolivar","Pinillos","05","059","PINILLOS",0.236399993300438,FALSE,"federico_gutiérrez",0.296757457846952,FALSE,"ABELARDO DE LA ESPRIELLA",7710,"exact",FALSE,0.0603574645465141,"Did not vote Petro before"
"13580","Bolivar","Regidor","05","063","REGIDOR",0.499700009822845,TRUE,"gustavo_petro",0.570574162679426,TRUE,"IVÁN CEPEDA CASTRO",2508,"exact",FALSE,0.0708741528565804,"No Switch (Still Petro)"
"13600","Bolivar","Rio Viejo","05","065","RIOVIEJO",0.284700006246567,FALSE,"federico_gutiérrez",0.4061004784689,FALSE,"ABELARDO DE LA ESPRIELLA",3344,"exact",FALSE,0.121400472222333,"Did not vote Petro before"
"13620","Bolivar","San Cristobal","05","072","SAN CRISTOBAL",0.523999989032745,TRUE,"gustavo_petro",0.625687568756876,TRUE,"IVÁN CEPEDA CASTRO",3636,"exact",FALSE,0.10168757972413,"No Switch (Still Petro)"
"13647","Bolivar","San Estanislao","05","070","SAN ESTANISLAO",0.334600001573563,FALSE,"federico_gutiérrez",0.424097374179431,FALSE,"ABELARDO DE LA ESPRIELLA",7312,"exact",FALSE,0.0894973726058684,"Did not vote Petro before"
"13650","Bolivar","San Fernando","05","073","SAN FERNANDO",0.465000003576279,TRUE,"gustavo_petro",0.436533333333333,FALSE,"ABELARDO DE LA ESPRIELLA",3750,"exact",TRUE,-0.0284666702429454,"Switched (Voted Petro before, not anymore)"
"13654","Bolivar","San Jacinto","05","076","SAN JACINTO",0.44080001115799,TRUE,"gustavo_petro",0.464571171980243,TRUE,"IVÁN CEPEDA CASTRO",11135,"exact",FALSE,0.023771160822253,"No Switch (Still Petro)"
"13655","Bolivar","San Jacinto Del Cauca","05","078","SAN JACINTO DEL CAUCA",0.349000006914139,FALSE,"federico_gutiérrez",0.374133949191686,FALSE,"ABELARDO DE LA ESPRIELLA",3031,"exact",FALSE,0.0251339422775471,"Did not vote Petro before"
"13657","Bolivar","San Juan Nepomuceno","05","079","SAN JUAN NEPOMUCENO",0.366200000047684,FALSE,"federico_gutiérrez",0.409040945314647,FALSE,"ABELARDO DE LA ESPRIELLA",14556,"exact",FALSE,0.0428409452669632,"Did not vote Petro before"
"13667","Bolivar","San Martin De Loba","05","082","SAN MARTIN DE LOBA",0.460999995470047,TRUE,"gustavo_petro",0.475919117647059,TRUE,"IVÁN CEPEDA CASTRO",5440,"exact",FALSE,0.0149191221770118,"No Switch (Still Petro)"
"13670","Bolivar","San Pablo","05","084","SAN PABLO",0.366300016641617,FALSE,"rodolfo_hernández",0.48818387827776,TRUE,"IVÁN CEPEDA CASTRO",9267,"exact",FALSE,0.121883861636143,"Did not vote Petro before"
"13673","Bolivar","Santa Catalina","05","091","SANTA CATALINA",0.582099974155426,TRUE,"gustavo_petro",0.711876442393041,TRUE,"IVÁN CEPEDA CASTRO",5633,"exact",FALSE,0.129776468237615,"No Switch (Still Petro)"
"13683","Bolivar","Santa Rosa","05","094","SANTA ROSA",0.615800023078918,TRUE,"gustavo_petro",0.70954759922287,TRUE,"IVÁN CEPEDA CASTRO",7206,"exact",FALSE,0.0937475761439513,"No Switch (Still Petro)"
"13688","Bolivar","Santa Rosa Del Sur","05","095","SANTA ROSA DEL SUR",0.149800002574921,FALSE,"rodolfo_hernández",0.191369863013699,FALSE,"ABELARDO DE LA ESPRIELLA",14600,"exact",FALSE,0.041569860438778,"Did not vote Petro before"
"13744","Bolivar","Simiti","05","097","SIMITI",0.25,FALSE,"rodolfo_hernández",0.312644742936545,FALSE,"ABELARDO DE LA ESPRIELLA",6477,"exact",FALSE,0.0626447429365447,"Did not vote Petro before"
"13760","Bolivar","Soplaviento","05","106","SOPLAVIENTO",0.676200032234192,TRUE,"gustavo_petro",0.761153766341565,TRUE,"IVÁN CEPEDA CASTRO",4819,"exact",FALSE,0.0849537341073727,"No Switch (Still Petro)"
"13780","Bolivar","Talaigua Nuevo","05","110","TALAIGUA NUEVO",0.368900001049042,FALSE,"federico_gutiérrez",0.402753538879193,FALSE,"ABELARDO DE LA ESPRIELLA",5157,"exact",FALSE,0.0338535378301516,"Did not vote Petro before"
"13836","Bolivar","Turbaco","05","118","TURBACO",0.551500022411346,TRUE,"gustavo_petro",0.588591978160437,TRUE,"IVÁN CEPEDA CASTRO",38096,"exact",FALSE,0.0370919557490904,"No Switch (Still Petro)"
"13838","Bolivar","Turbana","05","121","TURBANA",0.579199969768524,TRUE,"gustavo_petro",0.702883263009845,TRUE,"IVÁN CEPEDA CASTRO",8532,"exact",FALSE,0.123683293241321,"No Switch (Still Petro)"
"13873","Bolivar","Villanueva","05","124","VILLANUEVA",0.356799989938736,FALSE,"federico_gutiérrez",0.515622904653346,TRUE,"IVÁN CEPEDA CASTRO",7457,"exact",FALSE,0.15882291471461,"Did not vote Petro before"
"13894","Bolivar","Zambrano","05","127","ZAMBRANO",0.715699970722198,TRUE,"gustavo_petro",0.769185126582278,TRUE,"IVÁN CEPEDA CASTRO",5056,"exact",FALSE,0.05348515586008,"No Switch (Still Petro)"
"15001","Boyaca","Tunja","07","001","TUNJA",0.45660001039505,TRUE,"gustavo_petro",0.425771500435329,TRUE,"IVÁN CEPEDA CASTRO",103370,"exact",FALSE,-0.0308285099597206,"No Switch (Still Petro)"
"15022","Boyaca","Almeida","07","007","ALMEIDA",0.206599995493889,FALSE,"rodolfo_hernández",0.233134920634921,FALSE,"ABELARDO DE LA ESPRIELLA",1008,"exact",FALSE,0.0265349251410318,"Did not vote Petro before"
"15051","Boyaca","Arcabuco","07","010","ARCABUCO",0.246700003743172,FALSE,"rodolfo_hernández",0.302643302643303,FALSE,"ABELARDO DE LA ESPRIELLA",3367,"exact",FALSE,0.0559432989001309,"Did not vote Petro before"
"15087","Boyaca","Belen","07","013","BELEN",0.261099994182587,FALSE,"rodolfo_hernández",0.268217734855136,FALSE,"ABELARDO DE LA ESPRIELLA",4556,"exact",FALSE,0.00711774067254939,"Did not vote Petro before"
"15090","Boyaca","Berbeo","07","016","BERBEO",0.357599973678589,FALSE,"rodolfo_hernández",0.366520787746171,FALSE,"ABELARDO DE LA ESPRIELLA",914,"exact",FALSE,0.00892081406758183,"Did not vote Petro before"
"15092","Boyaca","Beteitiva","07","019","BETEITIVA",0.335200011730194,FALSE,"rodolfo_hernández",0.306938775510204,FALSE,"ABELARDO DE LA ESPRIELLA",1225,"exact",FALSE,-0.02826123621999,"Did not vote Petro before"
"15097","Boyaca","Boavita","07","022","BOAVITA",0.178700014948845,FALSE,"rodolfo_hernández",0.20243812338382,FALSE,"ABELARDO DE LA ESPRIELLA",2707,"exact",FALSE,0.0237381084349748,"Did not vote Petro before"
"15104","Boyaca","Boyaca","07","025","BOYACA",0.238899990916252,FALSE,"rodolfo_hernández",0.275143090760425,FALSE,"ABELARDO DE LA ESPRIELLA",2446,"exact",FALSE,0.0362430998441731,"Did not vote Petro before"
"15109","Boyaca","Buenavista","07","031","BUENAVISTA",0.147599995136261,FALSE,"rodolfo_hernández",0.155669442664958,FALSE,"ABELARDO DE LA ESPRIELLA",3122,"exact",FALSE,0.00806944752869737,"Did not vote Petro before"
"15114","Boyaca","Busbanza","07","034","BUSBANZA",0.242299988865852,FALSE,"rodolfo_hernández",0.245997088791849,FALSE,"ABELARDO DE LA ESPRIELLA",687,"exact",FALSE,0.00369709992599626,"Did not vote Petro before"
"15135","Boyaca","Campohermoso","07","040","CAMPOHERMOSO",0.123700000345707,FALSE,"rodolfo_hernández",0.138888888888889,FALSE,"ABELARDO DE LA ESPRIELLA",1404,"exact",FALSE,0.015188888543182,"Did not vote Petro before"
"15162","Boyaca","Cerinza","07","043","CERINZA",0.328699976205826,FALSE,"rodolfo_hernández",0.333758503401361,FALSE,"ABELARDO DE LA ESPRIELLA",2352,"exact",FALSE,0.00505852719553473,"Did not vote Petro before"
"15172","Boyaca","Chinavita","07","064","CHINAVITA",0.187399998307228,FALSE,"rodolfo_hernández",0.183186299948106,FALSE,"ABELARDO DE LA ESPRIELLA",1927,"exact",FALSE,-0.00421369835912222,"Did not vote Petro before"
"15176","Boyaca","Chiquinquira","07","067","CHIQUINQUIRA",0.296200007200241,FALSE,"rodolfo_hernández",0.314111723480983,FALSE,"ABELARDO DE LA ESPRIELLA",29394,"exact",FALSE,0.0179117162807415,"Did not vote Petro before"
"15180","Boyaca","Chiscas","07","070","CHISCAS",0.102899998426437,FALSE,"rodolfo_hernández",0.131281407035176,FALSE,"ABELARDO DE LA ESPRIELLA",1592,"exact",FALSE,0.0283814086087385,"Did not vote Petro before"
"15183","Boyaca","Chita","07","073","CHITA",0.138699993491173,FALSE,"rodolfo_hernández",0.160990712074303,FALSE,"ABELARDO DE LA ESPRIELLA",3230,"exact",FALSE,0.0222907185831306,"Did not vote Petro before"
"15185","Boyaca","Chitaraque","07","076","CHITARAQUE",0.109200000762939,FALSE,"rodolfo_hernández",0.150326797385621,FALSE,"ABELARDO DE LA ESPRIELLA",2907,"exact",FALSE,0.0411267966226815,"Did not vote Petro before"
"15187","Boyaca","Chivata","07","077","CHIVATA",0.276699990034103,FALSE,"rodolfo_hernández",0.290564373897707,FALSE,"ABELARDO DE LA ESPRIELLA",2268,"exact",FALSE,0.0138643838636038,"Did not vote Petro before"
"15189","Boyaca","Cienega","07","046","CIENEGA",0.128499999642372,FALSE,"rodolfo_hernández",0.115321252059308,FALSE,"ABELARDO DE LA ESPRIELLA",2428,"exact",FALSE,-0.0131787475830641,"Did not vote Petro before"
"15204","Boyaca","Combita","07","049","COMBITA",0.317900002002716,FALSE,"rodolfo_hernández",0.345566798147831,FALSE,"ABELARDO DE LA ESPRIELLA",5831,"exact",FALSE,0.0276667961451145,"Did not vote Petro before"
"15212","Boyaca","Coper","07","052","COPER",0.0984000042080879,FALSE,"rodolfo_hernández",0.123470522803115,FALSE,"ABELARDO DE LA ESPRIELLA",1798,"exact",FALSE,0.0250705185950267,"Did not vote Petro before"
"15215","Boyaca","Corrales","07","055","CORRALES",0.331699967384338,FALSE,"rodolfo_hernández",0.302017291066282,FALSE,"ABELARDO DE LA ESPRIELLA",1735,"exact",FALSE,-0.0296826763180559,"Did not vote Petro before"
"15218","Boyaca","Covarachia","07","058","COVARACHIA",0.0687000006437302,FALSE,"rodolfo_hernández",0.103778605641299,FALSE,"ABELARDO DE LA ESPRIELLA",1879,"exact",FALSE,0.0350786049975684,"Did not vote Petro before"
"15223","Boyaca","Cubara","07","059","CUBARA",0.43529999256134,FALSE,"rodolfo_hernández",0.552121012824729,TRUE,"IVÁN CEPEDA CASTRO",3041,"exact",FALSE,0.116821020263388,"Did not vote Petro before"
"15224","Boyaca","Cucaita","07","060","CUCAITA",0.375600010156631,FALSE,"rodolfo_hernández",0.378842676311031,FALSE,"ABELARDO DE LA ESPRIELLA",2212,"exact",FALSE,0.00324266615439928,"Did not vote Petro before"
"15226","Boyaca","Cuitiva","07","061","CUITIVA",0.231100007891655,FALSE,"rodolfo_hernández",0.256317689530686,FALSE,"ABELARDO DE LA ESPRIELLA",1108,"exact",FALSE,0.0252176816390309,"Did not vote Petro before"
"15232","Boyaca","Chiquiza","07","068","CHIQUIZA",0.26790001988411,FALSE,"rodolfo_hernández",0.286129568106312,FALSE,"ABELARDO DE LA ESPRIELLA",2408,"exact",FALSE,0.0182295482222028,"Did not vote Petro before"
"15236","Boyaca","Chivor","07","078","CHIVOR",0.0839999988675117,FALSE,"rodolfo_hernández",0.1,FALSE,"ABELARDO DE LA ESPRIELLA",1140,"exact",FALSE,0.0160000011324883,"Did not vote Petro before"
"15238","Boyaca","Duitama","07","079","DUITAMA",0.404500007629395,FALSE,"rodolfo_hernández",0.389043560200454,FALSE,"ABELARDO DE LA ESPRIELLA",70041,"exact",FALSE,-0.0154564474289405,"Did not vote Petro before"
"15244","Boyaca","El Cocuy","07","082","EL COCUY",0.120600007474422,FALSE,"rodolfo_hernández",0.146883468834688,FALSE,"ABELARDO DE LA ESPRIELLA",1845,"exact",FALSE,0.0262834613602659,"Did not vote Petro before"
"15248","Boyaca","El Espino","07","085","EL ESPINO",0.098800003528595,FALSE,"rodolfo_hernández",0.11631419939577,FALSE,"ABELARDO DE LA ESPRIELLA",1324,"exact",FALSE,0.0175141958671754,"Did not vote Petro before"
"15272","Boyaca","Firavitoba","07","088","FIRAVITOBA",0.370000004768372,FALSE,"rodolfo_hernández",0.384658143413007,FALSE,"ABELARDO DE LA ESPRIELLA",3598,"exact",FALSE,0.0146581386446357,"Did not vote Petro before"
"15276","Boyaca","Floresta","07","091","FLORESTA",0.219999998807907,FALSE,"rodolfo_hernández",0.198282910874898,FALSE,"ABELARDO DE LA ESPRIELLA",2446,"exact",FALSE,-0.0217170879330093,"Did not vote Petro before"
"15293","Boyaca","Gachantiva","07","094","GACHANTIVA",0.205899998545647,FALSE,"rodolfo_hernández",0.198918918918919,FALSE,"ABELARDO DE LA ESPRIELLA",1850,"exact",FALSE,-0.00698107962672775,"Did not vote Petro before"
"15296","Boyaca","Gameza","07","097","GAMEZA",0.160199999809265,FALSE,"rodolfo_hernández",0.152182461659457,FALSE,"ABELARDO DE LA ESPRIELLA",2543,"exact",FALSE,-0.0080175381498078,"Did not vote Petro before"
"15299","Boyaca","Garagoa","07","100","GARAGOA",0.317600011825562,FALSE,"rodolfo_hernández",0.305595754944525,FALSE,"ABELARDO DE LA ESPRIELLA",8292,"exact",FALSE,-0.0120042568810367,"Did not vote Petro before"
"15317","Boyaca","Guacamayas","07","103","GUACAMAYAS",0.118999995291233,FALSE,"rodolfo_hernández",0.170621468926554,FALSE,"ABELARDO DE LA ESPRIELLA",885,"exact",FALSE,0.0516214736353206,"Did not vote Petro before"
"15322","Boyaca","Guateque","07","106","GUATEQUE",0.267199993133545,FALSE,"rodolfo_hernández",0.317849686847599,FALSE,"ABELARDO DE LA ESPRIELLA",5748,"exact",FALSE,0.0506496937140543,"Did not vote Petro before"
"15325","Boyaca","Guayata","07","109","GUAYATA",0.139200001955032,FALSE,"rodolfo_hernández",0.154034229828851,FALSE,"ABELARDO DE LA ESPRIELLA",2454,"exact",FALSE,0.0148342278738185,"Did not vote Petro before"
"15362","Boyaca","Iza","07","118","IZA",0.288100004196167,FALSE,"rodolfo_hernández",0.255479452054794,FALSE,"ABELARDO DE LA ESPRIELLA",1460,"exact",FALSE,-0.0326205521413725,"Did not vote Petro before"
"15367","Boyaca","Jenesano","07","121","JENESANO",0.238299995660782,FALSE,"rodolfo_hernández",0.255341055341055,FALSE,"ABELARDO DE LA ESPRIELLA",3885,"exact",FALSE,0.0170410596802735,"Did not vote Petro before"
"15377","Boyaca","Labranzagrande","07","127","LABRANZAGRANDE",0.166000008583069,FALSE,"rodolfo_hernández",0.159211927582535,FALSE,"ABELARDO DE LA ESPRIELLA",1878,"exact",FALSE,-0.00678808100053424,"Did not vote Petro before"
"15380","Boyaca","La Capilla","07","130","LA CAPILLA",0.200000002980232,FALSE,"rodolfo_hernández",0.202052597819115,FALSE,"ABELARDO DE LA ESPRIELLA",1559,"exact",FALSE,0.00205259483888257,"Did not vote Petro before"
"15401","Boyaca","La Victoria","07","137","LA VICTORIA",0.131899997591972,FALSE,"rodolfo_hernández",0.217741935483871,FALSE,"ABELARDO DE LA ESPRIELLA",744,"exact",FALSE,0.0858419378918986,"Did not vote Petro before"
"15403","Boyaca","La Uvita","07","136","LA UVITA",0.100900001823902,FALSE,"rodolfo_hernández",0.115655853314528,FALSE,"ABELARDO DE LA ESPRIELLA",1418,"exact",FALSE,0.0147558514906254,"Did not vote Petro before"
"15425","Boyaca","Macanal","07","142","MACANAL",0.174999997019768,FALSE,"rodolfo_hernández",0.184026156001868,FALSE,"ABELARDO DE LA ESPRIELLA",2141,"exact",FALSE,0.00902615898210052,"Did not vote Petro before"
"15442","Boyaca","Maripi","07","148","MARIPI",0.100299999117851,FALSE,"rodolfo_hernández",0.12015503875969,FALSE,"ABELARDO DE LA ESPRIELLA",2838,"exact",FALSE,0.0198550396418387,"Did not vote Petro before"
"15455","Boyaca","Miraflores","07","151","MIRAFLORES",0.374700009822845,FALSE,"rodolfo_hernández",0.37519747235387,FALSE,"ABELARDO DE LA ESPRIELLA",5064,"exact",FALSE,0.000497462531025006,"Did not vote Petro before"
"15464","Boyaca","Mongua","07","154","MONGUA",0.124399997293949,FALSE,"rodolfo_hernández",0.128777472527473,FALSE,"ABELARDO DE LA ESPRIELLA",2912,"exact",FALSE,0.00437747523352339,"Did not vote Petro before"
"15466","Boyaca","Mongui","07","157","MONGUI",0.264200001955032,FALSE,"rodolfo_hernández",0.274453600859907,FALSE,"ABELARDO DE LA ESPRIELLA",2791,"exact",FALSE,0.0102535989048745,"Did not vote Petro before"
"15469","Boyaca","Moniquira","07","160","MONIQUIRA",0.268900007009506,FALSE,"rodolfo_hernández",0.292949980307208,FALSE,"ABELARDO DE LA ESPRIELLA",12695,"exact",FALSE,0.0240499732977013,"Did not vote Petro before"
"15476","Boyaca","Motavita","07","161","MOTAVITA",0.394800007343292,FALSE,"rodolfo_hernández",0.412749864937871,FALSE,"ABELARDO DE LA ESPRIELLA",3702,"exact",FALSE,0.0179498575945792,"Did not vote Petro before"
"15480","Boyaca","Muzo","07","163","MUZO",0.18860000371933,FALSE,"rodolfo_hernández",0.29043565348022,FALSE,"ABELARDO DE LA ESPRIELLA",3994,"exact",FALSE,0.10183564976089,"Did not vote Petro before"
"15491","Boyaca","Nobsa","07","166","NOBSA",0.521499991416931,TRUE,"gustavo_petro",0.529967522881606,TRUE,"IVÁN CEPEDA CASTRO",10161,"exact",FALSE,0.00846753146467494,"No Switch (Still Petro)"
"15494","Boyaca","Nuevo Colon","07","169","NUEVO COLON",0.288500010967255,FALSE,"rodolfo_hernández",0.276153346328785,FALSE,"ABELARDO DE LA ESPRIELLA",3078,"exact",FALSE,-0.0123466646384697,"Did not vote Petro before"
"15500","Boyaca","Oicata","07","173","OICATA",0.328499972820282,FALSE,"rodolfo_hernández",0.336414997431947,FALSE,"ABELARDO DE LA ESPRIELLA",1947,"exact",FALSE,0.0079150246116646,"Did not vote Petro before"
"15507","Boyaca","Otanche","07","176","OTANCHE",0.143199995160103,FALSE,"rodolfo_hernández",0.149291850475969,FALSE,"ABELARDO DE LA ESPRIELLA",4307,"exact",FALSE,0.00609185531586651,"Did not vote Petro before"
"15511","Boyaca","Pachavita","07","178","PACHAVITA",0.194099992513657,FALSE,"rodolfo_hernández",0.171875,FALSE,"ABELARDO DE LA ESPRIELLA",1280,"exact",FALSE,-0.0222249925136566,"Did not vote Petro before"
"15514","Boyaca","Paez","07","179","PAEZ",0.155200004577637,FALSE,"rodolfo_hernández",0.155940594059406,FALSE,"ABELARDO DE LA ESPRIELLA",1616,"exact",FALSE,0.000740589481769222,"Did not vote Petro before"
"15516","Boyaca","Paipa","07","181","PAIPA",0.35819998383522,FALSE,"rodolfo_hernández",0.36813339509032,FALSE,"ABELARDO DE LA ESPRIELLA",21590,"exact",FALSE,0.00993341125509928,"Did not vote Petro before"
"15518","Boyaca","Pajarito","07","184","PAJARITO",0.154200002551079,FALSE,"rodolfo_hernández",0.173308619091752,FALSE,"ABELARDO DE LA ESPRIELLA",1079,"exact",FALSE,0.0191086165406728,"Did not vote Petro before"
"15522","Boyaca","Panqueba","07","187","PANQUEBA",0.130899995565414,FALSE,"rodolfo_hernández",0.164027149321267,FALSE,"ABELARDO DE LA ESPRIELLA",884,"exact",FALSE,0.0331271537558525,"Did not vote Petro before"
"15531","Boyaca","Pauna","07","190","PAUNA",0.193499997258186,FALSE,"rodolfo_hernández",0.21763795771016,FALSE,"ABELARDO DE LA ESPRIELLA",3878,"exact",FALSE,0.0241379604519735,"Did not vote Petro before"
"15533","Boyaca","Paya","07","193","PAYA",0.116700001060963,FALSE,"rodolfo_hernández",0.11758691206544,FALSE,"ABELARDO DE LA ESPRIELLA",978,"exact",FALSE,0.000886911004476992,"Did not vote Petro before"
"15537","Boyaca","Paz De Rio","07","199","PAZ DE RIO",0.453100025653839,TRUE,"gustavo_petro",0.4632507349853,TRUE,"IVÁN CEPEDA CASTRO",2381,"exact",FALSE,0.0101507093314612,"No Switch (Still Petro)"
"15542","Boyaca","Pesca","07","202","PESCA",0.189999997615814,FALSE,"rodolfo_hernández",0.182926829268293,FALSE,"ABELARDO DE LA ESPRIELLA",3362,"exact",FALSE,-0.00707316834752153,"Did not vote Petro before"
"15550","Boyaca","Pisba","07","205","PISBA",0.214699998497963,FALSE,"rodolfo_hernández",0.17671809256662,FALSE,"ABELARDO DE LA ESPRIELLA",713,"exact",FALSE,-0.037981905931343,"Did not vote Petro before"
"15572","Boyaca","Puerto Boyaca","07","214","PUERTO BOYACA",0.228200003504753,FALSE,"rodolfo_hernández",0.334795499776613,FALSE,"ABELARDO DE LA ESPRIELLA",24621,"exact",FALSE,0.10659549627186,"Did not vote Petro before"
"15580","Boyaca","Quipama","07","215","QUIPAMA",0.13910000026226,FALSE,"rodolfo_hernández",0.182078559738134,FALSE,"ABELARDO DE LA ESPRIELLA",2444,"exact",FALSE,0.0429785594758738,"Did not vote Petro before"
"15599","Boyaca","Ramiriqui","07","217","RAMIRIQUI",0.243300005793571,FALSE,"rodolfo_hernández",0.256480218281037,FALSE,"ABELARDO DE LA ESPRIELLA",5864,"exact",FALSE,0.0131802124874654,"Did not vote Petro before"
"15600","Boyaca","Raquira","07","220","RAQUIRA",0.218700006604195,FALSE,"rodolfo_hernández",0.233615221987315,FALSE,"ABELARDO DE LA ESPRIELLA",3784,"exact",FALSE,0.0149152153831204,"Did not vote Petro before"
"15621","Boyaca","Rondon","07","223","RONDON",0.209199994802475,FALSE,"rodolfo_hernández",0.203090507726269,FALSE,"ABELARDO DE LA ESPRIELLA",1359,"exact",FALSE,-0.00610948707620565,"Did not vote Petro before"
"15632","Boyaca","Saboya","07","226","SABOYA",0.278200000524521,FALSE,"rodolfo_hernández",0.269154607768469,FALSE,"ABELARDO DE LA ESPRIELLA",6565,"exact",FALSE,-0.00904539275605171,"Did not vote Petro before"
"15638","Boyaca","Sachica","07","232","SACHICA",0.253800004720688,FALSE,"rodolfo_hernández",0.266390833863781,FALSE,"ABELARDO DE LA ESPRIELLA",3142,"exact",FALSE,0.0125908291430932,"Did not vote Petro before"
"15646","Boyaca","Samaca","07","235","SAMACA",0.264500021934509,FALSE,"rodolfo_hernández",0.237328057282834,FALSE,"ABELARDO DE LA ESPRIELLA",10614,"exact",FALSE,-0.0271719646516753,"Did not vote Petro before"
"15660","Boyaca","San Eduardo","07","237","SAN EDUARDO",0.243300005793571,FALSE,"rodolfo_hernández",0.281348788198103,FALSE,"ABELARDO DE LA ESPRIELLA",949,"exact",FALSE,0.0380487824045318,"Did not vote Petro before"
"15664","Boyaca","San Jose De Pare","07","238","SAN JOSE DE PARE",0.131699994206429,FALSE,"rodolfo_hernández",0.175765645805593,FALSE,"ABELARDO DE LA ESPRIELLA",3004,"exact",FALSE,0.044065651599164,"Did not vote Petro before"
"15667","Boyaca","San Luis De Gaceno","07","241","SAN LUIS DE GACENO",0.10869999974966,FALSE,"rodolfo_hernández",0.112452830188679,FALSE,"ABELARDO DE LA ESPRIELLA",2650,"exact",FALSE,0.00375283043901875,"Did not vote Petro before"
"15673","Boyaca","San Mateo","07","247","SAN MATEO",0.0832000002264977,FALSE,"rodolfo_hernández",0.108308605341246,FALSE,"ABELARDO DE LA ESPRIELLA",2022,"exact",FALSE,0.0251086051147486,"Did not vote Petro before"
"15676","Boyaca","San Miguel De Sema","07","248","SAN MIGUEL DE SEMA",0.128100007772446,FALSE,"rodolfo_hernández",0.211068909386869,FALSE,"ABELARDO DE LA ESPRIELLA",1843,"exact",FALSE,0.0829689016144236,"Did not vote Petro before"
"15681","Boyaca","San Pablo De Borbur","07","249","SAN PABLO DE BORBUR",0.108000002801418,FALSE,"rodolfo_hernández",0.14330844342332,FALSE,"ABELARDO DE LA ESPRIELLA",3482,"exact",FALSE,0.0353084406219016,"Did not vote Petro before"
"15686","Boyaca","Santana","07","250","SANTANA",0.178600013256073,FALSE,"rodolfo_hernández",0.23943661971831,FALSE,"ABELARDO DE LA ESPRIELLA",3905,"exact",FALSE,0.0608366064622368,"Did not vote Petro before"
"15690","Boyaca","Santa Maria","07","251","SANTA MARIA",0.274500012397766,FALSE,"rodolfo_hernández",0.320348539210661,FALSE,"ABELARDO DE LA ESPRIELLA",1951,"exact",FALSE,0.0458485268128951,"Did not vote Petro before"
"15693","Boyaca","Santa Rosa De Viterbo","07","253","SANTA ROSA DE VITERBO",0.262899994850159,FALSE,"rodolfo_hernández",0.260594560404807,FALSE,"ABELARDO DE LA ESPRIELLA",6324,"exact",FALSE,-0.00230543444535158,"Did not vote Petro before"
"15696","Boyaca","Santa Sofia","07","256","SANTA SOFIA",0.123800002038479,FALSE,"rodolfo_hernández",0.141043723554302,FALSE,"ABELARDO DE LA ESPRIELLA",2127,"exact",FALSE,0.017243721515823,"Did not vote Petro before"
"15720","Boyaca","Sativanorte","07","259","SATIVANORTE",0.134200006723404,FALSE,"rodolfo_hernández",0.129533678756477,FALSE,"ABELARDO DE LA ESPRIELLA",1351,"exact",FALSE,-0.00466632796692726,"Did not vote Petro before"
"15723","Boyaca","Sativasur","07","262","SATIVASUR",0.227099984884262,FALSE,"rodolfo_hernández",0.218954248366013,FALSE,"ABELARDO DE LA ESPRIELLA",612,"exact",FALSE,-0.00814573651824901,"Did not vote Petro before"
"15740","Boyaca","Siachoque","07","265","SIACHOQUE",0.209799990057945,FALSE,"rodolfo_hernández",0.228342245989305,FALSE,"ABELARDO DE LA ESPRIELLA",3740,"exact",FALSE,0.0185422559313596,"Did not vote Petro before"
"15753","Boyaca","Soata","07","268","SOATA",0.222699999809265,FALSE,"rodolfo_hernández",0.262722132471729,FALSE,"ABELARDO DE LA ESPRIELLA",4952,"exact",FALSE,0.0400221326624635,"Did not vote Petro before"
"15755","Boyaca","Socota","07","271","SOCOTA",0.220200002193451,FALSE,"rodolfo_hernández",0.178017104846373,FALSE,"ABELARDO DE LA ESPRIELLA",3157,"exact",FALSE,-0.0421828973470778,"Did not vote Petro before"
"15757","Boyaca","Socha","07","274","SOCHA",0.300700008869171,FALSE,"rodolfo_hernández",0.282685512367491,FALSE,"ABELARDO DE LA ESPRIELLA",3962,"exact",FALSE,-0.01801449650168,"Did not vote Petro before"
"15759","Boyaca","Sogamoso","07","277","SOGAMOSO",0.411500006914139,TRUE,"gustavo_petro",0.38540947820576,FALSE,"ABELARDO DE LA ESPRIELLA",71005,"exact",TRUE,-0.0260905287083786,"Switched (Voted Petro before, not anymore)"
"15761","Boyaca","Somondoco","07","280","SOMONDOCO",0.211399987339973,FALSE,"rodolfo_hernández",0.252314814814815,FALSE,"ABELARDO DE LA ESPRIELLA",1728,"exact",FALSE,0.0409148274748414,"Did not vote Petro before"
"15762","Boyaca","Sora","07","281","SORA",0.315200001001358,FALSE,"rodolfo_hernández",0.33063209076175,FALSE,"ABELARDO DE LA ESPRIELLA",1851,"exact",FALSE,0.0154320897603924,"Did not vote Petro before"
"15763","Boyaca","Sotaquira","07","283","SOTAQUIRA",0.195599988102913,FALSE,"rodolfo_hernández",0.269075350606133,FALSE,"ABELARDO DE LA ESPRIELLA",4207,"exact",FALSE,0.0734753625032197,"Did not vote Petro before"
"15764","Boyaca","Soraca","07","282","SORACA",0.254099994897842,FALSE,"rodolfo_hernández",0.297888198757764,FALSE,"ABELARDO DE LA ESPRIELLA",4025,"exact",FALSE,0.0437882038599215,"Did not vote Petro before"
"15774","Boyaca","Susacon","07","286","SUSACON",0.141499996185303,FALSE,"rodolfo_hernández",0.156428571428571,FALSE,"ABELARDO DE LA ESPRIELLA",1400,"exact",FALSE,0.0149285752432687,"Did not vote Petro before"
"15776","Boyaca","Sutamarchan","07","289","SUTAMARCHAN",0.241499990224838,FALSE,"rodolfo_hernández",0.239125267411457,FALSE,"ABELARDO DE LA ESPRIELLA",4207,"exact",FALSE,-0.00237472281338116,"Did not vote Petro before"
"15778","Boyaca","Sutatenza","07","292","SUTATENZA",0.22409999370575,FALSE,"rodolfo_hernández",0.256367432150313,FALSE,"ABELARDO DE LA ESPRIELLA",2395,"exact",FALSE,0.0322674384445636,"Did not vote Petro before"
"15790","Boyaca","Tasco","07","298","TASCO",0.31139999628067,FALSE,"rodolfo_hernández",0.27194194885971,FALSE,"ABELARDO DE LA ESPRIELLA",2894,"exact",FALSE,-0.0394580474209604,"Did not vote Petro before"
"15798","Boyaca","Tenza","07","301","TENZA",0.172999992966652,FALSE,"rodolfo_hernández",0.229222520107239,FALSE,"ABELARDO DE LA ESPRIELLA",2238,"exact",FALSE,0.0562225271405867,"Did not vote Petro before"
"15804","Boyaca","Tibana","07","304","TIBANA",0.23589999973774,FALSE,"rodolfo_hernández",0.224121557454891,FALSE,"ABELARDO DE LA ESPRIELLA",4212,"exact",FALSE,-0.0117784422828488,"Did not vote Petro before"
"15806","Boyaca","Tibasosa","07","307","TIBASOSA",0.384999990463257,FALSE,"rodolfo_hernández",0.414550641940086,TRUE,"IVÁN CEPEDA CASTRO",7010,"exact",FALSE,0.0295506514768288,"Did not vote Petro before"
"15808","Boyaca","Tinjaca","07","310","TINJACA",0.319000005722046,FALSE,"rodolfo_hernández",0.319790301441678,FALSE,"ABELARDO DE LA ESPRIELLA",2289,"exact",FALSE,0.000790295719631684,"Did not vote Petro before"
"15810","Boyaca","Tipacoque","07","311","TIPACOQUE",0.173299998044968,FALSE,"rodolfo_hernández",0.198889449772842,FALSE,"ABELARDO DE LA ESPRIELLA",1981,"exact",FALSE,0.0255894517278744,"Did not vote Petro before"
"15814","Boyaca","Toca","07","313","TOCA",0.25229999423027,FALSE,"rodolfo_hernández",0.291515151515152,FALSE,"ABELARDO DE LA ESPRIELLA",4950,"exact",FALSE,0.0392151572848811,"Did not vote Petro before"
"15816","Boyaca","Togui","07","316","TOGUI",0.144199997186661,FALSE,"rodolfo_hernández",0.188898450946644,FALSE,"ABELARDO DE LA ESPRIELLA",2324,"exact",FALSE,0.044698453759983,"Did not vote Petro before"
"15820","Boyaca","Topaga","07","319","TOPAGA",0.225499987602234,FALSE,"rodolfo_hernández",0.234722784297855,FALSE,"ABELARDO DE LA ESPRIELLA",2471,"exact",FALSE,0.00922279669562123,"Did not vote Petro before"
"15822","Boyaca","Tota","07","322","TOTA",0.164900004863739,FALSE,"rodolfo_hernández",0.188532110091743,FALSE,"ABELARDO DE LA ESPRIELLA",2180,"exact",FALSE,0.0236321052280041,"Did not vote Petro before"
"15832","Boyaca","Tunungua","07","324","TUNUNGUA",0.237000003457069,FALSE,"rodolfo_hernández",0.240334378265413,FALSE,"ABELARDO DE LA ESPRIELLA",957,"exact",FALSE,0.00333437480834334,"Did not vote Petro before"
"15835","Boyaca","Turmeque","07","325","TURMEQUE",0.242399990558624,FALSE,"rodolfo_hernández",0.251730822486846,FALSE,"ABELARDO DE LA ESPRIELLA",3611,"exact",FALSE,0.00933083192822148,"Did not vote Petro before"
"15837","Boyaca","Tuta","07","328","TUTA",0.298500001430511,FALSE,"rodolfo_hernández",0.339198606271777,FALSE,"ABELARDO DE LA ESPRIELLA",5740,"exact",FALSE,0.0406986048412655,"Did not vote Petro before"
"15839","Boyaca","Tutaza","07","331","TUTAZA",0.242399990558624,FALSE,"rodolfo_hernández",0.254160363086233,FALSE,"ABELARDO DE LA ESPRIELLA",1322,"exact",FALSE,0.0117603725276087,"Did not vote Petro before"
"15842","Boyaca","Umbita","07","334","UMBITA",0.182700008153915,FALSE,"rodolfo_hernández",0.166228300894266,FALSE,"ABELARDO DE LA ESPRIELLA",3802,"exact",FALSE,-0.0164717072596492,"Did not vote Petro before"
"15861","Boyaca","Ventaquemada","07","337","VENTAQUEMADA",0.273799985647202,FALSE,"rodolfo_hernández",0.312225527695141,FALSE,"ABELARDO DE LA ESPRIELLA",7059,"exact",FALSE,0.0384255420479394,"Did not vote Petro before"
"15879","Boyaca","Viracacha","07","340","VIRACACHA",0.148800000548363,FALSE,"rodolfo_hernández",0.142201834862385,FALSE,"ABELARDO DE LA ESPRIELLA",1308,"exact",FALSE,-0.0065981656859774,"Did not vote Petro before"
"15897","Boyaca","Zetaquira","07","346","ZETAQUIRA",0.264400005340576,FALSE,"rodolfo_hernández",0.223321554770318,FALSE,"ABELARDO DE LA ESPRIELLA",2830,"exact",FALSE,-0.0410784505702582,"Did not vote Petro before"
"17001","Caldas","Manizales","09","001","MANIZALES",0.338800013065338,TRUE,"gustavo_petro",0.315189835664649,FALSE,"ABELARDO DE LA ESPRIELLA",234703,"exact",TRUE,-0.0236101774006896,"Switched (Voted Petro before, not anymore)"
"17013","Caldas","Aguadas","09","004","AGUADAS",0.11430000513792,FALSE,"federico_gutiérrez",0.145691764066322,FALSE,"ABELARDO DE LA ESPRIELLA",11037,"exact",FALSE,0.031391758928402,"Did not vote Petro before"
"17042","Caldas","Anserma","09","007","ANSERMA",0.209999993443489,FALSE,"rodolfo_hernández",0.23118074130684,FALSE,"ABELARDO DE LA ESPRIELLA",15702,"exact",FALSE,0.0211807478633508,"Did not vote Petro before"
"17050","Caldas","Aranzazu","09","013","ARANZAZU",0.1216000020504,FALSE,"federico_gutiérrez",0.112978369384359,FALSE,"ABELARDO DE LA ESPRIELLA",6010,"exact",FALSE,-0.00862163266604038,"Did not vote Petro before"
"17088","Caldas","Belalcazar","09","022","BELALCAZAR",0.228200003504753,FALSE,"rodolfo_hernández",0.249812171299775,FALSE,"ABELARDO DE LA ESPRIELLA",5324,"exact",FALSE,0.0216121677950215,"Did not vote Petro before"
"17174","Caldas","Chinchina","09","034","CHINCHINA",0.305400013923645,FALSE,"rodolfo_hernández",0.312708968659294,FALSE,"ABELARDO DE LA ESPRIELLA",27217,"exact",FALSE,0.0073089547356488,"Did not vote Petro before"
"17272","Caldas","Filadelfia","09","037","FILADELFIA",0.170300006866455,FALSE,"federico_gutiérrez",0.157995328095137,FALSE,"ABELARDO DE LA ESPRIELLA",4709,"exact",FALSE,-0.0123046787713181,"Did not vote Petro before"
"17380","Caldas","La Dorada","09","049","LA DORADA",0.249799996614456,FALSE,"rodolfo_hernández",0.369965459327566,FALSE,"ABELARDO DE LA ESPRIELLA",31557,"exact",FALSE,0.12016546271311,"Did not vote Petro before"
"17388","Caldas","La Merced","09","052","LA MERCED",0.18520000576973,FALSE,"rodolfo_hernández",0.229559748427673,FALSE,"ABELARDO DE LA ESPRIELLA",2862,"exact",FALSE,0.0443597426579433,"Did not vote Petro before"
"17433","Caldas","Manzanares","09","055","MANZANARES",0.146300002932549,FALSE,"rodolfo_hernández",0.149471565173629,FALSE,"ABELARDO DE LA ESPRIELLA",7948,"exact",FALSE,0.00317156224108006,"Did not vote Petro before"
"17442","Caldas","Marmato","09","058","MARMATO",0.252600014209747,FALSE,"rodolfo_hernández",0.339717425431711,FALSE,"ABELARDO DE LA ESPRIELLA",3185,"exact",FALSE,0.0871174112219638,"Did not vote Petro before"
"17444","Caldas","Marquetalia","09","061","MARQUETALIA",0.116899996995926,FALSE,"rodolfo_hernández",0.124355385295418,FALSE,"ABELARDO DE LA ESPRIELLA",6787,"exact",FALSE,0.00745538829949181,"Did not vote Petro before"
"17446","Caldas","Marulanda","09","067","MARULANDA",0.146999999880791,FALSE,"rodolfo_hernández",0.109507640067912,FALSE,"ABELARDO DE LA ESPRIELLA",1178,"exact",FALSE,-0.037492359812879,"Did not vote Petro before"
"17486","Caldas","Neira","09","076","NEIRA",0.206000000238419,FALSE,"rodolfo_hernández",0.214095622648435,FALSE,"ABELARDO DE LA ESPRIELLA",10897,"exact",FALSE,0.00809562241001677,"Did not vote Petro before"
"17495","Caldas","Norcasia","09","078","NORCASIA",0.241100013256073,FALSE,"rodolfo_hernández",0.285410979678496,FALSE,"ABELARDO DE LA ESPRIELLA",3297,"exact",FALSE,0.0443109664224226,"Did not vote Petro before"
"17513","Caldas","Pacora","09","079","PACORA",0.117700003087521,FALSE,"federico_gutiérrez",0.139271371199082,FALSE,"ABELARDO DE LA ESPRIELLA",6972,"exact",FALSE,0.0215713681115614,"Did not vote Petro before"
"17524","Caldas","Palestina","09","082","PALESTINA",0.382699996232986,TRUE,"gustavo_petro",0.278320436382088,FALSE,"ABELARDO DE LA ESPRIELLA",7883,"exact",TRUE,-0.104379559850898,"Switched (Voted Petro before, not anymore)"
"17541","Caldas","Pensilvania","09","085","PENSILVANIA",0.150499999523163,FALSE,"federico_gutiérrez",0.178034939356849,FALSE,"ABELARDO DE LA ESPRIELLA",8987,"exact",FALSE,0.0275349398336859,"Did not vote Petro before"
"17614","Caldas","Riosucio","09","103","RIOSUCIO",0.341300010681152,FALSE,"federico_gutiérrez",0.386440818355007,FALSE,"ABELARDO DE LA ESPRIELLA",24146,"exact",FALSE,0.0451408076738547,"Did not vote Petro before"
"17616","Caldas","Risaralda","09","106","RISARALDA",0.20160000026226,FALSE,"rodolfo_hernández",0.209297948428383,FALSE,"ABELARDO DE LA ESPRIELLA",5313,"exact",FALSE,0.00769794816612276,"Did not vote Petro before"
"17653","Caldas","Salamina","09","109","SALAMINA",0.210699990391731,FALSE,"federico_gutiérrez",0.197516184436517,FALSE,"ABELARDO DE LA ESPRIELLA",7569,"exact",FALSE,-0.0131838059552139,"Did not vote Petro before"
"17662","Caldas","Samana","09","115","SAMANA",0.169200003147125,FALSE,"rodolfo_hernández",0.178567412571686,FALSE,"ABELARDO DE LA ESPRIELLA",8893,"exact",FALSE,0.00936740942456035,"Did not vote Petro before"
"17665","Caldas","San Jose","09","120","SAN JOSE",0.208899989724159,FALSE,"rodolfo_hernández",0.233804914370812,FALSE,"ABELARDO DE LA ESPRIELLA",2686,"exact",FALSE,0.0249049246466524,"Did not vote Petro before"
"17777","Caldas","Supia","09","124","SUPIA",0.260300010442734,FALSE,"rodolfo_hernández",0.322518047038733,FALSE,"ABELARDO DE LA ESPRIELLA",12883,"exact",FALSE,0.0622180365959994,"Did not vote Petro before"
"17867","Caldas","Victoria","09","127","VICTORIA",0.173700004816055,FALSE,"rodolfo_hernández",0.248815165876777,FALSE,"ABELARDO DE LA ESPRIELLA",4642,"exact",FALSE,0.0751151610607219,"Did not vote Petro before"
"17873","Caldas","Villamaria","09","130","VILLAMARIA",0.326599985361099,TRUE,"gustavo_petro",0.335919293511591,FALSE,"ABELARDO DE LA ESPRIELLA",32612,"exact",TRUE,0.00931930815049159,"Switched (Voted Petro before, not anymore)"
"17877","Caldas","Viterbo","09","133","VITERBO",0.1875,FALSE,"federico_gutiérrez",0.21960632960247,FALSE,"ABELARDO DE LA ESPRIELLA",7773,"exact",FALSE,0.0321063296024701,"Did not vote Petro before"
"18094","Caqueta","Belen De Los Andaquies","44","004","BELEN DE LOS ANDAQUIES",0.26910001039505,FALSE,"rodolfo_hernández",0.294987294987295,FALSE,"ABELARDO DE LA ESPRIELLA",4329,"exact",FALSE,0.0258872845922449,"Did not vote Petro before"
"18150","Caqueta","Cartagena Del Chaira","44","003","CARTAGENA DEL CHAIRA",0.529000043869019,TRUE,"gustavo_petro",0.49041747140098,TRUE,"IVÁN CEPEDA CASTRO",13462,"exact",FALSE,-0.038582572468038,"No Switch (Still Petro)"
"18205","Caqueta","Curillo","44","012","CURILLO",0.233400002121925,FALSE,"rodolfo_hernández",0.339518900343643,FALSE,"ABELARDO DE LA ESPRIELLA",2910,"exact",FALSE,0.106118898221717,"Did not vote Petro before"
"18247","Caqueta","El Doncello","44","005","EL DONCELLO",0.300799995660782,FALSE,"rodolfo_hernández",0.316984778932109,FALSE,"ABELARDO DE LA ESPRIELLA",8278,"exact",FALSE,0.0161847832713273,"Did not vote Petro before"
"18256","Caqueta","El Paujil","44","006","EL PAUJIL",0.391899973154068,FALSE,"rodolfo_hernández",0.422516107154968,FALSE,"ABELARDO DE LA ESPRIELLA",5898,"exact",FALSE,0.0306161340008998,"Did not vote Petro before"
"18410","Caqueta","La Montanita","44","007","LA MONTAÑITA",0.498199999332428,TRUE,"gustavo_petro",0.55736657078939,TRUE,"IVÁN CEPEDA CASTRO",6258,"exact",FALSE,0.0591665714569616,"No Switch (Still Petro)"
"18460","Caqueta","Milan","44","016","MILAN",0.389299988746643,FALSE,"rodolfo_hernández",0.468118195956454,TRUE,"IVÁN CEPEDA CASTRO",2572,"exact",FALSE,0.078818207209811,"Did not vote Petro before"
"18479","Caqueta","Morelia","44","017","MORELIA",0.205499991774559,FALSE,"rodolfo_hernández",0.207415368081677,FALSE,"ABELARDO DE LA ESPRIELLA",1861,"exact",FALSE,0.00191537630711749,"Did not vote Petro before"
"18592","Caqueta","Puerto Rico","44","009","PUERTO RICO",0.301400005817413,FALSE,"rodolfo_hernández",0.362437247760606,FALSE,"ABELARDO DE LA ESPRIELLA",10159,"exact",FALSE,0.061037241943193,"Did not vote Petro before"
"18610","Caqueta","San Jose Del Fragua","44","020","SAN JOSE DEL FRAGUA",0.317200005054474,FALSE,"rodolfo_hernández",0.368250333905743,FALSE,"ABELARDO DE LA ESPRIELLA",5241,"exact",FALSE,0.0510503288512693,"Did not vote Petro before"
"18753","Caqueta","San Vicente Del Caguan","44","010","SAN VICENTE DEL CAGUAN",0.361600011587143,FALSE,"rodolfo_hernández",0.454508280515232,TRUE,"IVÁN CEPEDA CASTRO",24455,"exact",FALSE,0.0929082689280891,"Did not vote Petro before"
"18756","Caqueta","Solano","44","022","SOLANO",0.522599995136261,TRUE,"gustavo_petro",0.652032520325203,TRUE,"IVÁN CEPEDA CASTRO",3075,"exact",FALSE,0.129432525188942,"No Switch (Still Petro)"
"18785","Caqueta","Solita","44","024","SOLITA",0.208799988031387,FALSE,"rodolfo_hernández",0.318084651560496,FALSE,"ABELARDO DE LA ESPRIELLA",2339,"exact",FALSE,0.109284663529109,"Did not vote Petro before"
"19001","Cauca","Popayan","11","001","POPAYAN",0.610899984836578,TRUE,"gustavo_petro",0.558788436535241,TRUE,"IVÁN CEPEDA CASTRO",186899,"exact",FALSE,-0.0521115483013375,"No Switch (Still Petro)"
"19022","Cauca","Almaguer","11","004","ALMAGUER",0.918900012969971,TRUE,"gustavo_petro",0.873778819851505,TRUE,"IVÁN CEPEDA CASTRO",7677,"exact",FALSE,-0.0451211931184662,"No Switch (Still Petro)"
"19075","Cauca","Balboa","11","006","BALBOA",0.844899952411652,TRUE,"gustavo_petro",0.750689274882823,TRUE,"IVÁN CEPEDA CASTRO",14508,"exact",FALSE,-0.0942106775288284,"No Switch (Still Petro)"
"19110","Cauca","Buenos Aires","11","010","BUENOS AIRES",0.567200005054474,TRUE,"gustavo_petro",0.50929214504006,TRUE,"IVÁN CEPEDA CASTRO",12107,"exact",FALSE,-0.0579078600144144,"No Switch (Still Petro)"
"19130","Cauca","Cajibio","11","013","CAJIBIO",0.554000020027161,TRUE,"gustavo_petro",0.549548956344242,TRUE,"IVÁN CEPEDA CASTRO",15187,"exact",FALSE,-0.00445106368291881,"No Switch (Still Petro)"
"19137","Cauca","Caldono","11","016","CALDONO",0.777899980545044,TRUE,"gustavo_petro",0.799463102581677,TRUE,"IVÁN CEPEDA CASTRO",17508,"exact",FALSE,0.021563122036633,"No Switch (Still Petro)"
"19142","Cauca","Caloto","11","019","CALOTO",0.735899984836578,TRUE,"gustavo_petro",0.751964832822699,TRUE,"IVÁN CEPEDA CASTRO",15014,"exact",FALSE,0.0160648479861204,"No Switch (Still Petro)"
"19212","Cauca","Corinto","11","022","CORINTO",0.75789999961853,TRUE,"gustavo_petro",0.762406015037594,TRUE,"IVÁN CEPEDA CASTRO",13300,"exact",FALSE,0.0045060154190637,"No Switch (Still Petro)"
"19256","Cauca","El Tambo","11","025","EL TAMBO",0.540600001811981,TRUE,"gustavo_petro",0.559279303506,TRUE,"IVÁN CEPEDA CASTRO",29749,"exact",FALSE,0.018679301694019,"No Switch (Still Petro)"
"19290","Cauca","Florencia","11","027","FLORENCIA",0.778199970722198,TRUE,"gustavo_petro",0.579207920792079,TRUE,"IVÁN CEPEDA CASTRO",3434,"exact",FALSE,-0.198992049930119,"No Switch (Still Petro)"
"19300","Cauca","Guachene","11","029","GUACHENE",0.800300002098083,TRUE,"gustavo_petro",0.776395061728395,TRUE,"IVÁN CEPEDA CASTRO",10125,"exact",FALSE,-0.0239049403696885,"No Switch (Still Petro)"
"19318","Cauca","Guapi","11","028","GUAPI",0.892699956893921,TRUE,"gustavo_petro",0.898810319476006,TRUE,"IVÁN CEPEDA CASTRO",7481,"exact",FALSE,0.00611036258208497,"No Switch (Still Petro)"
"19355","Cauca","Inza","11","031","INZA",0.730599999427795,TRUE,"gustavo_petro",0.750524658971668,TRUE,"IVÁN CEPEDA CASTRO",11436,"exact",FALSE,0.019924659543873,"No Switch (Still Petro)"
"19364","Cauca","Jambalo","11","034","JAMBALO",0.93120002746582,TRUE,"gustavo_petro",0.942407088358356,TRUE,"IVÁN CEPEDA CASTRO",8126,"exact",FALSE,0.0112070608925355,"No Switch (Still Petro)"
"19392","Cauca","La Sierra","11","037","LA SIERRA",0.628899991512299,TRUE,"gustavo_petro",0.58163098545514,TRUE,"IVÁN CEPEDA CASTRO",6119,"exact",FALSE,-0.0472690060571589,"No Switch (Still Petro)"
"19397","Cauca","La Vega","11","040","LA VEGA",0.762600004673004,TRUE,"gustavo_petro",0.777174540834007,TRUE,"IVÁN CEPEDA CASTRO",8657,"exact",FALSE,0.014574536161003,"No Switch (Still Petro)"
"19450","Cauca","Mercaderes","11","046","MERCADERES",0.80730003118515,TRUE,"gustavo_petro",0.734279918864097,TRUE,"IVÁN CEPEDA CASTRO",8381,"exact",FALSE,-0.0730201123210528,"No Switch (Still Petro)"
"19455","Cauca","Miranda","11","049","MIRANDA",0.748099982738495,TRUE,"gustavo_petro",0.742185944654589,TRUE,"IVÁN CEPEDA CASTRO",15069,"exact",FALSE,-0.005914038083906,"No Switch (Still Petro)"
"19513","Cauca","Padilla","11","053","PADILLA",0.785700023174286,TRUE,"gustavo_petro",0.733050847457627,TRUE,"IVÁN CEPEDA CASTRO",4248,"exact",FALSE,-0.0526491757166587,"No Switch (Still Petro)"
"19533","Cauca","Piamonte","11","060","PIAMONTE",0.550300002098083,TRUE,"gustavo_petro",0.571629213483146,TRUE,"IVÁN CEPEDA CASTRO",2848,"exact",FALSE,0.0213292113850626,"No Switch (Still Petro)"
"19573","Cauca","Puerto Tejada","11","064","PUERTO TEJADA",0.831299960613251,TRUE,"gustavo_petro",0.809677126791221,TRUE,"IVÁN CEPEDA CASTRO",22052,"exact",FALSE,-0.02162283382203,"No Switch (Still Petro)"
"19622","Cauca","Rosas","11","070","ROSAS",0.559499979019165,TRUE,"gustavo_petro",0.574991029781127,TRUE,"IVÁN CEPEDA CASTRO",5574,"exact",FALSE,0.0154910507619617,"No Switch (Still Petro)"
"19693","Cauca","San Sebastian","11","073","SAN SEBASTIAN",0.750100016593933,TRUE,"gustavo_petro",0.745028945381324,TRUE,"IVÁN CEPEDA CASTRO",3973,"exact",FALSE,-0.00507107121260919,"No Switch (Still Petro)"
"19698","Cauca","Santander De Quilichao","11","076","SANTANDER DE QUILICHAO",0.640399992465973,TRUE,"gustavo_petro",0.644872086711377,TRUE,"IVÁN CEPEDA CASTRO",57109,"exact",FALSE,0.00447209424540362,"No Switch (Still Petro)"
"19743","Cauca","Silvia","11","082","SILVIA",0.794200003147125,TRUE,"gustavo_petro",0.70440251572327,TRUE,"IVÁN CEPEDA CASTRO",13833,"exact",FALSE,-0.0897974874238548,"No Switch (Still Petro)"
"19760","Cauca","Sotara - Paispamba","11","085","SOTARA (PAISPAMBA)",0.639500021934509,TRUE,"gustavo_petro",0.652110625909753,TRUE,"IVÁN CEPEDA CASTRO",4809,"exact",FALSE,0.0126106039752433,"No Switch (Still Petro)"
"19780","Cauca","Suarez","11","087","SUAREZ",0.671299993991852,TRUE,"gustavo_petro",0.557568827513414,TRUE,"IVÁN CEPEDA CASTRO",11369,"exact",FALSE,-0.113731166478438,"No Switch (Still Petro)"
"19785","Cauca","Sucre","11","086","SUCRE",0.914600014686584,TRUE,"gustavo_petro",0.832708177044261,TRUE,"IVÁN CEPEDA CASTRO",3999,"exact",FALSE,-0.0818918376423234,"No Switch (Still Petro)"
"19807","Cauca","Timbio","11","088","TIMBIO",0.562700033187866,TRUE,"gustavo_petro",0.557955138236828,TRUE,"IVÁN CEPEDA CASTRO",19170,"exact",FALSE,-0.0047448949510378,"No Switch (Still Petro)"
"19809","Cauca","Timbiqui","11","091","TIMBIQUI",0.958099961280823,TRUE,"gustavo_petro",0.937827503186518,TRUE,"IVÁN CEPEDA CASTRO",7061,"exact",FALSE,-0.0202724580943052,"No Switch (Still Petro)"
"19821","Cauca","Toribio","11","094","TORIBIO",0.91839998960495,TRUE,"gustavo_petro",0.902011804277464,TRUE,"IVÁN CEPEDA CASTRO",15757,"exact",FALSE,-0.016388185327486,"No Switch (Still Petro)"
"19824","Cauca","Totoro","11","097","TOTORO",0.798399984836578,TRUE,"gustavo_petro",0.826257188302949,TRUE,"IVÁN CEPEDA CASTRO",8173,"exact",FALSE,0.0278572034663703,"No Switch (Still Petro)"
"19845","Cauca","Villa Rica","11","098","VILLA RICA",0.834800004959106,TRUE,"gustavo_petro",0.834019204389575,TRUE,"IVÁN CEPEDA CASTRO",10206,"exact",FALSE,-0.00078080056953167,"No Switch (Still Petro)"
"20001","Cesar","Valledupar","12","001","VALLEDUPAR",0.481899976730347,TRUE,"gustavo_petro",0.472161597887994,TRUE,"IVÁN CEPEDA CASTRO",190151,"exact",FALSE,-0.0097383788423524,"No Switch (Still Petro)"
"20011","Cesar","Aguachica","12","075","AGUACHICA",0.261500000953674,FALSE,"rodolfo_hernández",0.309160059305099,FALSE,"ABELARDO DE LA ESPRIELLA",46539,"exact",FALSE,0.0476600583514246,"Did not vote Petro before"
"20013","Cesar","Agustin Codazzi","12","150","AGUSTIN CODAZZI",0.490600019693375,TRUE,"gustavo_petro",0.550205314945378,TRUE,"IVÁN CEPEDA CASTRO",25814,"exact",FALSE,0.0596052952520039,"No Switch (Still Petro)"
"20032","Cesar","Astrea","12","170","ASTREA",0.42110002040863,TRUE,"gustavo_petro",0.415927189988623,FALSE,"ABELARDO DE LA ESPRIELLA",8790,"exact",TRUE,-0.00517283042000694,"Switched (Voted Petro before, not anymore)"
"20045","Cesar","Becerril","12","180","BECERRIL",0.622999966144562,TRUE,"gustavo_petro",0.573857483214208,TRUE,"IVÁN CEPEDA CASTRO",9234,"exact",FALSE,-0.0491424829303534,"No Switch (Still Petro)"
"20060","Cesar","Bosconia","12","200","BOSCONIA",0.471699982881546,TRUE,"gustavo_petro",0.548744820862783,TRUE,"IVÁN CEPEDA CASTRO",16412,"exact",FALSE,0.0770448379812373,"No Switch (Still Petro)"
"20175","Cesar","Chimichagua","12","300","CHIMICHAGUA",0.391600012779236,TRUE,"gustavo_petro",0.410494089633472,FALSE,"ABELARDO DE LA ESPRIELLA",11759,"exact",TRUE,0.0188940768542364,"Switched (Voted Petro before, not anymore)"
"20178","Cesar","Chiriguana","12","375","CHIRIGUANA",0.558499991893768,TRUE,"gustavo_petro",0.572535027412758,TRUE,"IVÁN CEPEDA CASTRO",11491,"exact",FALSE,0.0140350355189895,"No Switch (Still Petro)"
"20228","Cesar","Curumani","12","225","CURUMANI",0.469199985265732,TRUE,"gustavo_petro",0.499135335938,TRUE,"IVÁN CEPEDA CASTRO",15613,"exact",FALSE,0.0299353506722685,"No Switch (Still Petro)"
"20238","Cesar","El Copey","12","410","EL COPEY",0.601700007915497,TRUE,"gustavo_petro",0.590916437691935,TRUE,"IVÁN CEPEDA CASTRO",12374,"exact",FALSE,-0.0107835702235621,"No Switch (Still Petro)"
"20250","Cesar","El Paso","12","415","EL PASO",0.675000011920929,TRUE,"gustavo_petro",0.634014938165789,TRUE,"IVÁN CEPEDA CASTRO",16334,"exact",FALSE,-0.0409850737551398,"No Switch (Still Petro)"
"20295","Cesar","Gamarra","12","450","GAMARRA",0.270099997520447,FALSE,"rodolfo_hernández",0.344262295081967,FALSE,"ABELARDO DE LA ESPRIELLA",6283,"exact",FALSE,0.0741622975615204,"Did not vote Petro before"
"20310","Cesar","Gonzalez","12","525","GONZALEZ",0.183100000023842,FALSE,"rodolfo_hernández",0.25521472392638,FALSE,"ABELARDO DE LA ESPRIELLA",2445,"exact",FALSE,0.0721147239025385,"Did not vote Petro before"
"20383","Cesar","La Gloria","12","600","LA GLORIA",0.346199989318848,FALSE,"rodolfo_hernández",0.383264315293446,FALSE,"ABELARDO DE LA ESPRIELLA",7003,"exact",FALSE,0.037064325974598,"Did not vote Petro before"
"20400","Cesar","La Jagua De Ibirico","12","608","LA JAGUA DE IBIRICO",0.607900023460388,TRUE,"gustavo_petro",0.564380623249717,TRUE,"IVÁN CEPEDA CASTRO",16783,"exact",FALSE,-0.0435194002106712,"No Switch (Still Petro)"
"20517","Cesar","Pailitas","12","650","PAILITAS",0.342599987983704,FALSE,"rodolfo_hernández",0.391471513456833,FALSE,"ABELARDO DE LA ESPRIELLA",8583,"exact",FALSE,0.0488715254731297,"Did not vote Petro before"
"20550","Cesar","Pelaya","12","700","PELAYA",0.223299995064735,FALSE,"rodolfo_hernández",0.327484097389778,FALSE,"ABELARDO DE LA ESPRIELLA",9118,"exact",FALSE,0.104184102325043,"Did not vote Petro before"
"20570","Cesar","Pueblo Bello","12","720","PUEBLO BELLO",0.467900007963181,TRUE,"gustavo_petro",0.570042685292976,TRUE,"IVÁN CEPEDA CASTRO",10308,"exact",FALSE,0.102142677329796,"No Switch (Still Petro)"
"20614","Cesar","Rio De Oro","12","750","RIO DE ORO",0.220400005578995,FALSE,"rodolfo_hernández",0.274110587226747,FALSE,"ABELARDO DE LA ESPRIELLA",9332,"exact",FALSE,0.0537105816477519,"Did not vote Petro before"
"20621","Cesar","La Paz","12","825","LA PAZ",0.331300020217896,FALSE,"rodolfo_hernández",0.351798818686236,FALSE,"ABELARDO DE LA ESPRIELLA",11174,"exact",FALSE,0.0204987984683404,"Did not vote Petro before"
"20710","Cesar","San Alberto","12","800","SAN ALBERTO",0.281200021505356,FALSE,"rodolfo_hernández",0.421174255391989,FALSE,"ABELARDO DE LA ESPRIELLA",11684,"exact",FALSE,0.139974233886633,"Did not vote Petro before"
"20750","Cesar","San Diego","12","850","SAN DIEGO",0.402900010347366,TRUE,"gustavo_petro",0.431359503215791,FALSE,"ABELARDO DE LA ESPRIELLA",9018,"exact",TRUE,0.0284594928684243,"Switched (Voted Petro before, not anymore)"
"20770","Cesar","San Martin","12","875","SAN MARTIN",0.269800007343292,FALSE,"rodolfo_hernández",0.348816615681855,FALSE,"ABELARDO DE LA ESPRIELLA",12422,"exact",FALSE,0.0790166083385626,"Did not vote Petro before"
"20787","Cesar","Tamalameque","12","900","TAMALAMEQUE",0.481399983167648,TRUE,"gustavo_petro",0.499904671115348,TRUE,"IVÁN CEPEDA CASTRO",5245,"exact",FALSE,0.0185046879476997,"No Switch (Still Petro)"
"23001","Cordoba","Monteria","13","001","MONTERIA",0.47299998998642,TRUE,"gustavo_petro",0.502328274779496,TRUE,"IVÁN CEPEDA CASTRO",208953,"exact",FALSE,0.0293282847930761,"No Switch (Still Petro)"
"23068","Cordoba","Ayapel","13","004","AYAPEL",0.462400019168854,TRUE,"gustavo_petro",0.456060606060606,FALSE,"ABELARDO DE LA ESPRIELLA",14520,"exact",TRUE,-0.0063394131082477,"Switched (Voted Petro before, not anymore)"
"23090","Cordoba","Canalete","13","009","CANALETE",0.550400018692017,TRUE,"gustavo_petro",0.603916768665851,TRUE,"IVÁN CEPEDA CASTRO",8170,"exact",FALSE,0.053516749973834,"No Switch (Still Petro)"
"23162","Cordoba","Cerete","13","010","CERETE",0.54559999704361,TRUE,"gustavo_petro",0.601013005396797,TRUE,"IVÁN CEPEDA CASTRO",45212,"exact",FALSE,0.0554130083531877,"No Switch (Still Petro)"
"23168","Cordoba","Chima","13","016","CHIMA",0.523400008678436,TRUE,"gustavo_petro",0.523609359674933,TRUE,"IVÁN CEPEDA CASTRO",7137,"exact",FALSE,0.000209350996497215,"No Switch (Still Petro)"
"23182","Cordoba","Chinu","13","019","CHINU",0.380299985408783,FALSE,"federico_gutiérrez",0.377658233168026,FALSE,"ABELARDO DE LA ESPRIELLA",23794,"exact",FALSE,-0.00264175224075741,"Did not vote Petro before"
"23189","Cordoba","Cienaga De Oro","13","013","CIENAGA DE ORO",0.620899975299835,TRUE,"gustavo_petro",0.71187262286524,TRUE,"IVÁN CEPEDA CASTRO",26818,"exact",FALSE,0.0909726475654046,"No Switch (Still Petro)"
"23417","Cordoba","Lorica","13","022","LORICA",0.560800015926361,TRUE,"gustavo_petro",0.587992807963864,TRUE,"IVÁN CEPEDA CASTRO",45606,"exact",FALSE,0.0271927920375034,"No Switch (Still Petro)"
"23419","Cordoba","Los Cordobas","13","023","LOS CORDOBAS",0.451199978590012,TRUE,"gustavo_petro",0.48962495166903,TRUE,"IVÁN CEPEDA CASTRO",7759,"exact",FALSE,0.0384249730790179,"No Switch (Still Petro)"
"23464","Cordoba","Momil","13","024","MOMIL",0.466199994087219,TRUE,"gustavo_petro",0.483953458637003,TRUE,"IVÁN CEPEDA CASTRO",7821,"exact",FALSE,0.0177534645497837,"No Switch (Still Petro)"
"23466","Cordoba","Montelibano","13","025","MONTELIBANO",0.717699944972992,TRUE,"gustavo_petro",0.709504643962848,TRUE,"IVÁN CEPEDA CASTRO",32300,"exact",FALSE,-0.00819530101014365,"No Switch (Still Petro)"
"23500","Cordoba","Monitos","13","027","MOÑITOS",0.458499997854233,TRUE,"gustavo_petro",0.480951923999616,TRUE,"IVÁN CEPEDA CASTRO",10421,"exact",FALSE,0.0224519261453834,"No Switch (Still Petro)"
"23555","Cordoba","Planeta Rica","13","028","PLANETA RICA",0.486500024795532,TRUE,"gustavo_petro",0.536728948041976,TRUE,"IVÁN CEPEDA CASTRO",27349,"exact",FALSE,0.0502289232464437,"No Switch (Still Petro)"
"23570","Cordoba","Pueblo Nuevo","13","031","PUEBLO NUEVO",0.438199996948242,TRUE,"gustavo_petro",0.472814721873693,FALSE,"ABELARDO DE LA ESPRIELLA",14346,"exact",TRUE,0.0346147249254508,"Switched (Voted Petro before, not anymore)"
"23574","Cordoba","Puerto Escondido","13","033","PUERTO ESCONDIDO",0.45540001988411,TRUE,"gustavo_petro",0.473468028419183,TRUE,"IVÁN CEPEDA CASTRO",9008,"exact",FALSE,0.0180680085350735,"No Switch (Still Petro)"
"23580","Cordoba","Puerto Libertador","13","032","PUERTO LIBERTADOR",0.6875,TRUE,"gustavo_petro",0.691705069124424,TRUE,"IVÁN CEPEDA CASTRO",15190,"exact",FALSE,0.00420506912442398,"No Switch (Still Petro)"
"23660","Cordoba","Sahagun","13","037","SAHAGUN",0.561899960041046,TRUE,"gustavo_petro",0.551906287987623,TRUE,"IVÁN CEPEDA CASTRO",45245,"exact",FALSE,-0.00999367205342316,"No Switch (Still Petro)"
"23670","Cordoba","San Andres De Sotavento","13","040","SAN ANDRES DE SOTAVENTO",0.563300013542175,TRUE,"gustavo_petro",0.646479851783233,TRUE,"IVÁN CEPEDA CASTRO",17272,"exact",FALSE,0.0831798382410577,"No Switch (Still Petro)"
"23672","Cordoba","San Antero","13","043","SAN ANTERO",0.431300014257431,TRUE,"gustavo_petro",0.511285494701076,TRUE,"IVÁN CEPEDA CASTRO",12361,"exact",FALSE,0.079985480443645,"No Switch (Still Petro)"
"23675","Cordoba","San Bernardo Del Viento","13","046","SAN BERNARDO DEL VIENTO",0.620800018310547,TRUE,"gustavo_petro",0.652451859359164,TRUE,"IVÁN CEPEDA CASTRO",12827,"exact",FALSE,0.0316518410486174,"No Switch (Still Petro)"
"23682","Cordoba","San Jose De Ure","13","052","SAN JOSE DE URE",0.741200029850006,TRUE,"gustavo_petro",0.770718891807977,TRUE,"IVÁN CEPEDA CASTRO",4187,"exact",FALSE,0.0295188619579709,"No Switch (Still Petro)"
"23686","Cordoba","San Pelayo","13","055","SAN PELAYO",0.546400010585785,TRUE,"gustavo_petro",0.530803635838984,TRUE,"IVÁN CEPEDA CASTRO",20793,"exact",FALSE,-0.0155963747468006,"No Switch (Still Petro)"
"23807","Cordoba","Tierralta","13","058","TIERRALTA",0.500699996948242,TRUE,"gustavo_petro",0.603683918412654,TRUE,"IVÁN CEPEDA CASTRO",28828,"exact",FALSE,0.102983921464412,"No Switch (Still Petro)"
"23815","Cordoba","Tuchin","13","060","TUCHIN",0.4442999958992,TRUE,"gustavo_petro",0.623669467787115,TRUE,"IVÁN CEPEDA CASTRO",14280,"exact",FALSE,0.179369471887914,"No Switch (Still Petro)"
"23855","Cordoba","Valencia","13","061","VALENCIA",0.444199979305267,TRUE,"gustavo_petro",0.497930172615793,TRUE,"IVÁN CEPEDA CASTRO",12803,"exact",FALSE,0.0537301933105259,"No Switch (Still Petro)"
"25001","Cundinamarca","Agua De Dios","15","004","AGUA DE DIOS",0.329399973154068,FALSE,"rodolfo_hernández",0.404140717051002,FALSE,"ABELARDO DE LA ESPRIELLA",5941,"exact",FALSE,0.0747407438969335,"Did not vote Petro before"
"25019","Cundinamarca","Alban","15","007","ALBAN",0.224399998784065,FALSE,"rodolfo_hernández",0.254098360655738,FALSE,"ABELARDO DE LA ESPRIELLA",3416,"exact",FALSE,0.0296983618716725,"Did not vote Petro before"
"25035","Cundinamarca","Anapoima","15","010","ANAPOIMA",0.219300001859665,FALSE,"rodolfo_hernández",0.267814388325162,FALSE,"ABELARDO DE LA ESPRIELLA",8771,"exact",FALSE,0.0485143864654975,"Did not vote Petro before"
"25040","Cundinamarca","Anolaima","15","013","ANOLAIMA",0.208399996161461,FALSE,"rodolfo_hernández",0.238960706514783,FALSE,"ABELARDO DE LA ESPRIELLA",7813,"exact",FALSE,0.0305607103533222,"Did not vote Petro before"
"25053","Cundinamarca","Arbelaez","15","016","ARBELAEZ",0.229599997401237,FALSE,"rodolfo_hernández",0.265345649582837,FALSE,"ABELARDO DE LA ESPRIELLA",6712,"exact",FALSE,0.0357456521815992,"Did not vote Petro before"
"25086","Cundinamarca","Beltran","15","019","BELTRAN",0.230000004172325,FALSE,"rodolfo_hernández",0.342281879194631,FALSE,"ABELARDO DE LA ESPRIELLA",1192,"exact",FALSE,0.112281875022306,"Did not vote Petro before"
"25095","Cundinamarca","Bituima","15","022","BITUIMA",0.19149999320507,FALSE,"rodolfo_hernández",0.194950088079859,FALSE,"ABELARDO DE LA ESPRIELLA",1703,"exact",FALSE,0.00345009487478859,"Did not vote Petro before"
"25099","Cundinamarca","Bojaca","15","025","BOJACA",0.331699967384338,FALSE,"rodolfo_hernández",0.44121320249777,TRUE,"IVÁN CEPEDA CASTRO",5605,"exact",FALSE,0.109513235113431,"Did not vote Petro before"
"25120","Cundinamarca","Cabrera","15","029","CABRERA",0.549700021743774,TRUE,"gustavo_petro",0.597912524850895,TRUE,"IVÁN CEPEDA CASTRO",2012,"exact",FALSE,0.0482125031071202,"No Switch (Still Petro)"
"25123","Cundinamarca","Cachipay","15","030","CACHIPAY",0.227900013327599,FALSE,"rodolfo_hernández",0.262380805905875,FALSE,"ABELARDO DE LA ESPRIELLA",6502,"exact",FALSE,0.0344807925782765,"Did not vote Petro before"
"25126","Cundinamarca","Cajica","15","031","CAJICA",0.312399983406067,FALSE,"rodolfo_hernández",0.300579753233239,FALSE,"ABELARDO DE LA ESPRIELLA",53816,"exact",FALSE,-0.0118202301728277,"Did not vote Petro before"
"25148","Cundinamarca","Caparrapi","15","034","CAPARRAPI",0.0968999937176704,FALSE,"rodolfo_hernández",0.125880281690141,FALSE,"ABELARDO DE LA ESPRIELLA",5680,"exact",FALSE,0.0289802879724704,"Did not vote Petro before"
"25151","Cundinamarca","Caqueza","15","037","CAQUEZA",0.260899990797043,FALSE,"rodolfo_hernández",0.277565776260293,FALSE,"ABELARDO DE LA ESPRIELLA",9958,"exact",FALSE,0.0166657854632504,"Did not vote Petro before"
"25154","Cundinamarca","Carmen De Carupa","15","040","CARMEN DE CARUPA",0.156300008296967,FALSE,"rodolfo_hernández",0.172430952973376,FALSE,"ABELARDO DE LA ESPRIELLA",4019,"exact",FALSE,0.0161309446764099,"Did not vote Petro before"
"25168","Cundinamarca","Chaguani","15","052","CHAGUANI",0.180300012230873,FALSE,"rodolfo_hernández",0.178664353859497,FALSE,"ABELARDO DE LA ESPRIELLA",2306,"exact",FALSE,-0.00163565837137614,"Did not vote Petro before"
"25175","Cundinamarca","Chia","15","055","CHIA",0.284799993038177,FALSE,"rodolfo_hernández",0.274616221190446,FALSE,"ABELARDO DE LA ESPRIELLA",95628,"exact",FALSE,-0.0101837718477312,"Did not vote Petro before"
"25178","Cundinamarca","Chipaque","15","058","CHIPAQUE",0.242800012230873,FALSE,"rodolfo_hernández",0.264575519945448,FALSE,"ABELARDO DE LA ESPRIELLA",5866,"exact",FALSE,0.0217755077145753,"Did not vote Petro before"
"25181","Cundinamarca","Choachi","15","061","CHOACHI",0.199200004339218,FALSE,"rodolfo_hernández",0.199130639097744,FALSE,"ABELARDO DE LA ESPRIELLA",8512,"exact",FALSE,-6.93652414737733e-05,"Did not vote Petro before"
"25183","Cundinamarca","Choconta","15","064","CHOCONTA",0.196900010108948,FALSE,"rodolfo_hernández",0.245903083700441,FALSE,"ABELARDO DE LA ESPRIELLA",11350,"exact",FALSE,0.0490030735914928,"Did not vote Petro before"
"25200","Cundinamarca","Cogua","15","043","COGUA",0.331500023603439,FALSE,"rodolfo_hernández",0.38377874456184,FALSE,"ABELARDO DE LA ESPRIELLA",12872,"exact",FALSE,0.0522787209584003,"Did not vote Petro before"
"25214","Cundinamarca","Cota","15","046","COTA",0.288300007581711,FALSE,"rodolfo_hernández",0.275443305319664,FALSE,"ABELARDO DE LA ESPRIELLA",22727,"exact",FALSE,-0.012856702262047,"Did not vote Petro before"
"25224","Cundinamarca","Cucunuba","15","049","CUCUNUBA",0.124099999666214,FALSE,"rodolfo_hernández",0.126774595267746,FALSE,"ABELARDO DE LA ESPRIELLA",4015,"exact",FALSE,0.00267459560153196,"Did not vote Petro before"
"25245","Cundinamarca","El Colegio","15","067","EL COLEGIO",0.294400006532669,FALSE,"rodolfo_hernández",0.332074471609355,FALSE,"ABELARDO DE LA ESPRIELLA",15093,"exact",FALSE,0.0376744650766863,"Did not vote Petro before"
"25260","Cundinamarca","El Rosal","15","072","EL ROSAL",0.253899991512299,FALSE,"rodolfo_hernández",0.365067956089911,FALSE,"ABELARDO DE LA ESPRIELLA",15304,"exact",FALSE,0.111167964577613,"Did not vote Petro before"
"25269","Cundinamarca","Facatativa","15","076","FACATATIVA",0.409700006246567,TRUE,"gustavo_petro",0.464876309935408,TRUE,"IVÁN CEPEDA CASTRO",74622,"exact",FALSE,0.055176303688841,"No Switch (Still Petro)"
"25279","Cundinamarca","Fomeque","15","079","FOMEQUE",0.132799997925758,FALSE,"rodolfo_hernández",0.146359474228327,FALSE,"ABELARDO DE LA ESPRIELLA",6771,"exact",FALSE,0.0135594763025683,"Did not vote Petro before"
"25281","Cundinamarca","Fosca","15","085","FOSCA",0.13340000808239,FALSE,"rodolfo_hernández",0.132781267846945,FALSE,"ABELARDO DE LA ESPRIELLA",3502,"exact",FALSE,-0.000618740235445225,"Did not vote Petro before"
"25286","Cundinamarca","Funza","15","088","FUNZA",0.414499998092651,TRUE,"gustavo_petro",0.425816448554057,TRUE,"IVÁN CEPEDA CASTRO",59373,"exact",FALSE,0.0113164504614052,"No Switch (Still Petro)"
"25288","Cundinamarca","Fuquene","15","091","FUQUENE",0.251000016927719,FALSE,"rodolfo_hernández",0.273359840954274,FALSE,"ABELARDO DE LA ESPRIELLA",3018,"exact",FALSE,0.0223598240265552,"Did not vote Petro before"
"25290","Cundinamarca","Fusagasuga","15","094","FUSAGASUGA",0.312999993562698,FALSE,"rodolfo_hernández",0.325464530563898,FALSE,"ABELARDO DE LA ESPRIELLA",83579,"exact",FALSE,0.0124645370011993,"Did not vote Petro before"
"25293","Cundinamarca","Gachala","15","097","GACHALA",0.230800002813339,FALSE,"rodolfo_hernández",0.259003273917788,FALSE,"ABELARDO DE LA ESPRIELLA",2749,"exact",FALSE,0.028203271104449,"Did not vote Petro before"
"25295","Cundinamarca","Gachancipa","15","100","GACHANCIPA",0.371399998664856,FALSE,"rodolfo_hernández",0.480336790224869,TRUE,"IVÁN CEPEDA CASTRO",9739,"exact",FALSE,0.108936791560013,"Did not vote Petro before"
"25297","Cundinamarca","Gacheta","15","103","GACHETA",0.19820000231266,FALSE,"rodolfo_hernández",0.22496674900247,FALSE,"ABELARDO DE LA ESPRIELLA",5263,"exact",FALSE,0.0267667466898099,"Did not vote Petro before"
"25299","Cundinamarca","Gama","15","106","GAMA",0.14190000295639,FALSE,"rodolfo_hernández",0.192464358452138,FALSE,"ABELARDO DE LA ESPRIELLA",1964,"exact",FALSE,0.0505643554957481,"Did not vote Petro before"
"25307","Cundinamarca","Girardot","15","109","GIRARDOT",0.29559999704361,FALSE,"rodolfo_hernández",0.380621109148963,FALSE,"ABELARDO DE LA ESPRIELLA",56061,"exact",FALSE,0.0850211121053531,"Did not vote Petro before"
"25317","Cundinamarca","Guacheta","15","112","GUACHETA",0.159400001168251,FALSE,"rodolfo_hernández",0.189525786364362,FALSE,"ABELARDO DE LA ESPRIELLA",6263,"exact",FALSE,0.0301257851961111,"Did not vote Petro before"
"25320","Cundinamarca","Guaduas","15","115","GUADUAS",0.226499989628792,FALSE,"rodolfo_hernández",0.285107888220729,FALSE,"ABELARDO DE LA ESPRIELLA",14135,"exact",FALSE,0.0586078985919369,"Did not vote Petro before"
"25322","Cundinamarca","Guasca","15","118","GUASCA",0.274899989366531,FALSE,"rodolfo_hernández",0.322467854725919,FALSE,"ABELARDO DE LA ESPRIELLA",8866,"exact",FALSE,0.0475678653593879,"Did not vote Petro before"
"25324","Cundinamarca","Guataqui","15","121","GUATAQUI",0.359799981117249,TRUE,"gustavo_petro",0.367181751287712,FALSE,"ABELARDO DE LA ESPRIELLA",1359,"exact",TRUE,0.00738177017046304,"Switched (Voted Petro before, not anymore)"
"25326","Cundinamarca","Guatavita","15","124","GUATAVITA",0.19030000269413,FALSE,"rodolfo_hernández",0.204813477737665,FALSE,"ABELARDO DE LA ESPRIELLA",4155,"exact",FALSE,0.0145134750435355,"Did not vote Petro before"
"25328","Cundinamarca","Guayabal De Siquima","15","127","GUAYABAL DE SIQUIMA",0.236200004816055,FALSE,"rodolfo_hernández",0.24512987012987,FALSE,"ABELARDO DE LA ESPRIELLA",3080,"exact",FALSE,0.00892986531381484,"Did not vote Petro before"
"25335","Cundinamarca","Guayabetal","15","128","GUAYABETAL",0.167199999094009,FALSE,"rodolfo_hernández",0.216033483580167,FALSE,"ABELARDO DE LA ESPRIELLA",3106,"exact",FALSE,0.048833484486158,"Did not vote Petro before"
"25339","Cundinamarca","Gutierrez","15","130","GUTIERREZ",0.113900005817413,FALSE,"rodolfo_hernández",0.105527638190955,FALSE,"ABELARDO DE LA ESPRIELLA",1990,"exact",FALSE,-0.00837236762645856,"Did not vote Petro before"
"25368","Cundinamarca","Jerusalen","15","133","JERUSALEN",0.237999990582466,FALSE,"rodolfo_hernández",0.261829652996845,FALSE,"ABELARDO DE LA ESPRIELLA",1585,"exact",FALSE,0.0238296624143793,"Did not vote Petro before"
"25372","Cundinamarca","Junin","15","136","JUNIN",0.198500007390976,FALSE,"rodolfo_hernández",0.218241042345277,FALSE,"ABELARDO DE LA ESPRIELLA",3377,"exact",FALSE,0.0197410349543009,"Did not vote Petro before"
"25377","Cundinamarca","La Calera","15","139","LA CALERA",0.371100008487701,FALSE,"rodolfo_hernández",0.340024064756071,FALSE,"ABELARDO DE LA ESPRIELLA",18284,"exact",FALSE,-0.0310759437316305,"Did not vote Petro before"
"25386","Cundinamarca","La Mesa","15","142","LA MESA",0.269699990749359,FALSE,"rodolfo_hernández",0.305048275862069,FALSE,"ABELARDO DE LA ESPRIELLA",18125,"exact",FALSE,0.0353482851127098,"Did not vote Petro before"
"25394","Cundinamarca","La Palma","15","145","LA PALMA",0.244500011205673,FALSE,"rodolfo_hernández",0.269660133961796,FALSE,"ABELARDO DE LA ESPRIELLA",4031,"exact",FALSE,0.0251601227561228,"Did not vote Petro before"
"25398","Cundinamarca","La Pena","15","148","LA PEÑA",0.108400002121925,FALSE,"rodolfo_hernández",0.127773097444538,FALSE,"ABELARDO DE LA ESPRIELLA",3561,"exact",FALSE,0.0193730953226127,"Did not vote Petro before"
"25407","Cundinamarca","Lenguazaque","15","154","LENGUAZAQUE",0.0860999971628189,FALSE,"rodolfo_hernández",0.0885556150687377,FALSE,"ABELARDO DE LA ESPRIELLA",5601,"exact",FALSE,0.00245561790591882,"Did not vote Petro before"
"25426","Cundinamarca","Macheta","15","157","MACHETA",0.129099994897842,FALSE,"rodolfo_hernández",0.150602409638554,FALSE,"ABELARDO DE LA ESPRIELLA",4316,"exact",FALSE,0.0215024147407118,"Did not vote Petro before"
"25430","Cundinamarca","Madrid","15","160","MADRID",0.409999996423721,FALSE,"rodolfo_hernández",0.457193636481859,TRUE,"IVÁN CEPEDA CASTRO",69207,"exact",FALSE,0.0471936400581375,"Did not vote Petro before"
"25436","Cundinamarca","Manta","15","163","MANTA",0.149499997496605,FALSE,"rodolfo_hernández",0.156215621562156,FALSE,"ABELARDO DE LA ESPRIELLA",2727,"exact",FALSE,0.00671562406555129,"Did not vote Petro before"
"25438","Cundinamarca","Medina","15","166","MEDINA",0.12950000166893,FALSE,"rodolfo_hernández",0.165233557982803,FALSE,"ABELARDO DE LA ESPRIELLA",4303,"exact",FALSE,0.0357335563138726,"Did not vote Petro before"
"25473","Cundinamarca","Mosquera","15","169","MOSQUERA",0.430000007152557,TRUE,"gustavo_petro",0.416219119226638,TRUE,"IVÁN CEPEDA CASTRO",74480,"exact",FALSE,-0.0137808879259194,"No Switch (Still Petro)"
"25486","Cundinamarca","Nemocon","15","175","NEMOCON",0.30239999294281,FALSE,"rodolfo_hernández",0.379556074766355,FALSE,"ABELARDO DE LA ESPRIELLA",8560,"exact",FALSE,0.0771560818235451,"Did not vote Petro before"
"25488","Cundinamarca","Nilo","15","178","NILO",0.23309999704361,FALSE,"rodolfo_hernández",0.283869194833746,FALSE,"ABELARDO DE LA ESPRIELLA",3639,"exact",FALSE,0.0507691977901359,"Did not vote Petro before"
"25489","Cundinamarca","Nimaima","15","181","NIMAIMA",0.142499998211861,FALSE,"rodolfo_hernández",0.161946902654867,FALSE,"ABELARDO DE LA ESPRIELLA",2260,"exact",FALSE,0.0194469044430066,"Did not vote Petro before"
"25491","Cundinamarca","Nocaima","15","184","NOCAIMA",0.270000010728836,FALSE,"rodolfo_hernández",0.297866444998615,FALSE,"ABELARDO DE LA ESPRIELLA",3609,"exact",FALSE,0.0278664342697785,"Did not vote Petro before"
"25513","Cundinamarca","Pacho","15","190","PACHO",0.166600003838539,FALSE,"rodolfo_hernández",0.199107677964973,FALSE,"ABELARDO DE LA ESPRIELLA",15017,"exact",FALSE,0.0325076741264339,"Did not vote Petro before"
"25518","Cundinamarca","Paime","15","193","PAIME",0.159700006246567,FALSE,"rodolfo_hernández",0.201262825572218,FALSE,"ABELARDO DE LA ESPRIELLA",2534,"exact",FALSE,0.0415628193256511,"Did not vote Petro before"
"25524","Cundinamarca","Pandi","15","196","PANDI",0.299199998378754,FALSE,"rodolfo_hernández",0.345320959010054,FALSE,"ABELARDO DE LA ESPRIELLA",2586,"exact",FALSE,0.0461209606313005,"Did not vote Petro before"
"25535","Cundinamarca","Pasca","15","199","PASCA",0.435699999332428,FALSE,"rodolfo_hernández",0.467100371747212,TRUE,"IVÁN CEPEDA CASTRO",5380,"exact",FALSE,0.0314003724147839,"Did not vote Petro before"
"25572","Cundinamarca","Puerto Salgar","15","202","PUERTO SALGAR",0.26639997959137,FALSE,"rodolfo_hernández",0.371815077488836,FALSE,"ABELARDO DE LA ESPRIELLA",7614,"exact",FALSE,0.105415097897467,"Did not vote Petro before"
"25580","Cundinamarca","Puli","15","205","PULI",0.18520000576973,FALSE,"rodolfo_hernández",0.232204561161023,FALSE,"ABELARDO DE LA ESPRIELLA",1447,"exact",FALSE,0.0470045553912932,"Did not vote Petro before"
"25592","Cundinamarca","Quebradanegra","15","208","QUEBRADANEGRA",0.106499999761581,FALSE,"rodolfo_hernández",0.131316382362407,FALSE,"ABELARDO DE LA ESPRIELLA",3107,"exact",FALSE,0.0248163826008261,"Did not vote Petro before"
"25594","Cundinamarca","Quetame","15","211","QUETAME",0.274300009012222,FALSE,"rodolfo_hernández",0.302923387096774,FALSE,"ABELARDO DE LA ESPRIELLA",3968,"exact",FALSE,0.0286233780845519,"Did not vote Petro before"
"25596","Cundinamarca","Quipile","15","214","QUIPILE",0.149300009012222,FALSE,"rodolfo_hernández",0.153721244925575,FALSE,"ABELARDO DE LA ESPRIELLA",3695,"exact",FALSE,0.00442123591335281,"Did not vote Petro before"
"25599","Cundinamarca","Apulo","15","217","APULO",0.213300004601479,FALSE,"rodolfo_hernández",0.281788440567067,FALSE,"ABELARDO DE LA ESPRIELLA",4585,"exact",FALSE,0.068488435965588,"Did not vote Petro before"
"25612","Cundinamarca","Ricaurte","15","218","RICAURTE",0.2533999979496,FALSE,"rodolfo_hernández",0.319797565971804,FALSE,"ABELARDO DE LA ESPRIELLA",8299,"exact",FALSE,0.0663975680222036,"Did not vote Petro before"
"25645","Cundinamarca","San Antonio Del Tequendama","15","220","SAN ANTONIO DEL TEQUENDAMA",0.249899998307228,FALSE,"rodolfo_hernández",0.314638783269962,FALSE,"ABELARDO DE LA ESPRIELLA",6312,"exact",FALSE,0.0647387849627339,"Did not vote Petro before"
"25649","Cundinamarca","San Bernardo","15","223","SAN BERNARDO",0.254099994897842,FALSE,"rodolfo_hernández",0.298187444739169,FALSE,"ABELARDO DE LA ESPRIELLA",4524,"exact",FALSE,0.0440874498413265,"Did not vote Petro before"
"25653","Cundinamarca","San Cayetano","15","226","SAN CAYETANO",0.129700005054474,FALSE,"rodolfo_hernández",0.118607649333906,FALSE,"ABELARDO DE LA ESPRIELLA",2327,"exact",FALSE,-0.0110923557205676,"Did not vote Petro before"
"25662","Cundinamarca","San Juan De Rioseco","15","232","SAN JUAN DE RIOSECO",0.229100003838539,FALSE,"rodolfo_hernández",0.260202171471359,FALSE,"ABELARDO DE LA ESPRIELLA",5342,"exact",FALSE,0.0311021676328199,"Did not vote Petro before"
"25718","Cundinamarca","Sasaima","15","235","SASAIMA",0.189599990844727,FALSE,"rodolfo_hernández",0.226531942633638,FALSE,"ABELARDO DE LA ESPRIELLA",6136,"exact",FALSE,0.036931951788911,"Did not vote Petro before"
"25736","Cundinamarca","Sesquile","15","238","SESQUILE",0.306100010871887,FALSE,"rodolfo_hernández",0.391188063063063,FALSE,"ABELARDO DE LA ESPRIELLA",7104,"exact",FALSE,0.0850880521911759,"Did not vote Petro before"
"25740","Cundinamarca","Sibate","15","239","SIBATE",0.426699995994568,TRUE,"gustavo_petro",0.435547387765818,TRUE,"IVÁN CEPEDA CASTRO",19045,"exact",FALSE,0.00884739177124994,"No Switch (Still Petro)"
"25743","Cundinamarca","Silvania","15","241","SILVANIA",0.256900012493134,FALSE,"rodolfo_hernández",0.294113280380076,FALSE,"ABELARDO DE LA ESPRIELLA",13471,"exact",FALSE,0.0372132678869422,"Did not vote Petro before"
"25745","Cundinamarca","Simijaca","15","244","SIMIJACA",0.222800001502037,FALSE,"rodolfo_hernández",0.243651139167029,FALSE,"ABELARDO DE LA ESPRIELLA",6891,"exact",FALSE,0.0208511376649924,"Did not vote Petro before"
"25754","Cundinamarca","Soacha","15","247","SOACHA",0.552299976348877,TRUE,"gustavo_petro",0.538750708466512,TRUE,"IVÁN CEPEDA CASTRO",259363,"exact",FALSE,-0.0135492678823648,"No Switch (Still Petro)"
"25758","Cundinamarca","Sopo","15","250","SOPO",0.424700021743774,TRUE,"gustavo_petro",0.432312283052189,TRUE,"IVÁN CEPEDA CASTRO",16421,"exact",FALSE,0.00761226130841486,"No Switch (Still Petro)"
"25769","Cundinamarca","Subachoque","15","256","SUBACHOQUE",0.1875,FALSE,"rodolfo_hernández",0.217807804779671,FALSE,"ABELARDO DE LA ESPRIELLA",9917,"exact",FALSE,0.0303078047796713,"Did not vote Petro before"
"25772","Cundinamarca","Suesca","15","259","SUESCA",0.331300020217896,FALSE,"rodolfo_hernández",0.449772727272727,TRUE,"IVÁN CEPEDA CASTRO",8800,"exact",FALSE,0.118472707054832,"Did not vote Petro before"
"25777","Cundinamarca","Supata","15","262","SUPATA",0.134300008416176,FALSE,"rodolfo_hernández",0.173499508035421,FALSE,"ABELARDO DE LA ESPRIELLA",3049,"exact",FALSE,0.0391994996192456,"Did not vote Petro before"
"25779","Cundinamarca","Susa","15","265","SUSA",0.201499998569489,FALSE,"rodolfo_hernández",0.210651828298887,FALSE,"ABELARDO DE LA ESPRIELLA",3774,"exact",FALSE,0.0091518297293986,"Did not vote Petro before"
"25781","Cundinamarca","Sutatausa","15","268","SUTATAUSA",0.217199996113777,FALSE,"rodolfo_hernández",0.231535003211304,FALSE,"ABELARDO DE LA ESPRIELLA",3114,"exact",FALSE,0.0143350070975266,"Did not vote Petro before"
"25785","Cundinamarca","Tabio","15","271","TABIO",0.270999997854233,FALSE,"rodolfo_hernández",0.31164017392544,FALSE,"ABELARDO DE LA ESPRIELLA",14029,"exact",FALSE,0.0406401760712073,"Did not vote Petro before"
"25793","Cundinamarca","Tausa","15","274","TAUSA",0.131599992513657,FALSE,"rodolfo_hernández",0.160114210410718,FALSE,"ABELARDO DE LA ESPRIELLA",4553,"exact",FALSE,0.0285142178970616,"Did not vote Petro before"
"25797","Cundinamarca","Tena","15","277","TENA",0.254299998283386,FALSE,"rodolfo_hernández",0.299676744628256,FALSE,"ABELARDO DE LA ESPRIELLA",5259,"exact",FALSE,0.0453767463448701,"Did not vote Petro before"
"25799","Cundinamarca","Tenjo","15","280","TENJO",0.262800008058548,FALSE,"rodolfo_hernández",0.304339037865517,FALSE,"ABELARDO DE LA ESPRIELLA",14842,"exact",FALSE,0.0415390298069688,"Did not vote Petro before"
"25805","Cundinamarca","Tibacuy","15","283","TIBACUY",0.335200011730194,FALSE,"rodolfo_hernández",0.344932432432432,FALSE,"ABELARDO DE LA ESPRIELLA",2960,"exact",FALSE,0.00973242070223834,"Did not vote Petro before"
"25807","Cundinamarca","Tibirita","15","286","TIBIRITA",0.245600000023842,FALSE,"rodolfo_hernández",0.264947888096544,FALSE,"ABELARDO DE LA ESPRIELLA",1823,"exact",FALSE,0.0193478880727023,"Did not vote Petro before"
"25815","Cundinamarca","Tocaima","15","289","TOCAIMA",0.239999994635582,FALSE,"rodolfo_hernández",0.30056258790436,FALSE,"ABELARDO DE LA ESPRIELLA",7110,"exact",FALSE,0.0605625932687781,"Did not vote Petro before"
"25817","Cundinamarca","Tocancipa","15","292","TOCANCIPA",0.424100011587143,FALSE,"rodolfo_hernández",0.502484010114532,TRUE,"IVÁN CEPEDA CASTRO",33615,"exact",FALSE,0.0783839985273893,"Did not vote Petro before"
"25823","Cundinamarca","Topaipi","15","295","TOPAIPI",0.138999998569489,FALSE,"rodolfo_hernández",0.153271028037383,FALSE,"ABELARDO DE LA ESPRIELLA",2140,"exact",FALSE,0.0142710294678947,"Did not vote Petro before"
"25839","Cundinamarca","Ubala","15","298","UBALA",0.150200009346008,FALSE,"rodolfo_hernández",0.193663449433487,FALSE,"ABELARDO DE LA ESPRIELLA",4766,"exact",FALSE,0.0434634400874789,"Did not vote Petro before"
"25841","Cundinamarca","Ubaque","15","301","UBAQUE",0.206399992108345,FALSE,"rodolfo_hernández",0.224982256919801,FALSE,"ABELARDO DE LA ESPRIELLA",4227,"exact",FALSE,0.0185822648114563,"Did not vote Petro before"
"25845","Cundinamarca","Une","15","307","UNE",0.233999997377396,FALSE,"rodolfo_hernández",0.218405988551299,FALSE,"ABELARDO DE LA ESPRIELLA",4542,"exact",FALSE,-0.0155940088260967,"Did not vote Petro before"
"25851","Cundinamarca","Utica","15","316","UTICA",0.109499998390675,FALSE,"rodolfo_hernández",0.113679544015199,FALSE,"ABELARDO DE LA ESPRIELLA",3158,"exact",FALSE,0.0041795456245249,"Did not vote Petro before"
"25862","Cundinamarca","Vergara","15","319","VERGARA",0.154100000858307,FALSE,"rodolfo_hernández",0.163836402774456,FALSE,"ABELARDO DE LA ESPRIELLA",4181,"exact",FALSE,0.009736401916149,"Did not vote Petro before"
"25867","Cundinamarca","Viani","15","322","VIANI",0.202999994158745,FALSE,"rodolfo_hernández",0.246314275440489,FALSE,"ABELARDO DE LA ESPRIELLA",2781,"exact",FALSE,0.0433142812817442,"Did not vote Petro before"
"25871","Cundinamarca","Villagomez","15","323","VILLAGOMEZ",0.165400013327599,FALSE,"rodolfo_hernández",0.239808153477218,FALSE,"ABELARDO DE LA ESPRIELLA",1251,"exact",FALSE,0.0744081401496197,"Did not vote Petro before"
"25873","Cundinamarca","Villapinzon","15","325","VILLAPINZON",0.134200006723404,FALSE,"rodolfo_hernández",0.143262801135843,FALSE,"ABELARDO DE LA ESPRIELLA",10917,"exact",FALSE,0.00906279441243926,"Did not vote Petro before"
"25875","Cundinamarca","Villeta","15","328","VILLETA",0.180400013923645,FALSE,"rodolfo_hernández",0.220290904701551,FALSE,"ABELARDO DE LA ESPRIELLA",16569,"exact",FALSE,0.0398908907779061,"Did not vote Petro before"
"25878","Cundinamarca","Viota","15","331","VIOTA",0.292099982500076,FALSE,"rodolfo_hernández",0.353055017970694,FALSE,"ABELARDO DE LA ESPRIELLA",7234,"exact",FALSE,0.0609550354706176,"Did not vote Petro before"
"25885","Cundinamarca","Yacopi","15","334","YACOPI",0.0977999940514565,FALSE,"rodolfo_hernández",0.144448713023435,FALSE,"ABELARDO DE LA ESPRIELLA",5206,"exact",FALSE,0.0466487189719781,"Did not vote Petro before"
"25898","Cundinamarca","Zipacon","15","337","ZIPACON",0.2483000010252,FALSE,"rodolfo_hernández",0.30114401076716,FALSE,"ABELARDO DE LA ESPRIELLA",2972,"exact",FALSE,0.0528440097419603,"Did not vote Petro before"
"25899","Cundinamarca","Zipaquira","15","340","ZIPAQUIRA",0.466199994087219,TRUE,"gustavo_petro",0.458064743386523,TRUE,"IVÁN CEPEDA CASTRO",85167,"exact",FALSE,-0.00813525070069626,"No Switch (Still Petro)"
"27001","Choco","Quibdo","17","001","QUIBDO",0.724700033664703,TRUE,"gustavo_petro",0.727145375938942,TRUE,"IVÁN CEPEDA CASTRO",41403,"exact",FALSE,0.0024453422742382,"No Switch (Still Petro)"
"27006","Choco","Acandi","17","004","ACANDI",0.534600019454956,TRUE,"gustavo_petro",0.462746965008331,TRUE,"IVÁN CEPEDA CASTRO",4201,"exact",FALSE,-0.0718530544466247,"No Switch (Still Petro)"
"27073","Choco","Bagado","17","007","BAGADO",0.724200010299683,TRUE,"gustavo_petro",0.8408617095205,TRUE,"IVÁN CEPEDA CASTRO",2878,"exact",FALSE,0.116661699220818,"No Switch (Still Petro)"
"27150","Choco","Carmen Del Darien","17","015","CARMEN DEL DARIEN",0.824100017547607,TRUE,"gustavo_petro",0.817619047619048,TRUE,"IVÁN CEPEDA CASTRO",4200,"exact",FALSE,-0.00648096992855984,"No Switch (Still Petro)"
"27160","Choco","Certegui","17","014","CERTEGUI",0.682200014591217,TRUE,"gustavo_petro",0.720037896731407,TRUE,"IVÁN CEPEDA CASTRO",2111,"exact",FALSE,0.0378378821401899,"No Switch (Still Petro)"
"27205","Choco","Condoto","17","013","CONDOTO",0.738099992275238,TRUE,"gustavo_petro",0.758311718934214,TRUE,"IVÁN CEPEDA CASTRO",4241,"exact",FALSE,0.0202117266589756,"No Switch (Still Petro)"
"27250","Choco","El Litoral Del San Juan","17","038","EL LITORAL DEL SAN JUAN",0.927100002765656,TRUE,"gustavo_petro",0.959366391184573,TRUE,"IVÁN CEPEDA CASTRO",4356,"exact",FALSE,0.0322663884189175,"No Switch (Still Petro)"
"27361","Choco","Istmina","17","019","ISTMINA",0.730400025844574,TRUE,"gustavo_petro",0.732000935016363,TRUE,"IVÁN CEPEDA CASTRO",8556,"exact",FALSE,0.00160090917178879,"No Switch (Still Petro)"
"27372","Choco","Jurado","17","022","JURADO",0.798000037670135,TRUE,"gustavo_petro",0.84355616815989,TRUE,"IVÁN CEPEDA CASTRO",1451,"exact",FALSE,0.0455561304897543,"No Switch (Still Petro)"
"27413","Choco","Lloro","17","025","LLORO",0.639999985694885,TRUE,"gustavo_petro",0.679256417822366,TRUE,"IVÁN CEPEDA CASTRO",3389,"exact",FALSE,0.0392564321274812,"No Switch (Still Petro)"
"27450","Choco","Medio San Juan","17","027","MEDIO SAN JUAN",0.81879997253418,TRUE,"gustavo_petro",0.830694275274056,TRUE,"IVÁN CEPEDA CASTRO",3284,"exact",FALSE,0.0118943027398764,"No Switch (Still Petro)"
"27491","Choco","Novita","17","028","NOVITA",0.649599969387054,TRUE,"gustavo_petro",0.676538639518741,TRUE,"IVÁN CEPEDA CASTRO",2161,"exact",FALSE,0.0269386701316868,"No Switch (Still Petro)"
"27495","Choco","Nuqui","17","031","NUQUI",0.847200036048889,TRUE,"gustavo_petro",0.850845210473981,TRUE,"IVÁN CEPEDA CASTRO",3017,"exact",FALSE,0.0036451744250916,"No Switch (Still Petro)"
"27580","Choco","Rio Iro","17","032","RIO IRO",0.62229996919632,TRUE,"gustavo_petro",0.665843113032736,TRUE,"IVÁN CEPEDA CASTRO",1619,"exact",FALSE,0.0435431438364167,"No Switch (Still Petro)"
"27660","Choco","San Jose Del Palmar","17","037","SAN JOSE DEL PALMAR",0.499500006437302,TRUE,"gustavo_petro",0.572631578947368,TRUE,"IVÁN CEPEDA CASTRO",1425,"exact",FALSE,0.0731315725100667,"No Switch (Still Petro)"
"27745","Choco","Sipi","17","040","SIPI",0.823499977588654,TRUE,"gustavo_petro",0.855178735105408,TRUE,"IVÁN CEPEDA CASTRO",1091,"exact",FALSE,0.0316787575167543,"No Switch (Still Petro)"
"27787","Choco","Tado","17","043","TADO",0.623399972915649,TRUE,"gustavo_petro",0.69116568914956,TRUE,"IVÁN CEPEDA CASTRO",5456,"exact",FALSE,0.0677657162339107,"No Switch (Still Petro)"
"27800","Choco","Unguia","17","048","UNGUIA",0.62689995765686,TRUE,"gustavo_petro",0.616466376885707,TRUE,"IVÁN CEPEDA CASTRO",3911,"exact",FALSE,-0.0104335807711534,"No Switch (Still Petro)"
"41001","Huila","Neiva","19","001","NEIVA",0.399100005626678,TRUE,"gustavo_petro",0.384899563789111,FALSE,"ABELARDO DE LA ESPRIELLA",185690,"exact",TRUE,-0.0142004418375676,"Switched (Voted Petro before, not anymore)"
"41006","Huila","Acevedo","19","004","ACEVEDO",0.148699998855591,FALSE,"rodolfo_hernández",0.163915368518949,FALSE,"ABELARDO DE LA ESPRIELLA",12903,"exact",FALSE,0.0152153696633583,"Did not vote Petro before"
"41013","Huila","Agrado","19","007","AGRADO",0.218299999833107,FALSE,"rodolfo_hernández",0.226647206005004,FALSE,"ABELARDO DE LA ESPRIELLA",4796,"exact",FALSE,0.00834720617189719,"Did not vote Petro before"
"41016","Huila","Aipe","19","010","AIPE",0.259299993515015,FALSE,"rodolfo_hernández",0.329739055423765,FALSE,"ABELARDO DE LA ESPRIELLA",9274,"exact",FALSE,0.0704390619087507,"Did not vote Petro before"
"41020","Huila","Algeciras","19","013","ALGECIRAS",0.328300029039383,FALSE,"rodolfo_hernández",0.280945469624715,FALSE,"ABELARDO DE LA ESPRIELLA",9646,"exact",FALSE,-0.047354559414668,"Did not vote Petro before"
"41026","Huila","Altamira","19","016","ALTAMIRA",0.405299991369247,TRUE,"gustavo_petro",0.382178217821782,FALSE,"ABELARDO DE LA ESPRIELLA",2020,"exact",TRUE,-0.0231217735474653,"Switched (Voted Petro before, not anymore)"
"41078","Huila","Baraya","19","019","BARAYA",0.298500001430511,FALSE,"rodolfo_hernández",0.241203007518797,FALSE,"ABELARDO DE LA ESPRIELLA",3325,"exact",FALSE,-0.0572969939117145,"Did not vote Petro before"
"41132","Huila","Campoalegre","19","022","CAMPOALEGRE",0.335400015115738,FALSE,"rodolfo_hernández",0.363793989211405,FALSE,"ABELARDO DE LA ESPRIELLA",15572,"exact",FALSE,0.0283939740956672,"Did not vote Petro before"
"41206","Huila","Colombia","19","028","COLOMBIA",0.160400003194809,FALSE,"rodolfo_hernández",0.170380818053597,FALSE,"ABELARDO DE LA ESPRIELLA",3545,"exact",FALSE,0.00998081485878766,"Did not vote Petro before"
"41244","Huila","Elias","19","031","ELIAS",0.220200002193451,FALSE,"rodolfo_hernández",0.21991341991342,FALSE,"ABELARDO DE LA ESPRIELLA",2310,"exact",FALSE,-0.000286582280031006,"Did not vote Petro before"
"41298","Huila","Garzon","19","034","GARZON",0.270000010728836,FALSE,"rodolfo_hernández",0.27058855306161,FALSE,"ABELARDO DE LA ESPRIELLA",37023,"exact",FALSE,0.000588542332774278,"Did not vote Petro before"
"41306","Huila","Gigante","19","037","GIGANTE",0.263599991798401,FALSE,"rodolfo_hernández",0.271524831544797,FALSE,"ABELARDO DE LA ESPRIELLA",12021,"exact",FALSE,0.00792483974639574,"Did not vote Petro before"
"41349","Huila","Hobo","19","043","HOBO",0.302799999713898,FALSE,"rodolfo_hernández",0.322788353863382,FALSE,"ABELARDO DE LA ESPRIELLA",3572,"exact",FALSE,0.0199883541494841,"Did not vote Petro before"
"41357","Huila","Iquira","19","046","IQUIRA",0.380299985408783,TRUE,"gustavo_petro",0.408305227655987,FALSE,"ABELARDO DE LA ESPRIELLA",4744,"exact",TRUE,0.0280052422472036,"Switched (Voted Petro before, not anymore)"
"41359","Huila","Isnos","19","044","ISNOS",0.366200000047684,FALSE,"rodolfo_hernández",0.378024268592273,FALSE,"ABELARDO DE LA ESPRIELLA",13433,"exact",FALSE,0.0118242685445891,"Did not vote Petro before"
"41396","Huila","La Plata","19","049","LA PLATA",0.307700008153915,FALSE,"rodolfo_hernández",0.291176908198185,FALSE,"ABELARDO DE LA ESPRIELLA",26884,"exact",FALSE,-0.0165230999557306,"Did not vote Petro before"
"41483","Huila","Nataga","19","050","NATAGA",0.294099986553192,FALSE,"rodolfo_hernández",0.312369701181376,FALSE,"ABELARDO DE LA ESPRIELLA",2878,"exact",FALSE,0.0182697146281838,"Did not vote Petro before"
"41503","Huila","Oporapa","19","051","OPORAPA",0.133199989795685,FALSE,"rodolfo_hernández",0.146802325581395,FALSE,"ABELARDO DE LA ESPRIELLA",5504,"exact",FALSE,0.0136023357857105,"Did not vote Petro before"
"41518","Huila","Paicol","19","052","PAICOL",0.177900016307831,FALSE,"rodolfo_hernández",0.161785612738129,FALSE,"ABELARDO DE LA ESPRIELLA",3517,"exact",FALSE,-0.0161144035697017,"Did not vote Petro before"
"41524","Huila","Palermo","19","055","PALERMO",0.286799997091293,FALSE,"rodolfo_hernández",0.30797602581835,FALSE,"ABELARDO DE LA ESPRIELLA",13014,"exact",FALSE,0.0211760287270562,"Did not vote Petro before"
"41548","Huila","Pital","19","058","PITAL",0.222599998116493,FALSE,"rodolfo_hernández",0.222437137330754,FALSE,"ABELARDO DE LA ESPRIELLA",6204,"exact",FALSE,-0.000162860785738878,"Did not vote Petro before"
"41551","Huila","Pitalito","19","061","PITALITO",0.337599992752075,FALSE,"rodolfo_hernández",0.334815154292698,FALSE,"ABELARDO DE LA ESPRIELLA",65460,"exact",FALSE,-0.00278483845937738,"Did not vote Petro before"
"41615","Huila","Rivera","19","064","RIVERA",0.359099984169006,FALSE,"rodolfo_hernández",0.373878523223501,FALSE,"ABELARDO DE LA ESPRIELLA",12595,"exact",FALSE,0.0147785390544951,"Did not vote Petro before"
"41660","Huila","Saladoblanco","19","067","SALADOBLANCO",0.153500005602837,FALSE,"rodolfo_hernández",0.16183879093199,FALSE,"ABELARDO DE LA ESPRIELLA",6352,"exact",FALSE,0.0083387853291533,"Did not vote Petro before"
"41668","Huila","San Agustin","19","070","SAN AGUSTIN",0.331800013780594,FALSE,"rodolfo_hernández",0.330420466058764,FALSE,"ABELARDO DE LA ESPRIELLA",15792,"exact",FALSE,-0.00137954772182997,"Did not vote Petro before"
"41770","Huila","Suaza","19","076","SUAZA",0.268400013446808,FALSE,"rodolfo_hernández",0.218021355415123,FALSE,"ABELARDO DE LA ESPRIELLA",9178,"exact",FALSE,-0.0503786580316847,"Did not vote Petro before"
"41791","Huila","Tarqui","19","079","TARQUI",0.2466000020504,FALSE,"rodolfo_hernández",0.220701342719333,FALSE,"ABELARDO DE LA ESPRIELLA",7671,"exact",FALSE,-0.0258986593310672,"Did not vote Petro before"
"41799","Huila","Tello","19","082","TELLO",0.232999995350838,FALSE,"rodolfo_hernández",0.245879120879121,FALSE,"ABELARDO DE LA ESPRIELLA",5824,"exact",FALSE,0.0128791255282832,"Did not vote Petro before"
"41801","Huila","Teruel","19","085","TERUEL",0.168099999427795,FALSE,"rodolfo_hernández",0.167701863354037,FALSE,"ABELARDO DE LA ESPRIELLA",3864,"exact",FALSE,-0.000398136073758132,"Did not vote Petro before"
"41807","Huila","Timana","19","088","TIMANA",0.192099988460541,FALSE,"rodolfo_hernández",0.197091923115228,FALSE,"ABELARDO DE LA ESPRIELLA",10041,"exact",FALSE,0.00499193465468681,"Did not vote Petro before"
"41872","Huila","Villavieja","19","091","VILLAVIEJA",0.456100016832352,TRUE,"gustavo_petro",0.403310759969902,FALSE,"ABELARDO DE LA ESPRIELLA",3987,"exact",TRUE,-0.0527892568624495,"Switched (Voted Petro before, not anymore)"
"41885","Huila","Yaguara","19","094","YAGUARA",0.315300017595291,FALSE,"rodolfo_hernández",0.295445134575569,FALSE,"ABELARDO DE LA ESPRIELLA",4830,"exact",FALSE,-0.0198548830197218,"Did not vote Petro before"
"44001","La Guajira","Riohacha","48","001","RIOHACHA",0.542100012302399,TRUE,"gustavo_petro",0.529146587906109,TRUE,"IVÁN CEPEDA CASTRO",70763,"exact",FALSE,-0.0129534243962895,"No Switch (Still Petro)"
"44078","La Guajira","Barrancas","48","004","BARRANCAS",0.668799996376038,TRUE,"gustavo_petro",0.668244897959184,TRUE,"IVÁN CEPEDA CASTRO",12250,"exact",FALSE,-0.000555098416853972,"No Switch (Still Petro)"
"44090","La Guajira","Dibulla","48","005","DIBULLA",0.588800013065338,TRUE,"gustavo_petro",0.622904713691079,TRUE,"IVÁN CEPEDA CASTRO",8889,"exact",FALSE,0.0341047006257408,"No Switch (Still Petro)"
"44098","La Guajira","Distraccion","48","008","DISTRACCION",0.530800044536591,TRUE,"gustavo_petro",0.554463390170511,TRUE,"IVÁN CEPEDA CASTRO",4985,"exact",FALSE,0.0236633456339209,"No Switch (Still Petro)"
"44110","La Guajira","El Molino","48","006","EL MOLINO",0.493400007486343,TRUE,"gustavo_petro",0.49392523364486,TRUE,"IVÁN CEPEDA CASTRO",4280,"exact",FALSE,0.000525226158516412,"No Switch (Still Petro)"
"44279","La Guajira","Fonseca","48","007","FONSECA",0.645699977874756,TRUE,"gustavo_petro",0.63871478524774,TRUE,"IVÁN CEPEDA CASTRO",15157,"exact",FALSE,-0.00698519262701558,"No Switch (Still Petro)"
"44378","La Guajira","Hatonuevo","48","009","HATONUEVO",0.714100062847137,TRUE,"gustavo_petro",0.692117210070161,TRUE,"IVÁN CEPEDA CASTRO",7269,"exact",FALSE,-0.0219828527769765,"No Switch (Still Petro)"
"44420","La Guajira","La Jagua Del Pilar","48","012","LA JAGUA DEL PILAR",0.598900020122528,TRUE,"gustavo_petro",0.554911059551431,TRUE,"IVÁN CEPEDA CASTRO",2586,"exact",FALSE,-0.0439889605710972,"No Switch (Still Petro)"
"44430","La Guajira","Maicao","48","010","MAICAO",0.505900025367737,TRUE,"gustavo_petro",0.508886772990558,TRUE,"IVÁN CEPEDA CASTRO",50412,"exact",FALSE,0.00298674762282103,"No Switch (Still Petro)"
"44560","La Guajira","Manaure","48","011","MANAURE",0.518299996852875,TRUE,"gustavo_petro",0.594174901552864,TRUE,"IVÁN CEPEDA CASTRO",13459,"exact",FALSE,0.0758749046999895,"No Switch (Still Petro)"
"44650","La Guajira","San Juan Del Cesar","48","013","SAN JUAN DEL CESAR",0.388300031423569,TRUE,"gustavo_petro",0.389279484061955,FALSE,"ABELARDO DE LA ESPRIELLA",18917,"exact",TRUE,0.000979452638386114,"Switched (Voted Petro before, not anymore)"
"44847","La Guajira","Uribia","48","016","URIBIA",0.50189995765686,TRUE,"gustavo_petro",0.547390049838244,TRUE,"IVÁN CEPEDA CASTRO",22874,"exact",FALSE,0.0454900921813839,"No Switch (Still Petro)"
"44855","La Guajira","Urumita","48","018","URUMITA",0.60970002412796,TRUE,"gustavo_petro",0.569499155880698,TRUE,"IVÁN CEPEDA CASTRO",5331,"exact",FALSE,-0.0402008682472624,"No Switch (Still Petro)"
"47001","Magdalena","Santa Marta","21","001","SANTA MARTA",0.514100015163422,TRUE,"gustavo_petro",0.51922633805543,TRUE,"IVÁN CEPEDA CASTRO",216994,"exact",FALSE,0.00512632289200843,"No Switch (Still Petro)"
"47030","Magdalena","Algarrobo","21","008","ALGARROBO",0.705699980258942,TRUE,"gustavo_petro",0.72611593617451,TRUE,"IVÁN CEPEDA CASTRO",4951,"exact",FALSE,0.0204159559155686,"No Switch (Still Petro)"
"47053","Magdalena","Aracataca","21","010","ARACATACA",0.584299981594086,TRUE,"gustavo_petro",0.612334801762115,TRUE,"IVÁN CEPEDA CASTRO",12485,"exact",FALSE,0.0280348201680288,"No Switch (Still Petro)"
"47161","Magdalena","Cerro De San Antonio","21","013","CERRO DE SAN ANTONIO",0.349500000476837,FALSE,"federico_gutiérrez",0.398541919805589,FALSE,"ABELARDO DE LA ESPRIELLA",3292,"exact",FALSE,0.0490419193287521,"Did not vote Petro before"
"47170","Magdalena","Chivolo","21","015","CHIVOLO",0.47979998588562,TRUE,"gustavo_petro",0.413614075569657,FALSE,"ABELARDO DE LA ESPRIELLA",6934,"exact",TRUE,-0.0661859103159634,"Switched (Voted Petro before, not anymore)"
"47189","Magdalena","Cienaga","21","016","CIENAGA",0.546999990940094,TRUE,"gustavo_petro",0.592582448933014,TRUE,"IVÁN CEPEDA CASTRO",43815,"exact",FALSE,0.0455824579929198,"No Switch (Still Petro)"
"47245","Magdalena","El Banco","21","025","EL BANCO",0.340099990367889,FALSE,"federico_gutiérrez",0.403692879914984,FALSE,"ABELARDO DE LA ESPRIELLA",22584,"exact",FALSE,0.0635928895470946,"Did not vote Petro before"
"47258","Magdalena","El Pinon","21","028","EL PIÑON",0.399000018835068,FALSE,"federico_gutiérrez",0.490507952796306,TRUE,"IVÁN CEPEDA CASTRO",5847,"exact",FALSE,0.0915079339612381,"Did not vote Petro before"
"47268","Magdalena","El Reten","21","030","EL RETEN",0.659199953079224,TRUE,"gustavo_petro",0.752810608244451,TRUE,"IVÁN CEPEDA CASTRO",6938,"exact",FALSE,0.0936106551652273,"No Switch (Still Petro)"
"47288","Magdalena","Fundacion","21","031","FUNDACION",0.455900013446808,TRUE,"gustavo_petro",0.465547917509098,TRUE,"IVÁN CEPEDA CASTRO",24730,"exact",FALSE,0.00964790406229038,"No Switch (Still Petro)"
"47318","Magdalena","Guamal","21","040","GUAMAL",0.339800000190735,FALSE,"federico_gutiérrez",0.361780003852822,FALSE,"ABELARDO DE LA ESPRIELLA",10382,"exact",FALSE,0.0219800036620874,"Did not vote Petro before"
"47460","Magdalena","Nueva Granada","21","042","NUEVA GRANADA",0.364600002765656,FALSE,"federico_gutiérrez",0.397734669964848,FALSE,"ABELARDO DE LA ESPRIELLA",7681,"exact",FALSE,0.0331346671991928,"Did not vote Petro before"
"47541","Magdalena","Pedraza","21","046","PEDRAZA",0.399000018835068,FALSE,"federico_gutiérrez",0.371428571428571,FALSE,"ABELARDO DE LA ESPRIELLA",3850,"exact",FALSE,-0.0275714474064963,"Did not vote Petro before"
"47545","Magdalena","Pijino Del Carmen","21","048","PIJIÑO DEL CARMEN",0.350699990987778,FALSE,"federico_gutiérrez",0.388641661368934,FALSE,"ABELARDO DE LA ESPRIELLA",4719,"exact",FALSE,0.0379416703811564,"Did not vote Petro before"
"47551","Magdalena","Pivijay","21","049","PIVIJAY",0.591699957847595,TRUE,"gustavo_petro",0.56068710916899,TRUE,"IVÁN CEPEDA CASTRO",13273,"exact",FALSE,-0.0310128486786055,"No Switch (Still Petro)"
"47555","Magdalena","Plato","21","052","PLATO",0.534000039100647,TRUE,"gustavo_petro",0.544323720552396,TRUE,"IVÁN CEPEDA CASTRO",19696,"exact",FALSE,0.0103236814517494,"No Switch (Still Petro)"
"47570","Magdalena","Puebloviejo","21","055","PUEBLOVIEJO",0.478799998760223,TRUE,"gustavo_petro",0.602340607094965,TRUE,"IVÁN CEPEDA CASTRO",8203,"exact",FALSE,0.123540608334742,"No Switch (Still Petro)"
"47605","Magdalena","Remolino","21","058","REMOLINO",0.578499972820282,TRUE,"gustavo_petro",0.654666297424536,TRUE,"IVÁN CEPEDA CASTRO",3611,"exact",FALSE,0.0761663246042542,"No Switch (Still Petro)"
"47660","Magdalena","Sabanas De San Angel","21","060","SABANAS DE SAN ANGEL",0.300700008869171,FALSE,"federico_gutiérrez",0.390817064352856,FALSE,"ABELARDO DE LA ESPRIELLA",5532,"exact",FALSE,0.090117055483685,"Did not vote Petro before"
"47692","Magdalena","San Sebastian De Buenavista","21","070","SAN SEBASTIAN DE BUENAVISTA",0.403499990701675,FALSE,"federico_gutiérrez",0.39638420858443,FALSE,"ABELARDO DE LA ESPRIELLA",8131,"exact",FALSE,-0.00711578211724545,"Did not vote Petro before"
"47703","Magdalena","San Zenon","21","073","SAN ZENON",0.365200012922287,FALSE,"federico_gutiérrez",0.415740329035127,FALSE,"ABELARDO DE LA ESPRIELLA",4498,"exact",FALSE,0.0505403161128397,"Did not vote Petro before"
"47707","Magdalena","Santa Ana","21","076","SANTA ANA",0.264200001955032,FALSE,"federico_gutiérrez",0.282641205567698,FALSE,"ABELARDO DE LA ESPRIELLA",8693,"exact",FALSE,0.0184412036126658,"Did not vote Petro before"
"47720","Magdalena","Santa Barbara De Pinto","21","078","SANTA BARBARA DE PINTO",0.542100012302399,TRUE,"gustavo_petro",0.573155687145324,TRUE,"IVÁN CEPEDA CASTRO",4053,"exact",FALSE,0.0310556748429258,"No Switch (Still Petro)"
"47745","Magdalena","Sitionuevo","21","079","SITIONUEVO",0.549499988555908,TRUE,"gustavo_petro",0.58749336165693,TRUE,"IVÁN CEPEDA CASTRO",7532,"exact",FALSE,0.0379933731010222,"No Switch (Still Petro)"
"47798","Magdalena","Tenerife","21","085","TENERIFE",0.466199994087219,TRUE,"gustavo_petro",0.545056693853193,TRUE,"IVÁN CEPEDA CASTRO",5027,"exact",FALSE,0.0788566997659735,"No Switch (Still Petro)"
"47960","Magdalena","Zapayan","21","090","ZAPAYAN",0.300300002098083,FALSE,"federico_gutiérrez",0.304645849200305,FALSE,"ABELARDO DE LA ESPRIELLA",3939,"exact",FALSE,0.00434584710222113,"Did not vote Petro before"
"50001","Meta","Villavicencio","52","001","VILLAVICENCIO",0.287299990653992,FALSE,"rodolfo_hernández",0.301034136469217,FALSE,"ABELARDO DE LA ESPRIELLA",260894,"exact",FALSE,0.0137341458152257,"Did not vote Petro before"
"50006","Meta","Acacias","52","005","ACACIAS",0.251700013875961,FALSE,"rodolfo_hernández",0.294748998030025,FALSE,"ABELARDO DE LA ESPRIELLA",58884,"exact",FALSE,0.0430489841540638,"Did not vote Petro before"
"50110","Meta","Barranca De Upia","52","006","BARRANCA DE UPIA",0.235200002789497,FALSE,"rodolfo_hernández",0.331002957784351,FALSE,"ABELARDO DE LA ESPRIELLA",3719,"exact",FALSE,0.0958029549948533,"Did not vote Petro before"
"50124","Meta","Cabuyaro","52","008","CABUYARO",0.164200007915497,FALSE,"rodolfo_hernández",0.250293772032902,FALSE,"ABELARDO DE LA ESPRIELLA",4255,"exact",FALSE,0.0860937641174057,"Did not vote Petro before"
"50150","Meta","Castilla La Nueva","52","010","CASTILLA LA NUEVA",0.242800012230873,FALSE,"rodolfo_hernández",0.307162534435262,FALSE,"ABELARDO DE LA ESPRIELLA",10164,"exact",FALSE,0.0643625222043886,"Did not vote Petro before"
"50223","Meta","Cubarral","52","015","CUBARRAL",0.17459999024868,FALSE,"rodolfo_hernández",0.188151538265955,FALSE,"ABELARDO DE LA ESPRIELLA",3933,"exact",FALSE,0.0135515480172746,"Did not vote Petro before"
"50226","Meta","Cumaral","52","020","CUMARAL",0.223600000143051,FALSE,"rodolfo_hernández",0.287272184045414,FALSE,"ABELARDO DE LA ESPRIELLA",13388,"exact",FALSE,0.0636721839023627,"Did not vote Petro before"
"50245","Meta","El Calvario","52","025","EL CALVARIO",0.128299996256828,FALSE,"rodolfo_hernández",0.112403100775194,FALSE,"ABELARDO DE LA ESPRIELLA",774,"exact",FALSE,-0.0158968954816345,"Did not vote Petro before"
"50251","Meta","El Castillo","52","027","EL CASTILLO",0.429399996995926,FALSE,"rodolfo_hernández",0.440888119953864,TRUE,"IVÁN CEPEDA CASTRO",3468,"exact",FALSE,0.011488122957938,"Did not vote Petro before"
"50270","Meta","El Dorado","52","028","EL DORADO",0.183200001716614,FALSE,"rodolfo_hernández",0.210708782742681,FALSE,"ABELARDO DE LA ESPRIELLA",2596,"exact",FALSE,0.0275087810260673,"Did not vote Petro before"
"50287","Meta","Fuente De Oro","52","030","FUENTE DE ORO",0.247800007462502,FALSE,"rodolfo_hernández",0.312786551197147,FALSE,"ABELARDO DE LA ESPRIELLA",5889,"exact",FALSE,0.0649865437346457,"Did not vote Petro before"
"50325","Meta","Mapiripan","52","046","MAPIRIPAN",0.291599988937378,FALSE,"rodolfo_hernández",0.440684133915575,FALSE,"ABELARDO DE LA ESPRIELLA",2748,"exact",FALSE,0.149084144978197,"Did not vote Petro before"
"50330","Meta","Mesetas","52","044","MESETAS",0.433699995279312,FALSE,"rodolfo_hernández",0.492310577644411,TRUE,"IVÁN CEPEDA CASTRO",5332,"exact",FALSE,0.058610582365099,"Did not vote Petro before"
"50350","Meta","La Macarena","52","041","LA MACARENA",0.437700003385544,FALSE,"rodolfo_hernández",0.55,TRUE,"IVÁN CEPEDA CASTRO",7360,"exact",FALSE,0.112299996614456,"Did not vote Petro before"
"50370","Meta","Uribe","52","074","URIBE",0.827899992465973,TRUE,"gustavo_petro",0.849603174603175,TRUE,"IVÁN CEPEDA CASTRO",5040,"exact",FALSE,0.0217031821372017,"No Switch (Still Petro)"
"50400","Meta","Lejanias","52","042","LEJANIAS",0.226599991321564,FALSE,"rodolfo_hernández",0.260131223465843,FALSE,"ABELARDO DE LA ESPRIELLA",5182,"exact",FALSE,0.0335312321442796,"Did not vote Petro before"
"50450","Meta","Puerto Concordia","52","047","PUERTO CONCORDIA",0.357200026512146,FALSE,"rodolfo_hernández",0.372398685651698,FALSE,"ABELARDO DE LA ESPRIELLA",3652,"exact",FALSE,0.0151986591395517,"Did not vote Petro before"
"50568","Meta","Puerto Gaitan","52","043","PUERTO GAITAN",0.33840000629425,FALSE,"rodolfo_hernández",0.418965613331104,TRUE,"IVÁN CEPEDA CASTRO",35886,"exact",FALSE,0.0805656070368536,"Did not vote Petro before"
"50573","Meta","Puerto Lopez","52","045","PUERTO LOPEZ",0.205499991774559,FALSE,"rodolfo_hernández",0.30297213622291,FALSE,"ABELARDO DE LA ESPRIELLA",16150,"exact",FALSE,0.0974721444483512,"Did not vote Petro before"
"50577","Meta","Puerto Lleras","52","048","PUERTO LLERAS",0.206699997186661,FALSE,"rodolfo_hernández",0.278955532574974,FALSE,"ABELARDO DE LA ESPRIELLA",3868,"exact",FALSE,0.0722555353883134,"Did not vote Petro before"
"50680","Meta","San Carlos De Guaroa","52","055","SAN CARLOS DE GUAROA",0.191299989819527,FALSE,"rodolfo_hernández",0.319779685728171,FALSE,"ABELARDO DE LA ESPRIELLA",6173,"exact",FALSE,0.128479695908644,"Did not vote Petro before"
"50683","Meta","San Juan De Arama","52","058","SAN JUAN DE ARAMA",0.295400023460388,FALSE,"rodolfo_hernández",0.380110497237569,FALSE,"ABELARDO DE LA ESPRIELLA",3620,"exact",FALSE,0.0847104737771809,"Did not vote Petro before"
"50686","Meta","San Juanito","52","059","SAN JUANITO",0.105399996042252,FALSE,"rodolfo_hernández",0.151967435549525,FALSE,"ABELARDO DE LA ESPRIELLA",737,"exact",FALSE,0.0465674395072735,"Did not vote Petro before"
"50711","Meta","Vistahermosa","52","080","VISTA HERMOSA",0.34400001168251,FALSE,"rodolfo_hernández",0.371526405900171,FALSE,"ABELARDO DE LA ESPRIELLA",7593,"exact",FALSE,0.0275263942176608,"Did not vote Petro before"
"52001","Narino","Pasto","23","001","PASTO",0.706499993801117,TRUE,"gustavo_petro",0.652460302806499,TRUE,"IVÁN CEPEDA CASTRO",216640,"exact",FALSE,-0.0540396909946177,"No Switch (Still Petro)"
"52022","Narino","Aldana","23","007","ALDANA",0.673200011253357,TRUE,"gustavo_petro",0.646219686162625,TRUE,"IVÁN CEPEDA CASTRO",4206,"exact",FALSE,-0.0269803250907321,"No Switch (Still Petro)"
"52036","Narino","Ancuya","23","010","ANCUYA",0.78190004825592,TRUE,"gustavo_petro",0.779491133384734,TRUE,"IVÁN CEPEDA CASTRO",3891,"exact",FALSE,-0.00240891487118644,"No Switch (Still Petro)"
"52079","Narino","Barbacoas","23","016","BARBACOAS",0.693099975585938,TRUE,"gustavo_petro",0.766343677174046,TRUE,"IVÁN CEPEDA CASTRO",8153,"exact",FALSE,0.0732437015881089,"No Switch (Still Petro)"
"52110","Narino","Buesaco","23","019","BUESACO",0.476799994707108,TRUE,"gustavo_petro",0.471345245810573,TRUE,"IVÁN CEPEDA CASTRO",10801,"exact",FALSE,-0.00545474889653447,"No Switch (Still Petro)"
"52207","Narino","Consaca","23","025","CONSACA",0.584399998188019,TRUE,"gustavo_petro",0.602313167259786,TRUE,"IVÁN CEPEDA CASTRO",5620,"exact",FALSE,0.0179131690717677,"No Switch (Still Petro)"
"52210","Narino","Contadero","23","028","CONTADERO",0.62389999628067,TRUE,"gustavo_petro",0.612776025236593,TRUE,"IVÁN CEPEDA CASTRO",3804,"exact",FALSE,-0.0111239710440771,"No Switch (Still Petro)"
"52224","Narino","Cuaspud Carlosama","23","034","CUASPUD (CARLOSAMA)",0.682799994945526,TRUE,"gustavo_petro",0.699526474386569,TRUE,"IVÁN CEPEDA CASTRO",4646,"exact",FALSE,0.016726479441043,"No Switch (Still Petro)"
"52227","Narino","Cumbal","23","037","CUMBAL",0.793799996376038,TRUE,"gustavo_petro",0.774699519230769,TRUE,"IVÁN CEPEDA CASTRO",16640,"exact",FALSE,-0.0191004771452684,"No Switch (Still Petro)"
"52233","Narino","Cumbitara","23","039","CUMBITARA",0.887399971485138,TRUE,"gustavo_petro",0.79546775130738,TRUE,"IVÁN CEPEDA CASTRO",5163,"exact",FALSE,-0.0919322201777585,"No Switch (Still Petro)"
"52240","Narino","Chachagui","23","038","CHACHAGUI",0.707399964332581,TRUE,"gustavo_petro",0.694444444444444,TRUE,"IVÁN CEPEDA CASTRO",8028,"exact",FALSE,-0.0129555198881361,"No Switch (Still Petro)"
"52250","Narino","El Charco","23","041","EL CHARCO",0.839699983596802,TRUE,"gustavo_petro",0.856082692817387,TRUE,"IVÁN CEPEDA CASTRO",7546,"exact",FALSE,0.0163827092205849,"No Switch (Still Petro)"
"52254","Narino","El Penol","23","044","EL PEÑOL",0.784700036048889,TRUE,"gustavo_petro",0.644361833952912,TRUE,"IVÁN CEPEDA CASTRO",4035,"exact",FALSE,-0.140338202095977,"No Switch (Still Petro)"
"52256","Narino","El Rosario","23","040","EL ROSARIO",0.911100029945374,TRUE,"gustavo_petro",0.795180722891566,TRUE,"IVÁN CEPEDA CASTRO",4482,"exact",FALSE,-0.115919307053807,"No Switch (Still Petro)"
"52287","Narino","Funes","23","049","FUNES",0.562400043010712,TRUE,"gustavo_petro",0.593888888888889,TRUE,"IVÁN CEPEDA CASTRO",3600,"exact",FALSE,0.0314888458781772,"No Switch (Still Petro)"
"52317","Narino","Guachucal","23","052","GUACHUCAL",0.778000056743622,TRUE,"gustavo_petro",0.736284600779454,TRUE,"IVÁN CEPEDA CASTRO",10007,"exact",FALSE,-0.0417154559641675,"No Switch (Still Petro)"
"52320","Narino","Guaitarilla","23","055","GUAITARILLA",0.768099963665009,TRUE,"gustavo_petro",0.768340991918872,TRUE,"IVÁN CEPEDA CASTRO",6311,"exact",FALSE,0.000241028253863296,"No Switch (Still Petro)"
"52323","Narino","Gualmatan","23","058","GUALMATAN",0.659800052642822,TRUE,"gustavo_petro",0.616558349816332,TRUE,"IVÁN CEPEDA CASTRO",3539,"exact",FALSE,-0.04324170282649,"No Switch (Still Petro)"
"52352","Narino","Iles","23","061","ILES",0.737900018692017,TRUE,"gustavo_petro",0.68419734535437,TRUE,"IVÁN CEPEDA CASTRO",3993,"exact",FALSE,-0.0537026733376464,"No Switch (Still Petro)"
"52354","Narino","Imues","23","064","IMUES",0.666400015354156,TRUE,"gustavo_petro",0.653237765694513,TRUE,"IVÁN CEPEDA CASTRO",4046,"exact",FALSE,-0.0131622496596434,"No Switch (Still Petro)"
"52356","Narino","Ipiales","23","067","IPIALES",0.638199985027313,TRUE,"gustavo_petro",0.615617391304348,TRUE,"IVÁN CEPEDA CASTRO",57500,"exact",FALSE,-0.0225825937229654,"No Switch (Still Petro)"
"52378","Narino","La Cruz","23","073","LA CRUZ",0.69080001115799,TRUE,"gustavo_petro",0.623286882413912,TRUE,"IVÁN CEPEDA CASTRO",8683,"exact",FALSE,-0.0675131287440772,"No Switch (Still Petro)"
"52381","Narino","La Florida","23","076","LA FLORIDA",0.728799998760223,TRUE,"gustavo_petro",0.690365448504983,TRUE,"IVÁN CEPEDA CASTRO",6020,"exact",FALSE,-0.03843455025524,"No Switch (Still Petro)"
"52385","Narino","La Llanada","23","077","LA LLANADA",0.699100017547607,TRUE,"gustavo_petro",0.490455784962992,TRUE,"IVÁN CEPEDA CASTRO",2567,"exact",FALSE,-0.208644232584616,"No Switch (Still Petro)"
"52390","Narino","La Tola","23","078","LA TOLA",0.759299993515015,TRUE,"gustavo_petro",0.869494290375204,TRUE,"IVÁN CEPEDA CASTRO",2452,"exact",FALSE,0.110194296860189,"No Switch (Still Petro)"
"52405","Narino","Leiva","23","080","LEIVA",0.864800035953522,TRUE,"gustavo_petro",0.69851622370781,TRUE,"IVÁN CEPEDA CASTRO",6133,"exact",FALSE,-0.166283812245712,"No Switch (Still Petro)"
"52411","Narino","Linares","23","082","LINARES",0.779400050640106,TRUE,"gustavo_petro",0.737325349301397,TRUE,"IVÁN CEPEDA CASTRO",5010,"exact",FALSE,-0.0420747013387089,"No Switch (Still Petro)"
"52490","Narino","Olaya Herrera","23","095","OLAYA HERRERA",0.817900002002716,TRUE,"gustavo_petro",0.872331154684096,TRUE,"IVÁN CEPEDA CASTRO",6885,"exact",FALSE,0.0544311526813798,"No Switch (Still Petro)"
"52506","Narino","Ospina","23","097","OSPINA",0.546299993991852,TRUE,"gustavo_petro",0.572923076923077,TRUE,"IVÁN CEPEDA CASTRO",3250,"exact",FALSE,0.0266230829312251,"No Switch (Still Petro)"
"52540","Narino","Policarpa","23","098","POLICARPA",0.898599982261658,TRUE,"gustavo_petro",0.751287217371838,TRUE,"IVÁN CEPEDA CASTRO",8934,"exact",FALSE,-0.14731276488982,"No Switch (Still Petro)"
"52560","Narino","Potosi","23","100","POTOSI",0.595099985599518,TRUE,"gustavo_petro",0.5895865237366,TRUE,"IVÁN CEPEDA CASTRO",5224,"exact",FALSE,-0.00551346186291757,"No Switch (Still Petro)"
"52565","Narino","Providencia","23","101","PROVIDENCIA",0.859300017356873,TRUE,"gustavo_petro",0.860193526860194,TRUE,"IVÁN CEPEDA CASTRO",2997,"exact",FALSE,0.00089350950332101,"No Switch (Still Petro)"
"52573","Narino","Puerres","23","103","PUERRES",0.736800014972687,TRUE,"gustavo_petro",0.66235632183908,TRUE,"IVÁN CEPEDA CASTRO",4872,"exact",FALSE,-0.0744436931336063,"No Switch (Still Petro)"
"52585","Narino","Pupiales","23","106","PUPIALES",0.569900035858154,TRUE,"gustavo_petro",0.521918090142005,TRUE,"IVÁN CEPEDA CASTRO",9718,"exact",FALSE,-0.0479819457161498,"No Switch (Still Petro)"
"52678","Narino","Samaniego","23","115","SAMANIEGO",0.861999988555908,TRUE,"gustavo_petro",0.78860931143589,TRUE,"IVÁN CEPEDA CASTRO",13274,"exact",FALSE,-0.0733906771200185,"No Switch (Still Petro)"
"52683","Narino","Sandona","23","118","SANDONA",0.681600034236908,TRUE,"gustavo_petro",0.655300151975684,TRUE,"IVÁN CEPEDA CASTRO",10528,"exact",FALSE,-0.026299882261224,"No Switch (Still Petro)"
"52687","Narino","San Lorenzo","23","121","SAN LORENZO",0.629400014877319,TRUE,"gustavo_petro",0.534892129685428,TRUE,"IVÁN CEPEDA CASTRO",8297,"exact",FALSE,-0.0945078851918909,"No Switch (Still Petro)"
"52694","Narino","San Pedro De Cartago","23","123","SAN PEDRO DE CARTAGO",0.44650000333786,TRUE,"gustavo_petro",0.370266914959652,FALSE,"ABELARDO DE LA ESPRIELLA",3222,"exact",TRUE,-0.0762330883782077,"Switched (Voted Petro before, not anymore)"
"52720","Narino","Sapuyes","23","130","SAPUYES",0.650599956512451,TRUE,"gustavo_petro",0.66019955654102,TRUE,"IVÁN CEPEDA CASTRO",3608,"exact",FALSE,0.00959960002856874,"No Switch (Still Petro)"
"52786","Narino","Taminango","23","133","TAMINANGO",0.869899988174438,TRUE,"gustavo_petro",0.791128579449747,TRUE,"IVÁN CEPEDA CASTRO",8905,"exact",FALSE,-0.0787714087246911,"No Switch (Still Petro)"
"52788","Narino","Tangua","23","136","TANGUA",0.688799977302551,TRUE,"gustavo_petro",0.679588740940502,TRUE,"IVÁN CEPEDA CASTRO",5933,"exact",FALSE,-0.00921123636204901,"No Switch (Still Petro)"
"52838","Narino","Tuquerres","23","142","TUQUERRES",0.75,TRUE,"gustavo_petro",0.742997875217307,TRUE,"IVÁN CEPEDA CASTRO",20708,"exact",FALSE,-0.00700212478269269,"No Switch (Still Petro)"
"52885","Narino","Yacuanquer","23","145","YACUANQUER",0.726300001144409,TRUE,"gustavo_petro",0.69644636333444,TRUE,"IVÁN CEPEDA CASTRO",6022,"exact",FALSE,-0.0298536378099687,"No Switch (Still Petro)"
"54003","Norte De Santander","Abrego","25","004","ABREGO",0.127700001001358,FALSE,"rodolfo_hernández",0.145149364093463,FALSE,"ABELARDO DE LA ESPRIELLA",13524,"exact",FALSE,0.0174493630921054,"Did not vote Petro before"
"54051","Norte De Santander","Arboledas","25","007","ARBOLEDAS",0.0676000043749809,FALSE,"rodolfo_hernández",0.0773968384315336,FALSE,"ABELARDO DE LA ESPRIELLA",4871,"exact",FALSE,0.00979683405655264,"Did not vote Petro before"
"54099","Norte De Santander","Bochalema","25","010","BOCHALEMA",0.088299997150898,FALSE,"rodolfo_hernández",0.111590507942734,FALSE,"ABELARDO DE LA ESPRIELLA",5099,"exact",FALSE,0.0232905107918359,"Did not vote Petro before"
"54109","Norte De Santander","Bucarasica","25","013","BUCARASICA",0.0465999990701675,FALSE,"rodolfo_hernández",0.0452554744525547,FALSE,"ABELARDO DE LA ESPRIELLA",2740,"exact",FALSE,-0.00134452461761279,"Did not vote Petro before"
"54125","Norte De Santander","Cacota","25","016","CACOTA",0.092399999499321,FALSE,"rodolfo_hernández",0.111668757841907,FALSE,"ABELARDO DE LA ESPRIELLA",1594,"exact",FALSE,0.0192687583425862,"Did not vote Petro before"
"54128","Norte De Santander","Cachira","25","019","CACHIRA",0.0465999990701675,FALSE,"rodolfo_hernández",0.0731081658828559,FALSE,"ABELARDO DE LA ESPRIELLA",4678,"exact",FALSE,0.0265081668126884,"Did not vote Petro before"
"54172","Norte De Santander","Chinacota","25","028","CHINACOTA",0.129199996590614,FALSE,"rodolfo_hernández",0.144675350502138,FALSE,"ABELARDO DE LA ESPRIELLA",10057,"exact",FALSE,0.0154753539115235,"Did not vote Petro before"
"54174","Norte De Santander","Chitaga","25","031","CHITAGA",0.0684999972581863,FALSE,"rodolfo_hernández",0.0876232201533406,FALSE,"ABELARDO DE LA ESPRIELLA",5478,"exact",FALSE,0.0191232228951543,"Did not vote Petro before"
"54206","Norte De Santander","Convencion","25","022","CONVENCION",0.339000016450882,FALSE,"rodolfo_hernández",0.405756295948694,FALSE,"ABELARDO DE LA ESPRIELLA",6393,"exact",FALSE,0.0667562794978119,"Did not vote Petro before"
"54223","Norte De Santander","Cucutilla","25","025","CUCUTILLA",0.0576000027358532,FALSE,"rodolfo_hernández",0.0776965265082267,FALSE,"ABELARDO DE LA ESPRIELLA",4376,"exact",FALSE,0.0200965237723735,"Did not vote Petro before"
"54239","Norte De Santander","Durania","25","034","DURANIA",0.0742999985814095,FALSE,"rodolfo_hernández",0.101967213114754,FALSE,"ABELARDO DE LA ESPRIELLA",3050,"exact",FALSE,0.0276672145333446,"Did not vote Petro before"
"54250","Norte De Santander","El Tarra","25","036","EL TARRA",0.69980001449585,TRUE,"gustavo_petro",0.713627992633518,TRUE,"IVÁN CEPEDA CASTRO",6516,"exact",FALSE,0.0138279781376679,"No Switch (Still Petro)"
"54261","Norte De Santander","El Zulia","25","038","EL ZULIA",0.103000000119209,FALSE,"rodolfo_hernández",0.11449159327462,FALSE,"ABELARDO DE LA ESPRIELLA",14988,"exact",FALSE,0.0114915931554104,"Did not vote Petro before"
"54313","Norte De Santander","Gramalote","25","040","GRAMALOTE",0.0654999986290932,FALSE,"federico_gutiérrez",0.0751696065128901,FALSE,"ABELARDO DE LA ESPRIELLA",3685,"exact",FALSE,0.00966960788379692,"Did not vote Petro before"
"54344","Norte De Santander","Hacari","25","043","HACARI",0.692099988460541,TRUE,"gustavo_petro",0.63680981595092,TRUE,"IVÁN CEPEDA CASTRO",3260,"exact",FALSE,-0.0552901725096205,"No Switch (Still Petro)"
"54347","Norte De Santander","Herran","25","046","HERRAN",0.0361999981105328,FALSE,"rodolfo_hernández",0.0416438356164384,FALSE,"ABELARDO DE LA ESPRIELLA",1825,"exact",FALSE,0.0054438375059056,"Did not vote Petro before"
"54377","Norte De Santander","Labateca","25","049","LABATECA",0.0692000016570091,FALSE,"rodolfo_hernández",0.091801202912314,FALSE,"ABELARDO DE LA ESPRIELLA",3159,"exact",FALSE,0.0226012012553049,"Did not vote Petro before"
"54385","Norte De Santander","La Esperanza","25","051","LA ESPERANZA",0.108400002121925,FALSE,"rodolfo_hernández",0.216520210896309,FALSE,"ABELARDO DE LA ESPRIELLA",5690,"exact",FALSE,0.108120208774384,"Did not vote Petro before"
"54398","Norte De Santander","La Playa","25","052","LA PLAYA",0.177599996328354,FALSE,"rodolfo_hernández",0.17858330562022,FALSE,"ABELARDO DE LA ESPRIELLA",3007,"exact",FALSE,0.000983309291865603,"Did not vote Petro before"
"54405","Norte De Santander","Los Patios","25","054","LOS PATIOS",0.132600009441376,FALSE,"rodolfo_hernández",0.150397141442624,FALSE,"ABELARDO DE LA ESPRIELLA",46457,"exact",FALSE,0.0177971320012486,"Did not vote Petro before"
"54418","Norte De Santander","Lourdes","25","055","LOURDES",0.0421999990940094,FALSE,"federico_gutiérrez",0.0501672240802676,FALSE,"ABELARDO DE LA ESPRIELLA",2392,"exact",FALSE,0.00796722498625816,"Did not vote Petro before"
"54480","Norte De Santander","Mutiscua","25","058","MUTISCUA",0.0438000001013279,FALSE,"rodolfo_hernández",0.0567375886524823,FALSE,"ABELARDO DE LA ESPRIELLA",2115,"exact",FALSE,0.0129375885511544,"Did not vote Petro before"
"54498","Norte De Santander","Ocana","25","061","OCAÑA",0.215400010347366,FALSE,"rodolfo_hernández",0.235628710583384,FALSE,"ABELARDO DE LA ESPRIELLA",56258,"exact",FALSE,0.0202287002360174,"Did not vote Petro before"
"54518","Norte De Santander","Pamplona","25","064","PAMPLONA",0.25780001282692,FALSE,"rodolfo_hernández",0.253360351232692,FALSE,"ABELARDO DE LA ESPRIELLA",29610,"exact",FALSE,-0.00443966159422787,"Did not vote Petro before"
"54520","Norte De Santander","Pamplonita","25","067","PAMPLONITA",0.0628000050783157,FALSE,"rodolfo_hernández",0.0893074119076549,FALSE,"ABELARDO DE LA ESPRIELLA",3292,"exact",FALSE,0.0265074068293392,"Did not vote Petro before"
"54553","Norte De Santander","Puerto Santander","25","069","PUERTO SANTANDER",0.0885000005364418,FALSE,"rodolfo_hernández",0.128288581502577,FALSE,"ABELARDO DE LA ESPRIELLA",3687,"exact",FALSE,0.0397885809661348,"Did not vote Petro before"
"54599","Norte De Santander","Ragonvalia","25","070","RAGONVALIA",0.0537000000476837,FALSE,"rodolfo_hernández",0.0630108991825613,FALSE,"ABELARDO DE LA ESPRIELLA",2936,"exact",FALSE,0.00931089913487759,"Did not vote Petro before"
"54660","Norte De Santander","Salazar","25","073","SALAZAR",0.060199998319149,FALSE,"rodolfo_hernández",0.0822840929242774,FALSE,"ABELARDO DE LA ESPRIELLA",5639,"exact",FALSE,0.0220840946051283,"Did not vote Petro before"
"54670","Norte De Santander","San Calixto","25","076","SAN CALIXTO",0.845999956130981,TRUE,"gustavo_petro",0.824759284731774,TRUE,"IVÁN CEPEDA CASTRO",3635,"exact",FALSE,-0.021240671399207,"No Switch (Still Petro)"
"54680","Norte De Santander","Santiago","25","082","SANTIAGO",0.104799993336201,FALSE,"rodolfo_hernández",0.118604651162791,FALSE,"ABELARDO DE LA ESPRIELLA",2150,"exact",FALSE,0.01380465782659,"Did not vote Petro before"
"54720","Norte De Santander","Sardinata","25","085","SARDINATA",0.0788000002503395,FALSE,"rodolfo_hernández",0.0883066020141738,FALSE,"ABELARDO DE LA ESPRIELLA",10724,"exact",FALSE,0.0095066017638343,"Did not vote Petro before"
"54743","Norte De Santander","Silos","25","088","SILOS",0.0274000000208616,FALSE,"rodolfo_hernández",0.0395778364116095,FALSE,"ABELARDO DE LA ESPRIELLA",3032,"exact",FALSE,0.0121778363907479,"Did not vote Petro before"
"54800","Norte De Santander","Teorama","25","091","TEORAMA",0.74099999666214,TRUE,"gustavo_petro",0.758989489212613,TRUE,"IVÁN CEPEDA CASTRO",5423,"exact",FALSE,0.0179894925504731,"No Switch (Still Petro)"
"54810","Norte De Santander","Tibu","25","093","TIBU",0.310499995946884,FALSE,"rodolfo_hernández",0.312074432143043,FALSE,"ABELARDO DE LA ESPRIELLA",19239,"exact",FALSE,0.0015744361961586,"Did not vote Petro before"
"54871","Norte De Santander","Villa Caro","25","097","VILLA CARO",0.0628000050783157,FALSE,"federico_gutiérrez",0.0685569191705459,FALSE,"ABELARDO DE LA ESPRIELLA",2363,"exact",FALSE,0.00575691409223018,"Did not vote Petro before"
"54874","Norte De Santander","Villa Del Rosario","25","100","VILLA DEL ROSARIO",0.0912000015377998,FALSE,"rodolfo_hernández",0.113702004757051,FALSE,"ABELARDO DE LA ESPRIELLA",47088,"exact",FALSE,0.0225020032192508,"Did not vote Petro before"
"63130","Quindio","Calarca","26","010","CALARCA",0.292400002479553,FALSE,"rodolfo_hernández",0.314981684002246,FALSE,"ABELARDO DE LA ESPRIELLA",37399,"exact",FALSE,0.0225816815226929,"Did not vote Petro before"
"63190","Quindio","Circasia","26","020","CIRCASIA",0.284500002861023,FALSE,"federico_gutiérrez",0.29772579597141,FALSE,"ABELARDO DE LA ESPRIELLA",15390,"exact",FALSE,0.0132257931103871,"Did not vote Petro before"
"63272","Quindio","Filandia","26","030","FILANDIA",0.23989999294281,FALSE,"federico_gutiérrez",0.237800031791448,FALSE,"ABELARDO DE LA ESPRIELLA",6291,"exact",FALSE,-0.00209996115136196,"Did not vote Petro before"
"63302","Quindio","Genova","26","040","GENOVA",0.264400005340576,FALSE,"rodolfo_hernández",0.262111167771545,FALSE,"ABELARDO DE LA ESPRIELLA",3922,"exact",FALSE,-0.00228883756903103,"Did not vote Petro before"
"63401","Quindio","La Tebaida","26","050","LA TEBAIDA",0.337999999523163,TRUE,"gustavo_petro",0.411280644608263,TRUE,"IVÁN CEPEDA CASTRO",17499,"exact",FALSE,0.0732806450851005,"No Switch (Still Petro)"
"63470","Quindio","Montenegro","26","060","MONTENEGRO",0.268600016832352,FALSE,"rodolfo_hernández",0.310909090909091,FALSE,"ABELARDO DE LA ESPRIELLA",18700,"exact",FALSE,0.0423090740767392,"Did not vote Petro before"
"63548","Quindio","Pijao","26","070","PIJAO",0.253800004720688,FALSE,"rodolfo_hernández",0.279077322936972,FALSE,"ABELARDO DE LA ESPRIELLA",3078,"exact",FALSE,0.0252773182162842,"Did not vote Petro before"
"63594","Quindio","Quimbaya","26","080","QUIMBAYA",0.323599994182587,FALSE,"rodolfo_hernández",0.335276613833728,FALSE,"ABELARDO DE LA ESPRIELLA",16467,"exact",FALSE,0.0116766196511414,"Did not vote Petro before"
"63690","Quindio","Salento","26","090","SALENTO",0.26690000295639,FALSE,"federico_gutiérrez",0.247713613796708,FALSE,"ABELARDO DE LA ESPRIELLA",3827,"exact",FALSE,-0.0191863891596828,"Did not vote Petro before"
"66001","Risaralda","Pereira","24","001","PEREIRA",0.361500024795532,TRUE,"gustavo_petro",0.347616102188626,FALSE,"ABELARDO DE LA ESPRIELLA",278074,"exact",TRUE,-0.0138839226069062,"Switched (Voted Petro before, not anymore)"
"66045","Risaralda","Apia","24","008","APIA",0.216299995779991,FALSE,"rodolfo_hernández",0.228753541076487,FALSE,"ABELARDO DE LA ESPRIELLA",5648,"exact",FALSE,0.0124535452964961,"Did not vote Petro before"
"66088","Risaralda","Belen De Umbria","24","021","BELEN DE UMBRIA",0.208999991416931,FALSE,"rodolfo_hernández",0.246037275735935,FALSE,"ABELARDO DE LA ESPRIELLA",11482,"exact",FALSE,0.0370372843190034,"Did not vote Petro before"
"66170","Risaralda","Dosquebradas","24","025","DOSQUEBRADAS",0.379900008440018,TRUE,"gustavo_petro",0.370526891024181,FALSE,"ABELARDO DE LA ESPRIELLA",109795,"exact",TRUE,-0.0093731174158363,"Switched (Voted Petro before, not anymore)"
"66318","Risaralda","Guatica","24","029","GUATICA",0.214000001549721,FALSE,"rodolfo_hernández",0.259090140368679,FALSE,"ABELARDO DE LA ESPRIELLA",5913,"exact",FALSE,0.0450901388189584,"Did not vote Petro before"
"66383","Risaralda","La Celia","24","038","LA CELIA",0.203299999237061,FALSE,"rodolfo_hernández",0.25041922861934,FALSE,"ABELARDO DE LA ESPRIELLA",3578,"exact",FALSE,0.0471192293822799,"Did not vote Petro before"
"66400","Risaralda","La Virginia","24","046","LA VIRGINIA",0.384799987077713,TRUE,"gustavo_petro",0.438451776649746,TRUE,"IVÁN CEPEDA CASTRO",17336,"exact",FALSE,0.0536517895720332,"No Switch (Still Petro)"
"66440","Risaralda","Marsella","24","054","MARSELLA",0.30689999461174,FALSE,"federico_gutiérrez",0.335809083160843,FALSE,"ABELARDO DE LA ESPRIELLA",8213,"exact",FALSE,0.0289090885491025,"Did not vote Petro before"
"66456","Risaralda","Mistrato","24","062","MISTRATO",0.444399982690811,TRUE,"gustavo_petro",0.504339592867287,TRUE,"IVÁN CEPEDA CASTRO",6337,"exact",FALSE,0.0599396101764762,"No Switch (Still Petro)"
"66572","Risaralda","Pueblo Rico","24","070","PUEBLO RICO",0.576399981975555,TRUE,"gustavo_petro",0.626761819803747,TRUE,"IVÁN CEPEDA CASTRO",5605,"exact",FALSE,0.0503618378281913,"No Switch (Still Petro)"
"66594","Risaralda","Quinchia","24","078","QUINCHIA",0.403800010681152,TRUE,"gustavo_petro",0.504150431983737,TRUE,"IVÁN CEPEDA CASTRO",11806,"exact",FALSE,0.100350421302585,"No Switch (Still Petro)"
"66682","Risaralda","Santa Rosa De Cabal","24","086","SANTA ROSA DE CABAL",0.310099989175797,FALSE,"rodolfo_hernández",0.304099119962946,FALSE,"ABELARDO DE LA ESPRIELLA",43180,"exact",FALSE,-0.0060008692128507,"Did not vote Petro before"
"68001","Santander","Bucaramanga","27","001","BUCARAMANGA",0.201200008392334,FALSE,"rodolfo_hernández",0.266031173140454,FALSE,"ABELARDO DE LA ESPRIELLA",343565,"exact",FALSE,0.0648311647481198,"Did not vote Petro before"
"68013","Santander","Aguada","27","004","AGUADA",0.0767000019550323,FALSE,"rodolfo_hernández",0.124716553287982,FALSE,"ABELARDO DE LA ESPRIELLA",882,"exact",FALSE,0.0480165513329495,"Did not vote Petro before"
"68020","Santander","Albania","27","007","ALBANIA",0.153699994087219,FALSE,"rodolfo_hernández",0.195555555555556,FALSE,"ABELARDO DE LA ESPRIELLA",2025,"exact",FALSE,0.0418555614683363,"Did not vote Petro before"
"68051","Santander","Aratoca","27","010","ARATOCA",0.100000001490116,FALSE,"rodolfo_hernández",0.186291362269016,FALSE,"ABELARDO DE LA ESPRIELLA",4654,"exact",FALSE,0.0862913607788998,"Did not vote Petro before"
"68079","Santander","Barichara","27","016","BARICHARA",0.162599995732307,FALSE,"rodolfo_hernández",0.206828745084019,FALSE,"ABELARDO DE LA ESPRIELLA",5594,"exact",FALSE,0.0442287493517111,"Did not vote Petro before"
"68081","Santander","Barrancabermeja","27","019","BARRANCABERMEJA",0.497599989175797,TRUE,"gustavo_petro",0.573794202970012,TRUE,"IVÁN CEPEDA CASTRO",121683,"exact",FALSE,0.0761942137942158,"No Switch (Still Petro)"
"68132","Santander","California","27","031","CALIFORNIA",0.0744999945163727,FALSE,"rodolfo_hernández",0.149569303054033,FALSE,"ABELARDO DE LA ESPRIELLA",1277,"exact",FALSE,0.0750693085376602,"Did not vote Petro before"
"68147","Santander","Capitanejo","27","034","CAPITANEJO",0.0922000035643578,FALSE,"rodolfo_hernández",0.135948596550558,FALSE,"ABELARDO DE LA ESPRIELLA",2957,"exact",FALSE,0.0437485929862002,"Did not vote Petro before"
"68152","Santander","Carcasi","27","037","CARCASI",0.0663000047206879,FALSE,"rodolfo_hernández",0.0792416140009723,FALSE,"ABELARDO DE LA ESPRIELLA",2057,"exact",FALSE,0.0129416092802844,"Did not vote Petro before"
"68160","Santander","Cepita","27","040","CEPITA",0.0989000052213669,FALSE,"rodolfo_hernández",0.14359351988218,FALSE,"ABELARDO DE LA ESPRIELLA",1358,"exact",FALSE,0.0446935146608128,"Did not vote Petro before"
"68162","Santander","Cerrito","27","043","CERRITO",0.0945999994874,FALSE,"rodolfo_hernández",0.141875746714456,FALSE,"ABELARDO DE LA ESPRIELLA",3348,"exact",FALSE,0.0472757472270563,"Did not vote Petro before"
"68167","Santander","Charala","27","061","CHARALA",0.158399999141693,FALSE,"rodolfo_hernández",0.205451044289735,FALSE,"ABELARDO DE LA ESPRIELLA",6751,"exact",FALSE,0.0470510451480417,"Did not vote Petro before"
"68169","Santander","Charta","27","064","CHARTA",0.0737999975681305,FALSE,"rodolfo_hernández",0.110831234256927,FALSE,"ABELARDO DE LA ESPRIELLA",2382,"exact",FALSE,0.0370312366887965,"Did not vote Petro before"
"68179","Santander","Chipata","27","070","CHIPATA",0.188500002026558,FALSE,"rodolfo_hernández",0.253176043557169,FALSE,"ABELARDO DE LA ESPRIELLA",2204,"exact",FALSE,0.0646760415306109,"Did not vote Petro before"
"68190","Santander","Cimitarra","27","045","CIMITARRA",0.208999991416931,FALSE,"rodolfo_hernández",0.306584893479664,FALSE,"ABELARDO DE LA ESPRIELLA",15490,"exact",FALSE,0.0975849020627331,"Did not vote Petro before"
"68209","Santander","Confines","27","049","CONFINES",0.0580000020563602,FALSE,"rodolfo_hernández",0.0860440713536201,FALSE,"ABELARDO DE LA ESPRIELLA",1906,"exact",FALSE,0.0280440692972599,"Did not vote Petro before"
"68211","Santander","Contratacion","27","052","CONTRATACION",0.137999996542931,FALSE,"rodolfo_hernández",0.215749730312837,FALSE,"ABELARDO DE LA ESPRIELLA",1854,"exact",FALSE,0.0777497337699065,"Did not vote Petro before"
"68217","Santander","Coromoro","27","055","COROMORO",0.0753000006079674,FALSE,"rodolfo_hernández",0.102697095435685,FALSE,"ABELARDO DE LA ESPRIELLA",2892,"exact",FALSE,0.0273970948277173,"Did not vote Petro before"
"68229","Santander","Curiti","27","058","CURITI",0.137600004673004,FALSE,"rodolfo_hernández",0.212413613248142,FALSE,"ABELARDO DE LA ESPRIELLA",7669,"exact",FALSE,0.0748136085751377,"Did not vote Petro before"
"68245","Santander","El Guacamayo","27","073","EL GUACAMAYO",0.0498999990522861,FALSE,"rodolfo_hernández",0.0773930753564155,FALSE,"ABELARDO DE LA ESPRIELLA",982,"exact",FALSE,0.0274930763041293,"Did not vote Petro before"
"68255","Santander","El Playon","27","074","EL PLAYON",0.101000003516674,FALSE,"rodolfo_hernández",0.172901520158625,FALSE,"ABELARDO DE LA ESPRIELLA",7565,"exact",FALSE,0.0719015166419512,"Did not vote Petro before"
"68264","Santander","Encino","27","076","ENCINO",0.0493000000715256,FALSE,"rodolfo_hernández",0.0646359583952452,FALSE,"ABELARDO DE LA ESPRIELLA",1346,"exact",FALSE,0.0153359583237196,"Did not vote Petro before"
"68266","Santander","Enciso","27","079","ENCISO",0.104899995028973,FALSE,"rodolfo_hernández",0.136547994592159,FALSE,"ABELARDO DE LA ESPRIELLA",2219,"exact",FALSE,0.031647999563186,"Did not vote Petro before"
"68271","Santander","Florian","27","080","FLORIAN",0.214200004935265,FALSE,"rodolfo_hernández",0.281904761904762,FALSE,"ABELARDO DE LA ESPRIELLA",3150,"exact",FALSE,0.0677047569694973,"Did not vote Petro before"
"68276","Santander","Floridablanca","27","082","FLORIDABLANCA",0.196399986743927,FALSE,"rodolfo_hernández",0.267666713160798,FALSE,"ABELARDO DE LA ESPRIELLA",157726,"exact",FALSE,0.0712667264168708,"Did not vote Petro before"
"68296","Santander","Galan","27","085","GALAN",0.0901000052690506,FALSE,"rodolfo_hernández",0.109348441926346,FALSE,"ABELARDO DE LA ESPRIELLA",1765,"exact",FALSE,0.019248436657295,"Did not vote Petro before"
"68298","Santander","Gambita","27","088","GAMBITA",0.0763000026345253,FALSE,"rodolfo_hernández",0.142920158800176,FALSE,"ABELARDO DE LA ESPRIELLA",2267,"exact",FALSE,0.0666201561656511,"Did not vote Petro before"
"68307","Santander","Giron","27","091","GIRON",0.179300010204315,FALSE,"rodolfo_hernández",0.294537557899114,FALSE,"ABELARDO DE LA ESPRIELLA",86573,"exact",FALSE,0.115237547694799,"Did not vote Petro before"
"68318","Santander","Guaca","27","094","GUACA",0.0701000019907951,FALSE,"rodolfo_hernández",0.119875776397516,FALSE,"ABELARDO DE LA ESPRIELLA",3220,"exact",FALSE,0.0497757744067204,"Did not vote Petro before"
"68322","Santander","Guapota","27","100","GUAPOTA",0.0417999997735023,FALSE,"rodolfo_hernández",0.0849963045084996,FALSE,"ABELARDO DE LA ESPRIELLA",1353,"exact",FALSE,0.0431963047349973,"Did not vote Petro before"
"68324","Santander","Guavata","27","103","GUAVATA",0.231000006198883,FALSE,"rodolfo_hernández",0.323959938366718,FALSE,"ABELARDO DE LA ESPRIELLA",2596,"exact",FALSE,0.092959932167835,"Did not vote Petro before"
"68327","Santander","Guepsa","27","106","GUEPSA",0.227199986577034,FALSE,"rodolfo_hernández",0.302852348993289,FALSE,"ABELARDO DE LA ESPRIELLA",2384,"exact",FALSE,0.0756523624162546,"Did not vote Petro before"
"68344","Santander","Hato","27","109","HATO",0.117700003087521,FALSE,"rodolfo_hernández",0.183531053733426,FALSE,"ABELARDO DE LA ESPRIELLA",1433,"exact",FALSE,0.0658310506459058,"Did not vote Petro before"
"68368","Santander","Jesus Maria","27","112","JESUS MARIA",0.251000016927719,FALSE,"rodolfo_hernández",0.309844002151694,FALSE,"ABELARDO DE LA ESPRIELLA",1859,"exact",FALSE,0.0588439852239753,"Did not vote Petro before"
"68370","Santander","Jordan","27","115","JORDAN",0.0650999993085861,FALSE,"rodolfo_hernández",0.103448275862069,FALSE,"ABELARDO DE LA ESPRIELLA",1015,"exact",FALSE,0.0383482765534828,"Did not vote Petro before"
"68377","Santander","La Belleza","27","119","LA BELLEZA",0.106300003826618,FALSE,"rodolfo_hernández",0.112481203007519,FALSE,"ABELARDO DE LA ESPRIELLA",3325,"exact",FALSE,0.0061811991809006,"Did not vote Petro before"
"68385","Santander","Landazuri","27","120","LANDAZURI",0.171399995684624,FALSE,"rodolfo_hernández",0.211262488646685,FALSE,"ABELARDO DE LA ESPRIELLA",5505,"exact",FALSE,0.0398624929620611,"Did not vote Petro before"
"68406","Santander","Lebrija","27","121","LEBRIJA",0.100000001490116,FALSE,"rodolfo_hernández",0.186665027456766,FALSE,"ABELARDO DE LA ESPRIELLA",24402,"exact",FALSE,0.0866650259666497,"Did not vote Petro before"
"68418","Santander","Los Santos","27","124","LOS SANTOS",0.0909000039100647,FALSE,"rodolfo_hernández",0.16036287508723,FALSE,"ABELARDO DE LA ESPRIELLA",7165,"exact",FALSE,0.0694628711771649,"Did not vote Petro before"
"68425","Santander","Macaravita","27","127","MACARAVITA",0.0720999985933304,FALSE,"rodolfo_hernández",0.096882898062342,FALSE,"ABELARDO DE LA ESPRIELLA",1187,"exact",FALSE,0.0247828994690117,"Did not vote Petro before"
"68432","Santander","Malaga","27","130","MALAGA",0.187800005078316,FALSE,"rodolfo_hernández",0.237324402269979,FALSE,"ABELARDO DE LA ESPRIELLA",10749,"exact",FALSE,0.0495243971916629,"Did not vote Petro before"
"68444","Santander","Matanza","27","133","MATANZA",0.0728999972343445,FALSE,"rodolfo_hernández",0.146539241239502,FALSE,"ABELARDO DE LA ESPRIELLA",3453,"exact",FALSE,0.0736392440051574,"Did not vote Petro before"
"68464","Santander","Mogotes","27","136","MOGOTES",0.0814999938011169,FALSE,"rodolfo_hernández",0.138904468124883,FALSE,"ABELARDO DE LA ESPRIELLA",5349,"exact",FALSE,0.0574044743237662,"Did not vote Petro before"
"68468","Santander","Molagavita","27","139","MOLAGAVITA",0.06700000166893,FALSE,"rodolfo_hernández",0.098353360035603,FALSE,"ABELARDO DE LA ESPRIELLA",2247,"exact",FALSE,0.031353358366673,"Did not vote Petro before"
"68498","Santander","Ocamonte","27","142","OCAMONTE",0.0705000013113022,FALSE,"rodolfo_hernández",0.100416824554756,FALSE,"ABELARDO DE LA ESPRIELLA",2639,"exact",FALSE,0.0299168232434534,"Did not vote Petro before"
"68500","Santander","Oiba","27","145","OIBA",0.115800000727177,FALSE,"rodolfo_hernández",0.159420289855072,FALSE,"ABELARDO DE LA ESPRIELLA",6417,"exact",FALSE,0.0436202891278958,"Did not vote Petro before"
"68502","Santander","Onzaga","27","148","ONZAGA",0.0646999999880791,FALSE,"rodolfo_hernández",0.107385811467444,FALSE,"ABELARDO DE LA ESPRIELLA",2058,"exact",FALSE,0.042685811479365,"Did not vote Petro before"
"68522","Santander","Palmar","27","151","PALMAR",0.0910999998450279,FALSE,"rodolfo_hernández",0.142311365807068,FALSE,"ABELARDO DE LA ESPRIELLA",1047,"exact",FALSE,0.0512113659620399,"Did not vote Petro before"
"68524","Santander","Palmas Del Socorro","27","154","PALMAS DEL SOCORRO",0.0676999986171722,FALSE,"rodolfo_hernández",0.0892374256354786,FALSE,"ABELARDO DE LA ESPRIELLA",1849,"exact",FALSE,0.0215374270183064,"Did not vote Petro before"
"68533","Santander","Paramo","27","157","PARAMO",0.088699996471405,FALSE,"rodolfo_hernández",0.114117238987166,FALSE,"ABELARDO DE LA ESPRIELLA",2883,"exact",FALSE,0.0254172425157611,"Did not vote Petro before"
"68547","Santander","Piedecuesta","27","160","PIEDECUESTA",0.172999992966652,FALSE,"rodolfo_hernández",0.276413872194024,FALSE,"ABELARDO DE LA ESPRIELLA",94174,"exact",FALSE,0.103413879227372,"Did not vote Petro before"
"68549","Santander","Pinchote","27","163","PINCHOTE",0.136000007390976,FALSE,"rodolfo_hernández",0.196037539103233,FALSE,"ABELARDO DE LA ESPRIELLA",2877,"exact",FALSE,0.0600375317122566,"Did not vote Petro before"
"68572","Santander","Puente Nacional","27","166","PUENTE NACIONAL",0.242700010538101,FALSE,"rodolfo_hernández",0.296544302283869,FALSE,"ABELARDO DE LA ESPRIELLA",8363,"exact",FALSE,0.0538442917457682,"Did not vote Petro before"
"68573","Santander","Puerto Parra","27","167","PUERTO PARRA",0.150100007653236,FALSE,"rodolfo_hernández",0.34292356873002,FALSE,"ABELARDO DE LA ESPRIELLA",3441,"exact",FALSE,0.192823561076784,"Did not vote Petro before"
"68575","Santander","Puerto Wilches","27","169","PUERTO WILCHES",0.415800005197525,FALSE,"rodolfo_hernández",0.5496413015629,TRUE,"IVÁN CEPEDA CASTRO",15612,"exact",FALSE,0.133841296365375,"Did not vote Petro before"
"68655","Santander","Sabana De Torres","27","174","SABANA DE TORRES",0.182600006461143,FALSE,"rodolfo_hernández",0.339248434237996,FALSE,"ABELARDO DE LA ESPRIELLA",15328,"exact",FALSE,0.156648427776852,"Did not vote Petro before"
"68673","Santander","San Benito","27","178","SAN BENITO",0.0901000052690506,FALSE,"rodolfo_hernández",0.139776951672862,FALSE,"ABELARDO DE LA ESPRIELLA",1345,"exact",FALSE,0.0496769464038118,"Did not vote Petro before"
"68679","Santander","San Gil","27","181","SAN GIL",0.1908999979496,FALSE,"rodolfo_hernández",0.264368165249089,FALSE,"ABELARDO DE LA ESPRIELLA",32920,"exact",FALSE,0.0734681672994885,"Did not vote Petro before"
"68682","Santander","San Joaquin","27","184","SAN JOAQUIN",0.093299999833107,FALSE,"rodolfo_hernández",0.15321923390383,FALSE,"ABELARDO DE LA ESPRIELLA",1227,"exact",FALSE,0.0599192340707235,"Did not vote Petro before"
"68684","Santander","San Jose De Miranda","27","187","SAN JOSE DE MIRANDA",0.099700003862381,FALSE,"rodolfo_hernández",0.11734693877551,FALSE,"ABELARDO DE LA ESPRIELLA",2940,"exact",FALSE,0.0176469349131292,"Did not vote Petro before"
"68686","Santander","San Miguel","27","190","SAN MIGUEL",0.144999995827675,FALSE,"rodolfo_hernández",0.17162471395881,FALSE,"ABELARDO DE LA ESPRIELLA",1311,"exact",FALSE,0.0266247181311352,"Did not vote Petro before"
"68689","Santander","San Vicente De Chucuri","27","193","SAN VICENTE DE CHUCURI",0.1317999958992,FALSE,"rodolfo_hernández",0.199454460781053,FALSE,"ABELARDO DE LA ESPRIELLA",15031,"exact",FALSE,0.0676544648818521,"Did not vote Petro before"
"68720","Santander","Santa Helena Del Opon","27","194","SANTA HELENA DEL OPON",0.0758000016212463,FALSE,"rodolfo_hernández",0.114495798319328,FALSE,"ABELARDO DE LA ESPRIELLA",1904,"exact",FALSE,0.0386957966980814,"Did not vote Petro before"
"68745","Santander","Simacota","27","196","SIMACOTA",0.132399991154671,FALSE,"rodolfo_hernández",0.201412566975158,FALSE,"ABELARDO DE LA ESPRIELLA",4106,"exact",FALSE,0.0690125758204876,"Did not vote Petro before"
"68755","Santander","Socorro","27","199","SOCORRO",0.14360000193119,FALSE,"rodolfo_hernández",0.196180857855941,FALSE,"ABELARDO DE LA ESPRIELLA",17229,"exact",FALSE,0.0525808559247501,"Did not vote Petro before"
"68770","Santander","Suaita","27","202","SUAITA",0.0981000065803528,FALSE,"rodolfo_hernández",0.154108939077624,FALSE,"ABELARDO DE LA ESPRIELLA",5269,"exact",FALSE,0.056008932497271,"Did not vote Petro before"
"68780","Santander","Surata","27","208","SURATA",0.094200000166893,FALSE,"rodolfo_hernández",0.170222222222222,FALSE,"ABELARDO DE LA ESPRIELLA",2250,"exact",FALSE,0.0760222220553292,"Did not vote Petro before"
"68820","Santander","Tona","27","211","TONA",0.0839999988675117,FALSE,"rodolfo_hernández",0.150757777186918,FALSE,"ABELARDO DE LA ESPRIELLA",3761,"exact",FALSE,0.0667577783194066,"Did not vote Petro before"
"68855","Santander","Valle De San Jose","27","217","VALLE DE SAN JOSE",0.125600010156631,FALSE,"rodolfo_hernández",0.197142101084943,FALSE,"ABELARDO DE LA ESPRIELLA",3779,"exact",FALSE,0.0715420909283116,"Did not vote Petro before"
"68861","Santander","Velez","27","220","VELEZ",0.230900004506111,FALSE,"rodolfo_hernández",0.304570985860934,FALSE,"ABELARDO DE LA ESPRIELLA",10326,"exact",FALSE,0.0736709813548224,"Did not vote Petro before"
"68867","Santander","Vetas","27","219","VETAS",0.0403999984264374,FALSE,"rodolfo_hernández",0.0426195426195426,FALSE,"ABELARDO DE LA ESPRIELLA",962,"exact",FALSE,0.00221954419310524,"Did not vote Petro before"
"68895","Santander","Zapatoca","27","223","ZAPATOCA",0.127399995923042,FALSE,"rodolfo_hernández",0.196386201861654,FALSE,"ABELARDO DE LA ESPRIELLA",5479,"exact",FALSE,0.0689862059386113,"Did not vote Petro before"
"70001","Sucre","Sincelejo","28","001","SINCELEJO",0.571900010108948,TRUE,"gustavo_petro",0.562339260638382,TRUE,"IVÁN CEPEDA CASTRO",126758,"exact",FALSE,-0.00956074947056595,"No Switch (Still Petro)"
"70124","Sucre","Caimito","28","020","CAIMITO",0.629599988460541,TRUE,"gustavo_petro",0.672323303009097,TRUE,"IVÁN CEPEDA CASTRO",5716,"exact",FALSE,0.0427233145485565,"No Switch (Still Petro)"
"70215","Sucre","Corozal","28","040","COROZAL",0.594199955463409,TRUE,"gustavo_petro",0.571566048630269,TRUE,"IVÁN CEPEDA CASTRO",31174,"exact",FALSE,-0.0226339068331406,"No Switch (Still Petro)"
"70221","Sucre","Covenas","28","041","COVEÑAS",0.510900020599365,TRUE,"gustavo_petro",0.516036723500656,TRUE,"IVÁN CEPEDA CASTRO",8387,"exact",FALSE,0.00513670290129054,"No Switch (Still Petro)"
"70230","Sucre","Chalan","28","045","CHALAN",0.4966000020504,TRUE,"gustavo_petro",0.501182033096927,TRUE,"IVÁN CEPEDA CASTRO",2538,"exact",FALSE,0.00458203104652688,"No Switch (Still Petro)"
"70233","Sucre","El Roble","28","042","EL ROBLE",0.69949996471405,TRUE,"gustavo_petro",0.659416445623342,TRUE,"IVÁN CEPEDA CASTRO",5655,"exact",FALSE,-0.0400835190907081,"No Switch (Still Petro)"
"70265","Sucre","Guaranda","28","049","GUARANDA",0.283600002527237,FALSE,"federico_gutiérrez",0.313169606065601,FALSE,"ABELARDO DE LA ESPRIELLA",6067,"exact",FALSE,0.0295696035383639,"Did not vote Petro before"
"70418","Sucre","Los Palmitos","28","055","LOS PALMITOS",0.698599994182587,TRUE,"gustavo_petro",0.690953504043127,TRUE,"IVÁN CEPEDA CASTRO",11872,"exact",FALSE,-0.00764649013945995,"No Switch (Still Petro)"
"70429","Sucre","Majagual","28","060","MAJAGUAL",0.257200002670288,FALSE,"federico_gutiérrez",0.305731566820277,FALSE,"ABELARDO DE LA ESPRIELLA",13888,"exact",FALSE,0.0485315641499884,"Did not vote Petro before"
"70473","Sucre","Morroa","28","080","MORROA",0.602699995040894,TRUE,"gustavo_petro",0.609968093299593,TRUE,"IVÁN CEPEDA CASTRO",9089,"exact",FALSE,0.00726809825869934,"No Switch (Still Petro)"
"70508","Sucre","Ovejas","28","100","OVEJAS",0.621599972248077,TRUE,"gustavo_petro",0.612342529102217,TRUE,"IVÁN CEPEDA CASTRO",12542,"exact",FALSE,-0.00925744314586086,"No Switch (Still Petro)"
"70523","Sucre","Palmito","28","120","PALMITO",0.501800000667572,TRUE,"gustavo_petro",0.632268203247774,TRUE,"IVÁN CEPEDA CASTRO",7636,"exact",FALSE,0.130468202580202,"No Switch (Still Petro)"
"70670","Sucre","Sampues","28","160","SAMPUES",0.560400009155273,TRUE,"gustavo_petro",0.617158944976786,TRUE,"IVÁN CEPEDA CASTRO",20246,"exact",FALSE,0.0567589358215121,"No Switch (Still Petro)"
"70678","Sucre","San Benito Abad","28","180","SAN BENITO ABAD",0.53439998626709,TRUE,"gustavo_petro",0.541111319692134,TRUE,"IVÁN CEPEDA CASTRO",10654,"exact",FALSE,0.0067113334250446,"No Switch (Still Petro)"
"70708","Sucre","San Marcos","28","200","SAN MARCOS",0.49099999666214,TRUE,"gustavo_petro",0.558563014252956,TRUE,"IVÁN CEPEDA CASTRO",22241,"exact",FALSE,0.0675630175908164,"No Switch (Still Petro)"
"70713","Sucre","San Onofre","28","220","SAN ONOFRE",0.558600008487701,TRUE,"gustavo_petro",0.684364344861179,TRUE,"IVÁN CEPEDA CASTRO",18477,"exact",FALSE,0.125764336373477,"No Switch (Still Petro)"
"73001","Tolima","Ibague","29","001","IBAGUE",0.350899994373322,TRUE,"gustavo_petro",0.354292479225766,FALSE,"ABELARDO DE LA ESPRIELLA",309157,"exact",TRUE,0.00339248485244403,"Switched (Voted Petro before, not anymore)"
"73024","Tolima","Alpujarra","29","004","ALPUJARRA",0.166000008583069,FALSE,"rodolfo_hernández",0.190632318501171,FALSE,"ABELARDO DE LA ESPRIELLA",2135,"exact",FALSE,0.0246323099181021,"Did not vote Petro before"
"73026","Tolima","Alvarado","29","007","ALVARADO",0.302199989557266,FALSE,"rodolfo_hernández",0.405235602094241,FALSE,"ABELARDO DE LA ESPRIELLA",4775,"exact",FALSE,0.103035612536975,"Did not vote Petro before"
"73030","Tolima","Ambalema","29","010","AMBALEMA",0.334600001573563,FALSE,"rodolfo_hernández",0.472902097902098,TRUE,"IVÁN CEPEDA CASTRO",3432,"exact",FALSE,0.138302096328535,"Did not vote Petro before"
"73043","Tolima","Anzoategui","29","013","ANZOATEGUI",0.190200001001358,FALSE,"rodolfo_hernández",0.231657260133402,FALSE,"ABELARDO DE LA ESPRIELLA",3898,"exact",FALSE,0.0414572591320437,"Did not vote Petro before"
"73067","Tolima","Ataco","29","019","ATACO",0.145899996161461,FALSE,"rodolfo_hernández",0.186166007905138,FALSE,"ABELARDO DE LA ESPRIELLA",7590,"exact",FALSE,0.0402660117436775,"Did not vote Petro before"
"73124","Tolima","Cajamarca","29","022","CAJAMARCA",0.268500000238419,FALSE,"rodolfo_hernández",0.320123633955183,FALSE,"ABELARDO DE LA ESPRIELLA",9059,"exact",FALSE,0.0516236337167641,"Did not vote Petro before"
"73148","Tolima","Carmen De Apicala","29","025","CARMEN DE APICALA",0.195800006389618,FALSE,"rodolfo_hernández",0.255046459468119,FALSE,"ABELARDO DE LA ESPRIELLA",6242,"exact",FALSE,0.0592464530785013,"Did not vote Petro before"
"73152","Tolima","Casabianca","29","028","CASABIANCA",0.17909999191761,FALSE,"rodolfo_hernández",0.202030456852792,FALSE,"ABELARDO DE LA ESPRIELLA",2955,"exact",FALSE,0.0229304649351817,"Did not vote Petro before"
"73168","Tolima","Chaparral","29","040","CHAPARRAL",0.283199995756149,FALSE,"rodolfo_hernández",0.334785992217899,FALSE,"ABELARDO DE LA ESPRIELLA",19275,"exact",FALSE,0.0515859964617496,"Did not vote Petro before"
"73200","Tolima","Coello","29","031","COELLO",0.404100000858307,FALSE,"rodolfo_hernández",0.490475235612593,TRUE,"IVÁN CEPEDA CASTRO",4987,"exact",FALSE,0.0863752347542859,"Did not vote Petro before"
"73217","Tolima","Coyaima","29","034","COYAIMA",0.487000018358231,TRUE,"gustavo_petro",0.521579156722355,TRUE,"IVÁN CEPEDA CASTRO",10056,"exact",FALSE,0.0345791383641242,"No Switch (Still Petro)"
"73226","Tolima","Cunday","29","037","CUNDAY",0.171499997377396,FALSE,"rodolfo_hernández",0.186557628418094,FALSE,"ABELARDO DE LA ESPRIELLA",3913,"exact",FALSE,0.0150576310406979,"Did not vote Petro before"
"73236","Tolima","Dolores","29","043","DOLORES",0.20160000026226,FALSE,"rodolfo_hernández",0.198682209832742,FALSE,"ABELARDO DE LA ESPRIELLA",3946,"exact",FALSE,-0.00291779042951842,"Did not vote Petro before"
"73268","Tolima","Espinal","29","046","ESPINAL",0.297700017690659,FALSE,"rodolfo_hernández",0.349325109953996,FALSE,"ABELARDO DE LA ESPRIELLA",39562,"exact",FALSE,0.0516250922633377,"Did not vote Petro before"
"73270","Tolima","Falan","29","049","FALAN",0.262800008058548,FALSE,"rodolfo_hernández",0.362596511295396,FALSE,"ABELARDO DE LA ESPRIELLA",3497,"exact",FALSE,0.0997965032368481,"Did not vote Petro before"
"73275","Tolima","Flandes","29","052","FLANDES",0.264500021934509,FALSE,"rodolfo_hernández",0.39461994076999,FALSE,"ABELARDO DE LA ESPRIELLA",12156,"exact",FALSE,0.130119918835481,"Did not vote Petro before"
"73283","Tolima","Fresno","29","055","FRESNO",0.184599995613098,FALSE,"rodolfo_hernández",0.243729068416376,FALSE,"ABELARDO DE LA ESPRIELLA",14631,"exact",FALSE,0.059129072803278,"Did not vote Petro before"
"73319","Tolima","Guamo","29","058","GUAMO",0.205599993467331,FALSE,"rodolfo_hernández",0.265324499903518,FALSE,"ABELARDO DE LA ESPRIELLA",15547,"exact",FALSE,0.0597245064361874,"Did not vote Petro before"
"73347","Tolima","Herveo","29","061","HERVEO",0.180300012230873,FALSE,"rodolfo_hernández",0.197794854660875,FALSE,"ABELARDO DE LA ESPRIELLA",2993,"exact",FALSE,0.0174948424300023,"Did not vote Petro before"
"73349","Tolima","Honda","29","064","HONDA",0.321599990129471,FALSE,"rodolfo_hernández",0.438676728409178,TRUE,"IVÁN CEPEDA CASTRO",13119,"exact",FALSE,0.117076738279707,"Did not vote Petro before"
"73352","Tolima","Icononzo","29","067","ICONONZO",0.403200000524521,FALSE,"rodolfo_hernández",0.442935779816514,TRUE,"IVÁN CEPEDA CASTRO",5450,"exact",FALSE,0.0397357792919929,"Did not vote Petro before"
"73408","Tolima","Lerida","29","070","LERIDA",0.381399989128113,TRUE,"gustavo_petro",0.508657757117955,TRUE,"IVÁN CEPEDA CASTRO",8605,"exact",FALSE,0.127257767989842,"No Switch (Still Petro)"
"73411","Tolima","Libano","29","073","LIBANO",0.416699975728989,TRUE,"gustavo_petro",0.46278651930092,TRUE,"IVÁN CEPEDA CASTRO",18367,"exact",FALSE,0.0460865435719315,"No Switch (Still Petro)"
"73449","Tolima","Melgar","29","079","MELGAR",0.190699994564056,FALSE,"rodolfo_hernández",0.261279799247177,FALSE,"ABELARDO DE LA ESPRIELLA",19925,"exact",FALSE,0.0705798046831205,"Did not vote Petro before"
"73461","Tolima","Murillo","29","080","MURILLO",0.309599995613098,FALSE,"rodolfo_hernández",0.333957553058677,FALSE,"ABELARDO DE LA ESPRIELLA",1602,"exact",FALSE,0.0243575574455785,"Did not vote Petro before"
"73483","Tolima","Natagaima","29","082","NATAGAIMA",0.457200020551682,TRUE,"gustavo_petro",0.515706806282722,TRUE,"IVÁN CEPEDA CASTRO",7640,"exact",FALSE,0.058506785731041,"No Switch (Still Petro)"
"73504","Tolima","Ortega","29","085","ORTEGA",0.309899985790253,FALSE,"rodolfo_hernández",0.356703146374829,FALSE,"ABELARDO DE LA ESPRIELLA",11696,"exact",FALSE,0.0468031605845763,"Did not vote Petro before"
"73520","Tolima","Palocabildo","29","087","PALOCABILDO",0.251700013875961,FALSE,"rodolfo_hernández",0.306065535672786,FALSE,"ABELARDO DE LA ESPRIELLA",4303,"exact",FALSE,0.0543655217968251,"Did not vote Petro before"
"73547","Tolima","Piedras","29","088","PIEDRAS",0.393700003623962,FALSE,"rodolfo_hernández",0.42950922163176,FALSE,"ABELARDO DE LA ESPRIELLA",3199,"exact",FALSE,0.0358092180077975,"Did not vote Petro before"
"73555","Tolima","Planadas","29","089","PLANADAS",0.267199993133545,FALSE,"rodolfo_hernández",0.329758967546024,FALSE,"ABELARDO DE LA ESPRIELLA",10538,"exact",FALSE,0.062558974412479,"Did not vote Petro before"
"73563","Tolima","Prado","29","091","PRADO",0.221000000834465,FALSE,"rodolfo_hernández",0.260065543071161,FALSE,"ABELARDO DE LA ESPRIELLA",4272,"exact",FALSE,0.039065542236696,"Did not vote Petro before"
"73585","Tolima","Purificacion","29","094","PURIFICACION",0.368699997663498,FALSE,"rodolfo_hernández",0.403776683087028,FALSE,"ABELARDO DE LA ESPRIELLA",12180,"exact",FALSE,0.03507668542353,"Did not vote Petro before"
"73616","Tolima","Rioblanco","29","097","RIOBLANCO",0.167199999094009,FALSE,"rodolfo_hernández",0.254242290098864,FALSE,"ABELARDO DE LA ESPRIELLA",6777,"exact",FALSE,0.0870422910048544,"Did not vote Petro before"
"73622","Tolima","Roncesvalles","29","100","RONCESVALLES",0.158900007605553,FALSE,"rodolfo_hernández",0.198944591029024,FALSE,"ABELARDO DE LA ESPRIELLA",1895,"exact",FALSE,0.0400445834234711,"Did not vote Petro before"
"73624","Tolima","Rovira","29","103","ROVIRA",0.175599992275238,FALSE,"rodolfo_hernández",0.194849271311639,FALSE,"ABELARDO DE LA ESPRIELLA",10018,"exact",FALSE,0.019249279036401,"Did not vote Petro before"
"73671","Tolima","Saldana","29","105","SALDAÑA",0.234899997711182,FALSE,"rodolfo_hernández",0.302340873224619,FALSE,"ABELARDO DE LA ESPRIELLA",7604,"exact",FALSE,0.067440875513437,"Did not vote Petro before"
"73675","Tolima","San Antonio","29","106","SAN ANTONIO",0.160899996757507,FALSE,"rodolfo_hernández",0.224599961442067,FALSE,"ABELARDO DE LA ESPRIELLA",5187,"exact",FALSE,0.0636999646845594,"Did not vote Petro before"
"73686","Tolima","Santa Isabel","29","112","SANTA ISABEL",0.172800004482269,FALSE,"rodolfo_hernández",0.198232808298118,FALSE,"ABELARDO DE LA ESPRIELLA",2603,"exact",FALSE,0.0254328038158483,"Did not vote Petro before"
"73854","Tolima","Valle De San Juan","29","118","VALLE DE SAN JUAN",0.146899998188019,FALSE,"federico_gutiérrez",0.165189649060617,FALSE,"ABELARDO DE LA ESPRIELLA",2821,"exact",FALSE,0.018289650872598,"Did not vote Petro before"
"73861","Tolima","Venadillo","29","121","VENADILLO",0.29559999704361,FALSE,"rodolfo_hernández",0.391965255157438,FALSE,"ABELARDO DE LA ESPRIELLA",6447,"exact",FALSE,0.096365258113828,"Did not vote Petro before"
"73870","Tolima","Villahermosa","29","124","VILLAHERMOSA",0.200000002980232,FALSE,"rodolfo_hernández",0.239797438188859,FALSE,"ABELARDO DE LA ESPRIELLA",3357,"exact",FALSE,0.0397974352086269,"Did not vote Petro before"
"73873","Tolima","Villarrica","29","127","VILLARRICA",0.158000007271767,FALSE,"federico_gutiérrez",0.202857142857143,FALSE,"ABELARDO DE LA ESPRIELLA",2800,"exact",FALSE,0.0448571355853762,"Did not vote Petro before"
"76001","Valle Del Cauca","Cali","31","001","CALI",0.533600032329559,TRUE,"gustavo_petro",0.510105257433976,TRUE,"IVÁN CEPEDA CASTRO",1066623,"exact",FALSE,-0.0234947748955832,"No Switch (Still Petro)"
"76020","Valle Del Cauca","Alcala","31","004","ALCALA",0.335900008678436,FALSE,"rodolfo_hernández",0.382972087946359,FALSE,"ABELARDO DE LA ESPRIELLA",6413,"exact",FALSE,0.0470720792679227,"Did not vote Petro before"
"76036","Valle Del Cauca","Andalucia","31","007","ANDALUCIA",0.519500017166138,TRUE,"gustavo_petro",0.546060440062083,TRUE,"IVÁN CEPEDA CASTRO",10953,"exact",FALSE,0.0265604228959457,"No Switch (Still Petro)"
"76041","Valle Del Cauca","Ansermanuevo","31","010","ANSERMANUEVO",0.237900003790855,FALSE,"rodolfo_hernández",0.317096018735363,FALSE,"ABELARDO DE LA ESPRIELLA",8540,"exact",FALSE,0.0791960149445076,"Did not vote Petro before"
"76109","Valle Del Cauca","Buenaventura","31","019","BUENAVENTURA",0.78300005197525,TRUE,"gustavo_petro",0.79093387792346,TRUE,"IVÁN CEPEDA CASTRO",92057,"exact",FALSE,0.00793382594821024,"No Switch (Still Petro)"
"76113","Valle Del Cauca","Bugalagrande","31","025","BUGALAGRANDE",0.605000019073486,TRUE,"gustavo_petro",0.627691288506128,TRUE,"IVÁN CEPEDA CASTRO",12076,"exact",FALSE,0.0226912694326415,"No Switch (Still Petro)"
"76122","Valle Del Cauca","Caicedonia","31","028","CAICEDONIA",0.278099983930588,FALSE,"federico_gutiérrez",0.313519568718056,FALSE,"ABELARDO DE LA ESPRIELLA",14283,"exact",FALSE,0.0354195847874686,"Did not vote Petro before"
"76147","Valle Del Cauca","Cartago","31","034","CARTAGO",0.3716000020504,TRUE,"gustavo_petro",0.370597197741463,FALSE,"ABELARDO DE LA ESPRIELLA",66946,"exact",TRUE,-0.00100280430893651,"Switched (Voted Petro before, not anymore)"
"76233","Valle Del Cauca","Dagua","31","037","DAGUA",0.41049998998642,TRUE,"gustavo_petro",0.469820722247907,TRUE,"IVÁN CEPEDA CASTRO",19467,"exact",FALSE,0.059320732261487,"No Switch (Still Petro)"
"76243","Valle Del Cauca","El Aguila","31","043","EL AGUILA",0.17509999871254,FALSE,"rodolfo_hernández",0.190488841657811,FALSE,"ABELARDO DE LA ESPRIELLA",3764,"exact",FALSE,0.0153888429452712,"Did not vote Petro before"
"76246","Valle Del Cauca","El Cairo","31","046","EL CAIRO",0.201100006699562,FALSE,"rodolfo_hernández",0.259845288326301,FALSE,"ABELARDO DE LA ESPRIELLA",2844,"exact",FALSE,0.0587452816267389,"Did not vote Petro before"
"76248","Valle Del Cauca","El Cerrito","31","049","EL CERRITO",0.653099954128265,TRUE,"gustavo_petro",0.658841048062605,TRUE,"IVÁN CEPEDA CASTRO",31563,"exact",FALSE,0.00574109393433953,"No Switch (Still Petro)"
"76250","Valle Del Cauca","El Dovio","31","052","EL DOVIO",0.271100014448166,FALSE,"rodolfo_hernández",0.307619587823785,FALSE,"ABELARDO DE LA ESPRIELLA",5289,"exact",FALSE,0.0365195733756193,"Did not vote Petro before"
"76275","Valle Del Cauca","Florida","31","055","FLORIDA",0.711099982261658,TRUE,"gustavo_petro",0.711940859541411,TRUE,"IVÁN CEPEDA CASTRO",31924,"exact",FALSE,0.000840877279753127,"No Switch (Still Petro)"
"76306","Valle Del Cauca","Ginebra","31","058","GINEBRA",0.488499999046326,TRUE,"gustavo_petro",0.503570790930191,TRUE,"IVÁN CEPEDA CASTRO",11202,"exact",FALSE,0.0150707918838654,"No Switch (Still Petro)"
"76318","Valle Del Cauca","Guacari","31","061","GUACARI",0.649899959564209,TRUE,"gustavo_petro",0.672323322541029,TRUE,"IVÁN CEPEDA CASTRO",17914,"exact",FALSE,0.0224233629768203,"No Switch (Still Petro)"
"76364","Valle Del Cauca","Jamundi","31","064","JAMUNDI",0.574900031089783,TRUE,"gustavo_petro",0.547072736582868,TRUE,"IVÁN CEPEDA CASTRO",82022,"exact",FALSE,-0.0278272945069147,"No Switch (Still Petro)"
"76377","Valle Del Cauca","La Cumbre","31","067","LA CUMBRE",0.418799996376038,TRUE,"gustavo_petro",0.477626699629172,TRUE,"IVÁN CEPEDA CASTRO",8090,"exact",FALSE,0.0588267032531342,"No Switch (Still Petro)"
"76497","Valle Del Cauca","Obando","31","076","OBANDO",0.446399986743927,TRUE,"gustavo_petro",0.513048306496391,TRUE,"IVÁN CEPEDA CASTRO",5403,"exact",FALSE,0.0666483197524639,"No Switch (Still Petro)"
"76520","Valle Del Cauca","Palmira","31","079","PALMIRA",0.553300023078918,TRUE,"gustavo_petro",0.544541111632552,TRUE,"IVÁN CEPEDA CASTRO",166206,"exact",FALSE,-0.00875891144636609,"No Switch (Still Petro)"
"76563","Valle Del Cauca","Pradera","31","082","PRADERA",0.638999998569489,TRUE,"gustavo_petro",0.683235618999065,TRUE,"IVÁN CEPEDA CASTRO",23538,"exact",FALSE,0.0442356204295768,"No Switch (Still Petro)"
"76606","Valle Del Cauca","Restrepo","31","085","RESTREPO",0.380699992179871,TRUE,"gustavo_petro",0.416801292407108,FALSE,"ABELARDO DE LA ESPRIELLA",8047,"exact",TRUE,0.0361013002272376,"Switched (Voted Petro before, not anymore)"
"76616","Valle Del Cauca","Riofrio","31","088","RIOFRIO",0.371500015258789,TRUE,"gustavo_petro",0.40755254720342,FALSE,"ABELARDO DE LA ESPRIELLA",8421,"exact",TRUE,0.036052531944631,"Switched (Voted Petro before, not anymore)"
"76622","Valle Del Cauca","Roldanillo","31","091","ROLDANILLO",0.373199999332428,TRUE,"gustavo_petro",0.374878086340537,FALSE,"ABELARDO DE LA ESPRIELLA",19481,"exact",TRUE,0.00167808700810895,"Switched (Voted Petro before, not anymore)"
"76736","Valle Del Cauca","Sevilla","31","097","SEVILLA",0.367300003767014,TRUE,"gustavo_petro",0.400051853772362,TRUE,"IVÁN CEPEDA CASTRO",19285,"exact",FALSE,0.0327518500053484,"No Switch (Still Petro)"
"76823","Valle Del Cauca","Toro","31","100","TORO",0.223999992012978,FALSE,"rodolfo_hernández",0.253188474256023,FALSE,"ABELARDO DE LA ESPRIELLA",6351,"exact",FALSE,0.0291884822430451,"Did not vote Petro before"
"76828","Valle Del Cauca","Trujillo","31","103","TRUJILLO",0.272799998521805,FALSE,"rodolfo_hernández",0.324673851389677,FALSE,"ABELARDO DE LA ESPRIELLA",8815,"exact",FALSE,0.0518738528678719,"Did not vote Petro before"
"76834","Valle Del Cauca","Tulua","31","106","TULUA",0.431199997663498,TRUE,"gustavo_petro",0.433416593939029,TRUE,"IVÁN CEPEDA CASTRO",99687,"exact",FALSE,0.00221659627553122,"No Switch (Still Petro)"
"76845","Valle Del Cauca","Ulloa","31","109","ULLOA",0.34349998831749,TRUE,"gustavo_petro",0.412280701754386,TRUE,"IVÁN CEPEDA CASTRO",2622,"exact",FALSE,0.0687807134368963,"No Switch (Still Petro)"
"76863","Valle Del Cauca","Versalles","31","112","VERSALLES",0.209799990057945,FALSE,"federico_gutiérrez",0.207259337190952,FALSE,"ABELARDO DE LA ESPRIELLA",3802,"exact",FALSE,-0.00254065286699312,"Did not vote Petro before"
"76869","Valle Del Cauca","Vijes","31","115","VIJES",0.533300042152405,TRUE,"gustavo_petro",0.589467200492763,TRUE,"IVÁN CEPEDA CASTRO",6494,"exact",FALSE,0.0561671583403578,"No Switch (Still Petro)"
"76890","Valle Del Cauca","Yotoco","31","118","YOTOCO",0.482499986886978,TRUE,"gustavo_petro",0.546569205376091,TRUE,"IVÁN CEPEDA CASTRO",8482,"exact",FALSE,0.0640692184891124,"No Switch (Still Petro)"
"76892","Valle Del Cauca","Yumbo","31","121","YUMBO",0.673200011253357,TRUE,"gustavo_petro",0.677284500386241,TRUE,"IVÁN CEPEDA CASTRO",66021,"exact",FALSE,0.00408448913288384,"No Switch (Still Petro)"
"76895","Valle Del Cauca","Zarzal","31","124","ZARZAL",0.6075000166893,TRUE,"gustavo_petro",0.597382568079669,TRUE,"IVÁN CEPEDA CASTRO",22694,"exact",FALSE,-0.0101174486096319,"No Switch (Still Petro)"
"81001","Arauca","Arauca","40","001","ARAUCA",0.146999999880791,FALSE,"rodolfo_hernández",0.200061180789232,FALSE,"ABELARDO DE LA ESPRIELLA",35959,"exact",FALSE,0.0530611809084415,"Did not vote Petro before"
"81065","Arauca","Arauquita","40","010","ARAUQUITA",0.372299998998642,FALSE,"rodolfo_hernández",0.522437861763704,TRUE,"IVÁN CEPEDA CASTRO",14685,"exact",FALSE,0.150137862765062,"Did not vote Petro before"
"81220","Arauca","Cravo Norte","40","015","CRAVO NORTE",0.144999995827675,FALSE,"rodolfo_hernández",0.179259259259259,FALSE,"ABELARDO DE LA ESPRIELLA",1350,"exact",FALSE,0.0342592634315844,"Did not vote Petro before"
"81300","Arauca","Fortul","40","017","FORTUL",0.391100019216537,FALSE,"rodolfo_hernández",0.605098529871755,TRUE,"IVÁN CEPEDA CASTRO",6394,"exact",FALSE,0.213998510655217,"Did not vote Petro before"
"81591","Arauca","Puerto Rondon","40","020","PUERTO RONDON",0.0879999995231628,FALSE,"rodolfo_hernández",0.1414204902577,FALSE,"ABELARDO DE LA ESPRIELLA",1591,"exact",FALSE,0.0534204907345367,"Did not vote Petro before"
"81736","Arauca","Saravena","40","025","SARAVENA",0.279699981212616,FALSE,"rodolfo_hernández",0.43041634541249,TRUE,"IVÁN CEPEDA CASTRO",20752,"exact",FALSE,0.150716364199874,"Did not vote Petro before"
"81794","Arauca","Tame","40","005","TAME",0.237800002098083,FALSE,"rodolfo_hernández",0.296760087457762,FALSE,"ABELARDO DE LA ESPRIELLA",20124,"exact",FALSE,0.0589600853596784,"Did not vote Petro before"
"85001","Casanare","Yopal","46","001","YOPAL",0.253600001335144,FALSE,"rodolfo_hernández",0.272263151775239,FALSE,"ABELARDO DE LA ESPRIELLA",94607,"exact",FALSE,0.0186631504400946,"Did not vote Petro before"
"85010","Casanare","Aguazul","46","040","AGUAZUL",0.225400015711784,FALSE,"rodolfo_hernández",0.271265240286541,FALSE,"ABELARDO DE LA ESPRIELLA",21079,"exact",FALSE,0.0458652245747567,"Did not vote Petro before"
"85015","Casanare","Chameza","46","120","CHAMEZA",0.19820000231266,FALSE,"rodolfo_hernández",0.210401891252955,FALSE,"ABELARDO DE LA ESPRIELLA",1269,"exact",FALSE,0.0122018889402949,"Did not vote Petro before"
"85125","Casanare","Hato Corozal","46","320","HATO COROZAL",0.148299992084503,FALSE,"rodolfo_hernández",0.167637271214642,FALSE,"ABELARDO DE LA ESPRIELLA",4808,"exact",FALSE,0.0193372791301391,"Did not vote Petro before"
"85136","Casanare","La Salina","46","480","LA SALINA",0.622900009155273,TRUE,"gustavo_petro",0.588688946015424,TRUE,"IVÁN CEPEDA CASTRO",389,"exact",FALSE,-0.0342110631398492,"No Switch (Still Petro)"
"85139","Casanare","Mani","46","520","MANI",0.174699991941452,FALSE,"rodolfo_hernández",0.239811296029354,FALSE,"ABELARDO DE LA ESPRIELLA",7631,"exact",FALSE,0.0651113040879019,"Did not vote Petro before"
"85162","Casanare","Monterrey","46","540","MONTERREY",0.208799988031387,FALSE,"rodolfo_hernández",0.229994340690436,FALSE,"ABELARDO DE LA ESPRIELLA",8835,"exact",FALSE,0.0211943526590484,"Did not vote Petro before"
"85225","Casanare","Nunchia","46","560","NUNCHIA",0.116499997675419,FALSE,"rodolfo_hernández",0.134954697186457,FALSE,"ABELARDO DE LA ESPRIELLA",4194,"exact",FALSE,0.018454699511038,"Did not vote Petro before"
"85230","Casanare","Orocue","46","640","OROCUE",0.21450001001358,FALSE,"rodolfo_hernández",0.244580212849823,FALSE,"ABELARDO DE LA ESPRIELLA",5074,"exact",FALSE,0.0300802028362423,"Did not vote Petro before"
"85263","Casanare","Pore","46","700","PORE",0.144099995493889,FALSE,"rodolfo_hernández",0.158317757009346,FALSE,"ABELARDO DE LA ESPRIELLA",5350,"exact",FALSE,0.014217761515457,"Did not vote Petro before"
"85279","Casanare","Recetor","46","760","RECETOR",0.195100009441376,FALSE,"rodolfo_hernández",0.235813366960908,FALSE,"ABELARDO DE LA ESPRIELLA",793,"exact",FALSE,0.0407133575195322,"Did not vote Petro before"
"85315","Casanare","Sacama","46","815","SACAMA",0.53549998998642,TRUE,"gustavo_petro",0.563520871143376,TRUE,"IVÁN CEPEDA CASTRO",1102,"exact",FALSE,0.028020881156956,"No Switch (Still Petro)"
"85325","Casanare","San Luis De Palenque","46","830","SAN LUIS DE PALENQUE",0.125299990177155,FALSE,"rodolfo_hernández",0.125500353190487,FALSE,"ABELARDO DE LA ESPRIELLA",4247,"exact",FALSE,0.000200363013332872,"Did not vote Petro before"
"85400","Casanare","Tamara","46","840","TAMARA",0.173600003123283,FALSE,"rodolfo_hernández",0.176781002638522,FALSE,"ABELARDO DE LA ESPRIELLA",2653,"exact",FALSE,0.00318099951523904,"Did not vote Petro before"
"85410","Casanare","Tauramena","46","850","TAURAMENA",0.205899998545647,FALSE,"rodolfo_hernández",0.214151197202045,FALSE,"ABELARDO DE LA ESPRIELLA",14868,"exact",FALSE,0.00825119865639798,"Did not vote Petro before"
"85430","Casanare","Trinidad","46","865","TRINIDAD",0.135399997234344,FALSE,"rodolfo_hernández",0.159018322407127,FALSE,"ABELARDO DE LA ESPRIELLA",5949,"exact",FALSE,0.0236183251727828,"Did not vote Petro before"
"86001","Putumayo","Mocoa","64","001","MOCOA",0.679400026798248,TRUE,"gustavo_petro",0.680598432676324,TRUE,"IVÁN CEPEDA CASTRO",25266,"exact",FALSE,0.00119840587807563,"No Switch (Still Petro)"
"86219","Putumayo","Colon","64","007","COLON",0.666700005531311,TRUE,"gustavo_petro",0.654355400696864,TRUE,"IVÁN CEPEDA CASTRO",2870,"exact",FALSE,-0.0123446048344469,"No Switch (Still Petro)"
"86320","Putumayo","Orito","64","023","ORITO",0.838299989700317,TRUE,"gustavo_petro",0.795407877543401,TRUE,"IVÁN CEPEDA CASTRO",16071,"exact",FALSE,-0.0428921121569162,"No Switch (Still Petro)"
"86568","Putumayo","Puerto Asis","64","002","PUERTO ASIS",0.669400036334991,TRUE,"gustavo_petro",0.66927461719012,TRUE,"IVÁN CEPEDA CASTRO",26841,"exact",FALSE,-0.000125419144871852,"No Switch (Still Petro)"
"86569","Putumayo","Puerto Caicedo","64","026","PUERTO CAICEDO",0.791900038719177,TRUE,"gustavo_petro",0.714604462474645,TRUE,"IVÁN CEPEDA CASTRO",4930,"exact",FALSE,-0.0772955762445322,"No Switch (Still Petro)"
"86571","Putumayo","Puerto Guzman","64","025","PUERTO GUZMAN",0.603600025177002,TRUE,"gustavo_petro",0.659225092250923,TRUE,"IVÁN CEPEDA CASTRO",5420,"exact",FALSE,0.0556250670739206,"No Switch (Still Petro)"
"86573","Putumayo","Puerto Leguizamo","64","004","PUERTO LEGUIZAMO",0.433499991893768,TRUE,"gustavo_petro",0.519949220166848,TRUE,"IVÁN CEPEDA CASTRO",5514,"exact",FALSE,0.0864492282730797,"No Switch (Still Petro)"
"86749","Putumayo","Sibundoy","64","019","SIBUNDOY",0.699400007724762,TRUE,"gustavo_petro",0.68896229011836,TRUE,"IVÁN CEPEDA CASTRO",7266,"exact",FALSE,-0.0104377176064024,"No Switch (Still Petro)"
"86885","Putumayo","Villagarzon","64","030","VILLAGARZON",0.59909999370575,TRUE,"gustavo_petro",0.644766651563208,TRUE,"IVÁN CEPEDA CASTRO",11035,"exact",FALSE,0.0456666578574585,"No Switch (Still Petro)"
"91001","Amazonas","Leticia","60","001","LETICIA",0.420400023460388,TRUE,"gustavo_petro",0.496519832189169,TRUE,"IVÁN CEPEDA CASTRO",20976,"exact",FALSE,0.0761198087287804,"No Switch (Still Petro)"
"91263","Amazonas","El Encanto","60","010","EL ENCANTO",0.604300022125244,TRUE,"gustavo_petro",0.797047970479705,TRUE,"IVÁN CEPEDA CASTRO",271,"exact",FALSE,0.192747948354461,"No Switch (Still Petro)"
"91405","Amazonas","La Chorrera","60","013","LA CHORRERA",0.547999978065491,TRUE,"gustavo_petro",0.926746166950596,TRUE,"IVÁN CEPEDA CASTRO",587,"exact",FALSE,0.378746188885106,"No Switch (Still Petro)"
"91407","Amazonas","La Pedrera","60","016","LA PEDRERA",0.729200005531311,TRUE,"gustavo_petro",0.807407407407407,TRUE,"IVÁN CEPEDA CASTRO",405,"exact",FALSE,0.0782074018760964,"No Switch (Still Petro)"
"91460","Amazonas","Miriti - Parana","60","019","MIRITI PARANA",0.883700013160706,TRUE,"gustavo_petro",0.927083333333333,TRUE,"IVÁN CEPEDA CASTRO",96,"exact",FALSE,0.0433833201726278,"No Switch (Still Petro)"
"91530","Amazonas","Puerto Alegria","60","030","PUERTO ALEGRIA",0.64190000295639,TRUE,"gustavo_petro",0.839285714285714,TRUE,"IVÁN CEPEDA CASTRO",112,"exact",FALSE,0.197385711329324,"No Switch (Still Petro)"
"91536","Amazonas","Puerto Arica","60","040","PUERTO ARICA",0.618399977684021,TRUE,"gustavo_petro",0.857894736842105,TRUE,"IVÁN CEPEDA CASTRO",190,"exact",FALSE,0.239494759158084,"No Switch (Still Petro)"
"91540","Amazonas","Puerto Narino","60","007","PUERTO NARIÑO",0.637099981307983,TRUE,"gustavo_petro",0.72767658818303,TRUE,"IVÁN CEPEDA CASTRO",2251,"exact",FALSE,0.0905766068750463,"No Switch (Still Petro)"
"91798","Amazonas","Tarapaca","60","022","TARAPACA",0.565400004386902,TRUE,"gustavo_petro",0.710578842315369,TRUE,"IVÁN CEPEDA CASTRO",501,"exact",FALSE,0.145178837928467,"No Switch (Still Petro)"
"94001","Guainia","Inirida","50","001","INIRIDA",0.430999994277954,TRUE,"gustavo_petro",0.512377782400666,TRUE,"IVÁN CEPEDA CASTRO",9614,"exact",FALSE,0.0813777881227116,"No Switch (Still Petro)"
"94343","Guainia","Barrancominas","50","070","BARRANCOMINAS",0.771799981594086,TRUE,"gustavo_petro",0.845127610208817,TRUE,"IVÁN CEPEDA CASTRO",1724,"exact",FALSE,0.073327628614731,"No Switch (Still Petro)"
"94883","Guainia","San Felipe","50","092","SAN FELIPE",0.325899988412857,FALSE,"rodolfo_hernández",0.415584415584416,TRUE,"ABELARDO DE LA ESPRIELLA",154,"exact",FALSE,0.0896844271715586,"Did not vote Petro before"
"94885","Guainia","La Guadalupe","50","078","LA GUADALUPE",0.407400012016296,FALSE,"rodolfo_hernández",0.396825396825397,TRUE,"IVÁN CEPEDA CASTRO",63,"exact",FALSE,-0.0105746151908996,"Did not vote Petro before"
"94886","Guainia","Cacahual","50","073","CACAHUAL",0.611100018024445,TRUE,"gustavo_petro",0.75609756097561,TRUE,"IVÁN CEPEDA CASTRO",41,"exact",FALSE,0.144997542951165,"No Switch (Still Petro)"
"95001","Guaviare","San Jose Del Guaviare","54","001","SAN JOSE DEL GUAVIARE",0.346599996089935,FALSE,"rodolfo_hernández",0.353084133780812,FALSE,"ABELARDO DE LA ESPRIELLA",25923,"exact",FALSE,0.00648413769087708,"Did not vote Petro before"
"95025","Guaviare","El Retorno","54","007","EL RETORNO",0.278099983930588,FALSE,"rodolfo_hernández",0.278073726827189,FALSE,"ABELARDO DE LA ESPRIELLA",4693,"exact",FALSE,-2.62571033983194e-05,"Did not vote Petro before"
"97001","Vaupes","Mitu","68","001","MITU",0.662900030612946,TRUE,"gustavo_petro",0.736386632938357,TRUE,"IVÁN CEPEDA CASTRO",7511,"exact",FALSE,0.0734866023254115,"No Switch (Still Petro)"
"97161","Vaupes","Caruru","68","004","CARURU",0.806400001049042,TRUE,"gustavo_petro",0.764814814814815,TRUE,"IVÁN CEPEDA CASTRO",540,"exact",FALSE,-0.0415851862342269,"No Switch (Still Petro)"
"97666","Vaupes","Taraira","68","017","TARAIRA",0.5382000207901,TRUE,"gustavo_petro",0.684729064039409,TRUE,"IVÁN CEPEDA CASTRO",406,"exact",FALSE,0.146529043249309,"No Switch (Still Petro)"
"97889","Vaupes","Yavarate","68","022","YAVARATE",0.702399969100952,TRUE,"gustavo_petro",0.898591549295775,TRUE,"IVÁN CEPEDA CASTRO",355,"exact",FALSE,0.196191580194823,"No Switch (Still Petro)"
"99001","Vichada","Puerto Carreno","72","001","PUERTO CARREÑO",0.287400007247925,FALSE,"rodolfo_hernández",0.326954302945952,FALSE,"ABELARDO DE LA ESPRIELLA",8622,"exact",FALSE,0.0395542956980274,"Did not vote Petro before"
"99524","Vichada","La Primavera","72","008","LA PRIMAVERA",0.13289999961853,FALSE,"rodolfo_hernández",0.185493119266055,FALSE,"ABELARDO DE LA ESPRIELLA",3488,"exact",FALSE,0.0525931196475248,"Did not vote Petro before"
"99624","Vichada","Santa Rosalia","72","002","SANTA ROSALIA",0.13629999756813,FALSE,"rodolfo_hernández",0.17451690821256,FALSE,"ABELARDO DE LA ESPRIELLA",1656,"exact",FALSE,0.0382169106444299,"Did not vote Petro before"
"99773","Vichada","Cumaribo","72","006","CUMARIBO",0.559300005435944,TRUE,"gustavo_petro",0.771661569826707,TRUE,"IVÁN CEPEDA CASTRO",7848,"exact",FALSE,0.212361564390764,"No Switch (Still Petro)"
"05042","Antioquia","Santa Fe De Antioquia","01","031","ANTIOQUIA",0.215400010347366,FALSE,"federico_gutiérrez",0.265359264382781,FALSE,"ABELARDO DE LA ESPRIELLA",12289,"substring",FALSE,0.049959254035415,"Did not vote Petro before"
"05101","Antioquia","Ciudad Bolivar","01","058","BOLIVAR",0.119699999690056,FALSE,"federico_gutiérrez",0.13789049378569,FALSE,"ABELARDO DE LA ESPRIELLA",11908,"substring",FALSE,0.0181904940956344,"Did not vote Petro before"
"05148","Antioquia","El Carmen De Viboral","01","082","CARMEN DE VIBORAL",0.218400001525879,FALSE,"federico_gutiérrez",0.22263183664065,FALSE,"ABELARDO DE LA ESPRIELLA",34721,"substring",FALSE,0.00423183511477085,"Did not vote Petro before"
"05585","Antioquia","Puerto Nare","01","168","PUERTO NARE-LA MAGDALENA",0.38629999756813,TRUE,"gustavo_petro",0.439455782312925,TRUE,"IVÁN CEPEDA CASTRO",5880,"substring",FALSE,0.0531557847447947,"No Switch (Still Petro)"
"05647","Antioquia","San Andres De Cuerquia","01","223","SAN ANDRES",0.143800005316734,FALSE,"federico_gutiérrez",0.182869379014989,FALSE,"ABELARDO DE LA ESPRIELLA",2335,"substring",FALSE,0.039069373698255,"Did not vote Petro before"
"05664","Antioquia","San Pedro De Los Milagros","01","235","SAN PEDRO",0.130300000309944,FALSE,"federico_gutiérrez",0.141020490156689,FALSE,"ABELARDO DE LA ESPRIELLA",14934,"substring",FALSE,0.0107204898467453,"Did not vote Petro before"
"05674","Antioquia","San Vicente Ferrer","01","244","SAN VICENTE",0.124399997293949,FALSE,"federico_gutiérrez",0.113180148629025,FALSE,"ABELARDO DE LA ESPRIELLA",11707,"substring",FALSE,-0.0112198486649238,"Did not vote Petro before"
"05697","Antioquia","El Santuario","01","256","SANTUARIO",0.101400002837181,FALSE,"federico_gutiérrez",0.0952019299499643,FALSE,"ABELARDO DE LA ESPRIELLA",22384,"substring",FALSE,-0.00619807288721683,"Did not vote Petro before"
"05893","Antioquia","Yondo","01","300","YONDO-CASABE",0.32039999961853,FALSE,"rodolfo_hernández",0.40002108147992,FALSE,"ABELARDO DE LA ESPRIELLA",9487,"substring",FALSE,0.0796210818613896,"Did not vote Petro before"
"13001","Bolivar","Cartagena De Indias","05","001","CARTAGENA",0.559000015258789,TRUE,"gustavo_petro",0.569624225307916,TRUE,"IVÁN CEPEDA CASTRO",420651,"substring",FALSE,0.0106242100491265,"No Switch (Still Petro)"
"13810","Bolivar","Tiquisio","05","113","TIQUISIO (PTO. RICO)",0.38289999961853,TRUE,"gustavo_petro",0.437864077669903,FALSE,"ABELARDO DE LA ESPRIELLA",5150,"substring",TRUE,0.0549640780513727,"Switched (Voted Petro before, not anymore)"
"15047","Boyaca","Aquitania","07","008","AQUITANIA (PUEBLOVIEJO)",0.148599997162819,FALSE,"rodolfo_hernández",0.160222457627119,FALSE,"ABELARDO DE LA ESPRIELLA",7552,"substring",FALSE,0.0116224604642997,"Did not vote Petro before"
"15332","Boyaca","Guican De La Sierra","07","112","GUICAN",0.323399990797043,FALSE,"rodolfo_hernández",0.358880778588808,FALSE,"ABELARDO DE LA ESPRIELLA",1644,"substring",FALSE,0.0354807877917649,"Did not vote Petro before"
"15407","Boyaca","Villa De Leyva","07","139","VILLA DE LEIVA",0.291599988937378,FALSE,"rodolfo_hernández",0.310566373430859,FALSE,"ABELARDO DE LA ESPRIELLA",10117,"levenshtein",FALSE,0.018966384493481,"Did not vote Petro before"
"19418","Cauca","Lopez De Micay","11","043","LOPEZ (MICAY)",0.83870005607605,TRUE,"gustavo_petro",0.88671068922823,TRUE,"IVÁN CEPEDA CASTRO",4846,"levenshtein",FALSE,0.0480106331521797,"No Switch (Still Petro)"
"19517","Cauca","Paez","11","055","PAEZ (BELALCAZAR)",0.78190004825592,TRUE,"gustavo_petro",0.802922415071948,TRUE,"IVÁN CEPEDA CASTRO",13482,"substring",FALSE,0.0210223668160274,"No Switch (Still Petro)"
"19532","Cauca","Patia","11","058","PATIA (EL BORDO)",0.774999976158142,TRUE,"gustavo_petro",0.641061176004752,TRUE,"IVÁN CEPEDA CASTRO",20204,"substring",FALSE,-0.133938800153391,"No Switch (Still Petro)"
"19548","Cauca","Piendamo - Tunia","11","061","PIENDAMO",0.490400016307831,TRUE,"gustavo_petro",0.507126508531003,TRUE,"IVÁN CEPEDA CASTRO",19224,"substring",FALSE,0.0167264922231721,"No Switch (Still Petro)"
"19585","Cauca","Purace","11","067","PURACE (COCONUCO)",0.662500023841858,TRUE,"gustavo_petro",0.691430488009391,TRUE,"IVÁN CEPEDA CASTRO",5963,"substring",FALSE,0.0289304641675333,"No Switch (Still Petro)"
"20443","Cesar","Manaure Balcon Del Cesar","12","625","MANAURE BALCON DEL CESAR (MANA",0.464199990034103,TRUE,"gustavo_petro",0.469521604938272,TRUE,"IVÁN CEPEDA CASTRO",5184,"substring",FALSE,0.00532161490416821,"No Switch (Still Petro)"
"23300","Cordoba","Cotorra","13","014","COTORRA (BONGO)",0.559499979019165,TRUE,"gustavo_petro",0.555124653739612,TRUE,"IVÁN CEPEDA CASTRO",9025,"substring",FALSE,-0.00437532527955287,"No Switch (Still Petro)"
"23350","Cordoba","La Apartada","13","020","LA APARTADA (FRONTERA)",0.618499994277954,TRUE,"gustavo_petro",0.697594501718213,TRUE,"IVÁN CEPEDA CASTRO",6111,"substring",FALSE,0.0790945074402589,"No Switch (Still Petro)"
"23586","Cordoba","Purisima De La Concepcion","13","034","PURISIMA",0.398200005292892,TRUE,"gustavo_petro",0.408362863217576,FALSE,"ABELARDO DE LA ESPRIELLA",7055,"substring",TRUE,0.0101628579246837,"Switched (Voted Petro before, not anymore)"
"25530","Cundinamarca","Paratebueno","15","198","PARATEBUENO (LA NAGUAYA)",0.129399999976158,FALSE,"rodolfo_hernández",0.204017576898933,FALSE,"ABELARDO DE LA ESPRIELLA",4779,"substring",FALSE,0.0746175769227747,"Did not vote Petro before"
"25843","Cundinamarca","Villa De San Diego De Ubate","15","304","UBATE",0.248199999332428,FALSE,"rodolfo_hernández",0.260088139490324,FALSE,"ABELARDO DE LA ESPRIELLA",26095,"substring",FALSE,0.0118881401578959,"Did not vote Petro before"
"27025","Choco","Alto Baudo","17","006","ALTO BAUDO (PIE DE PATO)",0.94870001077652,TRUE,"gustavo_petro",0.950629235237173,TRUE,"IVÁN CEPEDA CASTRO",5165,"substring",FALSE,0.00192922446065347,"No Switch (Still Petro)"
"27050","Choco","Atrato","17","002","ATRATO (YUTO)",0.780400037765503,TRUE,"gustavo_petro",0.76663118680149,TRUE,"IVÁN CEPEDA CASTRO",3758,"substring",FALSE,-0.0137688509640128,"No Switch (Still Petro)"
"27075","Choco","Bahia Solano","17","008","BAHIA SOLANO (MUTIS)",0.698599994182587,TRUE,"gustavo_petro",0.743239552034963,TRUE,"IVÁN CEPEDA CASTRO",3661,"substring",FALSE,0.0446395578523765,"No Switch (Still Petro)"
"27077","Choco","Bajo Baudo","17","010","BAJO BAUDO (PIZARRO)",0.824699997901917,TRUE,"gustavo_petro",0.844203790302732,TRUE,"IVÁN CEPEDA CASTRO",4063,"substring",FALSE,0.0195037924008155,"No Switch (Still Petro)"
"27099","Choco","Bojaya","17","011","BOJAYA (BELLAVISTA)",0.829699993133545,TRUE,"gustavo_petro",0.910241318422601,TRUE,"IVÁN CEPEDA CASTRO",3398,"substring",FALSE,0.0805413252890566,"No Switch (Still Petro)"
"27135","Choco","El Canton Del San Pablo","17","017","EL CANTON DEL SAN PABLO (MAN.",0.695100009441376,TRUE,"gustavo_petro",0.730654125694741,TRUE,"IVÁN CEPEDA CASTRO",2339,"substring",FALSE,0.0355541162533656,"No Switch (Still Petro)"
"27245","Choco","El Carmen De Atrato","17","016","EL CARMEN",0.26790001988411,FALSE,"rodolfo_hernández",0.355188435725348,FALSE,"ABELARDO DE LA ESPRIELLA",3874,"substring",FALSE,0.087288415841239,"Did not vote Petro before"
"27430","Choco","Medio Baudo","17","026","MEDIO BAUDO (PUERTO MELUK)",0.817099988460541,TRUE,"gustavo_petro",0.892491467576792,TRUE,"IVÁN CEPEDA CASTRO",3516,"substring",FALSE,0.075391479116251,"No Switch (Still Petro)"
"27600","Choco","Rio Quito","17","035","RIO QUITO (PAIMADO)",0.689100027084351,TRUE,"gustavo_petro",0.6928046989721,TRUE,"IVÁN CEPEDA CASTRO",3405,"substring",FALSE,0.00370467188774926,"No Switch (Still Petro)"
"27810","Choco","Union Panamericana","17","060","UNION PANAMERICANA (LAS ANIMAS",0.610000014305115,TRUE,"gustavo_petro",0.685582177385456,TRUE,"IVÁN CEPEDA CASTRO",2379,"substring",FALSE,0.0755821630803414,"No Switch (Still Petro)"
"41378","Huila","La Argentina","19","047","LA ARGENTINA (PLATA VIEJA)",0.369100004434586,FALSE,"rodolfo_hernández",0.316845878136201,FALSE,"ABELARDO DE LA ESPRIELLA",6975,"substring",FALSE,-0.0522541262983848,"Did not vote Petro before"
"41797","Huila","Tesalia","19","025","TESALIA (CARNICERIAS)",0.215300008654594,FALSE,"rodolfo_hernández",0.174540209159755,FALSE,"ABELARDO DE LA ESPRIELLA",5546,"substring",FALSE,-0.0407597994948397,"Did not vote Petro before"
"47058","Magdalena","Ariguani","21","012","ARIGUANI (EL DIFICIL)",0.411199986934662,TRUE,"gustavo_petro",0.442541291619331,FALSE,"ABELARDO DE LA ESPRIELLA",11443,"substring",TRUE,0.0313413046846687,"Switched (Voted Petro before, not anymore)"
"47980","Magdalena","Zona Bananera","21","095","ZONA BANANERA (SEVILLA)",0.654000043869019,TRUE,"gustavo_petro",0.71073336571151,TRUE,"IVÁN CEPEDA CASTRO",20590,"substring",FALSE,0.0567333218424919,"No Switch (Still Petro)"
"50689","Meta","San Martin","52","060","SAN MARTIN DE LOS LLANOS",0.17969998717308,FALSE,"rodolfo_hernández",0.271747432742086,FALSE,"ABELARDO DE LA ESPRIELLA",11783,"substring",FALSE,0.0920474455690056,"Did not vote Petro before"
"52019","Narino","Alban","23","004","ALBAN (SAN JOSE)",0.39860001206398,TRUE,"gustavo_petro",0.370764119601329,FALSE,"ABELARDO DE LA ESPRIELLA",4515,"substring",TRUE,-0.0278358924626512,"Switched (Voted Petro before, not anymore)"
"52051","Narino","Arboleda","23","013","ARBOLEDA (BERRUECOS)",0.511699974536896,TRUE,"gustavo_petro",0.508771929824561,TRUE,"IVÁN CEPEDA CASTRO",3363,"substring",FALSE,-0.00292804471233432,"No Switch (Still Petro)"
"52203","Narino","Colon","23","022","COLON (GENOVA)",0.72680002450943,TRUE,"gustavo_petro",0.67048786990136,TRUE,"IVÁN CEPEDA CASTRO",3751,"substring",FALSE,-0.0563121546080703,"No Switch (Still Petro)"
"52258","Narino","El Tablon De Gomez","23","043","EL TABLON",0.623600006103516,TRUE,"gustavo_petro",0.567851622874807,TRUE,"IVÁN CEPEDA CASTRO",6470,"substring",FALSE,-0.0557483832287088,"No Switch (Still Petro)"
"52418","Narino","Los Andes","23","085","LOS ANDES (SOTOMAYOR)",0.787600040435791,TRUE,"gustavo_petro",0.634305379460243,TRUE,"IVÁN CEPEDA CASTRO",5521,"substring",FALSE,-0.153294660975548,"No Switch (Still Petro)"
"52427","Narino","Magui","23","088","MAGUI (PAYAN)",0.915000021457672,TRUE,"gustavo_petro",0.935107655502392,TRUE,"IVÁN CEPEDA CASTRO",3344,"substring",FALSE,0.0201076340447203,"No Switch (Still Petro)"
"52435","Narino","Mallama","23","091","MALLAMA (PIEDRANCHA)",0.844599962234497,TRUE,"gustavo_petro",0.783898305084746,TRUE,"IVÁN CEPEDA CASTRO",3540,"substring",FALSE,-0.0607016571497513,"No Switch (Still Petro)"
"52520","Narino","Francisco Pizarro","23","047","FRANCISCO PIZARRO (SALAHONDA)",0.855800032615662,TRUE,"gustavo_petro",0.899157040274742,TRUE,"IVÁN CEPEDA CASTRO",3203,"substring",FALSE,0.0433570076590808,"No Switch (Still Petro)"
"52621","Narino","Roberto Payan","23","112","ROBERTO PAYAN (SAN JOSE)",0.918799996376038,TRUE,"gustavo_petro",0.943577687540073,TRUE,"IVÁN CEPEDA CASTRO",4679,"substring",FALSE,0.0247776911640351,"No Switch (Still Petro)"
"52696","Narino","Santa Barbara","23","125","SANTA BARBARA (ISCUANDE)",0.823300004005432,TRUE,"gustavo_petro",0.85810130828581,TRUE,"IVÁN CEPEDA CASTRO",2981,"substring",FALSE,0.034801304280378,"No Switch (Still Petro)"
"52699","Narino","Santacruz","23","127","SANTACRUZ (GUACHAVES)",0.868000030517578,TRUE,"gustavo_petro",0.809295276584996,TRUE,"IVÁN CEPEDA CASTRO",3959,"substring",FALSE,-0.0587047539325819,"No Switch (Still Petro)"
"52835","Narino","San Andres De Tumaco","23","139","TUMACO",0.599399983882904,TRUE,"gustavo_petro",0.751220035394433,TRUE,"IVÁN CEPEDA CASTRO",55941,"substring",FALSE,0.151820051511529,"No Switch (Still Petro)"
"54001","Norte De Santander","San Jose De Cucuta","25","001","CUCUTA",0.136899992823601,FALSE,"rodolfo_hernández",0.150627212096405,FALSE,"ABELARDO DE LA ESPRIELLA",373797,"substring",FALSE,0.0137272192728045,"Did not vote Petro before"
"70204","Sucre","Coloso","28","030","COLOSO (RICAURTE)",0.564900040626526,TRUE,"gustavo_petro",0.580701754385965,TRUE,"IVÁN CEPEDA CASTRO",4560,"substring",FALSE,0.0158017137594391,"No Switch (Still Petro)"
"70235","Sucre","Galeras","28","048","GALERAS (NUEVA GRANADA)",0.30579999089241,FALSE,"federico_gutiérrez",0.305878552971576,FALSE,"ABELARDO DE LA ESPRIELLA",9288,"substring",FALSE,7.85620791659558e-05,"Did not vote Petro before"
"70702","Sucre","San Juan De Betulia","28","190","SAN JUAN DE BETULIA (BETULIA)",0.599399983882904,TRUE,"gustavo_petro",0.560652260373857,TRUE,"IVÁN CEPEDA CASTRO",7543,"substring",FALSE,-0.0387477235090475,"No Switch (Still Petro)"
"70742","Sucre","San Luis De Since","28","260","SINCE",0.470200002193451,TRUE,"gustavo_petro",0.482273494653911,TRUE,"IVÁN CEPEDA CASTRO",14216,"substring",FALSE,0.0120734924604601,"No Switch (Still Petro)"
"70820","Sucre","Santiago De Tolu","28","300","TOLU",0.639100015163422,TRUE,"gustavo_petro",0.72621776504298,TRUE,"IVÁN CEPEDA CASTRO",13960,"substring",FALSE,0.0871177498795583,"No Switch (Still Petro)"
"70823","Sucre","San Jose De Toluviejo","28","300","TOLU",0.537599980831146,TRUE,"gustavo_petro",0.72621776504298,TRUE,"IVÁN CEPEDA CASTRO",13960,"substring",FALSE,0.188617784211834,"No Switch (Still Petro)"
"73055","Tolima","Armero","29","016","ARMERO (GUAYABAL)",0.400099992752075,TRUE,"gustavo_petro",0.492746113989637,TRUE,"IVÁN CEPEDA CASTRO",5790,"substring",FALSE,0.0926461212375621,"No Switch (Still Petro)"
"73443","Tolima","San Sebastian De Mariquita","29","076","MARIQUITA",0.296299993991852,FALSE,"rodolfo_hernández",0.371415382839998,FALSE,"ABELARDO DE LA ESPRIELLA",17331,"substring",FALSE,0.0751153888481459,"Did not vote Petro before"
"76111","Valle Del Cauca","Guadalajara De Buga","31","022","BUGA",0.558600008487701,TRUE,"gustavo_petro",0.55953015737595,TRUE,"IVÁN CEPEDA CASTRO",65639,"substring",FALSE,0.000930148888248827,"No Switch (Still Petro)"
"76126","Valle Del Cauca","Calima","31","040","CALIMA (DARIEN)",0.41949999332428,TRUE,"gustavo_petro",0.427329338503114,TRUE,"IVÁN CEPEDA CASTRO",8511,"substring",FALSE,0.00782934517883382,"No Switch (Still Petro)"
"85250","Casanare","Paz De Ariporo","46","680","PAZ DE ARIPORO (MORENO)",0.169699996709824,FALSE,"rodolfo_hernández",0.177507461846033,FALSE,"ABELARDO DE LA ESPRIELLA",17757,"substring",FALSE,0.00780746513620895,"Did not vote Petro before"
"86757","Putumayo","San Miguel","64","018","SAN MIGUEL (LA DORADA)",0.840699970722198,TRUE,"gustavo_petro",0.781840424085905,TRUE,"IVÁN CEPEDA CASTRO",7357,"substring",FALSE,-0.0588595466362939,"No Switch (Still Petro)"
"86865","Putumayo","Valle Del Guamuez","64","028","VALLE DEL GUAMUEZ (LA HORMIGA)",0.854600012302399,TRUE,"gustavo_petro",0.792571279100183,TRUE,"IVÁN CEPEDA CASTRO",15292,"substring",FALSE,-0.0620287332022156,"No Switch (Still Petro)"
"94887","Guainia","Pana Pana","50","087","PANA PANA (CAMPO ALEGRE)",0.560899972915649,TRUE,"gustavo_petro",0.582995951417004,TRUE,"IVÁN CEPEDA CASTRO",247,"substring",FALSE,0.0220959785013546,"No Switch (Still Petro)"
"94888","Guainia","Morichal","50","083","MORICHAL (MORICHAL NUEVO)",0.787200033664703,TRUE,"gustavo_petro",0.767857142857143,TRUE,"IVÁN CEPEDA CASTRO",56,"substring",FALSE,-0.0193428908075605,"No Switch (Still Petro)"
"97511","Vaupes","Pacoa","68","013","BUENOS AIRES (PACOA)",0.80160003900528,TRUE,"gustavo_petro",0.926966292134832,TRUE,"IVÁN CEPEDA CASTRO",356,"substring",FALSE,0.125366253129552,"No Switch (Still Petro)"
"97777","Vaupes","Papunahua","68","010","MORICHAL (PAPUNAGUA)",0.794800043106079,TRUE,"gustavo_petro",0.717647058823529,TRUE,"IVÁN CEPEDA CASTRO",85,"manual",FALSE,-0.0771529842825497,"No Switch (Still Petro)"
