COD_DDE,DES_DD,COD_MME,DES_MM,DES_CAN,votes
01,ANTIOQUIA,001,MEDELLIN,GUSTAVO PETRO,371257
01,ANTIOQUIA,001,MEDELLIN,RODOLFO HERNÁNDEZ,687474
01,ANTIOQUIA,001,MEDELLIN,VOTOS EN BLANCO,36894
01,ANTIOQUIA,001,MEDELLIN,VOTOS NO MARCADOS,912
01,ANTIOQUIA,001,MEDELLIN,VOTOS NULOS,16181
01,ANTIOQUIA,004,ABEJORRAL,GUSTAVO PETRO,1025
01,ANTIOQUIA,004,ABEJORRAL,RODOLFO HERNÁNDEZ,6502
01,ANTIOQUIA,004,ABEJORRAL,VOTOS EN BLANCO,128
01,ANTIOQUIA,004,ABEJORRAL,VOTOS NO MARCADOS,22
01,ANTIOQUIA,004,ABEJORRAL,VOTOS NULOS,68
01,ANTIOQUIA,007,ABRIAQUI,GUSTAVO PETRO,99
01,ANTIOQUIA,007,ABRIAQUI,RODOLFO HERNÁNDEZ,990
01,ANTIOQUIA,007,ABRIAQUI,VOTOS EN BLANCO,23
01,ANTIOQUIA,007,ABRIAQUI,VOTOS NO MARCADOS,4
01,ANTIOQUIA,007,ABRIAQUI,VOTOS NULOS,10
01,ANTIOQUIA,010,ALEJANDRIA,GUSTAVO PETRO,401
01,ANTIOQUIA,010,ALEJANDRIA,RODOLFO HERNÁNDEZ,1986
01,ANTIOQUIA,010,ALEJANDRIA,VOTOS EN BLANCO,54
01,ANTIOQUIA,010,ALEJANDRIA,VOTOS NO MARCADOS,2
01,ANTIOQUIA,010,ALEJANDRIA,VOTOS NULOS,18
01,ANTIOQUIA,013,AMAGA,GUSTAVO PETRO,3276
01,ANTIOQUIA,013,AMAGA,RODOLFO HERNÁNDEZ,8101
01,ANTIOQUIA,013,AMAGA,VOTOS EN BLANCO,302
01,ANTIOQUIA,013,AMAGA,VOTOS NO MARCADOS,23
01,ANTIOQUIA,013,AMAGA,VOTOS NULOS,235
01,ANTIOQUIA,016,AMALFI,GUSTAVO PETRO,1382
01,ANTIOQUIA,016,AMALFI,RODOLFO HERNÁNDEZ,5028
01,ANTIOQUIA,016,AMALFI,VOTOS EN BLANCO,218
01,ANTIOQUIA,016,AMALFI,VOTOS NO MARCADOS,17
01,ANTIOQUIA,016,AMALFI,VOTOS NULOS,92
01,ANTIOQUIA,019,ANDES,GUSTAVO PETRO,3589
01,ANTIOQUIA,019,ANDES,RODOLFO HERNÁNDEZ,13425
01,ANTIOQUIA,019,ANDES,VOTOS EN BLANCO,369
01,ANTIOQUIA,019,ANDES,VOTOS NO MARCADOS,35
01,ANTIOQUIA,019,ANDES,VOTOS NULOS,169
01,ANTIOQUIA,022,ANGELOPOLIS,GUSTAVO PETRO,557
01,ANTIOQUIA,022,ANGELOPOLIS,RODOLFO HERNÁNDEZ,2017
01,ANTIOQUIA,022,ANGELOPOLIS,VOTOS EN BLANCO,81
01,ANTIOQUIA,022,ANGELOPOLIS,VOTOS NO MARCADOS,7
01,ANTIOQUIA,022,ANGELOPOLIS,VOTOS NULOS,44
01,ANTIOQUIA,025,ANGOSTURA,GUSTAVO PETRO,645
01,ANTIOQUIA,025,ANGOSTURA,RODOLFO HERNÁNDEZ,2809
01,ANTIOQUIA,025,ANGOSTURA,VOTOS EN BLANCO,112
01,ANTIOQUIA,025,ANGOSTURA,VOTOS NO MARCADOS,26
01,ANTIOQUIA,025,ANGOSTURA,VOTOS NULOS,84
01,ANTIOQUIA,028,ANORI,GUSTAVO PETRO,1380
01,ANTIOQUIA,028,ANORI,RODOLFO HERNÁNDEZ,2474
01,ANTIOQUIA,028,ANORI,VOTOS EN BLANCO,136
01,ANTIOQUIA,028,ANORI,VOTOS NO MARCADOS,6
01,ANTIOQUIA,028,ANORI,VOTOS NULOS,46
01,ANTIOQUIA,031,ANTIOQUIA,GUSTAVO PETRO,3100
01,ANTIOQUIA,031,ANTIOQUIA,RODOLFO HERNÁNDEZ,7340
01,ANTIOQUIA,031,ANTIOQUIA,VOTOS EN BLANCO,314
01,ANTIOQUIA,031,ANTIOQUIA,VOTOS NO MARCADOS,29
01,ANTIOQUIA,031,ANTIOQUIA,VOTOS NULOS,180
01,ANTIOQUIA,034,ANZA,GUSTAVO PETRO,381
01,ANTIOQUIA,034,ANZA,RODOLFO HERNÁNDEZ,2387
01,ANTIOQUIA,034,ANZA,VOTOS EN BLANCO,55
01,ANTIOQUIA,034,ANZA,VOTOS NO MARCADOS,7
01,ANTIOQUIA,034,ANZA,VOTOS NULOS,28
01,ANTIOQUIA,035,APARTADO,GUSTAVO PETRO,33897
01,ANTIOQUIA,035,APARTADO,RODOLFO HERNÁNDEZ,16812
01,ANTIOQUIA,035,APARTADO,VOTOS EN BLANCO,1401
01,ANTIOQUIA,035,APARTADO,VOTOS NO MARCADOS,61
01,ANTIOQUIA,035,APARTADO,VOTOS NULOS,556
01,ANTIOQUIA,037,ARBOLETES,GUSTAVO PETRO,5115
01,ANTIOQUIA,037,ARBOLETES,RODOLFO HERNÁNDEZ,6586
01,ANTIOQUIA,037,ARBOLETES,VOTOS EN BLANCO,145
01,ANTIOQUIA,037,ARBOLETES,VOTOS NO MARCADOS,22
01,ANTIOQUIA,037,ARBOLETES,VOTOS NULOS,69
01,ANTIOQUIA,039,ARGELIA,GUSTAVO PETRO,359
01,ANTIOQUIA,039,ARGELIA,RODOLFO HERNÁNDEZ,2856
01,ANTIOQUIA,039,ARGELIA,VOTOS EN BLANCO,54
01,ANTIOQUIA,039,ARGELIA,VOTOS NO MARCADOS,8
01,ANTIOQUIA,039,ARGELIA,VOTOS NULOS,19
01,ANTIOQUIA,040,ARMENIA,GUSTAVO PETRO,344
01,ANTIOQUIA,040,ARMENIA,RODOLFO HERNÁNDEZ,1655
01,ANTIOQUIA,040,ARMENIA,VOTOS EN BLANCO,39
01,ANTIOQUIA,040,ARMENIA,VOTOS NO MARCADOS,9
01,ANTIOQUIA,040,ARMENIA,VOTOS NULOS,27
01,ANTIOQUIA,043,BARBOSA,GUSTAVO PETRO,7640
01,ANTIOQUIA,043,BARBOSA,RODOLFO HERNÁNDEZ,13537
01,ANTIOQUIA,043,BARBOSA,VOTOS EN BLANCO,810
01,ANTIOQUIA,043,BARBOSA,VOTOS NO MARCADOS,47
01,ANTIOQUIA,043,BARBOSA,VOTOS NULOS,569
01,ANTIOQUIA,046,BELMIRA,GUSTAVO PETRO,391
01,ANTIOQUIA,046,BELMIRA,RODOLFO HERNÁNDEZ,2212
01,ANTIOQUIA,046,BELMIRA,VOTOS EN BLANCO,88
01,ANTIOQUIA,046,BELMIRA,VOTOS NO MARCADOS,8
01,ANTIOQUIA,046,BELMIRA,VOTOS NULOS,33
01,ANTIOQUIA,049,BELLO,GUSTAVO PETRO,69666
01,ANTIOQUIA,049,BELLO,RODOLFO HERNÁNDEZ,112305
01,ANTIOQUIA,049,BELLO,VOTOS EN BLANCO,6341
01,ANTIOQUIA,049,BELLO,VOTOS NO MARCADOS,140
01,ANTIOQUIA,049,BELLO,VOTOS NULOS,3409
01,ANTIOQUIA,052,BETANIA,GUSTAVO PETRO,596
01,ANTIOQUIA,052,BETANIA,RODOLFO HERNÁNDEZ,2954
01,ANTIOQUIA,052,BETANIA,VOTOS EN BLANCO,58
01,ANTIOQUIA,052,BETANIA,VOTOS NO MARCADOS,5
01,ANTIOQUIA,052,BETANIA,VOTOS NULOS,10
01,ANTIOQUIA,055,BETULIA,GUSTAVO PETRO,673
01,ANTIOQUIA,055,BETULIA,RODOLFO HERNÁNDEZ,4987
01,ANTIOQUIA,055,BETULIA,VOTOS EN BLANCO,115
01,ANTIOQUIA,055,BETULIA,VOTOS NO MARCADOS,16
01,ANTIOQUIA,055,BETULIA,VOTOS NULOS,38
01,ANTIOQUIA,058,BOLIVAR,GUSTAVO PETRO,2124
01,ANTIOQUIA,058,BOLIVAR,RODOLFO HERNÁNDEZ,9324
01,ANTIOQUIA,058,BOLIVAR,VOTOS EN BLANCO,257
01,ANTIOQUIA,058,BOLIVAR,VOTOS NO MARCADOS,14
01,ANTIOQUIA,058,BOLIVAR,VOTOS NULOS,108
01,ANTIOQUIA,061,BURITICA,GUSTAVO PETRO,953
01,ANTIOQUIA,061,BURITICA,RODOLFO HERNÁNDEZ,1723
01,ANTIOQUIA,061,BURITICA,VOTOS EN BLANCO,104
01,ANTIOQUIA,061,BURITICA,VOTOS NO MARCADOS,11
01,ANTIOQUIA,061,BURITICA,VOTOS NULOS,39
01,ANTIOQUIA,062,BRICEÑO,GUSTAVO PETRO,980
01,ANTIOQUIA,062,BRICEÑO,RODOLFO HERNÁNDEZ,1763
01,ANTIOQUIA,062,BRICEÑO,VOTOS EN BLANCO,39
01,ANTIOQUIA,062,BRICEÑO,VOTOS NO MARCADOS,15
01,ANTIOQUIA,062,BRICEÑO,VOTOS NULOS,31
01,ANTIOQUIA,064,CACERES,GUSTAVO PETRO,3931
01,ANTIOQUIA,064,CACERES,RODOLFO HERNÁNDEZ,2770
01,ANTIOQUIA,064,CACERES,VOTOS EN BLANCO,155
01,ANTIOQUIA,064,CACERES,VOTOS NO MARCADOS,17
01,ANTIOQUIA,064,CACERES,VOTOS NULOS,58
01,ANTIOQUIA,067,CAICEDO,GUSTAVO PETRO,607
01,ANTIOQUIA,067,CAICEDO,RODOLFO HERNÁNDEZ,2558
01,ANTIOQUIA,067,CAICEDO,VOTOS EN BLANCO,87
01,ANTIOQUIA,067,CAICEDO,VOTOS NO MARCADOS,9
01,ANTIOQUIA,067,CAICEDO,VOTOS NULOS,43
01,ANTIOQUIA,070,CALDAS,GUSTAVO PETRO,14901
01,ANTIOQUIA,070,CALDAS,RODOLFO HERNÁNDEZ,24410
01,ANTIOQUIA,070,CALDAS,VOTOS EN BLANCO,1503
01,ANTIOQUIA,070,CALDAS,VOTOS NO MARCADOS,52
01,ANTIOQUIA,070,CALDAS,VOTOS NULOS,1122
01,ANTIOQUIA,073,CAMPAMENTO,GUSTAVO PETRO,683
01,ANTIOQUIA,073,CAMPAMENTO,RODOLFO HERNÁNDEZ,1540
01,ANTIOQUIA,073,CAMPAMENTO,VOTOS EN BLANCO,104
01,ANTIOQUIA,073,CAMPAMENTO,VOTOS NO MARCADOS,17
01,ANTIOQUIA,073,CAMPAMENTO,VOTOS NULOS,28
01,ANTIOQUIA,076,CAÑASGORDAS,GUSTAVO PETRO,1046
01,ANTIOQUIA,076,CAÑASGORDAS,RODOLFO HERNÁNDEZ,5752
01,ANTIOQUIA,076,CAÑASGORDAS,VOTOS EN BLANCO,150
01,ANTIOQUIA,076,CAÑASGORDAS,VOTOS NO MARCADOS,14
01,ANTIOQUIA,076,CAÑASGORDAS,VOTOS NULOS,82
01,ANTIOQUIA,078,CARACOLI,GUSTAVO PETRO,510
01,ANTIOQUIA,078,CARACOLI,RODOLFO HERNÁNDEZ,1540
01,ANTIOQUIA,078,CARACOLI,VOTOS EN BLANCO,51
01,ANTIOQUIA,078,CARACOLI,VOTOS NO MARCADOS,7
01,ANTIOQUIA,078,CARACOLI,VOTOS NULOS,35
01,ANTIOQUIA,079,CARAMANTA,GUSTAVO PETRO,477
01,ANTIOQUIA,079,CARAMANTA,RODOLFO HERNÁNDEZ,1822
01,ANTIOQUIA,079,CARAMANTA,VOTOS EN BLANCO,51
01,ANTIOQUIA,079,CARAMANTA,VOTOS NO MARCADOS,8
01,ANTIOQUIA,079,CARAMANTA,VOTOS NULOS,29
01,ANTIOQUIA,080,CAREPA,GUSTAVO PETRO,12605
01,ANTIOQUIA,080,CAREPA,RODOLFO HERNÁNDEZ,8113
01,ANTIOQUIA,080,CAREPA,VOTOS EN BLANCO,585
01,ANTIOQUIA,080,CAREPA,VOTOS NO MARCADOS,32
01,ANTIOQUIA,080,CAREPA,VOTOS NULOS,261
01,ANTIOQUIA,082,CARMEN DE VIBORAL,GUSTAVO PETRO,8583
01,ANTIOQUIA,082,CARMEN DE VIBORAL,RODOLFO HERNÁNDEZ,19123
01,ANTIOQUIA,082,CARMEN DE VIBORAL,VOTOS EN BLANCO,720
01,ANTIOQUIA,082,CARMEN DE VIBORAL,VOTOS NO MARCADOS,32
01,ANTIOQUIA,082,CARMEN DE VIBORAL,VOTOS NULOS,467
01,ANTIOQUIA,085,CAROLINA,GUSTAVO PETRO,562
01,ANTIOQUIA,085,CAROLINA,RODOLFO HERNÁNDEZ,1617
01,ANTIOQUIA,085,CAROLINA,VOTOS EN BLANCO,42
01,ANTIOQUIA,085,CAROLINA,VOTOS NO MARCADOS,3
01,ANTIOQUIA,085,CAROLINA,VOTOS NULOS,43
01,ANTIOQUIA,088,CAUCASIA,GUSTAVO PETRO,17320
01,ANTIOQUIA,088,CAUCASIA,RODOLFO HERNÁNDEZ,15433
01,ANTIOQUIA,088,CAUCASIA,VOTOS EN BLANCO,793
01,ANTIOQUIA,088,CAUCASIA,VOTOS NO MARCADOS,45
01,ANTIOQUIA,088,CAUCASIA,VOTOS NULOS,450
01,ANTIOQUIA,091,CISNEROS,GUSTAVO PETRO,1595
01,ANTIOQUIA,091,CISNEROS,RODOLFO HERNÁNDEZ,4053
01,ANTIOQUIA,091,CISNEROS,VOTOS EN BLANCO,172
01,ANTIOQUIA,091,CISNEROS,VOTOS NO MARCADOS,11
01,ANTIOQUIA,091,CISNEROS,VOTOS NULOS,162
01,ANTIOQUIA,094,COCORNA,GUSTAVO PETRO,1251
01,ANTIOQUIA,094,COCORNA,RODOLFO HERNÁNDEZ,6703
01,ANTIOQUIA,094,COCORNA,VOTOS EN BLANCO,134
01,ANTIOQUIA,094,COCORNA,VOTOS NO MARCADOS,30
01,ANTIOQUIA,094,COCORNA,VOTOS NULOS,95
01,ANTIOQUIA,097,CONCEPCION,GUSTAVO PETRO,332
01,ANTIOQUIA,097,CONCEPCION,RODOLFO HERNÁNDEZ,2231
01,ANTIOQUIA,097,CONCEPCION,VOTOS EN BLANCO,47
01,ANTIOQUIA,097,CONCEPCION,VOTOS NO MARCADOS,8
01,ANTIOQUIA,097,CONCEPCION,VOTOS NULOS,23
01,ANTIOQUIA,100,CONCORDIA,GUSTAVO PETRO,1147
01,ANTIOQUIA,100,CONCORDIA,RODOLFO HERNÁNDEZ,5784
01,ANTIOQUIA,100,CONCORDIA,VOTOS EN BLANCO,136
01,ANTIOQUIA,100,CONCORDIA,VOTOS NO MARCADOS,17
01,ANTIOQUIA,100,CONCORDIA,VOTOS NULOS,65
01,ANTIOQUIA,103,COPACABANA,GUSTAVO PETRO,15903
01,ANTIOQUIA,103,COPACABANA,RODOLFO HERNÁNDEZ,23732
01,ANTIOQUIA,103,COPACABANA,VOTOS EN BLANCO,1346
01,ANTIOQUIA,103,COPACABANA,VOTOS NO MARCADOS,35
01,ANTIOQUIA,103,COPACABANA,VOTOS NULOS,825
01,ANTIOQUIA,106,CHIGORODO,GUSTAVO PETRO,12747
01,ANTIOQUIA,106,CHIGORODO,RODOLFO HERNÁNDEZ,9107
01,ANTIOQUIA,106,CHIGORODO,VOTOS EN BLANCO,570
01,ANTIOQUIA,106,CHIGORODO,VOTOS NO MARCADOS,37
01,ANTIOQUIA,106,CHIGORODO,VOTOS NULOS,271
01,ANTIOQUIA,109,DABEIBA,GUSTAVO PETRO,3163
01,ANTIOQUIA,109,DABEIBA,RODOLFO HERNÁNDEZ,4851
01,ANTIOQUIA,109,DABEIBA,VOTOS EN BLANCO,149
01,ANTIOQUIA,109,DABEIBA,VOTOS NO MARCADOS,20
01,ANTIOQUIA,109,DABEIBA,VOTOS NULOS,97
01,ANTIOQUIA,112,DON MATIAS,GUSTAVO PETRO,1585
01,ANTIOQUIA,112,DON MATIAS,RODOLFO HERNÁNDEZ,6462
01,ANTIOQUIA,112,DON MATIAS,VOTOS EN BLANCO,325
01,ANTIOQUIA,112,DON MATIAS,VOTOS NO MARCADOS,19
01,ANTIOQUIA,112,DON MATIAS,VOTOS NULOS,150
01,ANTIOQUIA,115,EBEJICO,GUSTAVO PETRO,858
01,ANTIOQUIA,115,EBEJICO,RODOLFO HERNÁNDEZ,4572
01,ANTIOQUIA,115,EBEJICO,VOTOS EN BLANCO,98
01,ANTIOQUIA,115,EBEJICO,VOTOS NO MARCADOS,20
01,ANTIOQUIA,115,EBEJICO,VOTOS NULOS,62
01,ANTIOQUIA,117,EL BAGRE,GUSTAVO PETRO,6694
01,ANTIOQUIA,117,EL BAGRE,RODOLFO HERNÁNDEZ,6556
01,ANTIOQUIA,117,EL BAGRE,VOTOS EN BLANCO,392
01,ANTIOQUIA,117,EL BAGRE,VOTOS NO MARCADOS,21
01,ANTIOQUIA,117,EL BAGRE,VOTOS NULOS,172
01,ANTIOQUIA,118,ENTRERRIOS,GUSTAVO PETRO,977
01,ANTIOQUIA,118,ENTRERRIOS,RODOLFO HERNÁNDEZ,4206
01,ANTIOQUIA,118,ENTRERRIOS,VOTOS EN BLANCO,133
01,ANTIOQUIA,118,ENTRERRIOS,VOTOS NO MARCADOS,5
01,ANTIOQUIA,118,ENTRERRIOS,VOTOS NULOS,48
01,ANTIOQUIA,121,ENVIGADO,GUSTAVO PETRO,35037
01,ANTIOQUIA,121,ENVIGADO,RODOLFO HERNÁNDEZ,108434
01,ANTIOQUIA,121,ENVIGADO,VOTOS EN BLANCO,4467
01,ANTIOQUIA,121,ENVIGADO,VOTOS NO MARCADOS,87
01,ANTIOQUIA,121,ENVIGADO,VOTOS NULOS,1454
01,ANTIOQUIA,124,FREDONIA,GUSTAVO PETRO,2055
01,ANTIOQUIA,124,FREDONIA,RODOLFO HERNÁNDEZ,6635
01,ANTIOQUIA,124,FREDONIA,VOTOS EN BLANCO,204
01,ANTIOQUIA,124,FREDONIA,VOTOS NO MARCADOS,20
01,ANTIOQUIA,124,FREDONIA,VOTOS NULOS,126
01,ANTIOQUIA,127,FRONTINO,GUSTAVO PETRO,2294
01,ANTIOQUIA,127,FRONTINO,RODOLFO HERNÁNDEZ,4127
01,ANTIOQUIA,127,FRONTINO,VOTOS EN BLANCO,192
01,ANTIOQUIA,127,FRONTINO,VOTOS NO MARCADOS,19
01,ANTIOQUIA,127,FRONTINO,VOTOS NULOS,131
01,ANTIOQUIA,130,GIRALDO,GUSTAVO PETRO,929
01,ANTIOQUIA,130,GIRALDO,RODOLFO HERNÁNDEZ,1545
01,ANTIOQUIA,130,GIRALDO,VOTOS EN BLANCO,74
01,ANTIOQUIA,130,GIRALDO,VOTOS NO MARCADOS,3
01,ANTIOQUIA,130,GIRALDO,VOTOS NULOS,27
01,ANTIOQUIA,133,GIRARDOTA,GUSTAVO PETRO,10409
01,ANTIOQUIA,133,GIRARDOTA,RODOLFO HERNÁNDEZ,17229
01,ANTIOQUIA,133,GIRARDOTA,VOTOS EN BLANCO,1003
01,ANTIOQUIA,133,GIRARDOTA,VOTOS NO MARCADOS,37
01,ANTIOQUIA,133,GIRARDOTA,VOTOS NULOS,688
01,ANTIOQUIA,136,GOMEZ PLATA,GUSTAVO PETRO,777
01,ANTIOQUIA,136,GOMEZ PLATA,RODOLFO HERNÁNDEZ,3411
01,ANTIOQUIA,136,GOMEZ PLATA,VOTOS EN BLANCO,151
01,ANTIOQUIA,136,GOMEZ PLATA,VOTOS NO MARCADOS,11
01,ANTIOQUIA,136,GOMEZ PLATA,VOTOS NULOS,99
01,ANTIOQUIA,139,GRANADA,GUSTAVO PETRO,771
01,ANTIOQUIA,139,GRANADA,RODOLFO HERNÁNDEZ,4498
01,ANTIOQUIA,139,GRANADA,VOTOS EN BLANCO,91
01,ANTIOQUIA,139,GRANADA,VOTOS NO MARCADOS,14
01,ANTIOQUIA,139,GRANADA,VOTOS NULOS,46
01,ANTIOQUIA,140,GUADALUPE,GUSTAVO PETRO,1021
01,ANTIOQUIA,140,GUADALUPE,RODOLFO HERNÁNDEZ,1424
01,ANTIOQUIA,140,GUADALUPE,VOTOS EN BLANCO,75
01,ANTIOQUIA,140,GUADALUPE,VOTOS NO MARCADOS,16
01,ANTIOQUIA,140,GUADALUPE,VOTOS NULOS,65
01,ANTIOQUIA,142,GUARNE,GUSTAVO PETRO,6951
01,ANTIOQUIA,142,GUARNE,RODOLFO HERNÁNDEZ,18500
01,ANTIOQUIA,142,GUARNE,VOTOS EN BLANCO,832
01,ANTIOQUIA,142,GUARNE,VOTOS NO MARCADOS,38
01,ANTIOQUIA,142,GUARNE,VOTOS NULOS,475
01,ANTIOQUIA,145,GUATAPE,GUSTAVO PETRO,1055
01,ANTIOQUIA,145,GUATAPE,RODOLFO HERNÁNDEZ,3959
01,ANTIOQUIA,145,GUATAPE,VOTOS EN BLANCO,106
01,ANTIOQUIA,145,GUATAPE,VOTOS NO MARCADOS,6
01,ANTIOQUIA,145,GUATAPE,VOTOS NULOS,46
01,ANTIOQUIA,148,HELICONIA,GUSTAVO PETRO,549
01,ANTIOQUIA,148,HELICONIA,RODOLFO HERNÁNDEZ,2226
01,ANTIOQUIA,148,HELICONIA,VOTOS EN BLANCO,58
01,ANTIOQUIA,148,HELICONIA,VOTOS NO MARCADOS,8
01,ANTIOQUIA,148,HELICONIA,VOTOS NULOS,37
01,ANTIOQUIA,150,HISPANIA,GUSTAVO PETRO,646
01,ANTIOQUIA,150,HISPANIA,RODOLFO HERNÁNDEZ,1701
01,ANTIOQUIA,150,HISPANIA,VOTOS EN BLANCO,38
01,ANTIOQUIA,150,HISPANIA,VOTOS NO MARCADOS,8
01,ANTIOQUIA,150,HISPANIA,VOTOS NULOS,34
01,ANTIOQUIA,151,ITAGUI,GUSTAVO PETRO,48723
01,ANTIOQUIA,151,ITAGUI,RODOLFO HERNÁNDEZ,94198
01,ANTIOQUIA,151,ITAGUI,VOTOS EN BLANCO,4666
01,ANTIOQUIA,151,ITAGUI,VOTOS NO MARCADOS,139
01,ANTIOQUIA,151,ITAGUI,VOTOS NULOS,2490
01,ANTIOQUIA,154,ITUANGO,GUSTAVO PETRO,1744
01,ANTIOQUIA,154,ITUANGO,RODOLFO HERNÁNDEZ,3007
01,ANTIOQUIA,154,ITUANGO,VOTOS EN BLANCO,180
01,ANTIOQUIA,154,ITUANGO,VOTOS NO MARCADOS,30
01,ANTIOQUIA,154,ITUANGO,VOTOS NULOS,101
01,ANTIOQUIA,157,JARDIN,GUSTAVO PETRO,2377
01,ANTIOQUIA,157,JARDIN,RODOLFO HERNÁNDEZ,5301
01,ANTIOQUIA,157,JARDIN,VOTOS EN BLANCO,208
01,ANTIOQUIA,157,JARDIN,VOTOS NO MARCADOS,15
01,ANTIOQUIA,157,JARDIN,VOTOS NULOS,72
01,ANTIOQUIA,160,JERICO,GUSTAVO PETRO,1407
01,ANTIOQUIA,160,JERICO,RODOLFO HERNÁNDEZ,4861
01,ANTIOQUIA,160,JERICO,VOTOS EN BLANCO,150
01,ANTIOQUIA,160,JERICO,VOTOS NO MARCADOS,13
01,ANTIOQUIA,160,JERICO,VOTOS NULOS,94
01,ANTIOQUIA,163,LA CEJA,GUSTAVO PETRO,9204
01,ANTIOQUIA,163,LA CEJA,RODOLFO HERNÁNDEZ,27607
01,ANTIOQUIA,163,LA CEJA,VOTOS EN BLANCO,1103
01,ANTIOQUIA,163,LA CEJA,VOTOS NO MARCADOS,35
01,ANTIOQUIA,163,LA CEJA,VOTOS NULOS,606
01,ANTIOQUIA,166,LA ESTRELLA,GUSTAVO PETRO,12324
01,ANTIOQUIA,166,LA ESTRELLA,RODOLFO HERNÁNDEZ,21829
01,ANTIOQUIA,166,LA ESTRELLA,VOTOS EN BLANCO,1144
01,ANTIOQUIA,166,LA ESTRELLA,VOTOS NO MARCADOS,33
01,ANTIOQUIA,166,LA ESTRELLA,VOTOS NULOS,594
01,ANTIOQUIA,168,PUERTO NARE-LA MAGDALENA,GUSTAVO PETRO,3023
01,ANTIOQUIA,168,PUERTO NARE-LA MAGDALENA,RODOLFO HERNÁNDEZ,3237
01,ANTIOQUIA,168,PUERTO NARE-LA MAGDALENA,VOTOS EN BLANCO,88
01,ANTIOQUIA,168,PUERTO NARE-LA MAGDALENA,VOTOS NO MARCADOS,10
01,ANTIOQUIA,168,PUERTO NARE-LA MAGDALENA,VOTOS NULOS,64
01,ANTIOQUIA,169,LA UNION,GUSTAVO PETRO,2788
01,ANTIOQUIA,169,LA UNION,RODOLFO HERNÁNDEZ,9644
01,ANTIOQUIA,169,LA UNION,VOTOS EN BLANCO,325
01,ANTIOQUIA,169,LA UNION,VOTOS NO MARCADOS,28
01,ANTIOQUIA,169,LA UNION,VOTOS NULOS,153
01,ANTIOQUIA,170,LA PINTADA,GUSTAVO PETRO,929
01,ANTIOQUIA,170,LA PINTADA,RODOLFO HERNÁNDEZ,2966
01,ANTIOQUIA,170,LA PINTADA,VOTOS EN BLANCO,61
01,ANTIOQUIA,170,LA PINTADA,VOTOS NO MARCADOS,7
01,ANTIOQUIA,170,LA PINTADA,VOTOS NULOS,43
01,ANTIOQUIA,172,LIBORINA,GUSTAVO PETRO,825
01,ANTIOQUIA,172,LIBORINA,RODOLFO HERNÁNDEZ,3868
01,ANTIOQUIA,172,LIBORINA,VOTOS EN BLANCO,112
01,ANTIOQUIA,172,LIBORINA,VOTOS NO MARCADOS,13
01,ANTIOQUIA,172,LIBORINA,VOTOS NULOS,29
01,ANTIOQUIA,175,MACEO,GUSTAVO PETRO,794
01,ANTIOQUIA,175,MACEO,RODOLFO HERNÁNDEZ,3069
01,ANTIOQUIA,175,MACEO,VOTOS EN BLANCO,53
01,ANTIOQUIA,175,MACEO,VOTOS NO MARCADOS,11
01,ANTIOQUIA,175,MACEO,VOTOS NULOS,37
01,ANTIOQUIA,178,MARINILLA,GUSTAVO PETRO,8337
01,ANTIOQUIA,178,MARINILLA,RODOLFO HERNÁNDEZ,22017
01,ANTIOQUIA,178,MARINILLA,VOTOS EN BLANCO,726
01,ANTIOQUIA,178,MARINILLA,VOTOS NO MARCADOS,40
01,ANTIOQUIA,178,MARINILLA,VOTOS NULOS,357
01,ANTIOQUIA,181,MONTEBELLO,GUSTAVO PETRO,651
01,ANTIOQUIA,181,MONTEBELLO,RODOLFO HERNÁNDEZ,2442
01,ANTIOQUIA,181,MONTEBELLO,VOTOS EN BLANCO,97
01,ANTIOQUIA,181,MONTEBELLO,VOTOS NO MARCADOS,14
01,ANTIOQUIA,181,MONTEBELLO,VOTOS NULOS,71
01,ANTIOQUIA,184,MURINDO,GUSTAVO PETRO,1381
01,ANTIOQUIA,184,MURINDO,RODOLFO HERNÁNDEZ,100
01,ANTIOQUIA,184,MURINDO,VOTOS EN BLANCO,12
01,ANTIOQUIA,184,MURINDO,VOTOS NO MARCADOS,6
01,ANTIOQUIA,184,MURINDO,VOTOS NULOS,4
01,ANTIOQUIA,187,MUTATA,GUSTAVO PETRO,3062
01,ANTIOQUIA,187,MUTATA,RODOLFO HERNÁNDEZ,2703
01,ANTIOQUIA,187,MUTATA,VOTOS EN BLANCO,98
01,ANTIOQUIA,187,MUTATA,VOTOS NO MARCADOS,12
01,ANTIOQUIA,187,MUTATA,VOTOS NULOS,60
01,ANTIOQUIA,190,NARIÑO,GUSTAVO PETRO,411
01,ANTIOQUIA,190,NARIÑO,RODOLFO HERNÁNDEZ,3334
01,ANTIOQUIA,190,NARIÑO,VOTOS EN BLANCO,63
01,ANTIOQUIA,190,NARIÑO,VOTOS NO MARCADOS,13
01,ANTIOQUIA,190,NARIÑO,VOTOS NULOS,27
01,ANTIOQUIA,191,NECHI,GUSTAVO PETRO,2620
01,ANTIOQUIA,191,NECHI,RODOLFO HERNÁNDEZ,4109
01,ANTIOQUIA,191,NECHI,VOTOS EN BLANCO,103
01,ANTIOQUIA,191,NECHI,VOTOS NO MARCADOS,17
01,ANTIOQUIA,191,NECHI,VOTOS NULOS,45
01,ANTIOQUIA,192,NECOCLI,GUSTAVO PETRO,6359
01,ANTIOQUIA,192,NECOCLI,RODOLFO HERNÁNDEZ,8835
01,ANTIOQUIA,192,NECOCLI,VOTOS EN BLANCO,350
01,ANTIOQUIA,192,NECOCLI,VOTOS NO MARCADOS,51
01,ANTIOQUIA,192,NECOCLI,VOTOS NULOS,192
01,ANTIOQUIA,193,OLAYA,GUSTAVO PETRO,230
01,ANTIOQUIA,193,OLAYA,RODOLFO HERNÁNDEZ,1385
01,ANTIOQUIA,193,OLAYA,VOTOS EN BLANCO,29
01,ANTIOQUIA,193,OLAYA,VOTOS NO MARCADOS,1
01,ANTIOQUIA,193,OLAYA,VOTOS NULOS,7
01,ANTIOQUIA,196,PEÑOL,GUSTAVO PETRO,2111
01,ANTIOQUIA,196,PEÑOL,RODOLFO HERNÁNDEZ,7453
01,ANTIOQUIA,196,PEÑOL,VOTOS EN BLANCO,244
01,ANTIOQUIA,196,PEÑOL,VOTOS NO MARCADOS,17
01,ANTIOQUIA,196,PEÑOL,VOTOS NULOS,122
01,ANTIOQUIA,199,PEQUE,GUSTAVO PETRO,943
01,ANTIOQUIA,199,PEQUE,RODOLFO HERNÁNDEZ,2223
01,ANTIOQUIA,199,PEQUE,VOTOS EN BLANCO,53
01,ANTIOQUIA,199,PEQUE,VOTOS NO MARCADOS,14
01,ANTIOQUIA,199,PEQUE,VOTOS NULOS,29
01,ANTIOQUIA,202,PUEBLORRICO,GUSTAVO PETRO,706
01,ANTIOQUIA,202,PUEBLORRICO,RODOLFO HERNÁNDEZ,3024
01,ANTIOQUIA,202,PUEBLORRICO,VOTOS EN BLANCO,63
01,ANTIOQUIA,202,PUEBLORRICO,VOTOS NO MARCADOS,4
01,ANTIOQUIA,202,PUEBLORRICO,VOTOS NULOS,37
01,ANTIOQUIA,205,PUERTO BERRIO,GUSTAVO PETRO,5132
01,ANTIOQUIA,205,PUERTO BERRIO,RODOLFO HERNÁNDEZ,9541
01,ANTIOQUIA,205,PUERTO BERRIO,VOTOS EN BLANCO,312
01,ANTIOQUIA,205,PUERTO BERRIO,VOTOS NO MARCADOS,34
01,ANTIOQUIA,205,PUERTO BERRIO,VOTOS NULOS,273
01,ANTIOQUIA,206,PUERTO TRIUNFO,GUSTAVO PETRO,2092
01,ANTIOQUIA,206,PUERTO TRIUNFO,RODOLFO HERNÁNDEZ,6384
01,ANTIOQUIA,206,PUERTO TRIUNFO,VOTOS EN BLANCO,106
01,ANTIOQUIA,206,PUERTO TRIUNFO,VOTOS NO MARCADOS,9
01,ANTIOQUIA,206,PUERTO TRIUNFO,VOTOS NULOS,68
01,ANTIOQUIA,208,REMEDIOS,GUSTAVO PETRO,3649
01,ANTIOQUIA,208,REMEDIOS,RODOLFO HERNÁNDEZ,3657
01,ANTIOQUIA,208,REMEDIOS,VOTOS EN BLANCO,234
01,ANTIOQUIA,208,REMEDIOS,VOTOS NO MARCADOS,22
01,ANTIOQUIA,208,REMEDIOS,VOTOS NULOS,124
01,ANTIOQUIA,211,RETIRO,GUSTAVO PETRO,2391
01,ANTIOQUIA,211,RETIRO,RODOLFO HERNÁNDEZ,11089
01,ANTIOQUIA,211,RETIRO,VOTOS EN BLANCO,325
01,ANTIOQUIA,211,RETIRO,VOTOS NO MARCADOS,16
01,ANTIOQUIA,211,RETIRO,VOTOS NULOS,122
01,ANTIOQUIA,214,RIONEGRO,GUSTAVO PETRO,20835
01,ANTIOQUIA,214,RIONEGRO,RODOLFO HERNÁNDEZ,57728
01,ANTIOQUIA,214,RIONEGRO,VOTOS EN BLANCO,2149
01,ANTIOQUIA,214,RIONEGRO,VOTOS NO MARCADOS,67
01,ANTIOQUIA,214,RIONEGRO,VOTOS NULOS,1230
01,ANTIOQUIA,217,SABANALARGA,GUSTAVO PETRO,588
01,ANTIOQUIA,217,SABANALARGA,RODOLFO HERNÁNDEZ,2956
01,ANTIOQUIA,217,SABANALARGA,VOTOS EN BLANCO,65
01,ANTIOQUIA,217,SABANALARGA,VOTOS NO MARCADOS,17
01,ANTIOQUIA,217,SABANALARGA,VOTOS NULOS,30
01,ANTIOQUIA,218,SABANETA,GUSTAVO PETRO,16631
01,ANTIOQUIA,218,SABANETA,RODOLFO HERNÁNDEZ,40723
01,ANTIOQUIA,218,SABANETA,VOTOS EN BLANCO,1771
01,ANTIOQUIA,218,SABANETA,VOTOS NO MARCADOS,22
01,ANTIOQUIA,218,SABANETA,VOTOS NULOS,529
01,ANTIOQUIA,220,SALGAR,GUSTAVO PETRO,751
01,ANTIOQUIA,220,SALGAR,RODOLFO HERNÁNDEZ,5019
01,ANTIOQUIA,220,SALGAR,VOTOS EN BLANCO,79
01,ANTIOQUIA,220,SALGAR,VOTOS NO MARCADOS,23
01,ANTIOQUIA,220,SALGAR,VOTOS NULOS,40
01,ANTIOQUIA,223,SAN ANDRES,GUSTAVO PETRO,443
01,ANTIOQUIA,223,SAN ANDRES,RODOLFO HERNÁNDEZ,1797
01,ANTIOQUIA,223,SAN ANDRES,VOTOS EN BLANCO,53
01,ANTIOQUIA,223,SAN ANDRES,VOTOS NO MARCADOS,8
01,ANTIOQUIA,223,SAN ANDRES,VOTOS NULOS,50
01,ANTIOQUIA,226,SAN CARLOS,GUSTAVO PETRO,1589
01,ANTIOQUIA,226,SAN CARLOS,RODOLFO HERNÁNDEZ,6010
01,ANTIOQUIA,226,SAN CARLOS,VOTOS EN BLANCO,122
01,ANTIOQUIA,226,SAN CARLOS,VOTOS NO MARCADOS,14
01,ANTIOQUIA,226,SAN CARLOS,VOTOS NULOS,62
01,ANTIOQUIA,227,SAN FRANCISCO,GUSTAVO PETRO,577
01,ANTIOQUIA,227,SAN FRANCISCO,RODOLFO HERNÁNDEZ,2395
01,ANTIOQUIA,227,SAN FRANCISCO,VOTOS EN BLANCO,40
01,ANTIOQUIA,227,SAN FRANCISCO,VOTOS NO MARCADOS,7
01,ANTIOQUIA,227,SAN FRANCISCO,VOTOS NULOS,15
01,ANTIOQUIA,229,SAN JERONIMO,GUSTAVO PETRO,1169
01,ANTIOQUIA,229,SAN JERONIMO,RODOLFO HERNÁNDEZ,5367
01,ANTIOQUIA,229,SAN JERONIMO,VOTOS EN BLANCO,148
01,ANTIOQUIA,229,SAN JERONIMO,VOTOS NO MARCADOS,12
01,ANTIOQUIA,229,SAN JERONIMO,VOTOS NULOS,87
01,ANTIOQUIA,230,SAN JOSE DE LA MONTAÑA,GUSTAVO PETRO,274
01,ANTIOQUIA,230,SAN JOSE DE LA MONTAÑA,RODOLFO HERNÁNDEZ,1178
01,ANTIOQUIA,230,SAN JOSE DE LA MONTAÑA,VOTOS EN BLANCO,46
01,ANTIOQUIA,230,SAN JOSE DE LA MONTAÑA,VOTOS NO MARCADOS,8
01,ANTIOQUIA,230,SAN JOSE DE LA MONTAÑA,VOTOS NULOS,29
01,ANTIOQUIA,231,SAN JUAN DE URABA,GUSTAVO PETRO,3803
01,ANTIOQUIA,231,SAN JUAN DE URABA,RODOLFO HERNÁNDEZ,5209
01,ANTIOQUIA,231,SAN JUAN DE URABA,VOTOS EN BLANCO,122
01,ANTIOQUIA,231,SAN JUAN DE URABA,VOTOS NO MARCADOS,19
01,ANTIOQUIA,231,SAN JUAN DE URABA,VOTOS NULOS,48
01,ANTIOQUIA,232,SAN LUIS,GUSTAVO PETRO,1136
01,ANTIOQUIA,232,SAN LUIS,RODOLFO HERNÁNDEZ,5058
01,ANTIOQUIA,232,SAN LUIS,VOTOS EN BLANCO,105
01,ANTIOQUIA,232,SAN LUIS,VOTOS NO MARCADOS,16
01,ANTIOQUIA,232,SAN LUIS,VOTOS NULOS,31
01,ANTIOQUIA,235,SAN PEDRO,GUSTAVO PETRO,2438
01,ANTIOQUIA,235,SAN PEDRO,RODOLFO HERNÁNDEZ,9989
01,ANTIOQUIA,235,SAN PEDRO,VOTOS EN BLANCO,396
01,ANTIOQUIA,235,SAN PEDRO,VOTOS NO MARCADOS,20
01,ANTIOQUIA,235,SAN PEDRO,VOTOS NULOS,203
01,ANTIOQUIA,237,SAN PEDRO DE URABA,GUSTAVO PETRO,3230
01,ANTIOQUIA,237,SAN PEDRO DE URABA,RODOLFO HERNÁNDEZ,8171
01,ANTIOQUIA,237,SAN PEDRO DE URABA,VOTOS EN BLANCO,225
01,ANTIOQUIA,237,SAN PEDRO DE URABA,VOTOS NO MARCADOS,18
01,ANTIOQUIA,237,SAN PEDRO DE URABA,VOTOS NULOS,71
01,ANTIOQUIA,238,SAN RAFAEL,GUSTAVO PETRO,1665
01,ANTIOQUIA,238,SAN RAFAEL,RODOLFO HERNÁNDEZ,5202
01,ANTIOQUIA,238,SAN RAFAEL,VOTOS EN BLANCO,115
01,ANTIOQUIA,238,SAN RAFAEL,VOTOS NO MARCADOS,14
01,ANTIOQUIA,238,SAN RAFAEL,VOTOS NULOS,84
01,ANTIOQUIA,241,SAN ROQUE,GUSTAVO PETRO,1267
01,ANTIOQUIA,241,SAN ROQUE,RODOLFO HERNÁNDEZ,6182
01,ANTIOQUIA,241,SAN ROQUE,VOTOS EN BLANCO,169
01,ANTIOQUIA,241,SAN ROQUE,VOTOS NO MARCADOS,34
01,ANTIOQUIA,241,SAN ROQUE,VOTOS NULOS,100
01,ANTIOQUIA,244,SAN VICENTE,GUSTAVO PETRO,1734
01,ANTIOQUIA,244,SAN VICENTE,RODOLFO HERNÁNDEZ,8531
01,ANTIOQUIA,244,SAN VICENTE,VOTOS EN BLANCO,221
01,ANTIOQUIA,244,SAN VICENTE,VOTOS NO MARCADOS,23
01,ANTIOQUIA,244,SAN VICENTE,VOTOS NULOS,160
01,ANTIOQUIA,247,SANTA BARBARA,GUSTAVO PETRO,2924
01,ANTIOQUIA,247,SANTA BARBARA,RODOLFO HERNÁNDEZ,7849
01,ANTIOQUIA,247,SANTA BARBARA,VOTOS EN BLANCO,308
01,ANTIOQUIA,247,SANTA BARBARA,VOTOS NO MARCADOS,30
01,ANTIOQUIA,247,SANTA BARBARA,VOTOS NULOS,202
01,ANTIOQUIA,250,SANTA ROSA DE OSOS,GUSTAVO PETRO,3044
01,ANTIOQUIA,250,SANTA ROSA DE OSOS,RODOLFO HERNÁNDEZ,11216
01,ANTIOQUIA,250,SANTA ROSA DE OSOS,VOTOS EN BLANCO,626
01,ANTIOQUIA,250,SANTA ROSA DE OSOS,VOTOS NO MARCADOS,47
01,ANTIOQUIA,250,SANTA ROSA DE OSOS,VOTOS NULOS,356
01,ANTIOQUIA,253,SANTO DOMINGO,GUSTAVO PETRO,898
01,ANTIOQUIA,253,SANTO DOMINGO,RODOLFO HERNÁNDEZ,3888
01,ANTIOQUIA,253,SANTO DOMINGO,VOTOS EN BLANCO,110
01,ANTIOQUIA,253,SANTO DOMINGO,VOTOS NO MARCADOS,16
01,ANTIOQUIA,253,SANTO DOMINGO,VOTOS NULOS,76
01,ANTIOQUIA,256,SANTUARIO,GUSTAVO PETRO,2776
01,ANTIOQUIA,256,SANTUARIO,RODOLFO HERNÁNDEZ,16105
01,ANTIOQUIA,256,SANTUARIO,VOTOS EN BLANCO,310
01,ANTIOQUIA,256,SANTUARIO,VOTOS NO MARCADOS,23
01,ANTIOQUIA,256,SANTUARIO,VOTOS NULOS,162
01,ANTIOQUIA,259,SEGOVIA,GUSTAVO PETRO,6386
01,ANTIOQUIA,259,SEGOVIA,RODOLFO HERNÁNDEZ,3572
01,ANTIOQUIA,259,SEGOVIA,VOTOS EN BLANCO,404
01,ANTIOQUIA,259,SEGOVIA,VOTOS NO MARCADOS,27
01,ANTIOQUIA,259,SEGOVIA,VOTOS NULOS,181
01,ANTIOQUIA,262,SONSON,GUSTAVO PETRO,2109
01,ANTIOQUIA,262,SONSON,RODOLFO HERNÁNDEZ,12478
01,ANTIOQUIA,262,SONSON,VOTOS EN BLANCO,333
01,ANTIOQUIA,262,SONSON,VOTOS NO MARCADOS,41
01,ANTIOQUIA,262,SONSON,VOTOS NULOS,243
01,ANTIOQUIA,265,SOPETRAN,GUSTAVO PETRO,1671
01,ANTIOQUIA,265,SOPETRAN,RODOLFO HERNÁNDEZ,5022
01,ANTIOQUIA,265,SOPETRAN,VOTOS EN BLANCO,118
01,ANTIOQUIA,265,SOPETRAN,VOTOS NO MARCADOS,9
01,ANTIOQUIA,265,SOPETRAN,VOTOS NULOS,82
01,ANTIOQUIA,268,TAMESIS,GUSTAVO PETRO,2035
01,ANTIOQUIA,268,TAMESIS,RODOLFO HERNÁNDEZ,5997
01,ANTIOQUIA,268,TAMESIS,VOTOS EN BLANCO,176
01,ANTIOQUIA,268,TAMESIS,VOTOS NO MARCADOS,19
01,ANTIOQUIA,268,TAMESIS,VOTOS NULOS,90
01,ANTIOQUIA,270,TARAZA,GUSTAVO PETRO,4177
01,ANTIOQUIA,270,TARAZA,RODOLFO HERNÁNDEZ,2619
01,ANTIOQUIA,270,TARAZA,VOTOS EN BLANCO,157
01,ANTIOQUIA,270,TARAZA,VOTOS NO MARCADOS,21
01,ANTIOQUIA,270,TARAZA,VOTOS NULOS,93
01,ANTIOQUIA,271,TARSO,GUSTAVO PETRO,1000
01,ANTIOQUIA,271,TARSO,RODOLFO HERNÁNDEZ,1935
01,ANTIOQUIA,271,TARSO,VOTOS EN BLANCO,64
01,ANTIOQUIA,271,TARSO,VOTOS NO MARCADOS,10
01,ANTIOQUIA,271,TARSO,VOTOS NULOS,28
01,ANTIOQUIA,274,TITIRIBI,GUSTAVO PETRO,740
01,ANTIOQUIA,274,TITIRIBI,RODOLFO HERNÁNDEZ,2885
01,ANTIOQUIA,274,TITIRIBI,VOTOS EN BLANCO,80
01,ANTIOQUIA,274,TITIRIBI,VOTOS NO MARCADOS,11
01,ANTIOQUIA,274,TITIRIBI,VOTOS NULOS,57
01,ANTIOQUIA,277,TOLEDO,GUSTAVO PETRO,463
01,ANTIOQUIA,277,TOLEDO,RODOLFO HERNÁNDEZ,1284
01,ANTIOQUIA,277,TOLEDO,VOTOS EN BLANCO,57
01,ANTIOQUIA,277,TOLEDO,VOTOS NO MARCADOS,13
01,ANTIOQUIA,277,TOLEDO,VOTOS NULOS,47
01,ANTIOQUIA,280,TURBO,GUSTAVO PETRO,27091
01,ANTIOQUIA,280,TURBO,RODOLFO HERNÁNDEZ,13782
01,ANTIOQUIA,280,TURBO,VOTOS EN BLANCO,1028
01,ANTIOQUIA,280,TURBO,VOTOS NO MARCADOS,70
01,ANTIOQUIA,280,TURBO,VOTOS NULOS,546
01,ANTIOQUIA,282,URAMITA,GUSTAVO PETRO,525
01,ANTIOQUIA,282,URAMITA,RODOLFO HERNÁNDEZ,2156
01,ANTIOQUIA,282,URAMITA,VOTOS EN BLANCO,50
01,ANTIOQUIA,282,URAMITA,VOTOS NO MARCADOS,12
01,ANTIOQUIA,282,URAMITA,VOTOS NULOS,30
01,ANTIOQUIA,283,URRAO,GUSTAVO PETRO,2080
01,ANTIOQUIA,283,URRAO,RODOLFO HERNÁNDEZ,7192
01,ANTIOQUIA,283,URRAO,VOTOS EN BLANCO,285
01,ANTIOQUIA,283,URRAO,VOTOS NO MARCADOS,31
01,ANTIOQUIA,283,URRAO,VOTOS NULOS,102
01,ANTIOQUIA,286,VALDIVIA,GUSTAVO PETRO,1758
01,ANTIOQUIA,286,VALDIVIA,RODOLFO HERNÁNDEZ,2227
01,ANTIOQUIA,286,VALDIVIA,VOTOS EN BLANCO,94
01,ANTIOQUIA,286,VALDIVIA,VOTOS NO MARCADOS,15
01,ANTIOQUIA,286,VALDIVIA,VOTOS NULOS,69
01,ANTIOQUIA,289,VALPARAISO,GUSTAVO PETRO,819
01,ANTIOQUIA,289,VALPARAISO,RODOLFO HERNÁNDEZ,2150
01,ANTIOQUIA,289,VALPARAISO,VOTOS EN BLANCO,62
01,ANTIOQUIA,289,VALPARAISO,VOTOS NO MARCADOS,10
01,ANTIOQUIA,289,VALPARAISO,VOTOS NULOS,29
01,ANTIOQUIA,290,VEGACHI,GUSTAVO PETRO,848
01,ANTIOQUIA,290,VEGACHI,RODOLFO HERNÁNDEZ,3910
01,ANTIOQUIA,290,VEGACHI,VOTOS EN BLANCO,126
01,ANTIOQUIA,290,VEGACHI,VOTOS NO MARCADOS,14
01,ANTIOQUIA,290,VEGACHI,VOTOS NULOS,71
01,ANTIOQUIA,291,VIGIA DEL FUERTE,GUSTAVO PETRO,2284
01,ANTIOQUIA,291,VIGIA DEL FUERTE,RODOLFO HERNÁNDEZ,359
01,ANTIOQUIA,291,VIGIA DEL FUERTE,VOTOS EN BLANCO,50
01,ANTIOQUIA,291,VIGIA DEL FUERTE,VOTOS NO MARCADOS,12
01,ANTIOQUIA,291,VIGIA DEL FUERTE,VOTOS NULOS,23
01,ANTIOQUIA,292,VENECIA,GUSTAVO PETRO,1138
01,ANTIOQUIA,292,VENECIA,RODOLFO HERNÁNDEZ,4614
01,ANTIOQUIA,292,VENECIA,VOTOS EN BLANCO,99
01,ANTIOQUIA,292,VENECIA,VOTOS NO MARCADOS,9
01,ANTIOQUIA,292,VENECIA,VOTOS NULOS,58
01,ANTIOQUIA,293,YALI,GUSTAVO PETRO,506
01,ANTIOQUIA,293,YALI,RODOLFO HERNÁNDEZ,2223
01,ANTIOQUIA,293,YALI,VOTOS EN BLANCO,53
01,ANTIOQUIA,293,YALI,VOTOS NO MARCADOS,9
01,ANTIOQUIA,293,YALI,VOTOS NULOS,27
01,ANTIOQUIA,295,YARUMAL,GUSTAVO PETRO,3726
01,ANTIOQUIA,295,YARUMAL,RODOLFO HERNÁNDEZ,10603
01,ANTIOQUIA,295,YARUMAL,VOTOS EN BLANCO,569
01,ANTIOQUIA,295,YARUMAL,VOTOS NO MARCADOS,42
01,ANTIOQUIA,295,YARUMAL,VOTOS NULOS,310
01,ANTIOQUIA,298,YOLOMBO,GUSTAVO PETRO,1496
01,ANTIOQUIA,298,YOLOMBO,RODOLFO HERNÁNDEZ,5096
01,ANTIOQUIA,298,YOLOMBO,VOTOS EN BLANCO,156
01,ANTIOQUIA,298,YOLOMBO,VOTOS NO MARCADOS,19
01,ANTIOQUIA,298,YOLOMBO,VOTOS NULOS,81
01,ANTIOQUIA,300,YONDO-CASABE,GUSTAVO PETRO,3556
01,ANTIOQUIA,300,YONDO-CASABE,RODOLFO HERNÁNDEZ,5278
01,ANTIOQUIA,300,YONDO-CASABE,VOTOS EN BLANCO,146
01,ANTIOQUIA,300,YONDO-CASABE,VOTOS NO MARCADOS,19
01,ANTIOQUIA,300,YONDO-CASABE,VOTOS NULOS,151
01,ANTIOQUIA,301,ZARAGOZA,GUSTAVO PETRO,2799
01,ANTIOQUIA,301,ZARAGOZA,RODOLFO HERNÁNDEZ,3422
01,ANTIOQUIA,301,ZARAGOZA,VOTOS EN BLANCO,160
01,ANTIOQUIA,301,ZARAGOZA,VOTOS NO MARCADOS,19
01,ANTIOQUIA,301,ZARAGOZA,VOTOS NULOS,140
03,ATLANTICO,001,BARRANQUILLA,GUSTAVO PETRO,358679
03,ATLANTICO,001,BARRANQUILLA,RODOLFO HERNÁNDEZ,190693
03,ATLANTICO,001,BARRANQUILLA,VOTOS EN BLANCO,9433
03,ATLANTICO,001,BARRANQUILLA,VOTOS NO MARCADOS,310
03,ATLANTICO,001,BARRANQUILLA,VOTOS NULOS,2633
03,ATLANTICO,004,BARANOA,GUSTAVO PETRO,20621
03,ATLANTICO,004,BARANOA,RODOLFO HERNÁNDEZ,8017
03,ATLANTICO,004,BARANOA,VOTOS EN BLANCO,434
03,ATLANTICO,004,BARANOA,VOTOS NO MARCADOS,30
03,ATLANTICO,004,BARANOA,VOTOS NULOS,177
03,ATLANTICO,007,CAMPO DE LA CRUZ,GUSTAVO PETRO,3842
03,ATLANTICO,007,CAMPO DE LA CRUZ,RODOLFO HERNÁNDEZ,5043
03,ATLANTICO,007,CAMPO DE LA CRUZ,VOTOS EN BLANCO,135
03,ATLANTICO,007,CAMPO DE LA CRUZ,VOTOS NO MARCADOS,12
03,ATLANTICO,007,CAMPO DE LA CRUZ,VOTOS NULOS,62
03,ATLANTICO,010,CANDELARIA,GUSTAVO PETRO,2945
03,ATLANTICO,010,CANDELARIA,RODOLFO HERNÁNDEZ,3097
03,ATLANTICO,010,CANDELARIA,VOTOS EN BLANCO,95
03,ATLANTICO,010,CANDELARIA,VOTOS NO MARCADOS,9
03,ATLANTICO,010,CANDELARIA,VOTOS NULOS,35
03,ATLANTICO,013,GALAPA,GUSTAVO PETRO,15986
03,ATLANTICO,013,GALAPA,RODOLFO HERNÁNDEZ,4318
03,ATLANTICO,013,GALAPA,VOTOS EN BLANCO,292
03,ATLANTICO,013,GALAPA,VOTOS NO MARCADOS,20
03,ATLANTICO,013,GALAPA,VOTOS NULOS,162
03,ATLANTICO,016,JUAN DE ACOSTA,GUSTAVO PETRO,4456
03,ATLANTICO,016,JUAN DE ACOSTA,RODOLFO HERNÁNDEZ,4210
03,ATLANTICO,016,JUAN DE ACOSTA,VOTOS EN BLANCO,103
03,ATLANTICO,016,JUAN DE ACOSTA,VOTOS NO MARCADOS,6
03,ATLANTICO,016,JUAN DE ACOSTA,VOTOS NULOS,36
03,ATLANTICO,019,LURUACO,GUSTAVO PETRO,5249
03,ATLANTICO,019,LURUACO,RODOLFO HERNÁNDEZ,5182
03,ATLANTICO,019,LURUACO,VOTOS EN BLANCO,159
03,ATLANTICO,019,LURUACO,VOTOS NO MARCADOS,23
03,ATLANTICO,019,LURUACO,VOTOS NULOS,74
03,ATLANTICO,022,MALAMBO,GUSTAVO PETRO,34301
03,ATLANTICO,022,MALAMBO,RODOLFO HERNÁNDEZ,8506
03,ATLANTICO,022,MALAMBO,VOTOS EN BLANCO,589
03,ATLANTICO,022,MALAMBO,VOTOS NO MARCADOS,32
03,ATLANTICO,022,MALAMBO,VOTOS NULOS,241
03,ATLANTICO,025,MANATI,GUSTAVO PETRO,2817
03,ATLANTICO,025,MANATI,RODOLFO HERNÁNDEZ,3670
03,ATLANTICO,025,MANATI,VOTOS EN BLANCO,110
03,ATLANTICO,025,MANATI,VOTOS NO MARCADOS,15
03,ATLANTICO,025,MANATI,VOTOS NULOS,31
03,ATLANTICO,028,PALMAR DE VARELA,GUSTAVO PETRO,9238
03,ATLANTICO,028,PALMAR DE VARELA,RODOLFO HERNÁNDEZ,2401
03,ATLANTICO,028,PALMAR DE VARELA,VOTOS EN BLANCO,149
03,ATLANTICO,028,PALMAR DE VARELA,VOTOS NO MARCADOS,13
03,ATLANTICO,028,PALMAR DE VARELA,VOTOS NULOS,64
03,ATLANTICO,031,PIOJO,GUSTAVO PETRO,1751
03,ATLANTICO,031,PIOJO,RODOLFO HERNÁNDEZ,994
03,ATLANTICO,031,PIOJO,VOTOS EN BLANCO,24
03,ATLANTICO,031,PIOJO,VOTOS NO MARCADOS,6
03,ATLANTICO,031,PIOJO,VOTOS NULOS,9
03,ATLANTICO,034,POLONUEVO,GUSTAVO PETRO,6360
03,ATLANTICO,034,POLONUEVO,RODOLFO HERNÁNDEZ,1744
03,ATLANTICO,034,POLONUEVO,VOTOS EN BLANCO,105
03,ATLANTICO,034,POLONUEVO,VOTOS NO MARCADOS,9
03,ATLANTICO,034,POLONUEVO,VOTOS NULOS,61
03,ATLANTICO,035,PONEDERA,GUSTAVO PETRO,5345
03,ATLANTICO,035,PONEDERA,RODOLFO HERNÁNDEZ,3271
03,ATLANTICO,035,PONEDERA,VOTOS EN BLANCO,132
03,ATLANTICO,035,PONEDERA,VOTOS NO MARCADOS,13
03,ATLANTICO,035,PONEDERA,VOTOS NULOS,56
03,ATLANTICO,037,PUERTO COLOMBIA,GUSTAVO PETRO,13189
03,ATLANTICO,037,PUERTO COLOMBIA,RODOLFO HERNÁNDEZ,6929
03,ATLANTICO,037,PUERTO COLOMBIA,VOTOS EN BLANCO,290
03,ATLANTICO,037,PUERTO COLOMBIA,VOTOS NO MARCADOS,14
03,ATLANTICO,037,PUERTO COLOMBIA,VOTOS NULOS,86
03,ATLANTICO,040,REPELON,GUSTAVO PETRO,5563
03,ATLANTICO,040,REPELON,RODOLFO HERNÁNDEZ,3940
03,ATLANTICO,040,REPELON,VOTOS EN BLANCO,151
03,ATLANTICO,040,REPELON,VOTOS NO MARCADOS,17
03,ATLANTICO,040,REPELON,VOTOS NULOS,83
03,ATLANTICO,043,SABANAGRANDE,GUSTAVO PETRO,10097
03,ATLANTICO,043,SABANAGRANDE,RODOLFO HERNÁNDEZ,3340
03,ATLANTICO,043,SABANAGRANDE,VOTOS EN BLANCO,222
03,ATLANTICO,043,SABANAGRANDE,VOTOS NO MARCADOS,17
03,ATLANTICO,043,SABANAGRANDE,VOTOS NULOS,132
03,ATLANTICO,046,SABANALARGA,GUSTAVO PETRO,26860
03,ATLANTICO,046,SABANALARGA,RODOLFO HERNÁNDEZ,11842
03,ATLANTICO,046,SABANALARGA,VOTOS EN BLANCO,567
03,ATLANTICO,046,SABANALARGA,VOTOS NO MARCADOS,30
03,ATLANTICO,046,SABANALARGA,VOTOS NULOS,309
03,ATLANTICO,047,SANTA LUCIA,GUSTAVO PETRO,2188
03,ATLANTICO,047,SANTA LUCIA,RODOLFO HERNÁNDEZ,3531
03,ATLANTICO,047,SANTA LUCIA,VOTOS EN BLANCO,50
03,ATLANTICO,047,SANTA LUCIA,VOTOS NO MARCADOS,14
03,ATLANTICO,047,SANTA LUCIA,VOTOS NULOS,26
03,ATLANTICO,049,SANTO TOMAS,GUSTAVO PETRO,10899
03,ATLANTICO,049,SANTO TOMAS,RODOLFO HERNÁNDEZ,3113
03,ATLANTICO,049,SANTO TOMAS,VOTOS EN BLANCO,222
03,ATLANTICO,049,SANTO TOMAS,VOTOS NO MARCADOS,10
03,ATLANTICO,049,SANTO TOMAS,VOTOS NULOS,70
03,ATLANTICO,052,SOLEDAD,GUSTAVO PETRO,123297
03,ATLANTICO,052,SOLEDAD,RODOLFO HERNÁNDEZ,34565
03,ATLANTICO,052,SOLEDAD,VOTOS EN BLANCO,2436
03,ATLANTICO,052,SOLEDAD,VOTOS NO MARCADOS,111
03,ATLANTICO,052,SOLEDAD,VOTOS NULOS,892
03,ATLANTICO,055,SUAN,GUSTAVO PETRO,2265
03,ATLANTICO,055,SUAN,RODOLFO HERNÁNDEZ,2600
03,ATLANTICO,055,SUAN,VOTOS EN BLANCO,88
03,ATLANTICO,055,SUAN,VOTOS NO MARCADOS,5
03,ATLANTICO,055,SUAN,VOTOS NULOS,24
03,ATLANTICO,058,TUBARA,GUSTAVO PETRO,4040
03,ATLANTICO,058,TUBARA,RODOLFO HERNÁNDEZ,1768
03,ATLANTICO,058,TUBARA,VOTOS EN BLANCO,72
03,ATLANTICO,058,TUBARA,VOTOS NO MARCADOS,4
03,ATLANTICO,058,TUBARA,VOTOS NULOS,33
03,ATLANTICO,061,USIACURI,GUSTAVO PETRO,3112
03,ATLANTICO,061,USIACURI,RODOLFO HERNÁNDEZ,1415
03,ATLANTICO,061,USIACURI,VOTOS EN BLANCO,81
03,ATLANTICO,061,USIACURI,VOTOS NO MARCADOS,7
03,ATLANTICO,061,USIACURI,VOTOS NULOS,38
05,BOLIVAR,001,CARTAGENA,GUSTAVO PETRO,269318
05,BOLIVAR,001,CARTAGENA,RODOLFO HERNÁNDEZ,120829
05,BOLIVAR,001,CARTAGENA,VOTOS EN BLANCO,8574
05,BOLIVAR,001,CARTAGENA,VOTOS NO MARCADOS,269
05,BOLIVAR,001,CARTAGENA,VOTOS NULOS,1957
05,BOLIVAR,004,ACHI,GUSTAVO PETRO,2476
05,BOLIVAR,004,ACHI,RODOLFO HERNÁNDEZ,5708
05,BOLIVAR,004,ACHI,VOTOS EN BLANCO,71
05,BOLIVAR,004,ACHI,VOTOS NO MARCADOS,10
05,BOLIVAR,004,ACHI,VOTOS NULOS,21
05,BOLIVAR,005,ARENAL,GUSTAVO PETRO,1817
05,BOLIVAR,005,ARENAL,RODOLFO HERNÁNDEZ,1517
05,BOLIVAR,005,ARENAL,VOTOS EN BLANCO,37
05,BOLIVAR,005,ARENAL,VOTOS NO MARCADOS,6
05,BOLIVAR,005,ARENAL,VOTOS NULOS,12
05,BOLIVAR,006,ALTOS DEL ROSARIO,GUSTAVO PETRO,1207
05,BOLIVAR,006,ALTOS DEL ROSARIO,RODOLFO HERNÁNDEZ,1987
05,BOLIVAR,006,ALTOS DEL ROSARIO,VOTOS EN BLANCO,24
05,BOLIVAR,006,ALTOS DEL ROSARIO,VOTOS NO MARCADOS,9
05,BOLIVAR,006,ALTOS DEL ROSARIO,VOTOS NULOS,15
05,BOLIVAR,007,ARJONA,GUSTAVO PETRO,18370
05,BOLIVAR,007,ARJONA,RODOLFO HERNÁNDEZ,7882
05,BOLIVAR,007,ARJONA,VOTOS EN BLANCO,562
05,BOLIVAR,007,ARJONA,VOTOS NO MARCADOS,51
05,BOLIVAR,007,ARJONA,VOTOS NULOS,286
05,BOLIVAR,009,ARROYO HONDO,GUSTAVO PETRO,1290
05,BOLIVAR,009,ARROYO HONDO,RODOLFO HERNÁNDEZ,2049
05,BOLIVAR,009,ARROYO HONDO,VOTOS EN BLANCO,42
05,BOLIVAR,009,ARROYO HONDO,VOTOS NO MARCADOS,6
05,BOLIVAR,009,ARROYO HONDO,VOTOS NULOS,17
05,BOLIVAR,010,BARRANCO DE LOBA,GUSTAVO PETRO,1709
05,BOLIVAR,010,BARRANCO DE LOBA,RODOLFO HERNÁNDEZ,4215
05,BOLIVAR,010,BARRANCO DE LOBA,VOTOS EN BLANCO,44
05,BOLIVAR,010,BARRANCO DE LOBA,VOTOS NO MARCADOS,10
05,BOLIVAR,010,BARRANCO DE LOBA,VOTOS NULOS,14
05,BOLIVAR,013,CALAMAR,GUSTAVO PETRO,4322
05,BOLIVAR,013,CALAMAR,RODOLFO HERNÁNDEZ,4110
05,BOLIVAR,013,CALAMAR,VOTOS EN BLANCO,136
05,BOLIVAR,013,CALAMAR,VOTOS NO MARCADOS,22
05,BOLIVAR,013,CALAMAR,VOTOS NULOS,81
05,BOLIVAR,014,CANTAGALLO,GUSTAVO PETRO,2476
05,BOLIVAR,014,CANTAGALLO,RODOLFO HERNÁNDEZ,1968
05,BOLIVAR,014,CANTAGALLO,VOTOS EN BLANCO,50
05,BOLIVAR,014,CANTAGALLO,VOTOS NO MARCADOS,5
05,BOLIVAR,014,CANTAGALLO,VOTOS NULOS,36
05,BOLIVAR,015,CICUCO,GUSTAVO PETRO,3250
05,BOLIVAR,015,CICUCO,RODOLFO HERNÁNDEZ,2212
05,BOLIVAR,015,CICUCO,VOTOS EN BLANCO,57
05,BOLIVAR,015,CICUCO,VOTOS NO MARCADOS,6
05,BOLIVAR,015,CICUCO,VOTOS NULOS,24
05,BOLIVAR,016,CORDOBA,GUSTAVO PETRO,5032
05,BOLIVAR,016,CORDOBA,RODOLFO HERNÁNDEZ,2520
05,BOLIVAR,016,CORDOBA,VOTOS EN BLANCO,111
05,BOLIVAR,016,CORDOBA,VOTOS NO MARCADOS,12
05,BOLIVAR,016,CORDOBA,VOTOS NULOS,25
05,BOLIVAR,018,CLEMENCIA,GUSTAVO PETRO,3301
05,BOLIVAR,018,CLEMENCIA,RODOLFO HERNÁNDEZ,2158
05,BOLIVAR,018,CLEMENCIA,VOTOS EN BLANCO,101
05,BOLIVAR,018,CLEMENCIA,VOTOS NO MARCADOS,15
05,BOLIVAR,018,CLEMENCIA,VOTOS NULOS,32
05,BOLIVAR,022,EL CARMEN DE BOLIVAR,GUSTAVO PETRO,11042
05,BOLIVAR,022,EL CARMEN DE BOLIVAR,RODOLFO HERNÁNDEZ,14969
05,BOLIVAR,022,EL CARMEN DE BOLIVAR,VOTOS EN BLANCO,519
05,BOLIVAR,022,EL CARMEN DE BOLIVAR,VOTOS NO MARCADOS,33
05,BOLIVAR,022,EL CARMEN DE BOLIVAR,VOTOS NULOS,275
05,BOLIVAR,025,EL GUAMO,GUSTAVO PETRO,1934
05,BOLIVAR,025,EL GUAMO,RODOLFO HERNÁNDEZ,1807
05,BOLIVAR,025,EL GUAMO,VOTOS EN BLANCO,36
05,BOLIVAR,025,EL GUAMO,VOTOS NO MARCADOS,3
05,BOLIVAR,025,EL GUAMO,VOTOS NULOS,12
05,BOLIVAR,026,HATILLO DE LOBA,GUSTAVO PETRO,1511
05,BOLIVAR,026,HATILLO DE LOBA,RODOLFO HERNÁNDEZ,3382
05,BOLIVAR,026,HATILLO DE LOBA,VOTOS EN BLANCO,29
05,BOLIVAR,026,HATILLO DE LOBA,VOTOS NO MARCADOS,7
05,BOLIVAR,026,HATILLO DE LOBA,VOTOS NULOS,28
05,BOLIVAR,027,EL PEÑON,GUSTAVO PETRO,1278
05,BOLIVAR,027,EL PEÑON,RODOLFO HERNÁNDEZ,1412
05,BOLIVAR,027,EL PEÑON,VOTOS EN BLANCO,42
05,BOLIVAR,027,EL PEÑON,VOTOS NO MARCADOS,1
05,BOLIVAR,027,EL PEÑON,VOTOS NULOS,10
05,BOLIVAR,028,MAGANGUE,GUSTAVO PETRO,34107
05,BOLIVAR,028,MAGANGUE,RODOLFO HERNÁNDEZ,14596
05,BOLIVAR,028,MAGANGUE,VOTOS EN BLANCO,762
05,BOLIVAR,028,MAGANGUE,VOTOS NO MARCADOS,58
05,BOLIVAR,028,MAGANGUE,VOTOS NULOS,417
05,BOLIVAR,031,MAHATES,GUSTAVO PETRO,4874
05,BOLIVAR,031,MAHATES,RODOLFO HERNÁNDEZ,4248
05,BOLIVAR,031,MAHATES,VOTOS EN BLANCO,134
05,BOLIVAR,031,MAHATES,VOTOS NO MARCADOS,19
05,BOLIVAR,031,MAHATES,VOTOS NULOS,71
05,BOLIVAR,037,MARGARITA,GUSTAVO PETRO,1428
05,BOLIVAR,037,MARGARITA,RODOLFO HERNÁNDEZ,2909
05,BOLIVAR,037,MARGARITA,VOTOS EN BLANCO,34
05,BOLIVAR,037,MARGARITA,VOTOS NO MARCADOS,4
05,BOLIVAR,037,MARGARITA,VOTOS NULOS,12
05,BOLIVAR,040,MARIA LA BAJA,GUSTAVO PETRO,12600
05,BOLIVAR,040,MARIA LA BAJA,RODOLFO HERNÁNDEZ,5308
05,BOLIVAR,040,MARIA LA BAJA,VOTOS EN BLANCO,256
05,BOLIVAR,040,MARIA LA BAJA,VOTOS NO MARCADOS,32
05,BOLIVAR,040,MARIA LA BAJA,VOTOS NULOS,125
05,BOLIVAR,041,MONTECRISTO,GUSTAVO PETRO,1917
05,BOLIVAR,041,MONTECRISTO,RODOLFO HERNÁNDEZ,1662
05,BOLIVAR,041,MONTECRISTO,VOTOS EN BLANCO,60
05,BOLIVAR,041,MONTECRISTO,VOTOS NO MARCADOS,3
05,BOLIVAR,041,MONTECRISTO,VOTOS NULOS,17
05,BOLIVAR,043,MOMPOS,GUSTAVO PETRO,9583
05,BOLIVAR,043,MOMPOS,RODOLFO HERNÁNDEZ,7698
05,BOLIVAR,043,MOMPOS,VOTOS EN BLANCO,190
05,BOLIVAR,043,MOMPOS,VOTOS NO MARCADOS,25
05,BOLIVAR,043,MOMPOS,VOTOS NULOS,85
05,BOLIVAR,044,MORALES,GUSTAVO PETRO,1822
05,BOLIVAR,044,MORALES,RODOLFO HERNÁNDEZ,4800
05,BOLIVAR,044,MORALES,VOTOS EN BLANCO,46
05,BOLIVAR,044,MORALES,VOTOS NO MARCADOS,3
05,BOLIVAR,044,MORALES,VOTOS NULOS,35
05,BOLIVAR,050,NOROSI,GUSTAVO PETRO,1194
05,BOLIVAR,050,NOROSI,RODOLFO HERNÁNDEZ,674
05,BOLIVAR,050,NOROSI,VOTOS EN BLANCO,22
05,BOLIVAR,050,NOROSI,VOTOS NO MARCADOS,2
05,BOLIVAR,050,NOROSI,VOTOS NULOS,12
05,BOLIVAR,059,PINILLOS,GUSTAVO PETRO,2799
05,BOLIVAR,059,PINILLOS,RODOLFO HERNÁNDEZ,5579
05,BOLIVAR,059,PINILLOS,VOTOS EN BLANCO,59
05,BOLIVAR,059,PINILLOS,VOTOS NO MARCADOS,11
05,BOLIVAR,059,PINILLOS,VOTOS NULOS,42
05,BOLIVAR,063,REGIDOR,GUSTAVO PETRO,1395
05,BOLIVAR,063,REGIDOR,RODOLFO HERNÁNDEZ,1124
05,BOLIVAR,063,REGIDOR,VOTOS EN BLANCO,19
05,BOLIVAR,063,REGIDOR,VOTOS NO MARCADOS,4
05,BOLIVAR,063,REGIDOR,VOTOS NULOS,18
05,BOLIVAR,065,RIOVIEJO,GUSTAVO PETRO,1289
05,BOLIVAR,065,RIOVIEJO,RODOLFO HERNÁNDEZ,2238
05,BOLIVAR,065,RIOVIEJO,VOTOS EN BLANCO,41
05,BOLIVAR,065,RIOVIEJO,VOTOS NO MARCADOS,4
05,BOLIVAR,065,RIOVIEJO,VOTOS NULOS,19
05,BOLIVAR,070,SAN ESTANISLAO,GUSTAVO PETRO,3651
05,BOLIVAR,070,SAN ESTANISLAO,RODOLFO HERNÁNDEZ,4201
05,BOLIVAR,070,SAN ESTANISLAO,VOTOS EN BLANCO,159
05,BOLIVAR,070,SAN ESTANISLAO,VOTOS NO MARCADOS,13
05,BOLIVAR,070,SAN ESTANISLAO,VOTOS NULOS,62
05,BOLIVAR,072,SAN CRISTOBAL,GUSTAVO PETRO,2588
05,BOLIVAR,072,SAN CRISTOBAL,RODOLFO HERNÁNDEZ,1352
05,BOLIVAR,072,SAN CRISTOBAL,VOTOS EN BLANCO,40
05,BOLIVAR,072,SAN CRISTOBAL,VOTOS NULOS,11
05,BOLIVAR,073,SAN FERNANDO,GUSTAVO PETRO,1987
05,BOLIVAR,073,SAN FERNANDO,RODOLFO HERNÁNDEZ,1896
05,BOLIVAR,073,SAN FERNANDO,VOTOS EN BLANCO,39
05,BOLIVAR,073,SAN FERNANDO,VOTOS NO MARCADOS,2
05,BOLIVAR,073,SAN FERNANDO,VOTOS NULOS,12
05,BOLIVAR,076,SAN JACINTO,GUSTAVO PETRO,6001
05,BOLIVAR,076,SAN JACINTO,RODOLFO HERNÁNDEZ,4910
05,BOLIVAR,076,SAN JACINTO,VOTOS EN BLANCO,197
05,BOLIVAR,076,SAN JACINTO,VOTOS NO MARCADOS,17
05,BOLIVAR,076,SAN JACINTO,VOTOS NULOS,98
05,BOLIVAR,078,SAN JACINTO DEL CAUCA,GUSTAVO PETRO,1257
05,BOLIVAR,078,SAN JACINTO DEL CAUCA,RODOLFO HERNÁNDEZ,1773
05,BOLIVAR,078,SAN JACINTO DEL CAUCA,VOTOS EN BLANCO,43
05,BOLIVAR,078,SAN JACINTO DEL CAUCA,VOTOS NO MARCADOS,3
05,BOLIVAR,078,SAN JACINTO DEL CAUCA,VOTOS NULOS,9
05,BOLIVAR,079,SAN JUAN NEPOMUCENO,GUSTAVO PETRO,6947
05,BOLIVAR,079,SAN JUAN NEPOMUCENO,RODOLFO HERNÁNDEZ,8048
05,BOLIVAR,079,SAN JUAN NEPOMUCENO,VOTOS EN BLANCO,231
05,BOLIVAR,079,SAN JUAN NEPOMUCENO,VOTOS NO MARCADOS,24
05,BOLIVAR,079,SAN JUAN NEPOMUCENO,VOTOS NULOS,107
05,BOLIVAR,082,SAN MARTIN DE LOBA,GUSTAVO PETRO,2764
05,BOLIVAR,082,SAN MARTIN DE LOBA,RODOLFO HERNÁNDEZ,2801
05,BOLIVAR,082,SAN MARTIN DE LOBA,VOTOS EN BLANCO,52
05,BOLIVAR,082,SAN MARTIN DE LOBA,VOTOS NO MARCADOS,3
05,BOLIVAR,082,SAN MARTIN DE LOBA,VOTOS NULOS,26
05,BOLIVAR,084,SAN PABLO,GUSTAVO PETRO,4556
05,BOLIVAR,084,SAN PABLO,RODOLFO HERNÁNDEZ,5452
05,BOLIVAR,084,SAN PABLO,VOTOS EN BLANCO,117
05,BOLIVAR,084,SAN PABLO,VOTOS NO MARCADOS,20
05,BOLIVAR,084,SAN PABLO,VOTOS NULOS,73
05,BOLIVAR,091,SANTA CATALINA,GUSTAVO PETRO,4225
05,BOLIVAR,091,SANTA CATALINA,RODOLFO HERNÁNDEZ,1518
05,BOLIVAR,091,SANTA CATALINA,VOTOS EN BLANCO,87
05,BOLIVAR,091,SANTA CATALINA,VOTOS NO MARCADOS,8
05,BOLIVAR,091,SANTA CATALINA,VOTOS NULOS,34
05,BOLIVAR,094,SANTA ROSA,GUSTAVO PETRO,5284
05,BOLIVAR,094,SANTA ROSA,RODOLFO HERNÁNDEZ,1846
05,BOLIVAR,094,SANTA ROSA,VOTOS EN BLANCO,134
05,BOLIVAR,094,SANTA ROSA,VOTOS NO MARCADOS,14
05,BOLIVAR,094,SANTA ROSA,VOTOS NULOS,54
05,BOLIVAR,095,SANTA ROSA DEL SUR,GUSTAVO PETRO,2612
05,BOLIVAR,095,SANTA ROSA DEL SUR,RODOLFO HERNÁNDEZ,11176
05,BOLIVAR,095,SANTA ROSA DEL SUR,VOTOS EN BLANCO,145
05,BOLIVAR,095,SANTA ROSA DEL SUR,VOTOS NO MARCADOS,15
05,BOLIVAR,095,SANTA ROSA DEL SUR,VOTOS NULOS,67
05,BOLIVAR,097,SIMITI,GUSTAVO PETRO,2166
05,BOLIVAR,097,SIMITI,RODOLFO HERNÁNDEZ,4942
05,BOLIVAR,097,SIMITI,VOTOS EN BLANCO,58
05,BOLIVAR,097,SIMITI,VOTOS NO MARCADOS,11
05,BOLIVAR,097,SIMITI,VOTOS NULOS,27
05,BOLIVAR,106,SOPLAVIENTO,GUSTAVO PETRO,3966
05,BOLIVAR,106,SOPLAVIENTO,RODOLFO HERNÁNDEZ,1038
05,BOLIVAR,106,SOPLAVIENTO,VOTOS EN BLANCO,69
05,BOLIVAR,106,SOPLAVIENTO,VOTOS NO MARCADOS,9
05,BOLIVAR,106,SOPLAVIENTO,VOTOS NULOS,21
05,BOLIVAR,110,TALAIGUA NUEVO,GUSTAVO PETRO,2479
05,BOLIVAR,110,TALAIGUA NUEVO,RODOLFO HERNÁNDEZ,2756
05,BOLIVAR,110,TALAIGUA NUEVO,VOTOS EN BLANCO,89
05,BOLIVAR,110,TALAIGUA NUEVO,VOTOS NO MARCADOS,4
05,BOLIVAR,110,TALAIGUA NUEVO,VOTOS NULOS,23
05,BOLIVAR,113,TIQUISIO (PTO. RICO),GUSTAVO PETRO,2325
05,BOLIVAR,113,TIQUISIO (PTO. RICO),RODOLFO HERNÁNDEZ,2909
05,BOLIVAR,113,TIQUISIO (PTO. RICO),VOTOS EN BLANCO,77
05,BOLIVAR,113,TIQUISIO (PTO. RICO),VOTOS NO MARCADOS,6
05,BOLIVAR,113,TIQUISIO (PTO. RICO),VOTOS NULOS,24
05,BOLIVAR,118,TURBACO,GUSTAVO PETRO,23563
05,BOLIVAR,118,TURBACO,RODOLFO HERNÁNDEZ,10257
05,BOLIVAR,118,TURBACO,VOTOS EN BLANCO,653
05,BOLIVAR,118,TURBACO,VOTOS NO MARCADOS,34
05,BOLIVAR,118,TURBACO,VOTOS NULOS,227
05,BOLIVAR,121,TURBANA,GUSTAVO PETRO,5728
05,BOLIVAR,121,TURBANA,RODOLFO HERNÁNDEZ,2095
05,BOLIVAR,121,TURBANA,VOTOS EN BLANCO,164
05,BOLIVAR,121,TURBANA,VOTOS NO MARCADOS,12
05,BOLIVAR,121,TURBANA,VOTOS NULOS,40
05,BOLIVAR,124,VILLANUEVA,GUSTAVO PETRO,3668
05,BOLIVAR,124,VILLANUEVA,RODOLFO HERNÁNDEZ,3579
05,BOLIVAR,124,VILLANUEVA,VOTOS EN BLANCO,164
05,BOLIVAR,124,VILLANUEVA,VOTOS NO MARCADOS,26
05,BOLIVAR,124,VILLANUEVA,VOTOS NULOS,81
05,BOLIVAR,127,ZAMBRANO,GUSTAVO PETRO,4200
05,BOLIVAR,127,ZAMBRANO,RODOLFO HERNÁNDEZ,869
05,BOLIVAR,127,ZAMBRANO,VOTOS EN BLANCO,51
05,BOLIVAR,127,ZAMBRANO,VOTOS NO MARCADOS,5
05,BOLIVAR,127,ZAMBRANO,VOTOS NULOS,40
07,BOYACA,001,TUNJA,GUSTAVO PETRO,54629
07,BOYACA,001,TUNJA,RODOLFO HERNÁNDEZ,37000
07,BOYACA,001,TUNJA,VOTOS EN BLANCO,2478
07,BOYACA,001,TUNJA,VOTOS NO MARCADOS,40
07,BOYACA,001,TUNJA,VOTOS NULOS,1292
07,BOYACA,007,ALMEIDA,GUSTAVO PETRO,307
07,BOYACA,007,ALMEIDA,RODOLFO HERNÁNDEZ,712
07,BOYACA,007,ALMEIDA,VOTOS EN BLANCO,17
07,BOYACA,007,ALMEIDA,VOTOS NO MARCADOS,2
07,BOYACA,007,ALMEIDA,VOTOS NULOS,14
07,BOYACA,008,AQUITANIA (PUEBLOVIEJO),GUSTAVO PETRO,1743
07,BOYACA,008,AQUITANIA (PUEBLOVIEJO),RODOLFO HERNÁNDEZ,6650
07,BOYACA,008,AQUITANIA (PUEBLOVIEJO),VOTOS EN BLANCO,128
07,BOYACA,008,AQUITANIA (PUEBLOVIEJO),VOTOS NO MARCADOS,6
07,BOYACA,008,AQUITANIA (PUEBLOVIEJO),VOTOS NULOS,82
07,BOYACA,010,ARCABUCO,GUSTAVO PETRO,1100
07,BOYACA,010,ARCABUCO,RODOLFO HERNÁNDEZ,2301
07,BOYACA,010,ARCABUCO,VOTOS EN BLANCO,55
07,BOYACA,010,ARCABUCO,VOTOS NO MARCADOS,4
07,BOYACA,010,ARCABUCO,VOTOS NULOS,41
07,BOYACA,013,BELEN,GUSTAVO PETRO,1636
07,BOYACA,013,BELEN,RODOLFO HERNÁNDEZ,2816
07,BOYACA,013,BELEN,VOTOS EN BLANCO,86
07,BOYACA,013,BELEN,VOTOS NO MARCADOS,3
07,BOYACA,013,BELEN,VOTOS NULOS,79
07,BOYACA,016,BERBEO,GUSTAVO PETRO,403
07,BOYACA,016,BERBEO,RODOLFO HERNÁNDEZ,469
07,BOYACA,016,BERBEO,VOTOS EN BLANCO,22
07,BOYACA,016,BERBEO,VOTOS NO MARCADOS,2
07,BOYACA,016,BERBEO,VOTOS NULOS,6
07,BOYACA,019,BETEITIVA,GUSTAVO PETRO,436
07,BOYACA,019,BETEITIVA,RODOLFO HERNÁNDEZ,720
07,BOYACA,019,BETEITIVA,VOTOS EN BLANCO,21
07,BOYACA,019,BETEITIVA,VOTOS NO MARCADOS,1
07,BOYACA,019,BETEITIVA,VOTOS NULOS,3
07,BOYACA,022,BOAVITA,GUSTAVO PETRO,687
07,BOYACA,022,BOAVITA,RODOLFO HERNÁNDEZ,2104
07,BOYACA,022,BOAVITA,VOTOS EN BLANCO,40
07,BOYACA,022,BOAVITA,VOTOS NO MARCADOS,3
07,BOYACA,022,BOAVITA,VOTOS NULOS,25
07,BOYACA,025,BOYACA,GUSTAVO PETRO,811
07,BOYACA,025,BOYACA,RODOLFO HERNÁNDEZ,1848
07,BOYACA,025,BOYACA,VOTOS EN BLANCO,28
07,BOYACA,025,BOYACA,VOTOS NO MARCADOS,7
07,BOYACA,025,BOYACA,VOTOS NULOS,12
07,BOYACA,028,BRICEÑO,GUSTAVO PETRO,259
07,BOYACA,028,BRICEÑO,RODOLFO HERNÁNDEZ,1284
07,BOYACA,028,BRICEÑO,VOTOS EN BLANCO,8
07,BOYACA,028,BRICEÑO,VOTOS NULOS,4
07,BOYACA,031,BUENAVISTA,GUSTAVO PETRO,630
07,BOYACA,031,BUENAVISTA,RODOLFO HERNÁNDEZ,2431
07,BOYACA,031,BUENAVISTA,VOTOS EN BLANCO,39
07,BOYACA,031,BUENAVISTA,VOTOS NO MARCADOS,4
07,BOYACA,031,BUENAVISTA,VOTOS NULOS,24
07,BOYACA,034,BUSBANZA,GUSTAVO PETRO,224
07,BOYACA,034,BUSBANZA,RODOLFO HERNÁNDEZ,462
07,BOYACA,034,BUSBANZA,VOTOS EN BLANCO,13
07,BOYACA,034,BUSBANZA,VOTOS NO MARCADOS,2
07,BOYACA,034,BUSBANZA,VOTOS NULOS,3
07,BOYACA,037,CALDAS,GUSTAVO PETRO,539
07,BOYACA,037,CALDAS,RODOLFO HERNÁNDEZ,1293
07,BOYACA,037,CALDAS,VOTOS EN BLANCO,27
07,BOYACA,037,CALDAS,VOTOS NO MARCADOS,2
07,BOYACA,037,CALDAS,VOTOS NULOS,19
07,BOYACA,040,CAMPOHERMOSO,GUSTAVO PETRO,253
07,BOYACA,040,CAMPOHERMOSO,RODOLFO HERNÁNDEZ,1241
07,BOYACA,040,CAMPOHERMOSO,VOTOS EN BLANCO,20
07,BOYACA,040,CAMPOHERMOSO,VOTOS NO MARCADOS,1
07,BOYACA,040,CAMPOHERMOSO,VOTOS NULOS,9
07,BOYACA,043,CERINZA,GUSTAVO PETRO,1012
07,BOYACA,043,CERINZA,RODOLFO HERNÁNDEZ,1296
07,BOYACA,043,CERINZA,VOTOS EN BLANCO,49
07,BOYACA,043,CERINZA,VOTOS NO MARCADOS,3
07,BOYACA,043,CERINZA,VOTOS NULOS,28
07,BOYACA,046,CIENEGA,GUSTAVO PETRO,445
07,BOYACA,046,CIENEGA,RODOLFO HERNÁNDEZ,2135
07,BOYACA,046,CIENEGA,VOTOS EN BLANCO,40
07,BOYACA,046,CIENEGA,VOTOS NO MARCADOS,2
07,BOYACA,046,CIENEGA,VOTOS NULOS,13
07,BOYACA,049,COMBITA,GUSTAVO PETRO,2619
07,BOYACA,049,COMBITA,RODOLFO HERNÁNDEZ,3552
07,BOYACA,049,COMBITA,VOTOS EN BLANCO,103
07,BOYACA,049,COMBITA,VOTOS NO MARCADOS,9
07,BOYACA,049,COMBITA,VOTOS NULOS,104
07,BOYACA,052,COPER,GUSTAVO PETRO,246
07,BOYACA,052,COPER,RODOLFO HERNÁNDEZ,1659
07,BOYACA,052,COPER,VOTOS EN BLANCO,11
07,BOYACA,052,COPER,VOTOS NO MARCADOS,2
07,BOYACA,052,COPER,VOTOS NULOS,5
07,BOYACA,055,CORRALES,GUSTAVO PETRO,686
07,BOYACA,055,CORRALES,RODOLFO HERNÁNDEZ,886
07,BOYACA,055,CORRALES,VOTOS EN BLANCO,36
07,BOYACA,055,CORRALES,VOTOS NO MARCADOS,1
07,BOYACA,055,CORRALES,VOTOS NULOS,21
07,BOYACA,058,COVARACHIA,GUSTAVO PETRO,189
07,BOYACA,058,COVARACHIA,RODOLFO HERNÁNDEZ,1551
07,BOYACA,058,COVARACHIA,VOTOS EN BLANCO,14
07,BOYACA,058,COVARACHIA,VOTOS NO MARCADOS,5
07,BOYACA,058,COVARACHIA,VOTOS NULOS,5
07,BOYACA,059,CUBARA,GUSTAVO PETRO,1465
07,BOYACA,059,CUBARA,RODOLFO HERNÁNDEZ,1280
07,BOYACA,059,CUBARA,VOTOS EN BLANCO,41
07,BOYACA,059,CUBARA,VOTOS NO MARCADOS,3
07,BOYACA,059,CUBARA,VOTOS NULOS,39
07,BOYACA,060,CUCAITA,GUSTAVO PETRO,1131
07,BOYACA,060,CUCAITA,RODOLFO HERNÁNDEZ,1211
07,BOYACA,060,CUCAITA,VOTOS EN BLANCO,35
07,BOYACA,060,CUCAITA,VOTOS NO MARCADOS,2
07,BOYACA,060,CUCAITA,VOTOS NULOS,29
07,BOYACA,061,CUITIVA,GUSTAVO PETRO,381
07,BOYACA,061,CUITIVA,RODOLFO HERNÁNDEZ,798
07,BOYACA,061,CUITIVA,VOTOS EN BLANCO,12
07,BOYACA,061,CUITIVA,VOTOS NO MARCADOS,3
07,BOYACA,061,CUITIVA,VOTOS NULOS,8
07,BOYACA,064,CHINAVITA,GUSTAVO PETRO,477
07,BOYACA,064,CHINAVITA,RODOLFO HERNÁNDEZ,1383
07,BOYACA,064,CHINAVITA,VOTOS EN BLANCO,29
07,BOYACA,064,CHINAVITA,VOTOS NO MARCADOS,4
07,BOYACA,064,CHINAVITA,VOTOS NULOS,10
07,BOYACA,067,CHIQUINQUIRA,GUSTAVO PETRO,10995
07,BOYACA,067,CHIQUINQUIRA,RODOLFO HERNÁNDEZ,16216
07,BOYACA,067,CHIQUINQUIRA,VOTOS EN BLANCO,591
07,BOYACA,067,CHIQUINQUIRA,VOTOS NO MARCADOS,19
07,BOYACA,067,CHIQUINQUIRA,VOTOS NULOS,418
07,BOYACA,068,CHIQUIZA,GUSTAVO PETRO,973
07,BOYACA,068,CHIQUIZA,RODOLFO HERNÁNDEZ,1891
07,BOYACA,068,CHIQUIZA,VOTOS EN BLANCO,27
07,BOYACA,068,CHIQUIZA,VOTOS NO MARCADOS,2
07,BOYACA,068,CHIQUIZA,VOTOS NULOS,53
07,BOYACA,070,CHISCAS,GUSTAVO PETRO,260
07,BOYACA,070,CHISCAS,RODOLFO HERNÁNDEZ,1544
07,BOYACA,070,CHISCAS,VOTOS EN BLANCO,11
07,BOYACA,070,CHISCAS,VOTOS NO MARCADOS,4
07,BOYACA,070,CHISCAS,VOTOS NULOS,10
07,BOYACA,073,CHITA,GUSTAVO PETRO,615
07,BOYACA,073,CHITA,RODOLFO HERNÁNDEZ,2795
07,BOYACA,073,CHITA,VOTOS EN BLANCO,45
07,BOYACA,073,CHITA,VOTOS NO MARCADOS,12
07,BOYACA,073,CHITA,VOTOS NULOS,23
07,BOYACA,076,CHITARAQUE,GUSTAVO PETRO,447
07,BOYACA,076,CHITARAQUE,RODOLFO HERNÁNDEZ,2845
07,BOYACA,076,CHITARAQUE,VOTOS EN BLANCO,27
07,BOYACA,076,CHITARAQUE,VOTOS NO MARCADOS,5
07,BOYACA,076,CHITARAQUE,VOTOS NULOS,7
07,BOYACA,077,CHIVATA,GUSTAVO PETRO,758
07,BOYACA,077,CHIVATA,RODOLFO HERNÁNDEZ,1252
07,BOYACA,077,CHIVATA,VOTOS EN BLANCO,28
07,BOYACA,077,CHIVATA,VOTOS NO MARCADOS,3
07,BOYACA,077,CHIVATA,VOTOS NULOS,15
07,BOYACA,078,CHIVOR,GUSTAVO PETRO,138
07,BOYACA,078,CHIVOR,RODOLFO HERNÁNDEZ,937
07,BOYACA,078,CHIVOR,VOTOS EN BLANCO,8
07,BOYACA,078,CHIVOR,VOTOS NULOS,8
07,BOYACA,079,DUITAMA,GUSTAVO PETRO,34371
07,BOYACA,079,DUITAMA,RODOLFO HERNÁNDEZ,29380
07,BOYACA,079,DUITAMA,VOTOS EN BLANCO,1616
07,BOYACA,079,DUITAMA,VOTOS NO MARCADOS,28
07,BOYACA,079,DUITAMA,VOTOS NULOS,829
07,BOYACA,082,EL COCUY,GUSTAVO PETRO,313
07,BOYACA,082,EL COCUY,RODOLFO HERNÁNDEZ,1605
07,BOYACA,082,EL COCUY,VOTOS EN BLANCO,42
07,BOYACA,082,EL COCUY,VOTOS NO MARCADOS,4
07,BOYACA,082,EL COCUY,VOTOS NULOS,22
07,BOYACA,085,EL ESPINO,GUSTAVO PETRO,170
07,BOYACA,085,EL ESPINO,RODOLFO HERNÁNDEZ,1180
07,BOYACA,085,EL ESPINO,VOTOS EN BLANCO,20
07,BOYACA,085,EL ESPINO,VOTOS NULOS,7
07,BOYACA,088,FIRAVITOBA,GUSTAVO PETRO,1719
07,BOYACA,088,FIRAVITOBA,RODOLFO HERNÁNDEZ,1733
07,BOYACA,088,FIRAVITOBA,VOTOS EN BLANCO,80
07,BOYACA,088,FIRAVITOBA,VOTOS NO MARCADOS,1
07,BOYACA,088,FIRAVITOBA,VOTOS NULOS,35
07,BOYACA,091,FLORESTA,GUSTAVO PETRO,609
07,BOYACA,091,FLORESTA,RODOLFO HERNÁNDEZ,1583
07,BOYACA,091,FLORESTA,VOTOS EN BLANCO,23
07,BOYACA,091,FLORESTA,VOTOS NO MARCADOS,3
07,BOYACA,091,FLORESTA,VOTOS NULOS,15
07,BOYACA,094,GACHANTIVA,GUSTAVO PETRO,479
07,BOYACA,094,GACHANTIVA,RODOLFO HERNÁNDEZ,1462
07,BOYACA,094,GACHANTIVA,VOTOS EN BLANCO,29
07,BOYACA,094,GACHANTIVA,VOTOS NULOS,18
07,BOYACA,097,GAMEZA,GUSTAVO PETRO,582
07,BOYACA,097,GAMEZA,RODOLFO HERNÁNDEZ,1934
07,BOYACA,097,GAMEZA,VOTOS EN BLANCO,34
07,BOYACA,097,GAMEZA,VOTOS NO MARCADOS,1
07,BOYACA,097,GAMEZA,VOTOS NULOS,16
07,BOYACA,100,GARAGOA,GUSTAVO PETRO,3221
07,BOYACA,100,GARAGOA,RODOLFO HERNÁNDEZ,4430
07,BOYACA,100,GARAGOA,VOTOS EN BLANCO,169
07,BOYACA,100,GARAGOA,VOTOS NO MARCADOS,6
07,BOYACA,100,GARAGOA,VOTOS NULOS,133
07,BOYACA,103,GUACAMAYAS,GUSTAVO PETRO,154
07,BOYACA,103,GUACAMAYAS,RODOLFO HERNÁNDEZ,766
07,BOYACA,103,GUACAMAYAS,VOTOS EN BLANCO,17
07,BOYACA,103,GUACAMAYAS,VOTOS NULOS,16
07,BOYACA,106,GUATEQUE,GUSTAVO PETRO,1967
07,BOYACA,106,GUATEQUE,RODOLFO HERNÁNDEZ,3545
07,BOYACA,106,GUATEQUE,VOTOS EN BLANCO,106
07,BOYACA,106,GUATEQUE,VOTOS NO MARCADOS,6
07,BOYACA,106,GUATEQUE,VOTOS NULOS,81
07,BOYACA,109,GUAYATA,GUSTAVO PETRO,464
07,BOYACA,109,GUAYATA,RODOLFO HERNÁNDEZ,2000
07,BOYACA,109,GUAYATA,VOTOS EN BLANCO,32
07,BOYACA,109,GUAYATA,VOTOS NO MARCADOS,9
07,BOYACA,109,GUAYATA,VOTOS NULOS,16
07,BOYACA,112,GUICAN,GUSTAVO PETRO,705
07,BOYACA,112,GUICAN,RODOLFO HERNÁNDEZ,998
07,BOYACA,112,GUICAN,VOTOS EN BLANCO,54
07,BOYACA,112,GUICAN,VOTOS NO MARCADOS,2
07,BOYACA,112,GUICAN,VOTOS NULOS,25
07,BOYACA,118,IZA,GUSTAVO PETRO,506
07,BOYACA,118,IZA,RODOLFO HERNÁNDEZ,892
07,BOYACA,118,IZA,VOTOS EN BLANCO,21
07,BOYACA,118,IZA,VOTOS NO MARCADOS,1
07,BOYACA,118,IZA,VOTOS NULOS,12
07,BOYACA,121,JENESANO,GUSTAVO PETRO,1247
07,BOYACA,121,JENESANO,RODOLFO HERNÁNDEZ,2711
07,BOYACA,121,JENESANO,VOTOS EN BLANCO,54
07,BOYACA,121,JENESANO,VOTOS NO MARCADOS,5
07,BOYACA,121,JENESANO,VOTOS NULOS,27
07,BOYACA,124,JERICO,GUSTAVO PETRO,275
07,BOYACA,124,JERICO,RODOLFO HERNÁNDEZ,1629
07,BOYACA,124,JERICO,VOTOS EN BLANCO,13
07,BOYACA,124,JERICO,VOTOS NO MARCADOS,8
07,BOYACA,124,JERICO,VOTOS NULOS,10
07,BOYACA,127,LABRANZAGRANDE,GUSTAVO PETRO,394
07,BOYACA,127,LABRANZAGRANDE,RODOLFO HERNÁNDEZ,1634
07,BOYACA,127,LABRANZAGRANDE,VOTOS EN BLANCO,23
07,BOYACA,127,LABRANZAGRANDE,VOTOS NO MARCADOS,3
07,BOYACA,127,LABRANZAGRANDE,VOTOS NULOS,10
07,BOYACA,130,LA CAPILLA,GUSTAVO PETRO,407
07,BOYACA,130,LA CAPILLA,RODOLFO HERNÁNDEZ,1228
07,BOYACA,130,LA CAPILLA,VOTOS EN BLANCO,24
07,BOYACA,130,LA CAPILLA,VOTOS NO MARCADOS,1
07,BOYACA,130,LA CAPILLA,VOTOS NULOS,13
07,BOYACA,136,LA UVITA,GUSTAVO PETRO,203
07,BOYACA,136,LA UVITA,RODOLFO HERNÁNDEZ,1327
07,BOYACA,136,LA UVITA,VOTOS EN BLANCO,23
07,BOYACA,136,LA UVITA,VOTOS NULOS,7
07,BOYACA,137,LA VICTORIA,GUSTAVO PETRO,149
07,BOYACA,137,LA VICTORIA,RODOLFO HERNÁNDEZ,674
07,BOYACA,137,LA VICTORIA,VOTOS EN BLANCO,8
07,BOYACA,137,LA VICTORIA,VOTOS NULOS,4
07,BOYACA,139,VILLA DE LEIVA,GUSTAVO PETRO,3496
07,BOYACA,139,VILLA DE LEIVA,RODOLFO HERNÁNDEZ,5732
07,BOYACA,139,VILLA DE LEIVA,VOTOS EN BLANCO,224
07,BOYACA,139,VILLA DE LEIVA,VOTOS NO MARCADOS,9
07,BOYACA,139,VILLA DE LEIVA,VOTOS NULOS,80
07,BOYACA,142,MACANAL,GUSTAVO PETRO,501
07,BOYACA,142,MACANAL,RODOLFO HERNÁNDEZ,1735
07,BOYACA,142,MACANAL,VOTOS EN BLANCO,22
07,BOYACA,142,MACANAL,VOTOS NO MARCADOS,4
07,BOYACA,142,MACANAL,VOTOS NULOS,10
07,BOYACA,148,MARIPI,GUSTAVO PETRO,481
07,BOYACA,148,MARIPI,RODOLFO HERNÁNDEZ,2679
07,BOYACA,148,MARIPI,VOTOS EN BLANCO,18
07,BOYACA,148,MARIPI,VOTOS NO MARCADOS,3
07,BOYACA,148,MARIPI,VOTOS NULOS,18
07,BOYACA,151,MIRAFLORES,GUSTAVO PETRO,2480
07,BOYACA,151,MIRAFLORES,RODOLFO HERNÁNDEZ,2656
07,BOYACA,151,MIRAFLORES,VOTOS EN BLANCO,116
07,BOYACA,151,MIRAFLORES,VOTOS NO MARCADOS,7
07,BOYACA,151,MIRAFLORES,VOTOS NULOS,48
07,BOYACA,154,MONGUA,GUSTAVO PETRO,529
07,BOYACA,154,MONGUA,RODOLFO HERNÁNDEZ,2348
07,BOYACA,154,MONGUA,VOTOS EN BLANCO,28
07,BOYACA,154,MONGUA,VOTOS NO MARCADOS,2
07,BOYACA,154,MONGUA,VOTOS NULOS,20
07,BOYACA,157,MONGUI,GUSTAVO PETRO,922
07,BOYACA,157,MONGUI,RODOLFO HERNÁNDEZ,1590
07,BOYACA,157,MONGUI,VOTOS EN BLANCO,60
07,BOYACA,157,MONGUI,VOTOS NO MARCADOS,4
07,BOYACA,157,MONGUI,VOTOS NULOS,38
07,BOYACA,160,MONIQUIRA,GUSTAVO PETRO,4045
07,BOYACA,160,MONIQUIRA,RODOLFO HERNÁNDEZ,7746
07,BOYACA,160,MONIQUIRA,VOTOS EN BLANCO,220
07,BOYACA,160,MONIQUIRA,VOTOS NO MARCADOS,16
07,BOYACA,160,MONIQUIRA,VOTOS NULOS,163
07,BOYACA,161,MOTAVITA,GUSTAVO PETRO,1905
07,BOYACA,161,MOTAVITA,RODOLFO HERNÁNDEZ,1894
07,BOYACA,161,MOTAVITA,VOTOS EN BLANCO,54
07,BOYACA,161,MOTAVITA,VOTOS NO MARCADOS,2
07,BOYACA,161,MOTAVITA,VOTOS NULOS,50
07,BOYACA,163,MUZO,GUSTAVO PETRO,1092
07,BOYACA,163,MUZO,RODOLFO HERNÁNDEZ,3239
07,BOYACA,163,MUZO,VOTOS EN BLANCO,66
07,BOYACA,163,MUZO,VOTOS NO MARCADOS,9
07,BOYACA,163,MUZO,VOTOS NULOS,50
07,BOYACA,166,NOBSA,GUSTAVO PETRO,6169
07,BOYACA,166,NOBSA,RODOLFO HERNÁNDEZ,3164
07,BOYACA,166,NOBSA,VOTOS EN BLANCO,188
07,BOYACA,166,NOBSA,VOTOS NO MARCADOS,2
07,BOYACA,166,NOBSA,VOTOS NULOS,97
07,BOYACA,169,NUEVO COLON,GUSTAVO PETRO,1137
07,BOYACA,169,NUEVO COLON,RODOLFO HERNÁNDEZ,1969
07,BOYACA,169,NUEVO COLON,VOTOS EN BLANCO,56
07,BOYACA,169,NUEVO COLON,VOTOS NO MARCADOS,2
07,BOYACA,169,NUEVO COLON,VOTOS NULOS,37
07,BOYACA,173,OICATA,GUSTAVO PETRO,827
07,BOYACA,173,OICATA,RODOLFO HERNÁNDEZ,1047
07,BOYACA,173,OICATA,VOTOS EN BLANCO,30
07,BOYACA,173,OICATA,VOTOS NULOS,27
07,BOYACA,176,OTANCHE,GUSTAVO PETRO,706
07,BOYACA,176,OTANCHE,RODOLFO HERNÁNDEZ,3284
07,BOYACA,176,OTANCHE,VOTOS EN BLANCO,34
07,BOYACA,176,OTANCHE,VOTOS NO MARCADOS,3
07,BOYACA,176,OTANCHE,VOTOS NULOS,20
07,BOYACA,178,PACHAVITA,GUSTAVO PETRO,293
07,BOYACA,178,PACHAVITA,RODOLFO HERNÁNDEZ,1005
07,BOYACA,178,PACHAVITA,VOTOS EN BLANCO,18
07,BOYACA,178,PACHAVITA,VOTOS NO MARCADOS,1
07,BOYACA,178,PACHAVITA,VOTOS NULOS,10
07,BOYACA,179,PAEZ,GUSTAVO PETRO,350
07,BOYACA,179,PAEZ,RODOLFO HERNÁNDEZ,1327
07,BOYACA,179,PAEZ,VOTOS EN BLANCO,41
07,BOYACA,179,PAEZ,VOTOS NO MARCADOS,2
07,BOYACA,179,PAEZ,VOTOS NULOS,9
07,BOYACA,181,PAIPA,GUSTAVO PETRO,9303
07,BOYACA,181,PAIPA,RODOLFO HERNÁNDEZ,10426
07,BOYACA,181,PAIPA,VOTOS EN BLANCO,384
07,BOYACA,181,PAIPA,VOTOS NO MARCADOS,14
07,BOYACA,181,PAIPA,VOTOS NULOS,202
07,BOYACA,184,PAJARITO,GUSTAVO PETRO,225
07,BOYACA,184,PAJARITO,RODOLFO HERNÁNDEZ,892
07,BOYACA,184,PAJARITO,VOTOS EN BLANCO,18
07,BOYACA,184,PAJARITO,VOTOS NULOS,2
07,BOYACA,187,PANQUEBA,GUSTAVO PETRO,164
07,BOYACA,187,PANQUEBA,RODOLFO HERNÁNDEZ,736
07,BOYACA,187,PANQUEBA,VOTOS EN BLANCO,14
07,BOYACA,187,PANQUEBA,VOTOS NO MARCADOS,2
07,BOYACA,187,PANQUEBA,VOTOS NULOS,5
07,BOYACA,190,PAUNA,GUSTAVO PETRO,964
07,BOYACA,190,PAUNA,RODOLFO HERNÁNDEZ,2963
07,BOYACA,190,PAUNA,VOTOS EN BLANCO,40
07,BOYACA,190,PAUNA,VOTOS NO MARCADOS,2
07,BOYACA,190,PAUNA,VOTOS NULOS,24
07,BOYACA,193,PAYA,GUSTAVO PETRO,171
07,BOYACA,193,PAYA,RODOLFO HERNÁNDEZ,850
07,BOYACA,193,PAYA,VOTOS EN BLANCO,11
07,BOYACA,193,PAYA,VOTOS NO MARCADOS,2
07,BOYACA,193,PAYA,VOTOS NULOS,9
07,BOYACA,199,PAZ DE RIO,GUSTAVO PETRO,1410
07,BOYACA,199,PAZ DE RIO,RODOLFO HERNÁNDEZ,1026
07,BOYACA,199,PAZ DE RIO,VOTOS EN BLANCO,38
07,BOYACA,199,PAZ DE RIO,VOTOS NO MARCADOS,2
07,BOYACA,199,PAZ DE RIO,VOTOS NULOS,20
07,BOYACA,202,PESCA,GUSTAVO PETRO,936
07,BOYACA,202,PESCA,RODOLFO HERNÁNDEZ,2788
07,BOYACA,202,PESCA,VOTOS EN BLANCO,40
07,BOYACA,202,PESCA,VOTOS NO MARCADOS,3
07,BOYACA,202,PESCA,VOTOS NULOS,27
07,BOYACA,205,PISBA,GUSTAVO PETRO,203
07,BOYACA,205,PISBA,RODOLFO HERNÁNDEZ,527
07,BOYACA,205,PISBA,VOTOS EN BLANCO,10
07,BOYACA,205,PISBA,VOTOS NO MARCADOS,2
07,BOYACA,205,PISBA,VOTOS NULOS,8
07,BOYACA,214,PUERTO BOYACA,GUSTAVO PETRO,7030
07,BOYACA,214,PUERTO BOYACA,RODOLFO HERNÁNDEZ,15107
07,BOYACA,214,PUERTO BOYACA,VOTOS EN BLANCO,418
07,BOYACA,214,PUERTO BOYACA,VOTOS NO MARCADOS,46
07,BOYACA,214,PUERTO BOYACA,VOTOS NULOS,558
07,BOYACA,215,QUIPAMA,GUSTAVO PETRO,410
07,BOYACA,215,QUIPAMA,RODOLFO HERNÁNDEZ,2301
07,BOYACA,215,QUIPAMA,VOTOS EN BLANCO,28
07,BOYACA,215,QUIPAMA,VOTOS NO MARCADOS,10
07,BOYACA,215,QUIPAMA,VOTOS NULOS,22
07,BOYACA,217,RAMIRIQUI,GUSTAVO PETRO,1917
07,BOYACA,217,RAMIRIQUI,RODOLFO HERNÁNDEZ,3890
07,BOYACA,217,RAMIRIQUI,VOTOS EN BLANCO,112
07,BOYACA,217,RAMIRIQUI,VOTOS NO MARCADOS,9
07,BOYACA,217,RAMIRIQUI,VOTOS NULOS,56
07,BOYACA,220,RAQUIRA,GUSTAVO PETRO,1004
07,BOYACA,220,RAQUIRA,RODOLFO HERNÁNDEZ,2314
07,BOYACA,220,RAQUIRA,VOTOS EN BLANCO,82
07,BOYACA,220,RAQUIRA,VOTOS NO MARCADOS,8
07,BOYACA,220,RAQUIRA,VOTOS NULOS,33
07,BOYACA,223,RONDON,GUSTAVO PETRO,380
07,BOYACA,223,RONDON,RODOLFO HERNÁNDEZ,1105
07,BOYACA,223,RONDON,VOTOS EN BLANCO,21
07,BOYACA,223,RONDON,VOTOS NO MARCADOS,2
07,BOYACA,223,RONDON,VOTOS NULOS,8
07,BOYACA,226,SABOYA,GUSTAVO PETRO,2208
07,BOYACA,226,SABOYA,RODOLFO HERNÁNDEZ,3936
07,BOYACA,226,SABOYA,VOTOS EN BLANCO,93
07,BOYACA,226,SABOYA,VOTOS NO MARCADOS,11
07,BOYACA,226,SABOYA,VOTOS NULOS,130
07,BOYACA,232,SACHICA,GUSTAVO PETRO,901
07,BOYACA,232,SACHICA,RODOLFO HERNÁNDEZ,1949
07,BOYACA,232,SACHICA,VOTOS EN BLANCO,39
07,BOYACA,232,SACHICA,VOTOS NO MARCADOS,2
07,BOYACA,232,SACHICA,VOTOS NULOS,28
07,BOYACA,235,SAMACA,GUSTAVO PETRO,3610
07,BOYACA,235,SAMACA,RODOLFO HERNÁNDEZ,5944
07,BOYACA,235,SAMACA,VOTOS EN BLANCO,210
07,BOYACA,235,SAMACA,VOTOS NO MARCADOS,7
07,BOYACA,235,SAMACA,VOTOS NULOS,123
07,BOYACA,237,SAN EDUARDO,GUSTAVO PETRO,297
07,BOYACA,237,SAN EDUARDO,RODOLFO HERNÁNDEZ,651
07,BOYACA,237,SAN EDUARDO,VOTOS EN BLANCO,32
07,BOYACA,237,SAN EDUARDO,VOTOS NO MARCADOS,2
07,BOYACA,237,SAN EDUARDO,VOTOS NULOS,5
07,BOYACA,238,SAN JOSE DE PARE,GUSTAVO PETRO,515
07,BOYACA,238,SAN JOSE DE PARE,RODOLFO HERNÁNDEZ,2694
07,BOYACA,238,SAN JOSE DE PARE,VOTOS EN BLANCO,23
07,BOYACA,238,SAN JOSE DE PARE,VOTOS NO MARCADOS,2
07,BOYACA,238,SAN JOSE DE PARE,VOTOS NULOS,12
07,BOYACA,241,SAN LUIS DE GACENO,GUSTAVO PETRO,382
07,BOYACA,241,SAN LUIS DE GACENO,RODOLFO HERNÁNDEZ,2228
07,BOYACA,241,SAN LUIS DE GACENO,VOTOS EN BLANCO,22
07,BOYACA,241,SAN LUIS DE GACENO,VOTOS NO MARCADOS,3
07,BOYACA,241,SAN LUIS DE GACENO,VOTOS NULOS,23
07,BOYACA,247,SAN MATEO,GUSTAVO PETRO,249
07,BOYACA,247,SAN MATEO,RODOLFO HERNÁNDEZ,1793
07,BOYACA,247,SAN MATEO,VOTOS EN BLANCO,33
07,BOYACA,247,SAN MATEO,VOTOS NO MARCADOS,6
07,BOYACA,247,SAN MATEO,VOTOS NULOS,14
07,BOYACA,248,SAN MIGUEL DE SEMA,GUSTAVO PETRO,384
07,BOYACA,248,SAN MIGUEL DE SEMA,RODOLFO HERNÁNDEZ,1292
07,BOYACA,248,SAN MIGUEL DE SEMA,VOTOS EN BLANCO,34
07,BOYACA,248,SAN MIGUEL DE SEMA,VOTOS NO MARCADOS,2
07,BOYACA,248,SAN MIGUEL DE SEMA,VOTOS NULOS,15
07,BOYACA,249,SAN PABLO DE BORBUR,GUSTAVO PETRO,469
07,BOYACA,249,SAN PABLO DE BORBUR,RODOLFO HERNÁNDEZ,2751
07,BOYACA,249,SAN PABLO DE BORBUR,VOTOS EN BLANCO,26
07,BOYACA,249,SAN PABLO DE BORBUR,VOTOS NO MARCADOS,4
07,BOYACA,249,SAN PABLO DE BORBUR,VOTOS NULOS,26
07,BOYACA,250,SANTANA,GUSTAVO PETRO,941
07,BOYACA,250,SANTANA,RODOLFO HERNÁNDEZ,3329
07,BOYACA,250,SANTANA,VOTOS EN BLANCO,23
07,BOYACA,250,SANTANA,VOTOS NULOS,36
07,BOYACA,251,SANTA MARIA,GUSTAVO PETRO,691
07,BOYACA,251,SANTA MARIA,RODOLFO HERNÁNDEZ,1258
07,BOYACA,251,SANTA MARIA,VOTOS EN BLANCO,54
07,BOYACA,251,SANTA MARIA,VOTOS NO MARCADOS,4
07,BOYACA,251,SANTA MARIA,VOTOS NULOS,30
07,BOYACA,253,SANTA ROSA DE VITERBO,GUSTAVO PETRO,2244
07,BOYACA,253,SANTA ROSA DE VITERBO,RODOLFO HERNÁNDEZ,3738
07,BOYACA,253,SANTA ROSA DE VITERBO,VOTOS EN BLANCO,120
07,BOYACA,253,SANTA ROSA DE VITERBO,VOTOS NO MARCADOS,9
07,BOYACA,253,SANTA ROSA DE VITERBO,VOTOS NULOS,78
07,BOYACA,256,SANTA SOFIA,GUSTAVO PETRO,342
07,BOYACA,256,SANTA SOFIA,RODOLFO HERNÁNDEZ,1646
07,BOYACA,256,SANTA SOFIA,VOTOS EN BLANCO,25
07,BOYACA,256,SANTA SOFIA,VOTOS NO MARCADOS,2
07,BOYACA,256,SANTA SOFIA,VOTOS NULOS,12
07,BOYACA,259,SATIVANORTE,GUSTAVO PETRO,227
07,BOYACA,259,SATIVANORTE,RODOLFO HERNÁNDEZ,1164
07,BOYACA,259,SATIVANORTE,VOTOS EN BLANCO,8
07,BOYACA,259,SATIVANORTE,VOTOS NO MARCADOS,1
07,BOYACA,259,SATIVANORTE,VOTOS NULOS,12
07,BOYACA,262,SATIVASUR,GUSTAVO PETRO,196
07,BOYACA,262,SATIVASUR,RODOLFO HERNÁNDEZ,431
07,BOYACA,262,SATIVASUR,VOTOS EN BLANCO,12
07,BOYACA,262,SATIVASUR,VOTOS NULOS,18
07,BOYACA,265,SIACHOQUE,GUSTAVO PETRO,1198
07,BOYACA,265,SIACHOQUE,RODOLFO HERNÁNDEZ,2927
07,BOYACA,265,SIACHOQUE,VOTOS EN BLANCO,64
07,BOYACA,265,SIACHOQUE,VOTOS NO MARCADOS,2
07,BOYACA,265,SIACHOQUE,VOTOS NULOS,54
07,BOYACA,268,SOATA,GUSTAVO PETRO,1381
07,BOYACA,268,SOATA,RODOLFO HERNÁNDEZ,3433
07,BOYACA,268,SOATA,VOTOS EN BLANCO,89
07,BOYACA,268,SOATA,VOTOS NO MARCADOS,1
07,BOYACA,268,SOATA,VOTOS NULOS,52
07,BOYACA,271,SOCOTA,GUSTAVO PETRO,1011
07,BOYACA,271,SOCOTA,RODOLFO HERNÁNDEZ,2254
07,BOYACA,271,SOCOTA,VOTOS EN BLANCO,54
07,BOYACA,271,SOCOTA,VOTOS NO MARCADOS,2
07,BOYACA,271,SOCOTA,VOTOS NULOS,54
07,BOYACA,274,SOCHA,GUSTAVO PETRO,1505
07,BOYACA,274,SOCHA,RODOLFO HERNÁNDEZ,2037
07,BOYACA,274,SOCHA,VOTOS EN BLANCO,95
07,BOYACA,274,SOCHA,VOTOS NO MARCADOS,13
07,BOYACA,274,SOCHA,VOTOS NULOS,89
07,BOYACA,277,SOGAMOSO,GUSTAVO PETRO,35721
07,BOYACA,277,SOGAMOSO,RODOLFO HERNÁNDEZ,29500
07,BOYACA,277,SOGAMOSO,VOTOS EN BLANCO,1550
07,BOYACA,277,SOGAMOSO,VOTOS NO MARCADOS,32
07,BOYACA,277,SOGAMOSO,VOTOS NULOS,872
07,BOYACA,280,SOMONDOCO,GUSTAVO PETRO,464
07,BOYACA,280,SOMONDOCO,RODOLFO HERNÁNDEZ,1231
07,BOYACA,280,SOMONDOCO,VOTOS EN BLANCO,31
07,BOYACA,280,SOMONDOCO,VOTOS NO MARCADOS,3
07,BOYACA,280,SOMONDOCO,VOTOS NULOS,10
07,BOYACA,281,SORA,GUSTAVO PETRO,779
07,BOYACA,281,SORA,RODOLFO HERNÁNDEZ,1135
07,BOYACA,281,SORA,VOTOS EN BLANCO,34
07,BOYACA,281,SORA,VOTOS NO MARCADOS,3
07,BOYACA,281,SORA,VOTOS NULOS,13
07,BOYACA,282,SORACA,GUSTAVO PETRO,1392
07,BOYACA,282,SORACA,RODOLFO HERNÁNDEZ,2626
07,BOYACA,282,SORACA,VOTOS EN BLANCO,56
07,BOYACA,282,SORACA,VOTOS NO MARCADOS,9
07,BOYACA,282,SORACA,VOTOS NULOS,49
07,BOYACA,283,SOTAQUIRA,GUSTAVO PETRO,1156
07,BOYACA,283,SOTAQUIRA,RODOLFO HERNÁNDEZ,2990
07,BOYACA,283,SOTAQUIRA,VOTOS EN BLANCO,60
07,BOYACA,283,SOTAQUIRA,VOTOS NO MARCADOS,5
07,BOYACA,283,SOTAQUIRA,VOTOS NULOS,75
07,BOYACA,286,SUSACON,GUSTAVO PETRO,347
07,BOYACA,286,SUSACON,RODOLFO HERNÁNDEZ,1209
07,BOYACA,286,SUSACON,VOTOS EN BLANCO,13
07,BOYACA,286,SUSACON,VOTOS NO MARCADOS,6
07,BOYACA,286,SUSACON,VOTOS NULOS,27
07,BOYACA,289,SUTAMARCHAN,GUSTAVO PETRO,1159
07,BOYACA,289,SUTAMARCHAN,RODOLFO HERNÁNDEZ,2926
07,BOYACA,289,SUTAMARCHAN,VOTOS EN BLANCO,59
07,BOYACA,289,SUTAMARCHAN,VOTOS NO MARCADOS,2
07,BOYACA,289,SUTAMARCHAN,VOTOS NULOS,22
07,BOYACA,292,SUTATENZA,GUSTAVO PETRO,666
07,BOYACA,292,SUTATENZA,RODOLFO HERNÁNDEZ,1702
07,BOYACA,292,SUTATENZA,VOTOS EN BLANCO,46
07,BOYACA,292,SUTATENZA,VOTOS NO MARCADOS,4
07,BOYACA,292,SUTATENZA,VOTOS NULOS,33
07,BOYACA,298,TASCO,GUSTAVO PETRO,1149
07,BOYACA,298,TASCO,RODOLFO HERNÁNDEZ,1630
07,BOYACA,298,TASCO,VOTOS EN BLANCO,42
07,BOYACA,298,TASCO,VOTOS NO MARCADOS,2
07,BOYACA,298,TASCO,VOTOS NULOS,38
07,BOYACA,301,TENZA,GUSTAVO PETRO,505
07,BOYACA,301,TENZA,RODOLFO HERNÁNDEZ,1661
07,BOYACA,301,TENZA,VOTOS EN BLANCO,32
07,BOYACA,301,TENZA,VOTOS NO MARCADOS,6
07,BOYACA,301,TENZA,VOTOS NULOS,29
07,BOYACA,304,TIBANA,GUSTAVO PETRO,1399
07,BOYACA,304,TIBANA,RODOLFO HERNÁNDEZ,2980
07,BOYACA,304,TIBANA,VOTOS EN BLANCO,69
07,BOYACA,304,TIBANA,VOTOS NO MARCADOS,4
07,BOYACA,304,TIBANA,VOTOS NULOS,48
07,BOYACA,307,TIBASOSA,GUSTAVO PETRO,3226
07,BOYACA,307,TIBASOSA,RODOLFO HERNÁNDEZ,3187
07,BOYACA,307,TIBASOSA,VOTOS EN BLANCO,118
07,BOYACA,307,TIBASOSA,VOTOS NO MARCADOS,4
07,BOYACA,307,TIBASOSA,VOTOS NULOS,85
07,BOYACA,310,TINJACA,GUSTAVO PETRO,812
07,BOYACA,310,TINJACA,RODOLFO HERNÁNDEZ,1279
07,BOYACA,310,TINJACA,VOTOS EN BLANCO,29
07,BOYACA,310,TINJACA,VOTOS NO MARCADOS,3
07,BOYACA,310,TINJACA,VOTOS NULOS,15
07,BOYACA,311,TIPACOQUE,GUSTAVO PETRO,472
07,BOYACA,311,TIPACOQUE,RODOLFO HERNÁNDEZ,1553
07,BOYACA,311,TIPACOQUE,VOTOS EN BLANCO,21
07,BOYACA,311,TIPACOQUE,VOTOS NO MARCADOS,4
07,BOYACA,311,TIPACOQUE,VOTOS NULOS,16
07,BOYACA,313,TOCA,GUSTAVO PETRO,1793
07,BOYACA,313,TOCA,RODOLFO HERNÁNDEZ,3146
07,BOYACA,313,TOCA,VOTOS EN BLANCO,93
07,BOYACA,313,TOCA,VOTOS NO MARCADOS,7
07,BOYACA,313,TOCA,VOTOS NULOS,58
07,BOYACA,316,TOGUI,GUSTAVO PETRO,467
07,BOYACA,316,TOGUI,RODOLFO HERNÁNDEZ,1937
07,BOYACA,316,TOGUI,VOTOS EN BLANCO,35
07,BOYACA,316,TOGUI,VOTOS NO MARCADOS,7
07,BOYACA,316,TOGUI,VOTOS NULOS,21
07,BOYACA,319,TOPAGA,GUSTAVO PETRO,745
07,BOYACA,319,TOPAGA,RODOLFO HERNÁNDEZ,1548
07,BOYACA,319,TOPAGA,VOTOS EN BLANCO,40
07,BOYACA,319,TOPAGA,VOTOS NO MARCADOS,1
07,BOYACA,319,TOPAGA,VOTOS NULOS,44
07,BOYACA,322,TOTA,GUSTAVO PETRO,506
07,BOYACA,322,TOTA,RODOLFO HERNÁNDEZ,1937
07,BOYACA,322,TOTA,VOTOS EN BLANCO,22
07,BOYACA,322,TOTA,VOTOS NO MARCADOS,4
07,BOYACA,322,TOTA,VOTOS NULOS,12
07,BOYACA,324,TUNUNGUA,GUSTAVO PETRO,265
07,BOYACA,324,TUNUNGUA,RODOLFO HERNÁNDEZ,677
07,BOYACA,324,TUNUNGUA,VOTOS EN BLANCO,10
07,BOYACA,324,TUNUNGUA,VOTOS NULOS,3
07,BOYACA,325,TURMEQUE,GUSTAVO PETRO,1128
07,BOYACA,325,TURMEQUE,RODOLFO HERNÁNDEZ,2360
07,BOYACA,325,TURMEQUE,VOTOS EN BLANCO,91
07,BOYACA,325,TURMEQUE,VOTOS NO MARCADOS,4
07,BOYACA,325,TURMEQUE,VOTOS NULOS,43
07,BOYACA,328,TUTA,GUSTAVO PETRO,2168
07,BOYACA,328,TUTA,RODOLFO HERNÁNDEZ,3317
07,BOYACA,328,TUTA,VOTOS EN BLANCO,91
07,BOYACA,328,TUTA,VOTOS NO MARCADOS,4
07,BOYACA,328,TUTA,VOTOS NULOS,62
07,BOYACA,331,TUTAZA,GUSTAVO PETRO,459
07,BOYACA,331,TUTAZA,RODOLFO HERNÁNDEZ,901
07,BOYACA,331,TUTAZA,VOTOS EN BLANCO,18
07,BOYACA,331,TUTAZA,VOTOS NO MARCADOS,1
07,BOYACA,331,TUTAZA,VOTOS NULOS,13
07,BOYACA,334,UMBITA,GUSTAVO PETRO,890
07,BOYACA,334,UMBITA,RODOLFO HERNÁNDEZ,2966
07,BOYACA,334,UMBITA,VOTOS EN BLANCO,44
07,BOYACA,334,UMBITA,VOTOS NO MARCADOS,5
07,BOYACA,334,UMBITA,VOTOS NULOS,25
07,BOYACA,337,VENTAQUEMADA,GUSTAVO PETRO,2761
07,BOYACA,337,VENTAQUEMADA,RODOLFO HERNÁNDEZ,4489
07,BOYACA,337,VENTAQUEMADA,VOTOS EN BLANCO,169
07,BOYACA,337,VENTAQUEMADA,VOTOS NO MARCADOS,14
07,BOYACA,337,VENTAQUEMADA,VOTOS NULOS,102
07,BOYACA,340,VIRACACHA,GUSTAVO PETRO,320
07,BOYACA,340,VIRACACHA,RODOLFO HERNÁNDEZ,1398
07,BOYACA,340,VIRACACHA,VOTOS EN BLANCO,17
07,BOYACA,340,VIRACACHA,VOTOS NO MARCADOS,2
07,BOYACA,340,VIRACACHA,VOTOS NULOS,21
07,BOYACA,346,ZETAQUIRA,GUSTAVO PETRO,892
07,BOYACA,346,ZETAQUIRA,RODOLFO HERNÁNDEZ,1933
07,BOYACA,346,ZETAQUIRA,VOTOS EN BLANCO,27
07,BOYACA,346,ZETAQUIRA,VOTOS NO MARCADOS,4
07,BOYACA,346,ZETAQUIRA,VOTOS NULOS,17
09,CALDAS,001,MANIZALES,GUSTAVO PETRO,101345
09,CALDAS,001,MANIZALES,RODOLFO HERNÁNDEZ,105612
09,CALDAS,001,MANIZALES,VOTOS EN BLANCO,8236
09,CALDAS,001,MANIZALES,VOTOS NO MARCADOS,308
09,CALDAS,001,MANIZALES,VOTOS NULOS,5419
09,CALDAS,004,AGUADAS,GUSTAVO PETRO,1928
09,CALDAS,004,AGUADAS,RODOLFO HERNÁNDEZ,8801
09,CALDAS,004,AGUADAS,VOTOS EN BLANCO,218
09,CALDAS,004,AGUADAS,VOTOS NO MARCADOS,29
09,CALDAS,004,AGUADAS,VOTOS NULOS,237
09,CALDAS,007,ANSERMA,GUSTAVO PETRO,4941
09,CALDAS,007,ANSERMA,RODOLFO HERNÁNDEZ,10378
09,CALDAS,007,ANSERMA,VOTOS EN BLANCO,427
09,CALDAS,007,ANSERMA,VOTOS NO MARCADOS,40
09,CALDAS,007,ANSERMA,VOTOS NULOS,482
09,CALDAS,013,ARANZAZU,GUSTAVO PETRO,1232
09,CALDAS,013,ARANZAZU,RODOLFO HERNÁNDEZ,4558
09,CALDAS,013,ARANZAZU,VOTOS EN BLANCO,124
09,CALDAS,013,ARANZAZU,VOTOS NO MARCADOS,16
09,CALDAS,013,ARANZAZU,VOTOS NULOS,128
09,CALDAS,022,BELALCAZAR,GUSTAVO PETRO,1690
09,CALDAS,022,BELALCAZAR,RODOLFO HERNÁNDEZ,3423
09,CALDAS,022,BELALCAZAR,VOTOS EN BLANCO,108
09,CALDAS,022,BELALCAZAR,VOTOS NO MARCADOS,13
09,CALDAS,022,BELALCAZAR,VOTOS NULOS,112
09,CALDAS,034,CHINCHINA,GUSTAVO PETRO,11107
09,CALDAS,034,CHINCHINA,RODOLFO HERNÁNDEZ,13978
09,CALDAS,034,CHINCHINA,VOTOS EN BLANCO,772
09,CALDAS,034,CHINCHINA,VOTOS NO MARCADOS,71
09,CALDAS,034,CHINCHINA,VOTOS NULOS,765
09,CALDAS,037,FILADELFIA,GUSTAVO PETRO,1176
09,CALDAS,037,FILADELFIA,RODOLFO HERNÁNDEZ,3722
09,CALDAS,037,FILADELFIA,VOTOS EN BLANCO,115
09,CALDAS,037,FILADELFIA,VOTOS NO MARCADOS,14
09,CALDAS,037,FILADELFIA,VOTOS NULOS,68
09,CALDAS,049,LA DORADA,GUSTAVO PETRO,10088
09,CALDAS,049,LA DORADA,RODOLFO HERNÁNDEZ,19540
09,CALDAS,049,LA DORADA,VOTOS EN BLANCO,630
09,CALDAS,049,LA DORADA,VOTOS NO MARCADOS,48
09,CALDAS,049,LA DORADA,VOTOS NULOS,873
09,CALDAS,052,LA MERCED,GUSTAVO PETRO,743
09,CALDAS,052,LA MERCED,RODOLFO HERNÁNDEZ,1983
09,CALDAS,052,LA MERCED,VOTOS EN BLANCO,83
09,CALDAS,052,LA MERCED,VOTOS NO MARCADOS,13
09,CALDAS,052,LA MERCED,VOTOS NULOS,39
09,CALDAS,055,MANZANARES,GUSTAVO PETRO,1765
09,CALDAS,055,MANZANARES,RODOLFO HERNÁNDEZ,6070
09,CALDAS,055,MANZANARES,VOTOS EN BLANCO,171
09,CALDAS,055,MANZANARES,VOTOS NO MARCADOS,23
09,CALDAS,055,MANZANARES,VOTOS NULOS,130
09,CALDAS,058,MARMATO,GUSTAVO PETRO,1167
09,CALDAS,058,MARMATO,RODOLFO HERNÁNDEZ,1832
09,CALDAS,058,MARMATO,VOTOS EN BLANCO,107
09,CALDAS,058,MARMATO,VOTOS NO MARCADOS,12
09,CALDAS,058,MARMATO,VOTOS NULOS,99
09,CALDAS,061,MARQUETALIA,GUSTAVO PETRO,1125
09,CALDAS,061,MARQUETALIA,RODOLFO HERNÁNDEZ,5100
09,CALDAS,061,MARQUETALIA,VOTOS EN BLANCO,139
09,CALDAS,061,MARQUETALIA,VOTOS NO MARCADOS,16
09,CALDAS,061,MARQUETALIA,VOTOS NULOS,77
09,CALDAS,067,MARULANDA,GUSTAVO PETRO,225
09,CALDAS,067,MARULANDA,RODOLFO HERNÁNDEZ,814
09,CALDAS,067,MARULANDA,VOTOS EN BLANCO,39
09,CALDAS,067,MARULANDA,VOTOS NO MARCADOS,6
09,CALDAS,067,MARULANDA,VOTOS NULOS,27
09,CALDAS,076,NEIRA,GUSTAVO PETRO,3175
09,CALDAS,076,NEIRA,RODOLFO HERNÁNDEZ,7371
09,CALDAS,076,NEIRA,VOTOS EN BLANCO,300
09,CALDAS,076,NEIRA,VOTOS NO MARCADOS,48
09,CALDAS,076,NEIRA,VOTOS NULOS,301
09,CALDAS,078,NORCASIA,GUSTAVO PETRO,1008
09,CALDAS,078,NORCASIA,RODOLFO HERNÁNDEZ,2175
09,CALDAS,078,NORCASIA,VOTOS EN BLANCO,63
09,CALDAS,078,NORCASIA,VOTOS NO MARCADOS,13
09,CALDAS,078,NORCASIA,VOTOS NULOS,76
09,CALDAS,079,PACORA,GUSTAVO PETRO,1326
09,CALDAS,079,PACORA,RODOLFO HERNÁNDEZ,5313
09,CALDAS,079,PACORA,VOTOS EN BLANCO,204
09,CALDAS,079,PACORA,VOTOS NO MARCADOS,30
09,CALDAS,079,PACORA,VOTOS NULOS,182
09,CALDAS,082,PALESTINA,GUSTAVO PETRO,4021
09,CALDAS,082,PALESTINA,RODOLFO HERNÁNDEZ,3925
09,CALDAS,082,PALESTINA,VOTOS EN BLANCO,179
09,CALDAS,082,PALESTINA,VOTOS NO MARCADOS,20
09,CALDAS,082,PALESTINA,VOTOS NULOS,204
09,CALDAS,085,PENSILVANIA,GUSTAVO PETRO,2062
09,CALDAS,085,PENSILVANIA,RODOLFO HERNÁNDEZ,6713
09,CALDAS,085,PENSILVANIA,VOTOS EN BLANCO,257
09,CALDAS,085,PENSILVANIA,VOTOS NO MARCADOS,45
09,CALDAS,085,PENSILVANIA,VOTOS NULOS,171
09,CALDAS,103,RIOSUCIO,GUSTAVO PETRO,10033
09,CALDAS,103,RIOSUCIO,RODOLFO HERNÁNDEZ,12083
09,CALDAS,103,RIOSUCIO,VOTOS EN BLANCO,667
09,CALDAS,103,RIOSUCIO,VOTOS NO MARCADOS,82
09,CALDAS,103,RIOSUCIO,VOTOS NULOS,620
09,CALDAS,106,RISARALDA,GUSTAVO PETRO,1609
09,CALDAS,106,RISARALDA,RODOLFO HERNÁNDEZ,3673
09,CALDAS,106,RISARALDA,VOTOS EN BLANCO,116
09,CALDAS,106,RISARALDA,VOTOS NO MARCADOS,26
09,CALDAS,106,RISARALDA,VOTOS NULOS,113
09,CALDAS,109,SALAMINA,GUSTAVO PETRO,2310
09,CALDAS,109,SALAMINA,RODOLFO HERNÁNDEZ,5001
09,CALDAS,109,SALAMINA,VOTOS EN BLANCO,210
09,CALDAS,109,SALAMINA,VOTOS NO MARCADOS,37
09,CALDAS,109,SALAMINA,VOTOS NULOS,186
09,CALDAS,115,SAMANA,GUSTAVO PETRO,2075
09,CALDAS,115,SAMANA,RODOLFO HERNÁNDEZ,6542
09,CALDAS,115,SAMANA,VOTOS EN BLANCO,163
09,CALDAS,115,SAMANA,VOTOS NO MARCADOS,30
09,CALDAS,115,SAMANA,VOTOS NULOS,156
09,CALDAS,120,SAN JOSE,GUSTAVO PETRO,874
09,CALDAS,120,SAN JOSE,RODOLFO HERNÁNDEZ,1738
09,CALDAS,120,SAN JOSE,VOTOS EN BLANCO,64
09,CALDAS,120,SAN JOSE,VOTOS NO MARCADOS,3
09,CALDAS,120,SAN JOSE,VOTOS NULOS,43
09,CALDAS,124,SUPIA,GUSTAVO PETRO,4157
09,CALDAS,124,SUPIA,RODOLFO HERNÁNDEZ,7096
09,CALDAS,124,SUPIA,VOTOS EN BLANCO,411
09,CALDAS,124,SUPIA,VOTOS NO MARCADOS,50
09,CALDAS,124,SUPIA,VOTOS NULOS,627
09,CALDAS,127,VICTORIA,GUSTAVO PETRO,1198
09,CALDAS,127,VICTORIA,RODOLFO HERNÁNDEZ,3393
09,CALDAS,127,VICTORIA,VOTOS EN BLANCO,96
09,CALDAS,127,VICTORIA,VOTOS NO MARCADOS,14
09,CALDAS,127,VICTORIA,VOTOS NULOS,102
09,CALDAS,130,VILLAMARIA,GUSTAVO PETRO,12601
09,CALDAS,130,VILLAMARIA,RODOLFO HERNÁNDEZ,14237
09,CALDAS,130,VILLAMARIA,VOTOS EN BLANCO,932
09,CALDAS,130,VILLAMARIA,VOTOS NO MARCADOS,52
09,CALDAS,130,VILLAMARIA,VOTOS NULOS,795
09,CALDAS,133,VITERBO,GUSTAVO PETRO,1920
09,CALDAS,133,VITERBO,RODOLFO HERNÁNDEZ,5441
09,CALDAS,133,VITERBO,VOTOS EN BLANCO,189
09,CALDAS,133,VITERBO,VOTOS NO MARCADOS,12
09,CALDAS,133,VITERBO,VOTOS NULOS,137
11,CAUCA,001,POPAYAN,GUSTAVO PETRO,121293
11,CAUCA,001,POPAYAN,RODOLFO HERNÁNDEZ,42328
11,CAUCA,001,POPAYAN,VOTOS EN BLANCO,4268
11,CAUCA,001,POPAYAN,VOTOS NO MARCADOS,198
11,CAUCA,001,POPAYAN,VOTOS NULOS,2740
11,CAUCA,004,ALMAGUER,GUSTAVO PETRO,7708
11,CAUCA,004,ALMAGUER,RODOLFO HERNÁNDEZ,398
11,CAUCA,004,ALMAGUER,VOTOS EN BLANCO,53
11,CAUCA,004,ALMAGUER,VOTOS NO MARCADOS,20
11,CAUCA,004,ALMAGUER,VOTOS NULOS,52
11,CAUCA,005,ARGELIA,GUSTAVO PETRO,14588
11,CAUCA,005,ARGELIA,RODOLFO HERNÁNDEZ,740
11,CAUCA,005,ARGELIA,VOTOS EN BLANCO,283
11,CAUCA,005,ARGELIA,VOTOS NO MARCADOS,23
11,CAUCA,005,ARGELIA,VOTOS NULOS,353
11,CAUCA,006,BALBOA,GUSTAVO PETRO,10245
11,CAUCA,006,BALBOA,RODOLFO HERNÁNDEZ,884
11,CAUCA,006,BALBOA,VOTOS EN BLANCO,210
11,CAUCA,006,BALBOA,VOTOS NO MARCADOS,25
11,CAUCA,006,BALBOA,VOTOS NULOS,261
11,CAUCA,007,BOLIVAR,GUSTAVO PETRO,17253
11,CAUCA,007,BOLIVAR,RODOLFO HERNÁNDEZ,1451
11,CAUCA,007,BOLIVAR,VOTOS EN BLANCO,199
11,CAUCA,007,BOLIVAR,VOTOS NO MARCADOS,45
11,CAUCA,007,BOLIVAR,VOTOS NULOS,205
11,CAUCA,010,BUENOS AIRES,GUSTAVO PETRO,7616
11,CAUCA,010,BUENOS AIRES,RODOLFO HERNÁNDEZ,3042
11,CAUCA,010,BUENOS AIRES,VOTOS EN BLANCO,487
11,CAUCA,010,BUENOS AIRES,VOTOS NO MARCADOS,136
11,CAUCA,010,BUENOS AIRES,VOTOS NULOS,644
11,CAUCA,013,CAJIBIO,GUSTAVO PETRO,9630
11,CAUCA,013,CAJIBIO,RODOLFO HERNÁNDEZ,4242
11,CAUCA,013,CAJIBIO,VOTOS EN BLANCO,467
11,CAUCA,013,CAJIBIO,VOTOS NO MARCADOS,82
11,CAUCA,013,CAJIBIO,VOTOS NULOS,524
11,CAUCA,016,CALDONO,GUSTAVO PETRO,14939
11,CAUCA,016,CALDONO,RODOLFO HERNÁNDEZ,2045
11,CAUCA,016,CALDONO,VOTOS EN BLANCO,264
11,CAUCA,016,CALDONO,VOTOS NO MARCADOS,53
11,CAUCA,016,CALDONO,VOTOS NULOS,262
11,CAUCA,019,CALOTO,GUSTAVO PETRO,11312
11,CAUCA,019,CALOTO,RODOLFO HERNÁNDEZ,2417
11,CAUCA,019,CALOTO,VOTOS EN BLANCO,232
11,CAUCA,019,CALOTO,VOTOS NO MARCADOS,16
11,CAUCA,019,CALOTO,VOTOS NULOS,302
11,CAUCA,022,CORINTO,GUSTAVO PETRO,11152
11,CAUCA,022,CORINTO,RODOLFO HERNÁNDEZ,1859
11,CAUCA,022,CORINTO,VOTOS EN BLANCO,273
11,CAUCA,022,CORINTO,VOTOS NO MARCADOS,31
11,CAUCA,022,CORINTO,VOTOS NULOS,232
11,CAUCA,025,EL TAMBO,GUSTAVO PETRO,14006
11,CAUCA,025,EL TAMBO,RODOLFO HERNÁNDEZ,5851
11,CAUCA,025,EL TAMBO,VOTOS EN BLANCO,684
11,CAUCA,025,EL TAMBO,VOTOS NO MARCADOS,141
11,CAUCA,025,EL TAMBO,VOTOS NULOS,720
11,CAUCA,027,FLORENCIA,GUSTAVO PETRO,2610
11,CAUCA,027,FLORENCIA,RODOLFO HERNÁNDEZ,458
11,CAUCA,027,FLORENCIA,VOTOS EN BLANCO,71
11,CAUCA,027,FLORENCIA,VOTOS NO MARCADOS,17
11,CAUCA,027,FLORENCIA,VOTOS NULOS,33
11,CAUCA,028,GUAPI,GUSTAVO PETRO,7621
11,CAUCA,028,GUAPI,RODOLFO HERNÁNDEZ,413
11,CAUCA,028,GUAPI,VOTOS EN BLANCO,68
11,CAUCA,028,GUAPI,VOTOS NO MARCADOS,2
11,CAUCA,028,GUAPI,VOTOS NULOS,56
11,CAUCA,029,GUACHENE,GUSTAVO PETRO,8973
11,CAUCA,029,GUACHENE,RODOLFO HERNÁNDEZ,1042
11,CAUCA,029,GUACHENE,VOTOS EN BLANCO,183
11,CAUCA,029,GUACHENE,VOTOS NO MARCADOS,21
11,CAUCA,029,GUACHENE,VOTOS NULOS,309
11,CAUCA,031,INZA,GUSTAVO PETRO,9235
11,CAUCA,031,INZA,RODOLFO HERNÁNDEZ,2235
11,CAUCA,031,INZA,VOTOS EN BLANCO,156
11,CAUCA,031,INZA,VOTOS NO MARCADOS,21
11,CAUCA,031,INZA,VOTOS NULOS,137
11,CAUCA,034,JAMBALO,GUSTAVO PETRO,7541
11,CAUCA,034,JAMBALO,RODOLFO HERNÁNDEZ,142
11,CAUCA,034,JAMBALO,VOTOS EN BLANCO,104
11,CAUCA,034,JAMBALO,VOTOS NO MARCADOS,9
11,CAUCA,034,JAMBALO,VOTOS NULOS,80
11,CAUCA,037,LA SIERRA,GUSTAVO PETRO,3942
11,CAUCA,037,LA SIERRA,RODOLFO HERNÁNDEZ,1415
11,CAUCA,037,LA SIERRA,VOTOS EN BLANCO,125
11,CAUCA,037,LA SIERRA,VOTOS NO MARCADOS,17
11,CAUCA,037,LA SIERRA,VOTOS NULOS,101
11,CAUCA,040,LA VEGA,GUSTAVO PETRO,7261
11,CAUCA,040,LA VEGA,RODOLFO HERNÁNDEZ,1532
11,CAUCA,040,LA VEGA,VOTOS EN BLANCO,98
11,CAUCA,040,LA VEGA,VOTOS NO MARCADOS,19
11,CAUCA,040,LA VEGA,VOTOS NULOS,78
11,CAUCA,043,LOPEZ (MICAY),GUSTAVO PETRO,5266
11,CAUCA,043,LOPEZ (MICAY),RODOLFO HERNÁNDEZ,537
11,CAUCA,043,LOPEZ (MICAY),VOTOS EN BLANCO,56
11,CAUCA,043,LOPEZ (MICAY),VOTOS NO MARCADOS,11
11,CAUCA,043,LOPEZ (MICAY),VOTOS NULOS,33
11,CAUCA,046,MERCADERES,GUSTAVO PETRO,7012
11,CAUCA,046,MERCADERES,RODOLFO HERNÁNDEZ,871
11,CAUCA,046,MERCADERES,VOTOS EN BLANCO,94
11,CAUCA,046,MERCADERES,VOTOS NO MARCADOS,21
11,CAUCA,046,MERCADERES,VOTOS NULOS,102
11,CAUCA,049,MIRANDA,GUSTAVO PETRO,12188
11,CAUCA,049,MIRANDA,RODOLFO HERNÁNDEZ,2359
11,CAUCA,049,MIRANDA,VOTOS EN BLANCO,289
11,CAUCA,049,MIRANDA,VOTOS NO MARCADOS,17
11,CAUCA,049,MIRANDA,VOTOS NULOS,260
11,CAUCA,052,MORALES,GUSTAVO PETRO,9699
11,CAUCA,052,MORALES,RODOLFO HERNÁNDEZ,3530
11,CAUCA,052,MORALES,VOTOS EN BLANCO,452
11,CAUCA,052,MORALES,VOTOS NO MARCADOS,42
11,CAUCA,052,MORALES,VOTOS NULOS,304
11,CAUCA,053,PADILLA,GUSTAVO PETRO,3790
11,CAUCA,053,PADILLA,RODOLFO HERNÁNDEZ,588
11,CAUCA,053,PADILLA,VOTOS EN BLANCO,83
11,CAUCA,053,PADILLA,VOTOS NO MARCADOS,9
11,CAUCA,053,PADILLA,VOTOS NULOS,143
11,CAUCA,055,PAEZ (BELALCAZAR),GUSTAVO PETRO,11178
11,CAUCA,055,PAEZ (BELALCAZAR),RODOLFO HERNÁNDEZ,2052
11,CAUCA,055,PAEZ (BELALCAZAR),VOTOS EN BLANCO,175
11,CAUCA,055,PAEZ (BELALCAZAR),VOTOS NO MARCADOS,40
11,CAUCA,055,PAEZ (BELALCAZAR),VOTOS NULOS,219
11,CAUCA,058,PATIA (EL BORDO),GUSTAVO PETRO,13427
11,CAUCA,058,PATIA (EL BORDO),RODOLFO HERNÁNDEZ,2291
11,CAUCA,058,PATIA (EL BORDO),VOTOS EN BLANCO,333
11,CAUCA,058,PATIA (EL BORDO),VOTOS NO MARCADOS,59
11,CAUCA,058,PATIA (EL BORDO),VOTOS NULOS,318
11,CAUCA,060,PIAMONTE,GUSTAVO PETRO,1992
11,CAUCA,060,PIAMONTE,RODOLFO HERNÁNDEZ,998
11,CAUCA,060,PIAMONTE,VOTOS EN BLANCO,69
11,CAUCA,060,PIAMONTE,VOTOS NO MARCADOS,7
11,CAUCA,060,PIAMONTE,VOTOS NULOS,23
11,CAUCA,061,PIENDAMO,GUSTAVO PETRO,11386
11,CAUCA,061,PIENDAMO,RODOLFO HERNÁNDEZ,5871
11,CAUCA,061,PIENDAMO,VOTOS EN BLANCO,543
11,CAUCA,061,PIENDAMO,VOTOS NO MARCADOS,37
11,CAUCA,061,PIENDAMO,VOTOS NULOS,422
11,CAUCA,064,PUERTO TEJADA,GUSTAVO PETRO,19580
11,CAUCA,064,PUERTO TEJADA,RODOLFO HERNÁNDEZ,2021
11,CAUCA,064,PUERTO TEJADA,VOTOS EN BLANCO,406
11,CAUCA,064,PUERTO TEJADA,VOTOS NO MARCADOS,35
11,CAUCA,064,PUERTO TEJADA,VOTOS NULOS,385
11,CAUCA,067,PURACE (COCONUCO),GUSTAVO PETRO,4239
11,CAUCA,067,PURACE (COCONUCO),RODOLFO HERNÁNDEZ,1234
11,CAUCA,067,PURACE (COCONUCO),VOTOS EN BLANCO,90
11,CAUCA,067,PURACE (COCONUCO),VOTOS NO MARCADOS,18
11,CAUCA,067,PURACE (COCONUCO),VOTOS NULOS,99
11,CAUCA,070,ROSAS,GUSTAVO PETRO,3229
11,CAUCA,070,ROSAS,RODOLFO HERNÁNDEZ,1610
11,CAUCA,070,ROSAS,VOTOS EN BLANCO,100
11,CAUCA,070,ROSAS,VOTOS NO MARCADOS,17
11,CAUCA,070,ROSAS,VOTOS NULOS,94
11,CAUCA,073,SAN SEBASTIAN,GUSTAVO PETRO,3446
11,CAUCA,073,SAN SEBASTIAN,RODOLFO HERNÁNDEZ,582
11,CAUCA,073,SAN SEBASTIAN,VOTOS EN BLANCO,61
11,CAUCA,073,SAN SEBASTIAN,VOTOS NO MARCADOS,10
11,CAUCA,073,SAN SEBASTIAN,VOTOS NULOS,33
11,CAUCA,076,SANTANDER DE QUILICHAO,GUSTAVO PETRO,40015
11,CAUCA,076,SANTANDER DE QUILICHAO,RODOLFO HERNÁNDEZ,11332
11,CAUCA,076,SANTANDER DE QUILICHAO,VOTOS EN BLANCO,1389
11,CAUCA,076,SANTANDER DE QUILICHAO,VOTOS NO MARCADOS,115
11,CAUCA,076,SANTANDER DE QUILICHAO,VOTOS NULOS,1451
11,CAUCA,079,SANTA ROSA,GUSTAVO PETRO,1707
11,CAUCA,079,SANTA ROSA,RODOLFO HERNÁNDEZ,501
11,CAUCA,079,SANTA ROSA,VOTOS EN BLANCO,36
11,CAUCA,079,SANTA ROSA,VOTOS NO MARCADOS,3
11,CAUCA,079,SANTA ROSA,VOTOS NULOS,12
11,CAUCA,082,SILVIA,GUSTAVO PETRO,14711
11,CAUCA,082,SILVIA,RODOLFO HERNÁNDEZ,1711
11,CAUCA,082,SILVIA,VOTOS EN BLANCO,273
11,CAUCA,082,SILVIA,VOTOS NO MARCADOS,42
11,CAUCA,082,SILVIA,VOTOS NULOS,194
11,CAUCA,085,SOTARA (PAISPAMBA),GUSTAVO PETRO,3149
11,CAUCA,085,SOTARA (PAISPAMBA),RODOLFO HERNÁNDEZ,1088
11,CAUCA,085,SOTARA (PAISPAMBA),VOTOS EN BLANCO,87
11,CAUCA,085,SOTARA (PAISPAMBA),VOTOS NO MARCADOS,20
11,CAUCA,085,SOTARA (PAISPAMBA),VOTOS NULOS,78
11,CAUCA,086,SUCRE,GUSTAVO PETRO,3956
11,CAUCA,086,SUCRE,RODOLFO HERNÁNDEZ,182
11,CAUCA,086,SUCRE,VOTOS EN BLANCO,31
11,CAUCA,086,SUCRE,VOTOS NO MARCADOS,5
11,CAUCA,086,SUCRE,VOTOS NULOS,24
11,CAUCA,087,SUAREZ,GUSTAVO PETRO,8715
11,CAUCA,087,SUAREZ,RODOLFO HERNÁNDEZ,2392
11,CAUCA,087,SUAREZ,VOTOS EN BLANCO,379
11,CAUCA,087,SUAREZ,VOTOS NO MARCADOS,47
11,CAUCA,087,SUAREZ,VOTOS NULOS,598
11,CAUCA,088,TIMBIO,GUSTAVO PETRO,11615
11,CAUCA,088,TIMBIO,RODOLFO HERNÁNDEZ,5108
11,CAUCA,088,TIMBIO,VOTOS EN BLANCO,411
11,CAUCA,088,TIMBIO,VOTOS NO MARCADOS,38
11,CAUCA,088,TIMBIO,VOTOS NULOS,424
11,CAUCA,091,TIMBIQUI,GUSTAVO PETRO,8633
11,CAUCA,091,TIMBIQUI,RODOLFO HERNÁNDEZ,110
11,CAUCA,091,TIMBIQUI,VOTOS EN BLANCO,14
11,CAUCA,091,TIMBIQUI,VOTOS NULOS,20
11,CAUCA,094,TORIBIO,GUSTAVO PETRO,14945
11,CAUCA,094,TORIBIO,RODOLFO HERNÁNDEZ,673
11,CAUCA,094,TORIBIO,VOTOS EN BLANCO,202
11,CAUCA,094,TORIBIO,VOTOS NO MARCADOS,27
11,CAUCA,094,TORIBIO,VOTOS NULOS,190
11,CAUCA,097,TOTORO,GUSTAVO PETRO,6760
11,CAUCA,097,TOTORO,RODOLFO HERNÁNDEZ,940
11,CAUCA,097,TOTORO,VOTOS EN BLANCO,89
11,CAUCA,097,TOTORO,VOTOS NO MARCADOS,13
11,CAUCA,097,TOTORO,VOTOS NULOS,78
11,CAUCA,098,VILLA RICA,GUSTAVO PETRO,9051
11,CAUCA,098,VILLA RICA,RODOLFO HERNÁNDEZ,879
11,CAUCA,098,VILLA RICA,VOTOS EN BLANCO,146
11,CAUCA,098,VILLA RICA,VOTOS NO MARCADOS,15
11,CAUCA,098,VILLA RICA,VOTOS NULOS,197
12,CESAR,001,VALLEDUPAR,GUSTAVO PETRO,105737
12,CESAR,001,VALLEDUPAR,RODOLFO HERNÁNDEZ,72856
12,CESAR,001,VALLEDUPAR,VOTOS EN BLANCO,3286
12,CESAR,001,VALLEDUPAR,VOTOS NO MARCADOS,109
12,CESAR,001,VALLEDUPAR,VOTOS NULOS,2139
12,CESAR,075,AGUACHICA,GUSTAVO PETRO,14996
12,CESAR,075,AGUACHICA,RODOLFO HERNÁNDEZ,28479
12,CESAR,075,AGUACHICA,VOTOS EN BLANCO,677
12,CESAR,075,AGUACHICA,VOTOS NO MARCADOS,27
12,CESAR,075,AGUACHICA,VOTOS NULOS,642
12,CESAR,150,AGUSTIN CODAZZI,GUSTAVO PETRO,15041
12,CESAR,150,AGUSTIN CODAZZI,RODOLFO HERNÁNDEZ,9767
12,CESAR,150,AGUSTIN CODAZZI,VOTOS EN BLANCO,342
12,CESAR,150,AGUSTIN CODAZZI,VOTOS NO MARCADOS,23
12,CESAR,150,AGUSTIN CODAZZI,VOTOS NULOS,335
12,CESAR,170,ASTREA,GUSTAVO PETRO,3566
12,CESAR,170,ASTREA,RODOLFO HERNÁNDEZ,3853
12,CESAR,170,ASTREA,VOTOS EN BLANCO,81
12,CESAR,170,ASTREA,VOTOS NO MARCADOS,8
12,CESAR,170,ASTREA,VOTOS NULOS,37
12,CESAR,180,BECERRIL,GUSTAVO PETRO,5970
12,CESAR,180,BECERRIL,RODOLFO HERNÁNDEZ,2449
12,CESAR,180,BECERRIL,VOTOS EN BLANCO,123
12,CESAR,180,BECERRIL,VOTOS NO MARCADOS,9
12,CESAR,180,BECERRIL,VOTOS NULOS,86
12,CESAR,200,BOSCONIA,GUSTAVO PETRO,9387
12,CESAR,200,BOSCONIA,RODOLFO HERNÁNDEZ,6295
12,CESAR,200,BOSCONIA,VOTOS EN BLANCO,222
12,CESAR,200,BOSCONIA,VOTOS NO MARCADOS,16
12,CESAR,200,BOSCONIA,VOTOS NULOS,144
12,CESAR,225,CURUMANI,GUSTAVO PETRO,8541
12,CESAR,225,CURUMANI,RODOLFO HERNÁNDEZ,6862
12,CESAR,225,CURUMANI,VOTOS EN BLANCO,242
12,CESAR,225,CURUMANI,VOTOS NO MARCADOS,17
12,CESAR,225,CURUMANI,VOTOS NULOS,200
12,CESAR,300,CHIMICHAGUA,GUSTAVO PETRO,5267
12,CESAR,300,CHIMICHAGUA,RODOLFO HERNÁNDEZ,6315
12,CESAR,300,CHIMICHAGUA,VOTOS EN BLANCO,109
12,CESAR,300,CHIMICHAGUA,VOTOS NO MARCADOS,15
12,CESAR,300,CHIMICHAGUA,VOTOS NULOS,90
12,CESAR,375,CHIRIGUANA,GUSTAVO PETRO,7939
12,CESAR,375,CHIRIGUANA,RODOLFO HERNÁNDEZ,4698
12,CESAR,375,CHIRIGUANA,VOTOS EN BLANCO,116
12,CESAR,375,CHIRIGUANA,VOTOS NO MARCADOS,10
12,CESAR,375,CHIRIGUANA,VOTOS NULOS,124
12,CESAR,410,EL COPEY,GUSTAVO PETRO,8782
12,CESAR,410,EL COPEY,RODOLFO HERNÁNDEZ,4085
12,CESAR,410,EL COPEY,VOTOS EN BLANCO,153
12,CESAR,410,EL COPEY,VOTOS NO MARCADOS,10
12,CESAR,410,EL COPEY,VOTOS NULOS,83
12,CESAR,415,EL PASO,GUSTAVO PETRO,11038
12,CESAR,415,EL PASO,RODOLFO HERNÁNDEZ,3478
12,CESAR,415,EL PASO,VOTOS EN BLANCO,150
12,CESAR,415,EL PASO,VOTOS NO MARCADOS,7
12,CESAR,415,EL PASO,VOTOS NULOS,111
12,CESAR,450,GAMARRA,GUSTAVO PETRO,2073
12,CESAR,450,GAMARRA,RODOLFO HERNÁNDEZ,4266
12,CESAR,450,GAMARRA,VOTOS EN BLANCO,60
12,CESAR,450,GAMARRA,VOTOS NO MARCADOS,7
12,CESAR,450,GAMARRA,VOTOS NULOS,27
12,CESAR,525,GONZALEZ,GUSTAVO PETRO,625
12,CESAR,525,GONZALEZ,RODOLFO HERNÁNDEZ,1906
12,CESAR,525,GONZALEZ,VOTOS EN BLANCO,26
12,CESAR,525,GONZALEZ,VOTOS NO MARCADOS,5
12,CESAR,525,GONZALEZ,VOTOS NULOS,18
12,CESAR,600,LA GLORIA,GUSTAVO PETRO,2692
12,CESAR,600,LA GLORIA,RODOLFO HERNÁNDEZ,3754
12,CESAR,600,LA GLORIA,VOTOS EN BLANCO,62
12,CESAR,600,LA GLORIA,VOTOS NO MARCADOS,3
12,CESAR,600,LA GLORIA,VOTOS NULOS,57
12,CESAR,608,LA JAGUA DE IBIRICO,GUSTAVO PETRO,12203
12,CESAR,608,LA JAGUA DE IBIRICO,RODOLFO HERNÁNDEZ,4669
12,CESAR,608,LA JAGUA DE IBIRICO,VOTOS EN BLANCO,244
12,CESAR,608,LA JAGUA DE IBIRICO,VOTOS NO MARCADOS,13
12,CESAR,608,LA JAGUA DE IBIRICO,VOTOS NULOS,250
12,CESAR,625,MANAURE BALCON DEL CESAR (MANA,GUSTAVO PETRO,2782
12,CESAR,625,MANAURE BALCON DEL CESAR (MANA,RODOLFO HERNÁNDEZ,2273
12,CESAR,625,MANAURE BALCON DEL CESAR (MANA,VOTOS EN BLANCO,58
12,CESAR,625,MANAURE BALCON DEL CESAR (MANA,VOTOS NO MARCADOS,3
12,CESAR,625,MANAURE BALCON DEL CESAR (MANA,VOTOS NULOS,58
12,CESAR,650,PAILITAS,GUSTAVO PETRO,3592
12,CESAR,650,PAILITAS,RODOLFO HERNÁNDEZ,4972
12,CESAR,650,PAILITAS,VOTOS EN BLANCO,92
12,CESAR,650,PAILITAS,VOTOS NO MARCADOS,3
12,CESAR,650,PAILITAS,VOTOS NULOS,91
12,CESAR,700,PELAYA,GUSTAVO PETRO,2394
12,CESAR,700,PELAYA,RODOLFO HERNÁNDEZ,6329
12,CESAR,700,PELAYA,VOTOS EN BLANCO,84
12,CESAR,700,PELAYA,VOTOS NO MARCADOS,8
12,CESAR,700,PELAYA,VOTOS NULOS,54
12,CESAR,720,PUEBLO BELLO,GUSTAVO PETRO,5488
12,CESAR,720,PUEBLO BELLO,RODOLFO HERNÁNDEZ,3754
12,CESAR,720,PUEBLO BELLO,VOTOS EN BLANCO,138
12,CESAR,720,PUEBLO BELLO,VOTOS NO MARCADOS,15
12,CESAR,720,PUEBLO BELLO,VOTOS NULOS,119
12,CESAR,750,RIO DE ORO,GUSTAVO PETRO,2865
12,CESAR,750,RIO DE ORO,RODOLFO HERNÁNDEZ,6691
12,CESAR,750,RIO DE ORO,VOTOS EN BLANCO,156
12,CESAR,750,RIO DE ORO,VOTOS NO MARCADOS,13
12,CESAR,750,RIO DE ORO,VOTOS NULOS,86
12,CESAR,800,SAN ALBERTO,GUSTAVO PETRO,4089
12,CESAR,800,SAN ALBERTO,RODOLFO HERNÁNDEZ,7342
12,CESAR,800,SAN ALBERTO,VOTOS EN BLANCO,115
12,CESAR,800,SAN ALBERTO,VOTOS NO MARCADOS,12
12,CESAR,800,SAN ALBERTO,VOTOS NULOS,111
12,CESAR,825,LA PAZ,GUSTAVO PETRO,4684
12,CESAR,825,LA PAZ,RODOLFO HERNÁNDEZ,6469
12,CESAR,825,LA PAZ,VOTOS EN BLANCO,145
12,CESAR,825,LA PAZ,VOTOS NO MARCADOS,14
12,CESAR,825,LA PAZ,VOTOS NULOS,86
12,CESAR,850,SAN DIEGO,GUSTAVO PETRO,4039
12,CESAR,850,SAN DIEGO,RODOLFO HERNÁNDEZ,4332
12,CESAR,850,SAN DIEGO,VOTOS EN BLANCO,123
12,CESAR,850,SAN DIEGO,VOTOS NO MARCADOS,6
12,CESAR,850,SAN DIEGO,VOTOS NULOS,77
12,CESAR,875,SAN MARTIN,GUSTAVO PETRO,3959
12,CESAR,875,SAN MARTIN,RODOLFO HERNÁNDEZ,7355
12,CESAR,875,SAN MARTIN,VOTOS EN BLANCO,137
12,CESAR,875,SAN MARTIN,VOTOS NO MARCADOS,10
12,CESAR,875,SAN MARTIN,VOTOS NULOS,161
12,CESAR,900,TAMALAMEQUE,GUSTAVO PETRO,2992
12,CESAR,900,TAMALAMEQUE,RODOLFO HERNÁNDEZ,2686
12,CESAR,900,TAMALAMEQUE,VOTOS EN BLANCO,42
12,CESAR,900,TAMALAMEQUE,VOTOS NO MARCADOS,8
12,CESAR,900,TAMALAMEQUE,VOTOS NULOS,26
13,CORDOBA,001,MONTERIA,GUSTAVO PETRO,111607
13,CORDOBA,001,MONTERIA,RODOLFO HERNÁNDEZ,78279
13,CORDOBA,001,MONTERIA,VOTOS EN BLANCO,3608
13,CORDOBA,001,MONTERIA,VOTOS NO MARCADOS,153
13,CORDOBA,001,MONTERIA,VOTOS NULOS,1669
13,CORDOBA,004,AYAPEL,GUSTAVO PETRO,7963
13,CORDOBA,004,AYAPEL,RODOLFO HERNÁNDEZ,6572
13,CORDOBA,004,AYAPEL,VOTOS EN BLANCO,221
13,CORDOBA,004,AYAPEL,VOTOS NO MARCADOS,20
13,CORDOBA,004,AYAPEL,VOTOS NULOS,154
13,CORDOBA,007,BUENAVISTA,GUSTAVO PETRO,5724
13,CORDOBA,007,BUENAVISTA,RODOLFO HERNÁNDEZ,3148
13,CORDOBA,007,BUENAVISTA,VOTOS EN BLANCO,149
13,CORDOBA,007,BUENAVISTA,VOTOS NO MARCADOS,26
13,CORDOBA,007,BUENAVISTA,VOTOS NULOS,77
13,CORDOBA,009,CANALETE,GUSTAVO PETRO,4917
13,CORDOBA,009,CANALETE,RODOLFO HERNÁNDEZ,3429
13,CORDOBA,009,CANALETE,VOTOS EN BLANCO,74
13,CORDOBA,009,CANALETE,VOTOS NO MARCADOS,9
13,CORDOBA,009,CANALETE,VOTOS NULOS,38
13,CORDOBA,010,CERETE,GUSTAVO PETRO,29291
13,CORDOBA,010,CERETE,RODOLFO HERNÁNDEZ,14972
13,CORDOBA,010,CERETE,VOTOS EN BLANCO,802
13,CORDOBA,010,CERETE,VOTOS NO MARCADOS,58
13,CORDOBA,010,CERETE,VOTOS NULOS,430
13,CORDOBA,013,CIENAGA DE ORO,GUSTAVO PETRO,20383
13,CORDOBA,013,CIENAGA DE ORO,RODOLFO HERNÁNDEZ,7006
13,CORDOBA,013,CIENAGA DE ORO,VOTOS EN BLANCO,370
13,CORDOBA,013,CIENAGA DE ORO,VOTOS NO MARCADOS,41
13,CORDOBA,013,CIENAGA DE ORO,VOTOS NULOS,250
13,CORDOBA,014,COTORRA (BONGO),GUSTAVO PETRO,5937
13,CORDOBA,014,COTORRA (BONGO),RODOLFO HERNÁNDEZ,3240
13,CORDOBA,014,COTORRA (BONGO),VOTOS EN BLANCO,105
13,CORDOBA,014,COTORRA (BONGO),VOTOS NO MARCADOS,15
13,CORDOBA,014,COTORRA (BONGO),VOTOS NULOS,34
13,CORDOBA,016,CHIMA,GUSTAVO PETRO,4458
13,CORDOBA,016,CHIMA,RODOLFO HERNÁNDEZ,3257
13,CORDOBA,016,CHIMA,VOTOS EN BLANCO,72
13,CORDOBA,016,CHIMA,VOTOS NO MARCADOS,6
13,CORDOBA,016,CHIMA,VOTOS NULOS,26
13,CORDOBA,019,CHINU,GUSTAVO PETRO,11031
13,CORDOBA,019,CHINU,RODOLFO HERNÁNDEZ,12516
13,CORDOBA,019,CHINU,VOTOS EN BLANCO,333
13,CORDOBA,019,CHINU,VOTOS NO MARCADOS,33
13,CORDOBA,019,CHINU,VOTOS NULOS,190
13,CORDOBA,020,LA APARTADA (FRONTERA),GUSTAVO PETRO,4489
13,CORDOBA,020,LA APARTADA (FRONTERA),RODOLFO HERNÁNDEZ,1486
13,CORDOBA,020,LA APARTADA (FRONTERA),VOTOS EN BLANCO,122
13,CORDOBA,020,LA APARTADA (FRONTERA),VOTOS NO MARCADOS,14
13,CORDOBA,020,LA APARTADA (FRONTERA),VOTOS NULOS,49
13,CORDOBA,022,LORICA,GUSTAVO PETRO,32875
13,CORDOBA,022,LORICA,RODOLFO HERNÁNDEZ,16262
13,CORDOBA,022,LORICA,VOTOS EN BLANCO,786
13,CORDOBA,022,LORICA,VOTOS NO MARCADOS,39
13,CORDOBA,022,LORICA,VOTOS NULOS,424
13,CORDOBA,023,LOS CORDOBAS,GUSTAVO PETRO,4412
13,CORDOBA,023,LOS CORDOBAS,RODOLFO HERNÁNDEZ,3511
13,CORDOBA,023,LOS CORDOBAS,VOTOS EN BLANCO,119
13,CORDOBA,023,LOS CORDOBAS,VOTOS NO MARCADOS,13
13,CORDOBA,023,LOS CORDOBAS,VOTOS NULOS,43
13,CORDOBA,024,MOMIL,GUSTAVO PETRO,4872
13,CORDOBA,024,MOMIL,RODOLFO HERNÁNDEZ,3926
13,CORDOBA,024,MOMIL,VOTOS EN BLANCO,126
13,CORDOBA,024,MOMIL,VOTOS NO MARCADOS,11
13,CORDOBA,024,MOMIL,VOTOS NULOS,54
13,CORDOBA,025,MONTELIBANO,GUSTAVO PETRO,26848
13,CORDOBA,025,MONTELIBANO,RODOLFO HERNÁNDEZ,6143
13,CORDOBA,025,MONTELIBANO,VOTOS EN BLANCO,543
13,CORDOBA,025,MONTELIBANO,VOTOS NO MARCADOS,21
13,CORDOBA,025,MONTELIBANO,VOTOS NULOS,285
13,CORDOBA,027,MOÑITOS,GUSTAVO PETRO,5452
13,CORDOBA,027,MOÑITOS,RODOLFO HERNÁNDEZ,4728
13,CORDOBA,027,MOÑITOS,VOTOS EN BLANCO,120
13,CORDOBA,027,MOÑITOS,VOTOS NO MARCADOS,11
13,CORDOBA,027,MOÑITOS,VOTOS NULOS,44
13,CORDOBA,028,PLANETA RICA,GUSTAVO PETRO,16153
13,CORDOBA,028,PLANETA RICA,RODOLFO HERNÁNDEZ,11034
13,CORDOBA,028,PLANETA RICA,VOTOS EN BLANCO,476
13,CORDOBA,028,PLANETA RICA,VOTOS NO MARCADOS,39
13,CORDOBA,028,PLANETA RICA,VOTOS NULOS,264
13,CORDOBA,031,PUEBLO NUEVO,GUSTAVO PETRO,7239
13,CORDOBA,031,PUEBLO NUEVO,RODOLFO HERNÁNDEZ,6969
13,CORDOBA,031,PUEBLO NUEVO,VOTOS EN BLANCO,204
13,CORDOBA,031,PUEBLO NUEVO,VOTOS NO MARCADOS,24
13,CORDOBA,031,PUEBLO NUEVO,VOTOS NULOS,83
13,CORDOBA,032,PUERTO LIBERTADOR,GUSTAVO PETRO,12569
13,CORDOBA,032,PUERTO LIBERTADOR,RODOLFO HERNÁNDEZ,3159
13,CORDOBA,032,PUERTO LIBERTADOR,VOTOS EN BLANCO,308
13,CORDOBA,032,PUERTO LIBERTADOR,VOTOS NO MARCADOS,12
13,CORDOBA,032,PUERTO LIBERTADOR,VOTOS NULOS,124
13,CORDOBA,033,PUERTO ESCONDIDO,GUSTAVO PETRO,5008
13,CORDOBA,033,PUERTO ESCONDIDO,RODOLFO HERNÁNDEZ,4932
13,CORDOBA,033,PUERTO ESCONDIDO,VOTOS EN BLANCO,98
13,CORDOBA,033,PUERTO ESCONDIDO,VOTOS NO MARCADOS,10
13,CORDOBA,033,PUERTO ESCONDIDO,VOTOS NULOS,38
13,CORDOBA,034,PURISIMA,GUSTAVO PETRO,3757
13,CORDOBA,034,PURISIMA,RODOLFO HERNÁNDEZ,4141
13,CORDOBA,034,PURISIMA,VOTOS EN BLANCO,91
13,CORDOBA,034,PURISIMA,VOTOS NO MARCADOS,13
13,CORDOBA,034,PURISIMA,VOTOS NULOS,51
13,CORDOBA,037,SAHAGUN,GUSTAVO PETRO,29267
13,CORDOBA,037,SAHAGUN,RODOLFO HERNÁNDEZ,14510
13,CORDOBA,037,SAHAGUN,VOTOS EN BLANCO,668
13,CORDOBA,037,SAHAGUN,VOTOS NO MARCADOS,48
13,CORDOBA,037,SAHAGUN,VOTOS NULOS,377
13,CORDOBA,040,SAN ANDRES DE SOTAVENTO,GUSTAVO PETRO,12053
13,CORDOBA,040,SAN ANDRES DE SOTAVENTO,RODOLFO HERNÁNDEZ,5986
13,CORDOBA,040,SAN ANDRES DE SOTAVENTO,VOTOS EN BLANCO,213
13,CORDOBA,040,SAN ANDRES DE SOTAVENTO,VOTOS NO MARCADOS,32
13,CORDOBA,040,SAN ANDRES DE SOTAVENTO,VOTOS NULOS,133
13,CORDOBA,043,SAN ANTERO,GUSTAVO PETRO,6893
13,CORDOBA,043,SAN ANTERO,RODOLFO HERNÁNDEZ,6090
13,CORDOBA,043,SAN ANTERO,VOTOS EN BLANCO,221
13,CORDOBA,043,SAN ANTERO,VOTOS NO MARCADOS,23
13,CORDOBA,043,SAN ANTERO,VOTOS NULOS,122
13,CORDOBA,046,SAN BERNARDO DEL VIENTO,GUSTAVO PETRO,9762
13,CORDOBA,046,SAN BERNARDO DEL VIENTO,RODOLFO HERNÁNDEZ,3797
13,CORDOBA,046,SAN BERNARDO DEL VIENTO,VOTOS EN BLANCO,174
13,CORDOBA,046,SAN BERNARDO DEL VIENTO,VOTOS NO MARCADOS,21
13,CORDOBA,046,SAN BERNARDO DEL VIENTO,VOTOS NULOS,87
13,CORDOBA,049,SAN CARLOS,GUSTAVO PETRO,5034
13,CORDOBA,049,SAN CARLOS,RODOLFO HERNÁNDEZ,4882
13,CORDOBA,049,SAN CARLOS,VOTOS EN BLANCO,113
13,CORDOBA,049,SAN CARLOS,VOTOS NO MARCADOS,25
13,CORDOBA,049,SAN CARLOS,VOTOS NULOS,57
13,CORDOBA,052,SAN JOSE DE URE,GUSTAVO PETRO,3230
13,CORDOBA,052,SAN JOSE DE URE,RODOLFO HERNÁNDEZ,732
13,CORDOBA,052,SAN JOSE DE URE,VOTOS EN BLANCO,71
13,CORDOBA,052,SAN JOSE DE URE,VOTOS NO MARCADOS,5
13,CORDOBA,052,SAN JOSE DE URE,VOTOS NULOS,29
13,CORDOBA,055,SAN PELAYO,GUSTAVO PETRO,12825
13,CORDOBA,055,SAN PELAYO,RODOLFO HERNÁNDEZ,8015
13,CORDOBA,055,SAN PELAYO,VOTOS EN BLANCO,278
13,CORDOBA,055,SAN PELAYO,VOTOS NO MARCADOS,19
13,CORDOBA,055,SAN PELAYO,VOTOS NULOS,123
13,CORDOBA,058,TIERRALTA,GUSTAVO PETRO,18367
13,CORDOBA,058,TIERRALTA,RODOLFO HERNÁNDEZ,11430
13,CORDOBA,058,TIERRALTA,VOTOS EN BLANCO,487
13,CORDOBA,058,TIERRALTA,VOTOS NO MARCADOS,46
13,CORDOBA,058,TIERRALTA,VOTOS NULOS,275
13,CORDOBA,060,TUCHIN,GUSTAVO PETRO,8614
13,CORDOBA,060,TUCHIN,RODOLFO HERNÁNDEZ,6913
13,CORDOBA,060,TUCHIN,VOTOS EN BLANCO,166
13,CORDOBA,060,TUCHIN,VOTOS NO MARCADOS,36
13,CORDOBA,060,TUCHIN,VOTOS NULOS,111
13,CORDOBA,061,VALENCIA,GUSTAVO PETRO,6553
13,CORDOBA,061,VALENCIA,RODOLFO HERNÁNDEZ,6285
13,CORDOBA,061,VALENCIA,VOTOS EN BLANCO,200
13,CORDOBA,061,VALENCIA,VOTOS NO MARCADOS,22
13,CORDOBA,061,VALENCIA,VOTOS NULOS,77
15,CUNDINAMARCA,004,AGUA DE DIOS,GUSTAVO PETRO,2414
15,CUNDINAMARCA,004,AGUA DE DIOS,RODOLFO HERNÁNDEZ,3561
15,CUNDINAMARCA,004,AGUA DE DIOS,VOTOS EN BLANCO,123
15,CUNDINAMARCA,004,AGUA DE DIOS,VOTOS NO MARCADOS,5
15,CUNDINAMARCA,004,AGUA DE DIOS,VOTOS NULOS,81
15,CUNDINAMARCA,007,ALBAN,GUSTAVO PETRO,915
15,CUNDINAMARCA,007,ALBAN,RODOLFO HERNÁNDEZ,2139
15,CUNDINAMARCA,007,ALBAN,VOTOS EN BLANCO,56
15,CUNDINAMARCA,007,ALBAN,VOTOS NO MARCADOS,1
15,CUNDINAMARCA,007,ALBAN,VOTOS NULOS,48
15,CUNDINAMARCA,010,ANAPOIMA,GUSTAVO PETRO,2343
15,CUNDINAMARCA,010,ANAPOIMA,RODOLFO HERNÁNDEZ,5885
15,CUNDINAMARCA,010,ANAPOIMA,VOTOS EN BLANCO,125
15,CUNDINAMARCA,010,ANAPOIMA,VOTOS NO MARCADOS,9
15,CUNDINAMARCA,010,ANAPOIMA,VOTOS NULOS,68
15,CUNDINAMARCA,013,ANOLAIMA,GUSTAVO PETRO,2088
15,CUNDINAMARCA,013,ANOLAIMA,RODOLFO HERNÁNDEZ,5089
15,CUNDINAMARCA,013,ANOLAIMA,VOTOS EN BLANCO,172
15,CUNDINAMARCA,013,ANOLAIMA,VOTOS NO MARCADOS,6
15,CUNDINAMARCA,013,ANOLAIMA,VOTOS NULOS,97
15,CUNDINAMARCA,016,ARBELAEZ,GUSTAVO PETRO,1851
15,CUNDINAMARCA,016,ARBELAEZ,RODOLFO HERNÁNDEZ,4290
15,CUNDINAMARCA,016,ARBELAEZ,VOTOS EN BLANCO,107
15,CUNDINAMARCA,016,ARBELAEZ,VOTOS NO MARCADOS,5
15,CUNDINAMARCA,016,ARBELAEZ,VOTOS NULOS,68
15,CUNDINAMARCA,019,BELTRAN,GUSTAVO PETRO,370
15,CUNDINAMARCA,019,BELTRAN,RODOLFO HERNÁNDEZ,889
15,CUNDINAMARCA,019,BELTRAN,VOTOS EN BLANCO,8
15,CUNDINAMARCA,019,BELTRAN,VOTOS NO MARCADOS,1
15,CUNDINAMARCA,019,BELTRAN,VOTOS NULOS,6
15,CUNDINAMARCA,022,BITUIMA,GUSTAVO PETRO,376
15,CUNDINAMARCA,022,BITUIMA,RODOLFO HERNÁNDEZ,1103
15,CUNDINAMARCA,022,BITUIMA,VOTOS EN BLANCO,23
15,CUNDINAMARCA,022,BITUIMA,VOTOS NO MARCADOS,1
15,CUNDINAMARCA,022,BITUIMA,VOTOS NULOS,15
15,CUNDINAMARCA,025,BOJACA,GUSTAVO PETRO,2236
15,CUNDINAMARCA,025,BOJACA,RODOLFO HERNÁNDEZ,2570
15,CUNDINAMARCA,025,BOJACA,VOTOS EN BLANCO,97
15,CUNDINAMARCA,025,BOJACA,VOTOS NO MARCADOS,4
15,CUNDINAMARCA,025,BOJACA,VOTOS NULOS,155
15,CUNDINAMARCA,029,CABRERA,GUSTAVO PETRO,1428
15,CUNDINAMARCA,029,CABRERA,RODOLFO HERNÁNDEZ,784
15,CUNDINAMARCA,029,CABRERA,VOTOS EN BLANCO,15
15,CUNDINAMARCA,029,CABRERA,VOTOS NO MARCADOS,1
15,CUNDINAMARCA,029,CABRERA,VOTOS NULOS,17
15,CUNDINAMARCA,030,CACHIPAY,GUSTAVO PETRO,1790
15,CUNDINAMARCA,030,CACHIPAY,RODOLFO HERNÁNDEZ,4319
15,CUNDINAMARCA,030,CACHIPAY,VOTOS EN BLANCO,106
15,CUNDINAMARCA,030,CACHIPAY,VOTOS NO MARCADOS,5
15,CUNDINAMARCA,030,CACHIPAY,VOTOS NULOS,51
15,CUNDINAMARCA,031,CAJICA,GUSTAVO PETRO,18050
15,CUNDINAMARCA,031,CAJICA,RODOLFO HERNÁNDEZ,23325
15,CUNDINAMARCA,031,CAJICA,VOTOS EN BLANCO,1297
15,CUNDINAMARCA,031,CAJICA,VOTOS NO MARCADOS,13
15,CUNDINAMARCA,031,CAJICA,VOTOS NULOS,524
15,CUNDINAMARCA,034,CAPARRAPI,GUSTAVO PETRO,762
15,CUNDINAMARCA,034,CAPARRAPI,RODOLFO HERNÁNDEZ,5181
15,CUNDINAMARCA,034,CAPARRAPI,VOTOS EN BLANCO,78
15,CUNDINAMARCA,034,CAPARRAPI,VOTOS NO MARCADOS,9
15,CUNDINAMARCA,034,CAPARRAPI,VOTOS NULOS,28
15,CUNDINAMARCA,037,CAQUEZA,GUSTAVO PETRO,3258
15,CUNDINAMARCA,037,CAQUEZA,RODOLFO HERNÁNDEZ,6439
15,CUNDINAMARCA,037,CAQUEZA,VOTOS EN BLANCO,183
15,CUNDINAMARCA,037,CAQUEZA,VOTOS NO MARCADOS,6
15,CUNDINAMARCA,037,CAQUEZA,VOTOS NULOS,132
15,CUNDINAMARCA,040,CARMEN DE CARUPA,GUSTAVO PETRO,874
15,CUNDINAMARCA,040,CARMEN DE CARUPA,RODOLFO HERNÁNDEZ,3239
15,CUNDINAMARCA,040,CARMEN DE CARUPA,VOTOS EN BLANCO,88
15,CUNDINAMARCA,040,CARMEN DE CARUPA,VOTOS NO MARCADOS,3
15,CUNDINAMARCA,040,CARMEN DE CARUPA,VOTOS NULOS,49
15,CUNDINAMARCA,043,COGUA,GUSTAVO PETRO,5177
15,CUNDINAMARCA,043,COGUA,RODOLFO HERNÁNDEZ,6203
15,CUNDINAMARCA,043,COGUA,VOTOS EN BLANCO,289
15,CUNDINAMARCA,043,COGUA,VOTOS NO MARCADOS,7
15,CUNDINAMARCA,043,COGUA,VOTOS NULOS,176
15,CUNDINAMARCA,046,COTA,GUSTAVO PETRO,7539
15,CUNDINAMARCA,046,COTA,RODOLFO HERNÁNDEZ,11292
15,CUNDINAMARCA,046,COTA,VOTOS EN BLANCO,499
15,CUNDINAMARCA,046,COTA,VOTOS NO MARCADOS,6
15,CUNDINAMARCA,046,COTA,VOTOS NULOS,148
15,CUNDINAMARCA,049,CUCUNUBA,GUSTAVO PETRO,643
15,CUNDINAMARCA,049,CUCUNUBA,RODOLFO HERNÁNDEZ,2972
15,CUNDINAMARCA,049,CUCUNUBA,VOTOS EN BLANCO,74
15,CUNDINAMARCA,049,CUCUNUBA,VOTOS NO MARCADOS,2
15,CUNDINAMARCA,049,CUCUNUBA,VOTOS NULOS,48
15,CUNDINAMARCA,052,CHAGUANI,GUSTAVO PETRO,467
15,CUNDINAMARCA,052,CHAGUANI,RODOLFO HERNÁNDEZ,1799
15,CUNDINAMARCA,052,CHAGUANI,VOTOS EN BLANCO,21
15,CUNDINAMARCA,052,CHAGUANI,VOTOS NO MARCADOS,2
15,CUNDINAMARCA,052,CHAGUANI,VOTOS NULOS,7
15,CUNDINAMARCA,055,CHIA,GUSTAVO PETRO,30725
15,CUNDINAMARCA,055,CHIA,RODOLFO HERNÁNDEZ,44967
15,CUNDINAMARCA,055,CHIA,VOTOS EN BLANCO,2475
15,CUNDINAMARCA,055,CHIA,VOTOS NO MARCADOS,25
15,CUNDINAMARCA,055,CHIA,VOTOS NULOS,816
15,CUNDINAMARCA,058,CHIPAQUE,GUSTAVO PETRO,1793
15,CUNDINAMARCA,058,CHIPAQUE,RODOLFO HERNÁNDEZ,3845
15,CUNDINAMARCA,058,CHIPAQUE,VOTOS EN BLANCO,110
15,CUNDINAMARCA,058,CHIPAQUE,VOTOS NO MARCADOS,2
15,CUNDINAMARCA,058,CHIPAQUE,VOTOS NULOS,72
15,CUNDINAMARCA,061,CHOACHI,GUSTAVO PETRO,2003
15,CUNDINAMARCA,061,CHOACHI,RODOLFO HERNÁNDEZ,5896
15,CUNDINAMARCA,061,CHOACHI,VOTOS EN BLANCO,141
15,CUNDINAMARCA,061,CHOACHI,VOTOS NO MARCADOS,9
15,CUNDINAMARCA,061,CHOACHI,VOTOS NULOS,67
15,CUNDINAMARCA,064,CHOCONTA,GUSTAVO PETRO,2998
15,CUNDINAMARCA,064,CHOCONTA,RODOLFO HERNÁNDEZ,7660
15,CUNDINAMARCA,064,CHOCONTA,VOTOS EN BLANCO,256
15,CUNDINAMARCA,064,CHOCONTA,VOTOS NO MARCADOS,11
15,CUNDINAMARCA,064,CHOCONTA,VOTOS NULOS,163
15,CUNDINAMARCA,067,EL COLEGIO,GUSTAVO PETRO,5120
15,CUNDINAMARCA,067,EL COLEGIO,RODOLFO HERNÁNDEZ,8351
15,CUNDINAMARCA,067,EL COLEGIO,VOTOS EN BLANCO,230
15,CUNDINAMARCA,067,EL COLEGIO,VOTOS NO MARCADOS,15
15,CUNDINAMARCA,067,EL COLEGIO,VOTOS NULOS,163
15,CUNDINAMARCA,070,EL PEÑON,GUSTAVO PETRO,362
15,CUNDINAMARCA,070,EL PEÑON,RODOLFO HERNÁNDEZ,2216
15,CUNDINAMARCA,070,EL PEÑON,VOTOS EN BLANCO,17
15,CUNDINAMARCA,070,EL PEÑON,VOTOS NO MARCADOS,7
15,CUNDINAMARCA,070,EL PEÑON,VOTOS NULOS,13
15,CUNDINAMARCA,072,EL ROSAL,GUSTAVO PETRO,4902
15,CUNDINAMARCA,072,EL ROSAL,RODOLFO HERNÁNDEZ,7823
15,CUNDINAMARCA,072,EL ROSAL,VOTOS EN BLANCO,339
15,CUNDINAMARCA,072,EL ROSAL,VOTOS NO MARCADOS,10
15,CUNDINAMARCA,072,EL ROSAL,VOTOS NULOS,412
15,CUNDINAMARCA,076,FACATATIVA,GUSTAVO PETRO,36281
15,CUNDINAMARCA,076,FACATATIVA,RODOLFO HERNÁNDEZ,27905
15,CUNDINAMARCA,076,FACATATIVA,VOTOS EN BLANCO,1953
15,CUNDINAMARCA,076,FACATATIVA,VOTOS NO MARCADOS,37
15,CUNDINAMARCA,076,FACATATIVA,VOTOS NULOS,1999
15,CUNDINAMARCA,079,FOMEQUE,GUSTAVO PETRO,1231
15,CUNDINAMARCA,079,FOMEQUE,RODOLFO HERNÁNDEZ,5531
15,CUNDINAMARCA,079,FOMEQUE,VOTOS EN BLANCO,108
15,CUNDINAMARCA,079,FOMEQUE,VOTOS NO MARCADOS,9
15,CUNDINAMARCA,079,FOMEQUE,VOTOS NULOS,30
15,CUNDINAMARCA,085,FOSCA,GUSTAVO PETRO,575
15,CUNDINAMARCA,085,FOSCA,RODOLFO HERNÁNDEZ,3037
15,CUNDINAMARCA,085,FOSCA,VOTOS EN BLANCO,29
15,CUNDINAMARCA,085,FOSCA,VOTOS NO MARCADOS,2
15,CUNDINAMARCA,085,FOSCA,VOTOS NULOS,18
15,CUNDINAMARCA,088,FUNZA,GUSTAVO PETRO,27923
15,CUNDINAMARCA,088,FUNZA,RODOLFO HERNÁNDEZ,21581
15,CUNDINAMARCA,088,FUNZA,VOTOS EN BLANCO,1442
15,CUNDINAMARCA,088,FUNZA,VOTOS NO MARCADOS,27
15,CUNDINAMARCA,088,FUNZA,VOTOS NULOS,1081
15,CUNDINAMARCA,091,FUQUENE,GUSTAVO PETRO,957
15,CUNDINAMARCA,091,FUQUENE,RODOLFO HERNÁNDEZ,1756
15,CUNDINAMARCA,091,FUQUENE,VOTOS EN BLANCO,52
15,CUNDINAMARCA,091,FUQUENE,VOTOS NO MARCADOS,6
15,CUNDINAMARCA,091,FUQUENE,VOTOS NULOS,27
15,CUNDINAMARCA,094,FUSAGASUGA,GUSTAVO PETRO,29241
15,CUNDINAMARCA,094,FUSAGASUGA,RODOLFO HERNÁNDEZ,40732
15,CUNDINAMARCA,094,FUSAGASUGA,VOTOS EN BLANCO,1776
15,CUNDINAMARCA,094,FUSAGASUGA,VOTOS NO MARCADOS,45
15,CUNDINAMARCA,094,FUSAGASUGA,VOTOS NULOS,1020
15,CUNDINAMARCA,097,GACHALA,GUSTAVO PETRO,824
15,CUNDINAMARCA,097,GACHALA,RODOLFO HERNÁNDEZ,2078
15,CUNDINAMARCA,097,GACHALA,VOTOS EN BLANCO,49
15,CUNDINAMARCA,097,GACHALA,VOTOS NO MARCADOS,2
15,CUNDINAMARCA,097,GACHALA,VOTOS NULOS,33
15,CUNDINAMARCA,100,GACHANCIPA,GUSTAVO PETRO,4323
15,CUNDINAMARCA,100,GACHANCIPA,RODOLFO HERNÁNDEZ,3803
15,CUNDINAMARCA,100,GACHANCIPA,VOTOS EN BLANCO,261
15,CUNDINAMARCA,100,GACHANCIPA,VOTOS NO MARCADOS,7
15,CUNDINAMARCA,100,GACHANCIPA,VOTOS NULOS,219
15,CUNDINAMARCA,103,GACHETA,GUSTAVO PETRO,1366
15,CUNDINAMARCA,103,GACHETA,RODOLFO HERNÁNDEZ,3814
15,CUNDINAMARCA,103,GACHETA,VOTOS EN BLANCO,130
15,CUNDINAMARCA,103,GACHETA,VOTOS NO MARCADOS,3
15,CUNDINAMARCA,103,GACHETA,VOTOS NULOS,53
15,CUNDINAMARCA,106,GAMA,GUSTAVO PETRO,386
15,CUNDINAMARCA,106,GAMA,RODOLFO HERNÁNDEZ,1468
15,CUNDINAMARCA,106,GAMA,VOTOS EN BLANCO,37
15,CUNDINAMARCA,106,GAMA,VOTOS NO MARCADOS,2
15,CUNDINAMARCA,106,GAMA,VOTOS NULOS,24
15,CUNDINAMARCA,109,GIRARDOT,GUSTAVO PETRO,20969
15,CUNDINAMARCA,109,GIRARDOT,RODOLFO HERNÁNDEZ,32750
15,CUNDINAMARCA,109,GIRARDOT,VOTOS EN BLANCO,1073
15,CUNDINAMARCA,109,GIRARDOT,VOTOS NO MARCADOS,34
15,CUNDINAMARCA,109,GIRARDOT,VOTOS NULOS,829
15,CUNDINAMARCA,112,GUACHETA,GUSTAVO PETRO,1360
15,CUNDINAMARCA,112,GUACHETA,RODOLFO HERNÁNDEZ,4174
15,CUNDINAMARCA,112,GUACHETA,VOTOS EN BLANCO,184
15,CUNDINAMARCA,112,GUACHETA,VOTOS NO MARCADOS,8
15,CUNDINAMARCA,112,GUACHETA,VOTOS NULOS,122
15,CUNDINAMARCA,115,GUADUAS,GUSTAVO PETRO,3999
15,CUNDINAMARCA,115,GUADUAS,RODOLFO HERNÁNDEZ,9486
15,CUNDINAMARCA,115,GUADUAS,VOTOS EN BLANCO,230
15,CUNDINAMARCA,115,GUADUAS,VOTOS NO MARCADOS,9
15,CUNDINAMARCA,115,GUADUAS,VOTOS NULOS,190
15,CUNDINAMARCA,118,GUASCA,GUSTAVO PETRO,2983
15,CUNDINAMARCA,118,GUASCA,RODOLFO HERNÁNDEZ,4716
15,CUNDINAMARCA,118,GUASCA,VOTOS EN BLANCO,240
15,CUNDINAMARCA,118,GUASCA,VOTOS NO MARCADOS,9
15,CUNDINAMARCA,118,GUASCA,VOTOS NULOS,178
15,CUNDINAMARCA,121,GUATAQUI,GUSTAVO PETRO,575
15,CUNDINAMARCA,121,GUATAQUI,RODOLFO HERNÁNDEZ,766
15,CUNDINAMARCA,121,GUATAQUI,VOTOS EN BLANCO,18
15,CUNDINAMARCA,121,GUATAQUI,VOTOS NULOS,15
15,CUNDINAMARCA,124,GUATAVITA,GUSTAVO PETRO,1083
15,CUNDINAMARCA,124,GUATAVITA,RODOLFO HERNÁNDEZ,2796
15,CUNDINAMARCA,124,GUATAVITA,VOTOS EN BLANCO,111
15,CUNDINAMARCA,124,GUATAVITA,VOTOS NO MARCADOS,4
15,CUNDINAMARCA,124,GUATAVITA,VOTOS NULOS,46
15,CUNDINAMARCA,127,GUAYABAL DE SIQUIMA,GUSTAVO PETRO,812
15,CUNDINAMARCA,127,GUAYABAL DE SIQUIMA,RODOLFO HERNÁNDEZ,1877
15,CUNDINAMARCA,127,GUAYABAL DE SIQUIMA,VOTOS EN BLANCO,58
15,CUNDINAMARCA,127,GUAYABAL DE SIQUIMA,VOTOS NO MARCADOS,2
15,CUNDINAMARCA,127,GUAYABAL DE SIQUIMA,VOTOS NULOS,18
15,CUNDINAMARCA,128,GUAYABETAL,GUSTAVO PETRO,711
15,CUNDINAMARCA,128,GUAYABETAL,RODOLFO HERNÁNDEZ,2475
15,CUNDINAMARCA,128,GUAYABETAL,VOTOS EN BLANCO,41
15,CUNDINAMARCA,128,GUAYABETAL,VOTOS NO MARCADOS,4
15,CUNDINAMARCA,128,GUAYABETAL,VOTOS NULOS,35
15,CUNDINAMARCA,130,GUTIERREZ,GUSTAVO PETRO,291
15,CUNDINAMARCA,130,GUTIERREZ,RODOLFO HERNÁNDEZ,1699
15,CUNDINAMARCA,130,GUTIERREZ,VOTOS EN BLANCO,10
15,CUNDINAMARCA,130,GUTIERREZ,VOTOS NULOS,4
15,CUNDINAMARCA,132,GRANADA,GUSTAVO PETRO,2007
15,CUNDINAMARCA,132,GRANADA,RODOLFO HERNÁNDEZ,2057
15,CUNDINAMARCA,132,GRANADA,VOTOS EN BLANCO,76
15,CUNDINAMARCA,132,GRANADA,VOTOS NO MARCADOS,8
15,CUNDINAMARCA,132,GRANADA,VOTOS NULOS,66
15,CUNDINAMARCA,133,JERUSALEN,GUSTAVO PETRO,355
15,CUNDINAMARCA,133,JERUSALEN,RODOLFO HERNÁNDEZ,1005
15,CUNDINAMARCA,133,JERUSALEN,VOTOS EN BLANCO,14
15,CUNDINAMARCA,133,JERUSALEN,VOTOS NO MARCADOS,2
15,CUNDINAMARCA,133,JERUSALEN,VOTOS NULOS,2
15,CUNDINAMARCA,136,JUNIN,GUSTAVO PETRO,809
15,CUNDINAMARCA,136,JUNIN,RODOLFO HERNÁNDEZ,2301
15,CUNDINAMARCA,136,JUNIN,VOTOS EN BLANCO,60
15,CUNDINAMARCA,136,JUNIN,VOTOS NO MARCADOS,2
15,CUNDINAMARCA,136,JUNIN,VOTOS NULOS,40
15,CUNDINAMARCA,139,LA CALERA,GUSTAVO PETRO,7844
15,CUNDINAMARCA,139,LA CALERA,RODOLFO HERNÁNDEZ,8283
15,CUNDINAMARCA,139,LA CALERA,VOTOS EN BLANCO,464
15,CUNDINAMARCA,139,LA CALERA,VOTOS NO MARCADOS,4
15,CUNDINAMARCA,139,LA CALERA,VOTOS NULOS,175
15,CUNDINAMARCA,142,LA MESA,GUSTAVO PETRO,5742
15,CUNDINAMARCA,142,LA MESA,RODOLFO HERNÁNDEZ,10338
15,CUNDINAMARCA,142,LA MESA,VOTOS EN BLANCO,324
15,CUNDINAMARCA,142,LA MESA,VOTOS NO MARCADOS,14
15,CUNDINAMARCA,142,LA MESA,VOTOS NULOS,189
15,CUNDINAMARCA,145,LA PALMA,GUSTAVO PETRO,1246
15,CUNDINAMARCA,145,LA PALMA,RODOLFO HERNÁNDEZ,3016
15,CUNDINAMARCA,145,LA PALMA,VOTOS EN BLANCO,65
15,CUNDINAMARCA,145,LA PALMA,VOTOS NO MARCADOS,12
15,CUNDINAMARCA,145,LA PALMA,VOTOS NULOS,34
15,CUNDINAMARCA,148,LA PEÑA,GUSTAVO PETRO,505
15,CUNDINAMARCA,148,LA PEÑA,RODOLFO HERNÁNDEZ,3084
15,CUNDINAMARCA,148,LA PEÑA,VOTOS EN BLANCO,45
15,CUNDINAMARCA,148,LA PEÑA,VOTOS NO MARCADOS,6
15,CUNDINAMARCA,148,LA PEÑA,VOTOS NULOS,18
15,CUNDINAMARCA,151,LA VEGA,GUSTAVO PETRO,2416
15,CUNDINAMARCA,151,LA VEGA,RODOLFO HERNÁNDEZ,6703
15,CUNDINAMARCA,151,LA VEGA,VOTOS EN BLANCO,138
15,CUNDINAMARCA,151,LA VEGA,VOTOS NO MARCADOS,5
15,CUNDINAMARCA,151,LA VEGA,VOTOS NULOS,93
15,CUNDINAMARCA,154,LENGUAZAQUE,GUSTAVO PETRO,660
15,CUNDINAMARCA,154,LENGUAZAQUE,RODOLFO HERNÁNDEZ,4363
15,CUNDINAMARCA,154,LENGUAZAQUE,VOTOS EN BLANCO,114
15,CUNDINAMARCA,154,LENGUAZAQUE,VOTOS NO MARCADOS,5
15,CUNDINAMARCA,154,LENGUAZAQUE,VOTOS NULOS,58
15,CUNDINAMARCA,157,MACHETA,GUSTAVO PETRO,746
15,CUNDINAMARCA,157,MACHETA,RODOLFO HERNÁNDEZ,3508
15,CUNDINAMARCA,157,MACHETA,VOTOS EN BLANCO,84
15,CUNDINAMARCA,157,MACHETA,VOTOS NO MARCADOS,4
15,CUNDINAMARCA,157,MACHETA,VOTOS NULOS,54
15,CUNDINAMARCA,160,MADRID,GUSTAVO PETRO,29506
15,CUNDINAMARCA,160,MADRID,RODOLFO HERNÁNDEZ,22765
15,CUNDINAMARCA,160,MADRID,VOTOS EN BLANCO,1592
15,CUNDINAMARCA,160,MADRID,VOTOS NO MARCADOS,28
15,CUNDINAMARCA,160,MADRID,VOTOS NULOS,1405
15,CUNDINAMARCA,163,MANTA,GUSTAVO PETRO,588
15,CUNDINAMARCA,163,MANTA,RODOLFO HERNÁNDEZ,2232
15,CUNDINAMARCA,163,MANTA,VOTOS EN BLANCO,38
15,CUNDINAMARCA,163,MANTA,VOTOS NO MARCADOS,6
15,CUNDINAMARCA,163,MANTA,VOTOS NULOS,10
15,CUNDINAMARCA,166,MEDINA,GUSTAVO PETRO,673
15,CUNDINAMARCA,166,MEDINA,RODOLFO HERNÁNDEZ,3596
15,CUNDINAMARCA,166,MEDINA,VOTOS EN BLANCO,39
15,CUNDINAMARCA,166,MEDINA,VOTOS NO MARCADOS,5
15,CUNDINAMARCA,166,MEDINA,VOTOS NULOS,33
15,CUNDINAMARCA,169,MOSQUERA,GUSTAVO PETRO,33830
15,CUNDINAMARCA,169,MOSQUERA,RODOLFO HERNÁNDEZ,25501
15,CUNDINAMARCA,169,MOSQUERA,VOTOS EN BLANCO,1785
15,CUNDINAMARCA,169,MOSQUERA,VOTOS NO MARCADOS,28
15,CUNDINAMARCA,169,MOSQUERA,VOTOS NULOS,1010
15,CUNDINAMARCA,172,NARIÑO,GUSTAVO PETRO,690
15,CUNDINAMARCA,172,NARIÑO,RODOLFO HERNÁNDEZ,864
15,CUNDINAMARCA,172,NARIÑO,VOTOS EN BLANCO,17
15,CUNDINAMARCA,172,NARIÑO,VOTOS NO MARCADOS,1
15,CUNDINAMARCA,172,NARIÑO,VOTOS NULOS,6
15,CUNDINAMARCA,175,NEMOCON,GUSTAVO PETRO,3083
15,CUNDINAMARCA,175,NEMOCON,RODOLFO HERNÁNDEZ,4450
15,CUNDINAMARCA,175,NEMOCON,VOTOS EN BLANCO,167
15,CUNDINAMARCA,175,NEMOCON,VOTOS NO MARCADOS,9
15,CUNDINAMARCA,175,NEMOCON,VOTOS NULOS,185
15,CUNDINAMARCA,178,NILO,GUSTAVO PETRO,1094
15,CUNDINAMARCA,178,NILO,RODOLFO HERNÁNDEZ,2385
15,CUNDINAMARCA,178,NILO,VOTOS EN BLANCO,59
15,CUNDINAMARCA,178,NILO,VOTOS NO MARCADOS,4
15,CUNDINAMARCA,178,NILO,VOTOS NULOS,35
15,CUNDINAMARCA,181,NIMAIMA,GUSTAVO PETRO,403
15,CUNDINAMARCA,181,NIMAIMA,RODOLFO HERNÁNDEZ,1739
15,CUNDINAMARCA,181,NIMAIMA,VOTOS EN BLANCO,17
15,CUNDINAMARCA,181,NIMAIMA,VOTOS NO MARCADOS,3
15,CUNDINAMARCA,181,NIMAIMA,VOTOS NULOS,8
15,CUNDINAMARCA,184,NOCAIMA,GUSTAVO PETRO,1175
15,CUNDINAMARCA,184,NOCAIMA,RODOLFO HERNÁNDEZ,2216
15,CUNDINAMARCA,184,NOCAIMA,VOTOS EN BLANCO,52
15,CUNDINAMARCA,184,NOCAIMA,VOTOS NO MARCADOS,7
15,CUNDINAMARCA,184,NOCAIMA,VOTOS NULOS,25
15,CUNDINAMARCA,190,PACHO,GUSTAVO PETRO,3105
15,CUNDINAMARCA,190,PACHO,RODOLFO HERNÁNDEZ,10534
15,CUNDINAMARCA,190,PACHO,VOTOS EN BLANCO,249
15,CUNDINAMARCA,190,PACHO,VOTOS NO MARCADOS,6
15,CUNDINAMARCA,190,PACHO,VOTOS NULOS,101
15,CUNDINAMARCA,193,PAIME,GUSTAVO PETRO,500
15,CUNDINAMARCA,193,PAIME,RODOLFO HERNÁNDEZ,1944
15,CUNDINAMARCA,193,PAIME,VOTOS EN BLANCO,27
15,CUNDINAMARCA,193,PAIME,VOTOS NO MARCADOS,3
15,CUNDINAMARCA,193,PAIME,VOTOS NULOS,10
15,CUNDINAMARCA,196,PANDI,GUSTAVO PETRO,941
15,CUNDINAMARCA,196,PANDI,RODOLFO HERNÁNDEZ,1632
15,CUNDINAMARCA,196,PANDI,VOTOS EN BLANCO,22
15,CUNDINAMARCA,196,PANDI,VOTOS NULOS,20
15,CUNDINAMARCA,198,PARATEBUENO (LA NAGUAYA),GUSTAVO PETRO,785
15,CUNDINAMARCA,198,PARATEBUENO (LA NAGUAYA),RODOLFO HERNÁNDEZ,3915
15,CUNDINAMARCA,198,PARATEBUENO (LA NAGUAYA),VOTOS EN BLANCO,28
15,CUNDINAMARCA,198,PARATEBUENO (LA NAGUAYA),VOTOS NO MARCADOS,1
15,CUNDINAMARCA,198,PARATEBUENO (LA NAGUAYA),VOTOS NULOS,29
15,CUNDINAMARCA,199,PASCA,GUSTAVO PETRO,2804
15,CUNDINAMARCA,199,PASCA,RODOLFO HERNÁNDEZ,2267
15,CUNDINAMARCA,199,PASCA,VOTOS EN BLANCO,81
15,CUNDINAMARCA,199,PASCA,VOTOS NO MARCADOS,5
15,CUNDINAMARCA,199,PASCA,VOTOS NULOS,66
15,CUNDINAMARCA,202,PUERTO SALGAR,GUSTAVO PETRO,2367
15,CUNDINAMARCA,202,PUERTO SALGAR,RODOLFO HERNÁNDEZ,4599
15,CUNDINAMARCA,202,PUERTO SALGAR,VOTOS EN BLANCO,118
15,CUNDINAMARCA,202,PUERTO SALGAR,VOTOS NO MARCADOS,7
15,CUNDINAMARCA,202,PUERTO SALGAR,VOTOS NULOS,134
15,CUNDINAMARCA,205,PULI,GUSTAVO PETRO,339
15,CUNDINAMARCA,205,PULI,RODOLFO HERNÁNDEZ,1091
15,CUNDINAMARCA,205,PULI,VOTOS EN BLANCO,18
15,CUNDINAMARCA,205,PULI,VOTOS NO MARCADOS,3
15,CUNDINAMARCA,205,PULI,VOTOS NULOS,8
15,CUNDINAMARCA,208,QUEBRADANEGRA,GUSTAVO PETRO,403
15,CUNDINAMARCA,208,QUEBRADANEGRA,RODOLFO HERNÁNDEZ,2478
15,CUNDINAMARCA,208,QUEBRADANEGRA,VOTOS EN BLANCO,39
15,CUNDINAMARCA,208,QUEBRADANEGRA,VOTOS NULOS,21
15,CUNDINAMARCA,211,QUETAME,GUSTAVO PETRO,1382
15,CUNDINAMARCA,211,QUETAME,RODOLFO HERNÁNDEZ,2522
15,CUNDINAMARCA,211,QUETAME,VOTOS EN BLANCO,65
15,CUNDINAMARCA,211,QUETAME,VOTOS NO MARCADOS,2
15,CUNDINAMARCA,211,QUETAME,VOTOS NULOS,41
15,CUNDINAMARCA,214,QUIPILE,GUSTAVO PETRO,610
15,CUNDINAMARCA,214,QUIPILE,RODOLFO HERNÁNDEZ,2960
15,CUNDINAMARCA,214,QUIPILE,VOTOS EN BLANCO,30
15,CUNDINAMARCA,214,QUIPILE,VOTOS NO MARCADOS,7
15,CUNDINAMARCA,214,QUIPILE,VOTOS NULOS,12
15,CUNDINAMARCA,217,APULO,GUSTAVO PETRO,1271
15,CUNDINAMARCA,217,APULO,RODOLFO HERNÁNDEZ,3226
15,CUNDINAMARCA,217,APULO,VOTOS EN BLANCO,59
15,CUNDINAMARCA,217,APULO,VOTOS NO MARCADOS,6
15,CUNDINAMARCA,217,APULO,VOTOS NULOS,32
15,CUNDINAMARCA,218,RICAURTE,GUSTAVO PETRO,2190
15,CUNDINAMARCA,218,RICAURTE,RODOLFO HERNÁNDEZ,4491
15,CUNDINAMARCA,218,RICAURTE,VOTOS EN BLANCO,117
15,CUNDINAMARCA,218,RICAURTE,VOTOS NO MARCADOS,5
15,CUNDINAMARCA,218,RICAURTE,VOTOS NULOS,71
15,CUNDINAMARCA,220,SAN ANTONIO DEL TEQUENDAMA,GUSTAVO PETRO,2052
15,CUNDINAMARCA,220,SAN ANTONIO DEL TEQUENDAMA,RODOLFO HERNÁNDEZ,3959
15,CUNDINAMARCA,220,SAN ANTONIO DEL TEQUENDAMA,VOTOS EN BLANCO,107
15,CUNDINAMARCA,220,SAN ANTONIO DEL TEQUENDAMA,VOTOS NO MARCADOS,10
15,CUNDINAMARCA,220,SAN ANTONIO DEL TEQUENDAMA,VOTOS NULOS,47
15,CUNDINAMARCA,223,SAN BERNARDO,GUSTAVO PETRO,1641
15,CUNDINAMARCA,223,SAN BERNARDO,RODOLFO HERNÁNDEZ,3105
15,CUNDINAMARCA,223,SAN BERNARDO,VOTOS EN BLANCO,48
15,CUNDINAMARCA,223,SAN BERNARDO,VOTOS NO MARCADOS,4
15,CUNDINAMARCA,223,SAN BERNARDO,VOTOS NULOS,38
15,CUNDINAMARCA,226,SAN CAYETANO,GUSTAVO PETRO,375
15,CUNDINAMARCA,226,SAN CAYETANO,RODOLFO HERNÁNDEZ,2068
15,CUNDINAMARCA,226,SAN CAYETANO,VOTOS EN BLANCO,26
15,CUNDINAMARCA,226,SAN CAYETANO,VOTOS NO MARCADOS,4
15,CUNDINAMARCA,226,SAN CAYETANO,VOTOS NULOS,7
15,CUNDINAMARCA,229,SAN FRANCISCO,GUSTAVO PETRO,1513
15,CUNDINAMARCA,229,SAN FRANCISCO,RODOLFO HERNÁNDEZ,4199
15,CUNDINAMARCA,229,SAN FRANCISCO,VOTOS EN BLANCO,100
15,CUNDINAMARCA,229,SAN FRANCISCO,VOTOS NO MARCADOS,1
15,CUNDINAMARCA,229,SAN FRANCISCO,VOTOS NULOS,53
15,CUNDINAMARCA,232,SAN JUAN DE RIOSECO,GUSTAVO PETRO,1545
15,CUNDINAMARCA,232,SAN JUAN DE RIOSECO,RODOLFO HERNÁNDEZ,3759
15,CUNDINAMARCA,232,SAN JUAN DE RIOSECO,VOTOS EN BLANCO,86
15,CUNDINAMARCA,232,SAN JUAN DE RIOSECO,VOTOS NO MARCADOS,8
15,CUNDINAMARCA,232,SAN JUAN DE RIOSECO,VOTOS NULOS,53
15,CUNDINAMARCA,235,SASAIMA,GUSTAVO PETRO,1414
15,CUNDINAMARCA,235,SASAIMA,RODOLFO HERNÁNDEZ,4161
15,CUNDINAMARCA,235,SASAIMA,VOTOS EN BLANCO,86
15,CUNDINAMARCA,235,SASAIMA,VOTOS NO MARCADOS,2
15,CUNDINAMARCA,235,SASAIMA,VOTOS NULOS,64
15,CUNDINAMARCA,238,SESQUILE,GUSTAVO PETRO,2746
15,CUNDINAMARCA,238,SESQUILE,RODOLFO HERNÁNDEZ,3540
15,CUNDINAMARCA,238,SESQUILE,VOTOS EN BLANCO,161
15,CUNDINAMARCA,238,SESQUILE,VOTOS NO MARCADOS,8
15,CUNDINAMARCA,238,SESQUILE,VOTOS NULOS,157
15,CUNDINAMARCA,239,SIBATE,GUSTAVO PETRO,9599
15,CUNDINAMARCA,239,SIBATE,RODOLFO HERNÁNDEZ,7574
15,CUNDINAMARCA,239,SIBATE,VOTOS EN BLANCO,400
15,CUNDINAMARCA,239,SIBATE,VOTOS NO MARCADOS,14
15,CUNDINAMARCA,239,SIBATE,VOTOS NULOS,399
15,CUNDINAMARCA,241,SILVANIA,GUSTAVO PETRO,3940
15,CUNDINAMARCA,241,SILVANIA,RODOLFO HERNÁNDEZ,7725
15,CUNDINAMARCA,241,SILVANIA,VOTOS EN BLANCO,229
15,CUNDINAMARCA,241,SILVANIA,VOTOS NO MARCADOS,8
15,CUNDINAMARCA,241,SILVANIA,VOTOS NULOS,127
15,CUNDINAMARCA,244,SIMIJACA,GUSTAVO PETRO,1923
15,CUNDINAMARCA,244,SIMIJACA,RODOLFO HERNÁNDEZ,4459
15,CUNDINAMARCA,244,SIMIJACA,VOTOS EN BLANCO,145
15,CUNDINAMARCA,244,SIMIJACA,VOTOS NO MARCADOS,6
15,CUNDINAMARCA,244,SIMIJACA,VOTOS NULOS,73
15,CUNDINAMARCA,247,SOACHA,GUSTAVO PETRO,139694
15,CUNDINAMARCA,247,SOACHA,RODOLFO HERNÁNDEZ,60768
15,CUNDINAMARCA,247,SOACHA,VOTOS EN BLANCO,5107
15,CUNDINAMARCA,247,SOACHA,VOTOS NO MARCADOS,101
15,CUNDINAMARCA,247,SOACHA,VOTOS NULOS,3891
15,CUNDINAMARCA,250,SOPO,GUSTAVO PETRO,8038
15,CUNDINAMARCA,250,SOPO,RODOLFO HERNÁNDEZ,6444
15,CUNDINAMARCA,250,SOPO,VOTOS EN BLANCO,419
15,CUNDINAMARCA,250,SOPO,VOTOS NO MARCADOS,6
15,CUNDINAMARCA,250,SOPO,VOTOS NULOS,233
15,CUNDINAMARCA,256,SUBACHOQUE,GUSTAVO PETRO,2436
15,CUNDINAMARCA,256,SUBACHOQUE,RODOLFO HERNÁNDEZ,6289
15,CUNDINAMARCA,256,SUBACHOQUE,VOTOS EN BLANCO,252
15,CUNDINAMARCA,256,SUBACHOQUE,VOTOS NO MARCADOS,10
15,CUNDINAMARCA,256,SUBACHOQUE,VOTOS NULOS,153
15,CUNDINAMARCA,259,SUESCA,GUSTAVO PETRO,3726
15,CUNDINAMARCA,259,SUESCA,RODOLFO HERNÁNDEZ,4003
15,CUNDINAMARCA,259,SUESCA,VOTOS EN BLANCO,223
15,CUNDINAMARCA,259,SUESCA,VOTOS NO MARCADOS,8
15,CUNDINAMARCA,259,SUESCA,VOTOS NULOS,224
15,CUNDINAMARCA,262,SUPATA,GUSTAVO PETRO,563
15,CUNDINAMARCA,262,SUPATA,RODOLFO HERNÁNDEZ,2318
15,CUNDINAMARCA,262,SUPATA,VOTOS EN BLANCO,49
15,CUNDINAMARCA,262,SUPATA,VOTOS NULOS,23
15,CUNDINAMARCA,265,SUSA,GUSTAVO PETRO,906
15,CUNDINAMARCA,265,SUSA,RODOLFO HERNÁNDEZ,2589
15,CUNDINAMARCA,265,SUSA,VOTOS EN BLANCO,59
15,CUNDINAMARCA,265,SUSA,VOTOS NO MARCADOS,5
15,CUNDINAMARCA,265,SUSA,VOTOS NULOS,34
15,CUNDINAMARCA,268,SUTATAUSA,GUSTAVO PETRO,826
15,CUNDINAMARCA,268,SUTATAUSA,RODOLFO HERNÁNDEZ,1954
15,CUNDINAMARCA,268,SUTATAUSA,VOTOS EN BLANCO,67
15,CUNDINAMARCA,268,SUTATAUSA,VOTOS NO MARCADOS,5
15,CUNDINAMARCA,268,SUTATAUSA,VOTOS NULOS,48
15,CUNDINAMARCA,271,TABIO,GUSTAVO PETRO,4780
15,CUNDINAMARCA,271,TABIO,RODOLFO HERNÁNDEZ,7371
15,CUNDINAMARCA,271,TABIO,VOTOS EN BLANCO,363
15,CUNDINAMARCA,271,TABIO,VOTOS NO MARCADOS,5
15,CUNDINAMARCA,271,TABIO,VOTOS NULOS,208
15,CUNDINAMARCA,274,TAUSA,GUSTAVO PETRO,824
15,CUNDINAMARCA,274,TAUSA,RODOLFO HERNÁNDEZ,3300
15,CUNDINAMARCA,274,TAUSA,VOTOS EN BLANCO,113
15,CUNDINAMARCA,274,TAUSA,VOTOS NO MARCADOS,2
15,CUNDINAMARCA,274,TAUSA,VOTOS NULOS,74
15,CUNDINAMARCA,277,TENA,GUSTAVO PETRO,1577
15,CUNDINAMARCA,277,TENA,RODOLFO HERNÁNDEZ,3283
15,CUNDINAMARCA,277,TENA,VOTOS EN BLANCO,60
15,CUNDINAMARCA,277,TENA,VOTOS NULOS,29
15,CUNDINAMARCA,280,TENJO,GUSTAVO PETRO,4640
15,CUNDINAMARCA,280,TENJO,RODOLFO HERNÁNDEZ,7299
15,CUNDINAMARCA,280,TENJO,VOTOS EN BLANCO,379
15,CUNDINAMARCA,280,TENJO,VOTOS NO MARCADOS,12
15,CUNDINAMARCA,280,TENJO,VOTOS NULOS,268
15,CUNDINAMARCA,283,TIBACUY,GUSTAVO PETRO,1044
15,CUNDINAMARCA,283,TIBACUY,RODOLFO HERNÁNDEZ,1462
15,CUNDINAMARCA,283,TIBACUY,VOTOS EN BLANCO,42
15,CUNDINAMARCA,283,TIBACUY,VOTOS NO MARCADOS,4
15,CUNDINAMARCA,283,TIBACUY,VOTOS NULOS,18
15,CUNDINAMARCA,286,TIBIRITA,GUSTAVO PETRO,568
15,CUNDINAMARCA,286,TIBIRITA,RODOLFO HERNÁNDEZ,1261
15,CUNDINAMARCA,286,TIBIRITA,VOTOS EN BLANCO,27
15,CUNDINAMARCA,286,TIBIRITA,VOTOS NO MARCADOS,5
15,CUNDINAMARCA,286,TIBIRITA,VOTOS NULOS,17
15,CUNDINAMARCA,289,TOCAIMA,GUSTAVO PETRO,2236
15,CUNDINAMARCA,289,TOCAIMA,RODOLFO HERNÁNDEZ,5086
15,CUNDINAMARCA,289,TOCAIMA,VOTOS EN BLANCO,121
15,CUNDINAMARCA,289,TOCAIMA,VOTOS NO MARCADOS,9
15,CUNDINAMARCA,289,TOCAIMA,VOTOS NULOS,72
15,CUNDINAMARCA,292,TOCANCIPA,GUSTAVO PETRO,13619
15,CUNDINAMARCA,292,TOCANCIPA,RODOLFO HERNÁNDEZ,9626
15,CUNDINAMARCA,292,TOCANCIPA,VOTOS EN BLANCO,635
15,CUNDINAMARCA,292,TOCANCIPA,VOTOS NO MARCADOS,13
15,CUNDINAMARCA,292,TOCANCIPA,VOTOS NULOS,510
15,CUNDINAMARCA,295,TOPAIPI,GUSTAVO PETRO,407
15,CUNDINAMARCA,295,TOPAIPI,RODOLFO HERNÁNDEZ,1815
15,CUNDINAMARCA,295,TOPAIPI,VOTOS EN BLANCO,21
15,CUNDINAMARCA,295,TOPAIPI,VOTOS NO MARCADOS,2
15,CUNDINAMARCA,295,TOPAIPI,VOTOS NULOS,13
15,CUNDINAMARCA,298,UBALA,GUSTAVO PETRO,883
15,CUNDINAMARCA,298,UBALA,RODOLFO HERNÁNDEZ,3431
15,CUNDINAMARCA,298,UBALA,VOTOS EN BLANCO,62
15,CUNDINAMARCA,298,UBALA,VOTOS NO MARCADOS,7
15,CUNDINAMARCA,298,UBALA,VOTOS NULOS,39
15,CUNDINAMARCA,301,UBAQUE,GUSTAVO PETRO,1126
15,CUNDINAMARCA,301,UBAQUE,RODOLFO HERNÁNDEZ,3052
15,CUNDINAMARCA,301,UBAQUE,VOTOS EN BLANCO,72
15,CUNDINAMARCA,301,UBAQUE,VOTOS NO MARCADOS,1
15,CUNDINAMARCA,301,UBAQUE,VOTOS NULOS,27
15,CUNDINAMARCA,304,UBATE,GUSTAVO PETRO,8009
15,CUNDINAMARCA,304,UBATE,RODOLFO HERNÁNDEZ,14290
15,CUNDINAMARCA,304,UBATE,VOTOS EN BLANCO,646
15,CUNDINAMARCA,304,UBATE,VOTOS NO MARCADOS,11
15,CUNDINAMARCA,304,UBATE,VOTOS NULOS,415
15,CUNDINAMARCA,307,UNE,GUSTAVO PETRO,1377
15,CUNDINAMARCA,307,UNE,RODOLFO HERNÁNDEZ,3227
15,CUNDINAMARCA,307,UNE,VOTOS EN BLANCO,77
15,CUNDINAMARCA,307,UNE,VOTOS NO MARCADOS,6
15,CUNDINAMARCA,307,UNE,VOTOS NULOS,51
15,CUNDINAMARCA,316,UTICA,GUSTAVO PETRO,465
15,CUNDINAMARCA,316,UTICA,RODOLFO HERNÁNDEZ,2614
15,CUNDINAMARCA,316,UTICA,VOTOS EN BLANCO,38
15,CUNDINAMARCA,316,UTICA,VOTOS NO MARCADOS,4
15,CUNDINAMARCA,316,UTICA,VOTOS NULOS,18
15,CUNDINAMARCA,318,VENECIA,GUSTAVO PETRO,928
15,CUNDINAMARCA,318,VENECIA,RODOLFO HERNÁNDEZ,1276
15,CUNDINAMARCA,318,VENECIA,VOTOS EN BLANCO,29
15,CUNDINAMARCA,318,VENECIA,VOTOS NO MARCADOS,6
15,CUNDINAMARCA,318,VENECIA,VOTOS NULOS,19
15,CUNDINAMARCA,319,VERGARA,GUSTAVO PETRO,843
15,CUNDINAMARCA,319,VERGARA,RODOLFO HERNÁNDEZ,3155
15,CUNDINAMARCA,319,VERGARA,VOTOS EN BLANCO,53
15,CUNDINAMARCA,319,VERGARA,VOTOS NO MARCADOS,4
15,CUNDINAMARCA,319,VERGARA,VOTOS NULOS,21
15,CUNDINAMARCA,322,VIANI,GUSTAVO PETRO,633
15,CUNDINAMARCA,322,VIANI,RODOLFO HERNÁNDEZ,1845
15,CUNDINAMARCA,322,VIANI,VOTOS EN BLANCO,32
15,CUNDINAMARCA,322,VIANI,VOTOS NO MARCADOS,2
15,CUNDINAMARCA,322,VIANI,VOTOS NULOS,15
15,CUNDINAMARCA,323,VILLAGOMEZ,GUSTAVO PETRO,288
15,CUNDINAMARCA,323,VILLAGOMEZ,RODOLFO HERNÁNDEZ,994
15,CUNDINAMARCA,323,VILLAGOMEZ,VOTOS EN BLANCO,9
15,CUNDINAMARCA,323,VILLAGOMEZ,VOTOS NO MARCADOS,2
15,CUNDINAMARCA,323,VILLAGOMEZ,VOTOS NULOS,7
15,CUNDINAMARCA,325,VILLAPINZON,GUSTAVO PETRO,1962
15,CUNDINAMARCA,325,VILLAPINZON,RODOLFO HERNÁNDEZ,7887
15,CUNDINAMARCA,325,VILLAPINZON,VOTOS EN BLANCO,244
15,CUNDINAMARCA,325,VILLAPINZON,VOTOS NO MARCADOS,6
15,CUNDINAMARCA,325,VILLAPINZON,VOTOS NULOS,90
15,CUNDINAMARCA,328,VILLETA,GUSTAVO PETRO,3661
15,CUNDINAMARCA,328,VILLETA,RODOLFO HERNÁNDEZ,11740
15,CUNDINAMARCA,328,VILLETA,VOTOS EN BLANCO,226
15,CUNDINAMARCA,328,VILLETA,VOTOS NO MARCADOS,16
15,CUNDINAMARCA,328,VILLETA,VOTOS NULOS,140
15,CUNDINAMARCA,331,VIOTA,GUSTAVO PETRO,2311
15,CUNDINAMARCA,331,VIOTA,RODOLFO HERNÁNDEZ,4241
15,CUNDINAMARCA,331,VIOTA,VOTOS EN BLANCO,79
15,CUNDINAMARCA,331,VIOTA,VOTOS NO MARCADOS,9
15,CUNDINAMARCA,331,VIOTA,VOTOS NULOS,40
15,CUNDINAMARCA,334,YACOPI,GUSTAVO PETRO,767
15,CUNDINAMARCA,334,YACOPI,RODOLFO HERNÁNDEZ,4903
15,CUNDINAMARCA,334,YACOPI,VOTOS EN BLANCO,31
15,CUNDINAMARCA,334,YACOPI,VOTOS NO MARCADOS,6
15,CUNDINAMARCA,334,YACOPI,VOTOS NULOS,27
15,CUNDINAMARCA,337,ZIPACON,GUSTAVO PETRO,949
15,CUNDINAMARCA,337,ZIPACON,RODOLFO HERNÁNDEZ,1923
15,CUNDINAMARCA,337,ZIPACON,VOTOS EN BLANCO,51
15,CUNDINAMARCA,337,ZIPACON,VOTOS NO MARCADOS,4
15,CUNDINAMARCA,337,ZIPACON,VOTOS NULOS,48
15,CUNDINAMARCA,340,ZIPAQUIRA,GUSTAVO PETRO,42217
15,CUNDINAMARCA,340,ZIPAQUIRA,RODOLFO HERNÁNDEZ,26866
15,CUNDINAMARCA,340,ZIPAQUIRA,VOTOS EN BLANCO,1916
15,CUNDINAMARCA,340,ZIPAQUIRA,VOTOS NO MARCADOS,31
15,CUNDINAMARCA,340,ZIPAQUIRA,VOTOS NULOS,1256
16,BOGOTA D.C.,001,BOGOTA. D.C.,GUSTAVO PETRO,2255941
16,BOGOTA D.C.,001,BOGOTA. D.C.,RODOLFO HERNÁNDEZ,1482612
16,BOGOTA D.C.,001,BOGOTA. D.C.,VOTOS EN BLANCO,112411
16,BOGOTA D.C.,001,BOGOTA. D.C.,VOTOS NO MARCADOS,1350
16,BOGOTA D.C.,001,BOGOTA. D.C.,VOTOS NULOS,39342
17,CHOCO,001,QUIBDO,GUSTAVO PETRO,36995
17,CHOCO,001,QUIBDO,RODOLFO HERNÁNDEZ,6453
17,CHOCO,001,QUIBDO,VOTOS EN BLANCO,804
17,CHOCO,001,QUIBDO,VOTOS NO MARCADOS,72
17,CHOCO,001,QUIBDO,VOTOS NULOS,919
17,CHOCO,002,ATRATO (YUTO),GUSTAVO PETRO,3595
17,CHOCO,002,ATRATO (YUTO),RODOLFO HERNÁNDEZ,463
17,CHOCO,002,ATRATO (YUTO),VOTOS EN BLANCO,45
17,CHOCO,002,ATRATO (YUTO),VOTOS NO MARCADOS,9
17,CHOCO,002,ATRATO (YUTO),VOTOS NULOS,69
17,CHOCO,004,ACANDI,GUSTAVO PETRO,2577
17,CHOCO,004,ACANDI,RODOLFO HERNÁNDEZ,1645
17,CHOCO,004,ACANDI,VOTOS EN BLANCO,88
17,CHOCO,004,ACANDI,VOTOS NO MARCADOS,14
17,CHOCO,004,ACANDI,VOTOS NULOS,38
17,CHOCO,006,ALTO BAUDO (PIE DE PATO),GUSTAVO PETRO,5451
17,CHOCO,006,ALTO BAUDO (PIE DE PATO),RODOLFO HERNÁNDEZ,164
17,CHOCO,006,ALTO BAUDO (PIE DE PATO),VOTOS EN BLANCO,16
17,CHOCO,006,ALTO BAUDO (PIE DE PATO),VOTOS NO MARCADOS,1
17,CHOCO,006,ALTO BAUDO (PIE DE PATO),VOTOS NULOS,9
17,CHOCO,007,BAGADO,GUSTAVO PETRO,2286
17,CHOCO,007,BAGADO,RODOLFO HERNÁNDEZ,473
17,CHOCO,007,BAGADO,VOTOS EN BLANCO,19
17,CHOCO,007,BAGADO,VOTOS NO MARCADOS,9
17,CHOCO,007,BAGADO,VOTOS NULOS,32
17,CHOCO,008,BAHIA SOLANO (MUTIS),GUSTAVO PETRO,2779
17,CHOCO,008,BAHIA SOLANO (MUTIS),RODOLFO HERNÁNDEZ,655
17,CHOCO,008,BAHIA SOLANO (MUTIS),VOTOS EN BLANCO,73
17,CHOCO,008,BAHIA SOLANO (MUTIS),VOTOS NO MARCADOS,5
17,CHOCO,008,BAHIA SOLANO (MUTIS),VOTOS NULOS,58
17,CHOCO,010,BAJO BAUDO (PIZARRO),GUSTAVO PETRO,4103
17,CHOCO,010,BAJO BAUDO (PIZARRO),RODOLFO HERNÁNDEZ,415
17,CHOCO,010,BAJO BAUDO (PIZARRO),VOTOS EN BLANCO,49
17,CHOCO,010,BAJO BAUDO (PIZARRO),VOTOS NO MARCADOS,7
17,CHOCO,010,BAJO BAUDO (PIZARRO),VOTOS NULOS,49
17,CHOCO,011,BOJAYA (BELLAVISTA),GUSTAVO PETRO,3231
17,CHOCO,011,BOJAYA (BELLAVISTA),RODOLFO HERNÁNDEZ,271
17,CHOCO,011,BOJAYA (BELLAVISTA),VOTOS EN BLANCO,27
17,CHOCO,011,BOJAYA (BELLAVISTA),VOTOS NO MARCADOS,1
17,CHOCO,011,BOJAYA (BELLAVISTA),VOTOS NULOS,14
17,CHOCO,012,MEDIO ATRATO (BETE),GUSTAVO PETRO,2898
17,CHOCO,012,MEDIO ATRATO (BETE),RODOLFO HERNÁNDEZ,294
17,CHOCO,012,MEDIO ATRATO (BETE),VOTOS EN BLANCO,34
17,CHOCO,012,MEDIO ATRATO (BETE),VOTOS NO MARCADOS,0
17,CHOCO,012,MEDIO ATRATO (BETE),VOTOS NULOS,62
17,CHOCO,013,CONDOTO,GUSTAVO PETRO,4107
17,CHOCO,013,CONDOTO,RODOLFO HERNÁNDEZ,673
17,CHOCO,013,CONDOTO,VOTOS EN BLANCO,85
17,CHOCO,013,CONDOTO,VOTOS NO MARCADOS,12
17,CHOCO,013,CONDOTO,VOTOS NULOS,98
17,CHOCO,014,CERTEGUI,GUSTAVO PETRO,2140
17,CHOCO,014,CERTEGUI,RODOLFO HERNÁNDEZ,410
17,CHOCO,014,CERTEGUI,VOTOS EN BLANCO,34
17,CHOCO,014,CERTEGUI,VOTOS NO MARCADOS,5
17,CHOCO,014,CERTEGUI,VOTOS NULOS,44
17,CHOCO,015,CARMEN DEL DARIEN,GUSTAVO PETRO,3287
17,CHOCO,015,CARMEN DEL DARIEN,RODOLFO HERNÁNDEZ,402
17,CHOCO,015,CARMEN DEL DARIEN,VOTOS EN BLANCO,68
17,CHOCO,015,CARMEN DEL DARIEN,VOTOS NO MARCADOS,3
17,CHOCO,015,CARMEN DEL DARIEN,VOTOS NULOS,28
17,CHOCO,016,EL CARMEN,GUSTAVO PETRO,1407
17,CHOCO,016,EL CARMEN,RODOLFO HERNÁNDEZ,2251
17,CHOCO,016,EL CARMEN,VOTOS EN BLANCO,77
17,CHOCO,016,EL CARMEN,VOTOS NO MARCADOS,5
17,CHOCO,016,EL CARMEN,VOTOS NULOS,45
17,CHOCO,017,EL CANTON DEL SAN PABLO (MAN.,GUSTAVO PETRO,1918
17,CHOCO,017,EL CANTON DEL SAN PABLO (MAN.,RODOLFO HERNÁNDEZ,490
17,CHOCO,017,EL CANTON DEL SAN PABLO (MAN.,VOTOS EN BLANCO,39
17,CHOCO,017,EL CANTON DEL SAN PABLO (MAN.,VOTOS NO MARCADOS,5
17,CHOCO,017,EL CANTON DEL SAN PABLO (MAN.,VOTOS NULOS,44
17,CHOCO,019,ISTMINA,GUSTAVO PETRO,8405
17,CHOCO,019,ISTMINA,RODOLFO HERNÁNDEZ,1349
17,CHOCO,019,ISTMINA,VOTOS EN BLANCO,235
17,CHOCO,019,ISTMINA,VOTOS NO MARCADOS,25
17,CHOCO,019,ISTMINA,VOTOS NULOS,197
17,CHOCO,022,JURADO,GUSTAVO PETRO,1115
17,CHOCO,022,JURADO,RODOLFO HERNÁNDEZ,177
17,CHOCO,022,JURADO,VOTOS EN BLANCO,19
17,CHOCO,022,JURADO,VOTOS NO MARCADOS,1
17,CHOCO,022,JURADO,VOTOS NULOS,15
17,CHOCO,025,LLORO,GUSTAVO PETRO,2967
17,CHOCO,025,LLORO,RODOLFO HERNÁNDEZ,799
17,CHOCO,025,LLORO,VOTOS EN BLANCO,53
17,CHOCO,025,LLORO,VOTOS NO MARCADOS,5
17,CHOCO,025,LLORO,VOTOS NULOS,68
17,CHOCO,026,MEDIO BAUDO (PUERTO MELUK),GUSTAVO PETRO,3753
17,CHOCO,026,MEDIO BAUDO (PUERTO MELUK),RODOLFO HERNÁNDEZ,268
17,CHOCO,026,MEDIO BAUDO (PUERTO MELUK),VOTOS EN BLANCO,20
17,CHOCO,026,MEDIO BAUDO (PUERTO MELUK),VOTOS NO MARCADOS,3
17,CHOCO,026,MEDIO BAUDO (PUERTO MELUK),VOTOS NULOS,20
17,CHOCO,027,MEDIO SAN JUAN,GUSTAVO PETRO,3358
17,CHOCO,027,MEDIO SAN JUAN,RODOLFO HERNÁNDEZ,243
17,CHOCO,027,MEDIO SAN JUAN,VOTOS EN BLANCO,66
17,CHOCO,027,MEDIO SAN JUAN,VOTOS NO MARCADOS,5
17,CHOCO,027,MEDIO SAN JUAN,VOTOS NULOS,65
17,CHOCO,028,NOVITA,GUSTAVO PETRO,1775
17,CHOCO,028,NOVITA,RODOLFO HERNÁNDEZ,560
17,CHOCO,028,NOVITA,VOTOS EN BLANCO,56
17,CHOCO,028,NOVITA,VOTOS NO MARCADOS,14
17,CHOCO,028,NOVITA,VOTOS NULOS,50
17,CHOCO,031,NUQUI,GUSTAVO PETRO,2523
17,CHOCO,031,NUQUI,RODOLFO HERNÁNDEZ,275
17,CHOCO,031,NUQUI,VOTOS EN BLANCO,23
17,CHOCO,031,NUQUI,VOTOS NO MARCADOS,11
17,CHOCO,031,NUQUI,VOTOS NULOS,14
17,CHOCO,032,RIO IRO,GUSTAVO PETRO,1466
17,CHOCO,032,RIO IRO,RODOLFO HERNÁNDEZ,355
17,CHOCO,032,RIO IRO,VOTOS EN BLANCO,26
17,CHOCO,032,RIO IRO,VOTOS NO MARCADOS,6
17,CHOCO,032,RIO IRO,VOTOS NULOS,42
17,CHOCO,034,RIOSUCIO,GUSTAVO PETRO,8291
17,CHOCO,034,RIOSUCIO,RODOLFO HERNÁNDEZ,1608
17,CHOCO,034,RIOSUCIO,VOTOS EN BLANCO,127
17,CHOCO,034,RIOSUCIO,VOTOS NO MARCADOS,21
17,CHOCO,034,RIOSUCIO,VOTOS NULOS,206
17,CHOCO,035,RIO QUITO (PAIMADO),GUSTAVO PETRO,3044
17,CHOCO,035,RIO QUITO (PAIMADO),RODOLFO HERNÁNDEZ,838
17,CHOCO,035,RIO QUITO (PAIMADO),VOTOS EN BLANCO,53
17,CHOCO,035,RIO QUITO (PAIMADO),VOTOS NO MARCADOS,15
17,CHOCO,035,RIO QUITO (PAIMADO),VOTOS NULOS,76
17,CHOCO,037,SAN JOSE DEL PALMAR,GUSTAVO PETRO,911
17,CHOCO,037,SAN JOSE DEL PALMAR,RODOLFO HERNÁNDEZ,552
17,CHOCO,037,SAN JOSE DEL PALMAR,VOTOS EN BLANCO,21
17,CHOCO,037,SAN JOSE DEL PALMAR,VOTOS NO MARCADOS,4
17,CHOCO,037,SAN JOSE DEL PALMAR,VOTOS NULOS,26
17,CHOCO,038,EL LITORAL DEL SAN JUAN,GUSTAVO PETRO,3965
17,CHOCO,038,EL LITORAL DEL SAN JUAN,RODOLFO HERNÁNDEZ,70
17,CHOCO,038,EL LITORAL DEL SAN JUAN,VOTOS EN BLANCO,11
17,CHOCO,038,EL LITORAL DEL SAN JUAN,VOTOS NO MARCADOS,4
17,CHOCO,038,EL LITORAL DEL SAN JUAN,VOTOS NULOS,18
17,CHOCO,040,SIPI,GUSTAVO PETRO,1181
17,CHOCO,040,SIPI,RODOLFO HERNÁNDEZ,133
17,CHOCO,040,SIPI,VOTOS EN BLANCO,14
17,CHOCO,040,SIPI,VOTOS NO MARCADOS,2
17,CHOCO,040,SIPI,VOTOS NULOS,21
17,CHOCO,043,TADO,GUSTAVO PETRO,4545
17,CHOCO,043,TADO,RODOLFO HERNÁNDEZ,1437
17,CHOCO,043,TADO,VOTOS EN BLANCO,132
17,CHOCO,043,TADO,VOTOS NO MARCADOS,29
17,CHOCO,043,TADO,VOTOS NULOS,309
17,CHOCO,048,UNGUIA,GUSTAVO PETRO,2742
17,CHOCO,048,UNGUIA,RODOLFO HERNÁNDEZ,1266
17,CHOCO,048,UNGUIA,VOTOS EN BLANCO,82
17,CHOCO,048,UNGUIA,VOTOS NO MARCADOS,9
17,CHOCO,048,UNGUIA,VOTOS NULOS,31
17,CHOCO,060,UNION PANAMERICANA (LAS ANIMAS,GUSTAVO PETRO,1910
17,CHOCO,060,UNION PANAMERICANA (LAS ANIMAS,RODOLFO HERNÁNDEZ,638
17,CHOCO,060,UNION PANAMERICANA (LAS ANIMAS,VOTOS EN BLANCO,41
17,CHOCO,060,UNION PANAMERICANA (LAS ANIMAS,VOTOS NO MARCADOS,4
17,CHOCO,060,UNION PANAMERICANA (LAS ANIMAS,VOTOS NULOS,72
19,HUILA,001,NEIVA,GUSTAVO PETRO,87684
19,HUILA,001,NEIVA,RODOLFO HERNÁNDEZ,85113
19,HUILA,001,NEIVA,VOTOS EN BLANCO,3603
19,HUILA,001,NEIVA,VOTOS NO MARCADOS,99
19,HUILA,001,NEIVA,VOTOS NULOS,2263
19,HUILA,004,ACEVEDO,GUSTAVO PETRO,2460
19,HUILA,004,ACEVEDO,RODOLFO HERNÁNDEZ,10284
19,HUILA,004,ACEVEDO,VOTOS EN BLANCO,149
19,HUILA,004,ACEVEDO,VOTOS NO MARCADOS,9
19,HUILA,004,ACEVEDO,VOTOS NULOS,86
19,HUILA,007,AGRADO,GUSTAVO PETRO,1411
19,HUILA,007,AGRADO,RODOLFO HERNÁNDEZ,3330
19,HUILA,007,AGRADO,VOTOS EN BLANCO,63
19,HUILA,007,AGRADO,VOTOS NO MARCADOS,3
19,HUILA,007,AGRADO,VOTOS NULOS,53
19,HUILA,010,AIPE,GUSTAVO PETRO,3097
19,HUILA,010,AIPE,RODOLFO HERNÁNDEZ,6127
19,HUILA,010,AIPE,VOTOS EN BLANCO,102
19,HUILA,010,AIPE,VOTOS NO MARCADOS,6
19,HUILA,010,AIPE,VOTOS NULOS,77
19,HUILA,013,ALGECIRAS,GUSTAVO PETRO,3670
19,HUILA,013,ALGECIRAS,RODOLFO HERNÁNDEZ,5269
19,HUILA,013,ALGECIRAS,VOTOS EN BLANCO,149
19,HUILA,013,ALGECIRAS,VOTOS NO MARCADOS,21
19,HUILA,013,ALGECIRAS,VOTOS NULOS,96
19,HUILA,016,ALTAMIRA,GUSTAVO PETRO,987
19,HUILA,016,ALTAMIRA,RODOLFO HERNÁNDEZ,1035
19,HUILA,016,ALTAMIRA,VOTOS EN BLANCO,33
19,HUILA,016,ALTAMIRA,VOTOS NO MARCADOS,1
19,HUILA,016,ALTAMIRA,VOTOS NULOS,24
19,HUILA,019,BARAYA,GUSTAVO PETRO,1172
19,HUILA,019,BARAYA,RODOLFO HERNÁNDEZ,2115
19,HUILA,019,BARAYA,VOTOS EN BLANCO,43
19,HUILA,019,BARAYA,VOTOS NO MARCADOS,5
19,HUILA,019,BARAYA,VOTOS NULOS,35
19,HUILA,022,CAMPOALEGRE,GUSTAVO PETRO,6397
19,HUILA,022,CAMPOALEGRE,RODOLFO HERNÁNDEZ,8394
19,HUILA,022,CAMPOALEGRE,VOTOS EN BLANCO,268
19,HUILA,022,CAMPOALEGRE,VOTOS NO MARCADOS,10
19,HUILA,022,CAMPOALEGRE,VOTOS NULOS,326
19,HUILA,025,TESALIA (CARNICERIAS),GUSTAVO PETRO,1453
19,HUILA,025,TESALIA (CARNICERIAS),RODOLFO HERNÁNDEZ,3549
19,HUILA,025,TESALIA (CARNICERIAS),VOTOS EN BLANCO,86
19,HUILA,025,TESALIA (CARNICERIAS),VOTOS NO MARCADOS,6
19,HUILA,025,TESALIA (CARNICERIAS),VOTOS NULOS,77
19,HUILA,028,COLOMBIA,GUSTAVO PETRO,808
19,HUILA,028,COLOMBIA,RODOLFO HERNÁNDEZ,3112
19,HUILA,028,COLOMBIA,VOTOS EN BLANCO,32
19,HUILA,028,COLOMBIA,VOTOS NO MARCADOS,3
19,HUILA,028,COLOMBIA,VOTOS NULOS,26
19,HUILA,031,ELIAS,GUSTAVO PETRO,650
19,HUILA,031,ELIAS,RODOLFO HERNÁNDEZ,1632
19,HUILA,031,ELIAS,VOTOS EN BLANCO,30
19,HUILA,031,ELIAS,VOTOS NO MARCADOS,1
19,HUILA,031,ELIAS,VOTOS NULOS,21
19,HUILA,034,GARZON,GUSTAVO PETRO,11646
19,HUILA,034,GARZON,RODOLFO HERNÁNDEZ,21173
19,HUILA,034,GARZON,VOTOS EN BLANCO,717
19,HUILA,034,GARZON,VOTOS NO MARCADOS,32
19,HUILA,034,GARZON,VOTOS NULOS,427
19,HUILA,037,GIGANTE,GUSTAVO PETRO,3796
19,HUILA,037,GIGANTE,RODOLFO HERNÁNDEZ,7221
19,HUILA,037,GIGANTE,VOTOS EN BLANCO,237
19,HUILA,037,GIGANTE,VOTOS NO MARCADOS,12
19,HUILA,037,GIGANTE,VOTOS NULOS,152
19,HUILA,040,GUADALUPE,GUSTAVO PETRO,2773
19,HUILA,040,GUADALUPE,RODOLFO HERNÁNDEZ,5142
19,HUILA,040,GUADALUPE,VOTOS EN BLANCO,128
19,HUILA,040,GUADALUPE,VOTOS NO MARCADOS,9
19,HUILA,040,GUADALUPE,VOTOS NULOS,109
19,HUILA,043,HOBO,GUSTAVO PETRO,1311
19,HUILA,043,HOBO,RODOLFO HERNÁNDEZ,2300
19,HUILA,043,HOBO,VOTOS EN BLANCO,56
19,HUILA,043,HOBO,VOTOS NO MARCADOS,4
19,HUILA,043,HOBO,VOTOS NULOS,40
19,HUILA,044,ISNOS,GUSTAVO PETRO,6420
19,HUILA,044,ISNOS,RODOLFO HERNÁNDEZ,6542
19,HUILA,044,ISNOS,VOTOS EN BLANCO,328
19,HUILA,044,ISNOS,VOTOS NO MARCADOS,20
19,HUILA,044,ISNOS,VOTOS NULOS,213
19,HUILA,046,IQUIRA,GUSTAVO PETRO,2044
19,HUILA,046,IQUIRA,RODOLFO HERNÁNDEZ,2564
19,HUILA,046,IQUIRA,VOTOS EN BLANCO,68
19,HUILA,046,IQUIRA,VOTOS NO MARCADOS,6
19,HUILA,046,IQUIRA,VOTOS NULOS,47
19,HUILA,047,LA ARGENTINA (PLATA VIEJA),GUSTAVO PETRO,3240
19,HUILA,047,LA ARGENTINA (PLATA VIEJA),RODOLFO HERNÁNDEZ,3513
19,HUILA,047,LA ARGENTINA (PLATA VIEJA),VOTOS EN BLANCO,207
19,HUILA,047,LA ARGENTINA (PLATA VIEJA),VOTOS NO MARCADOS,9
19,HUILA,047,LA ARGENTINA (PLATA VIEJA),VOTOS NULOS,90
19,HUILA,049,LA PLATA,GUSTAVO PETRO,9578
19,HUILA,049,LA PLATA,RODOLFO HERNÁNDEZ,14638
19,HUILA,049,LA PLATA,VOTOS EN BLANCO,499
19,HUILA,049,LA PLATA,VOTOS NO MARCADOS,33
19,HUILA,049,LA PLATA,VOTOS NULOS,328
19,HUILA,050,NATAGA,GUSTAVO PETRO,1098
19,HUILA,050,NATAGA,RODOLFO HERNÁNDEZ,1890
19,HUILA,050,NATAGA,VOTOS EN BLANCO,58
19,HUILA,050,NATAGA,VOTOS NO MARCADOS,4
19,HUILA,050,NATAGA,VOTOS NULOS,40
19,HUILA,051,OPORAPA,GUSTAVO PETRO,980
19,HUILA,051,OPORAPA,RODOLFO HERNÁNDEZ,4505
19,HUILA,051,OPORAPA,VOTOS EN BLANCO,84
19,HUILA,051,OPORAPA,VOTOS NO MARCADOS,6
19,HUILA,051,OPORAPA,VOTOS NULOS,45
19,HUILA,052,PAICOL,GUSTAVO PETRO,788
19,HUILA,052,PAICOL,RODOLFO HERNÁNDEZ,2675
19,HUILA,052,PAICOL,VOTOS EN BLANCO,59
19,HUILA,052,PAICOL,VOTOS NO MARCADOS,5
19,HUILA,052,PAICOL,VOTOS NULOS,29
19,HUILA,055,PALERMO,GUSTAVO PETRO,4439
19,HUILA,055,PALERMO,RODOLFO HERNÁNDEZ,8186
19,HUILA,055,PALERMO,VOTOS EN BLANCO,203
19,HUILA,055,PALERMO,VOTOS NO MARCADOS,9
19,HUILA,055,PALERMO,VOTOS NULOS,94
19,HUILA,056,PALESTINA,GUSTAVO PETRO,1940
19,HUILA,056,PALESTINA,RODOLFO HERNÁNDEZ,3919
19,HUILA,056,PALESTINA,VOTOS EN BLANCO,91
19,HUILA,056,PALESTINA,VOTOS NO MARCADOS,7
19,HUILA,056,PALESTINA,VOTOS NULOS,74
19,HUILA,058,PITAL,GUSTAVO PETRO,1763
19,HUILA,058,PITAL,RODOLFO HERNÁNDEZ,4444
19,HUILA,058,PITAL,VOTOS EN BLANCO,84
19,HUILA,058,PITAL,VOTOS NO MARCADOS,4
19,HUILA,058,PITAL,VOTOS NULOS,38
19,HUILA,061,PITALITO,GUSTAVO PETRO,26136
19,HUILA,061,PITALITO,RODOLFO HERNÁNDEZ,33163
19,HUILA,061,PITALITO,VOTOS EN BLANCO,1249
19,HUILA,061,PITALITO,VOTOS NO MARCADOS,53
19,HUILA,061,PITALITO,VOTOS NULOS,697
19,HUILA,064,RIVERA,GUSTAVO PETRO,5234
19,HUILA,064,RIVERA,RODOLFO HERNÁNDEZ,6074
19,HUILA,064,RIVERA,VOTOS EN BLANCO,227
19,HUILA,064,RIVERA,VOTOS NO MARCADOS,14
19,HUILA,064,RIVERA,VOTOS NULOS,161
19,HUILA,067,SALADOBLANCO,GUSTAVO PETRO,1130
19,HUILA,067,SALADOBLANCO,RODOLFO HERNÁNDEZ,5211
19,HUILA,067,SALADOBLANCO,VOTOS EN BLANCO,55
19,HUILA,067,SALADOBLANCO,VOTOS NO MARCADOS,8
19,HUILA,067,SALADOBLANCO,VOTOS NULOS,22
19,HUILA,070,SAN AGUSTIN,GUSTAVO PETRO,6506
19,HUILA,070,SAN AGUSTIN,RODOLFO HERNÁNDEZ,8684
19,HUILA,070,SAN AGUSTIN,VOTOS EN BLANCO,353
19,HUILA,070,SAN AGUSTIN,VOTOS NO MARCADOS,37
19,HUILA,070,SAN AGUSTIN,VOTOS NULOS,167
19,HUILA,074,SANTA MARIA,GUSTAVO PETRO,1146
19,HUILA,074,SANTA MARIA,RODOLFO HERNÁNDEZ,4115
19,HUILA,074,SANTA MARIA,VOTOS EN BLANCO,78
19,HUILA,074,SANTA MARIA,VOTOS NO MARCADOS,6
19,HUILA,074,SANTA MARIA,VOTOS NULOS,30
19,HUILA,076,SUAZA,GUSTAVO PETRO,2999
19,HUILA,076,SUAZA,RODOLFO HERNÁNDEZ,5502
19,HUILA,076,SUAZA,VOTOS EN BLANCO,131
19,HUILA,076,SUAZA,VOTOS NO MARCADOS,12
19,HUILA,076,SUAZA,VOTOS NULOS,82
19,HUILA,079,TARQUI,GUSTAVO PETRO,2413
19,HUILA,079,TARQUI,RODOLFO HERNÁNDEZ,5465
19,HUILA,079,TARQUI,VOTOS EN BLANCO,94
19,HUILA,079,TARQUI,VOTOS NO MARCADOS,7
19,HUILA,079,TARQUI,VOTOS NULOS,53
19,HUILA,082,TELLO,GUSTAVO PETRO,1678
19,HUILA,082,TELLO,RODOLFO HERNÁNDEZ,4189
19,HUILA,082,TELLO,VOTOS EN BLANCO,57
19,HUILA,082,TELLO,VOTOS NO MARCADOS,6
19,HUILA,082,TELLO,VOTOS NULOS,48
19,HUILA,085,TERUEL,GUSTAVO PETRO,908
19,HUILA,085,TERUEL,RODOLFO HERNÁNDEZ,3093
19,HUILA,085,TERUEL,VOTOS EN BLANCO,37
19,HUILA,085,TERUEL,VOTOS NO MARCADOS,4
19,HUILA,085,TERUEL,VOTOS NULOS,31
19,HUILA,088,TIMANA,GUSTAVO PETRO,2643
19,HUILA,088,TIMANA,RODOLFO HERNÁNDEZ,7642
19,HUILA,088,TIMANA,VOTOS EN BLANCO,183
19,HUILA,088,TIMANA,VOTOS NO MARCADOS,10
19,HUILA,088,TIMANA,VOTOS NULOS,99
19,HUILA,091,VILLAVIEJA,GUSTAVO PETRO,2295
19,HUILA,091,VILLAVIEJA,RODOLFO HERNÁNDEZ,1923
19,HUILA,091,VILLAVIEJA,VOTOS EN BLANCO,54
19,HUILA,091,VILLAVIEJA,VOTOS NO MARCADOS,4
19,HUILA,091,VILLAVIEJA,VOTOS NULOS,60
19,HUILA,094,YAGUARA,GUSTAVO PETRO,1833
19,HUILA,094,YAGUARA,RODOLFO HERNÁNDEZ,2763
19,HUILA,094,YAGUARA,VOTOS EN BLANCO,83
19,HUILA,094,YAGUARA,VOTOS NO MARCADOS,1
19,HUILA,094,YAGUARA,VOTOS NULOS,59
21,MAGDALENA,001,SANTA MARTA,GUSTAVO PETRO,125373
21,MAGDALENA,001,SANTA MARTA,RODOLFO HERNÁNDEZ,70374
21,MAGDALENA,001,SANTA MARTA,VOTOS EN BLANCO,4016
21,MAGDALENA,001,SANTA MARTA,VOTOS NO MARCADOS,76
21,MAGDALENA,001,SANTA MARTA,VOTOS NULOS,1834
21,MAGDALENA,008,ALGARROBO,GUSTAVO PETRO,4126
21,MAGDALENA,008,ALGARROBO,RODOLFO HERNÁNDEZ,1187
21,MAGDALENA,008,ALGARROBO,VOTOS EN BLANCO,69
21,MAGDALENA,008,ALGARROBO,VOTOS NO MARCADOS,3
21,MAGDALENA,008,ALGARROBO,VOTOS NULOS,26
21,MAGDALENA,010,ARACATACA,GUSTAVO PETRO,9538
21,MAGDALENA,010,ARACATACA,RODOLFO HERNÁNDEZ,3847
21,MAGDALENA,010,ARACATACA,VOTOS EN BLANCO,217
21,MAGDALENA,010,ARACATACA,VOTOS NO MARCADOS,11
21,MAGDALENA,010,ARACATACA,VOTOS NULOS,144
21,MAGDALENA,012,ARIGUANI (EL DIFICIL),GUSTAVO PETRO,5569
21,MAGDALENA,012,ARIGUANI (EL DIFICIL),RODOLFO HERNÁNDEZ,5507
21,MAGDALENA,012,ARIGUANI (EL DIFICIL),VOTOS EN BLANCO,152
21,MAGDALENA,012,ARIGUANI (EL DIFICIL),VOTOS NO MARCADOS,14
21,MAGDALENA,012,ARIGUANI (EL DIFICIL),VOTOS NULOS,85
21,MAGDALENA,013,CERRO DE SAN ANTONIO,GUSTAVO PETRO,1817
21,MAGDALENA,013,CERRO DE SAN ANTONIO,RODOLFO HERNÁNDEZ,1635
21,MAGDALENA,013,CERRO DE SAN ANTONIO,VOTOS EN BLANCO,36
21,MAGDALENA,013,CERRO DE SAN ANTONIO,VOTOS NO MARCADOS,2
21,MAGDALENA,013,CERRO DE SAN ANTONIO,VOTOS NULOS,16
21,MAGDALENA,015,CHIVOLO,GUSTAVO PETRO,3805
21,MAGDALENA,015,CHIVOLO,RODOLFO HERNÁNDEZ,2971
21,MAGDALENA,015,CHIVOLO,VOTOS EN BLANCO,105
21,MAGDALENA,015,CHIVOLO,VOTOS NO MARCADOS,8
21,MAGDALENA,015,CHIVOLO,VOTOS NULOS,33
21,MAGDALENA,016,CIENAGA,GUSTAVO PETRO,28615
21,MAGDALENA,016,CIENAGA,RODOLFO HERNÁNDEZ,13195
21,MAGDALENA,016,CIENAGA,VOTOS EN BLANCO,858
21,MAGDALENA,016,CIENAGA,VOTOS NO MARCADOS,33
21,MAGDALENA,016,CIENAGA,VOTOS NULOS,598
21,MAGDALENA,020,CONCORDIA,GUSTAVO PETRO,2933
21,MAGDALENA,020,CONCORDIA,RODOLFO HERNÁNDEZ,1987
21,MAGDALENA,020,CONCORDIA,VOTOS EN BLANCO,30
21,MAGDALENA,020,CONCORDIA,VOTOS NO MARCADOS,2
21,MAGDALENA,020,CONCORDIA,VOTOS NULOS,13
21,MAGDALENA,025,EL BANCO,GUSTAVO PETRO,10080
21,MAGDALENA,025,EL BANCO,RODOLFO HERNÁNDEZ,13655
21,MAGDALENA,025,EL BANCO,VOTOS EN BLANCO,241
21,MAGDALENA,025,EL BANCO,VOTOS NO MARCADOS,31
21,MAGDALENA,025,EL BANCO,VOTOS NULOS,164
21,MAGDALENA,028,EL PIÑON,GUSTAVO PETRO,3493
21,MAGDALENA,028,EL PIÑON,RODOLFO HERNÁNDEZ,3442
21,MAGDALENA,028,EL PIÑON,VOTOS EN BLANCO,79
21,MAGDALENA,028,EL PIÑON,VOTOS NO MARCADOS,5
21,MAGDALENA,028,EL PIÑON,VOTOS NULOS,43
21,MAGDALENA,030,EL RETEN,GUSTAVO PETRO,6132
21,MAGDALENA,030,EL RETEN,RODOLFO HERNÁNDEZ,1611
21,MAGDALENA,030,EL RETEN,VOTOS EN BLANCO,124
21,MAGDALENA,030,EL RETEN,VOTOS NO MARCADOS,8
21,MAGDALENA,030,EL RETEN,VOTOS NULOS,57
21,MAGDALENA,031,FUNDACION,GUSTAVO PETRO,14665
21,MAGDALENA,031,FUNDACION,RODOLFO HERNÁNDEZ,11177
21,MAGDALENA,031,FUNDACION,VOTOS EN BLANCO,374
21,MAGDALENA,031,FUNDACION,VOTOS NO MARCADOS,15
21,MAGDALENA,031,FUNDACION,VOTOS NULOS,247
21,MAGDALENA,040,GUAMAL,GUSTAVO PETRO,4158
21,MAGDALENA,040,GUAMAL,RODOLFO HERNÁNDEZ,6141
21,MAGDALENA,040,GUAMAL,VOTOS EN BLANCO,88
21,MAGDALENA,040,GUAMAL,VOTOS NO MARCADOS,10
21,MAGDALENA,040,GUAMAL,VOTOS NULOS,46
21,MAGDALENA,042,NUEVA GRANADA,GUSTAVO PETRO,3371
21,MAGDALENA,042,NUEVA GRANADA,RODOLFO HERNÁNDEZ,3776
21,MAGDALENA,042,NUEVA GRANADA,VOTOS EN BLANCO,93
21,MAGDALENA,042,NUEVA GRANADA,VOTOS NO MARCADOS,4
21,MAGDALENA,042,NUEVA GRANADA,VOTOS NULOS,42
21,MAGDALENA,046,PEDRAZA,GUSTAVO PETRO,2210
21,MAGDALENA,046,PEDRAZA,RODOLFO HERNÁNDEZ,2261
21,MAGDALENA,046,PEDRAZA,VOTOS EN BLANCO,33
21,MAGDALENA,046,PEDRAZA,VOTOS NO MARCADOS,6
21,MAGDALENA,046,PEDRAZA,VOTOS NULOS,19
21,MAGDALENA,048,PIJIÑO DEL CARMEN,GUSTAVO PETRO,1915
21,MAGDALENA,048,PIJIÑO DEL CARMEN,RODOLFO HERNÁNDEZ,2870
21,MAGDALENA,048,PIJIÑO DEL CARMEN,VOTOS EN BLANCO,58
21,MAGDALENA,048,PIJIÑO DEL CARMEN,VOTOS NO MARCADOS,6
21,MAGDALENA,048,PIJIÑO DEL CARMEN,VOTOS NULOS,23
21,MAGDALENA,049,PIVIJAY,GUSTAVO PETRO,9957
21,MAGDALENA,049,PIVIJAY,RODOLFO HERNÁNDEZ,3997
21,MAGDALENA,049,PIVIJAY,VOTOS EN BLANCO,191
21,MAGDALENA,049,PIVIJAY,VOTOS NO MARCADOS,16
21,MAGDALENA,049,PIVIJAY,VOTOS NULOS,100
21,MAGDALENA,052,PLATO,GUSTAVO PETRO,13047
21,MAGDALENA,052,PLATO,RODOLFO HERNÁNDEZ,6990
21,MAGDALENA,052,PLATO,VOTOS EN BLANCO,286
21,MAGDALENA,052,PLATO,VOTOS NO MARCADOS,19
21,MAGDALENA,052,PLATO,VOTOS NULOS,136
21,MAGDALENA,055,PUEBLOVIEJO,GUSTAVO PETRO,6073
21,MAGDALENA,055,PUEBLOVIEJO,RODOLFO HERNÁNDEZ,2967
21,MAGDALENA,055,PUEBLOVIEJO,VOTOS EN BLANCO,165
21,MAGDALENA,055,PUEBLOVIEJO,VOTOS NO MARCADOS,24
21,MAGDALENA,055,PUEBLOVIEJO,VOTOS NULOS,143
21,MAGDALENA,058,REMOLINO,GUSTAVO PETRO,2414
21,MAGDALENA,058,REMOLINO,RODOLFO HERNÁNDEZ,854
21,MAGDALENA,058,REMOLINO,VOTOS EN BLANCO,22
21,MAGDALENA,058,REMOLINO,VOTOS NO MARCADOS,3
21,MAGDALENA,058,REMOLINO,VOTOS NULOS,17
21,MAGDALENA,060,SABANAS DE SAN ANGEL,GUSTAVO PETRO,1817
21,MAGDALENA,060,SABANAS DE SAN ANGEL,RODOLFO HERNÁNDEZ,3055
21,MAGDALENA,060,SABANAS DE SAN ANGEL,VOTOS EN BLANCO,53
21,MAGDALENA,060,SABANAS DE SAN ANGEL,VOTOS NO MARCADOS,9
21,MAGDALENA,060,SABANAS DE SAN ANGEL,VOTOS NULOS,24
21,MAGDALENA,067,SALAMINA,GUSTAVO PETRO,2169
21,MAGDALENA,067,SALAMINA,RODOLFO HERNÁNDEZ,2061
21,MAGDALENA,067,SALAMINA,VOTOS EN BLANCO,61
21,MAGDALENA,067,SALAMINA,VOTOS NO MARCADOS,10
21,MAGDALENA,067,SALAMINA,VOTOS NULOS,28
21,MAGDALENA,070,SAN SEBASTIAN DE BUENAVISTA,GUSTAVO PETRO,4017
21,MAGDALENA,070,SAN SEBASTIAN DE BUENAVISTA,RODOLFO HERNÁNDEZ,4627
21,MAGDALENA,070,SAN SEBASTIAN DE BUENAVISTA,VOTOS EN BLANCO,92
21,MAGDALENA,070,SAN SEBASTIAN DE BUENAVISTA,VOTOS NO MARCADOS,11
21,MAGDALENA,070,SAN SEBASTIAN DE BUENAVISTA,VOTOS NULOS,27
21,MAGDALENA,073,SAN ZENON,GUSTAVO PETRO,2225
21,MAGDALENA,073,SAN ZENON,RODOLFO HERNÁNDEZ,2832
21,MAGDALENA,073,SAN ZENON,VOTOS EN BLANCO,45
21,MAGDALENA,073,SAN ZENON,VOTOS NO MARCADOS,5
21,MAGDALENA,073,SAN ZENON,VOTOS NULOS,12
21,MAGDALENA,076,SANTA ANA,GUSTAVO PETRO,2852
21,MAGDALENA,076,SANTA ANA,RODOLFO HERNÁNDEZ,6141
21,MAGDALENA,076,SANTA ANA,VOTOS EN BLANCO,91
21,MAGDALENA,076,SANTA ANA,VOTOS NO MARCADOS,3
21,MAGDALENA,076,SANTA ANA,VOTOS NULOS,37
21,MAGDALENA,078,SANTA BARBARA DE PINTO,GUSTAVO PETRO,2926
21,MAGDALENA,078,SANTA BARBARA DE PINTO,RODOLFO HERNÁNDEZ,1500
21,MAGDALENA,078,SANTA BARBARA DE PINTO,VOTOS EN BLANCO,43
21,MAGDALENA,078,SANTA BARBARA DE PINTO,VOTOS NO MARCADOS,8
21,MAGDALENA,078,SANTA BARBARA DE PINTO,VOTOS NULOS,12
21,MAGDALENA,079,SITIONUEVO,GUSTAVO PETRO,5632
21,MAGDALENA,079,SITIONUEVO,RODOLFO HERNÁNDEZ,2100
21,MAGDALENA,079,SITIONUEVO,VOTOS EN BLANCO,115
21,MAGDALENA,079,SITIONUEVO,VOTOS NO MARCADOS,5
21,MAGDALENA,079,SITIONUEVO,VOTOS NULOS,133
21,MAGDALENA,085,TENERIFE,GUSTAVO PETRO,3270
21,MAGDALENA,085,TENERIFE,RODOLFO HERNÁNDEZ,2383
21,MAGDALENA,085,TENERIFE,VOTOS EN BLANCO,85
21,MAGDALENA,085,TENERIFE,VOTOS NO MARCADOS,8
21,MAGDALENA,085,TENERIFE,VOTOS NULOS,23
21,MAGDALENA,090,ZAPAYAN,GUSTAVO PETRO,1747
21,MAGDALENA,090,ZAPAYAN,RODOLFO HERNÁNDEZ,2484
21,MAGDALENA,090,ZAPAYAN,VOTOS EN BLANCO,39
21,MAGDALENA,090,ZAPAYAN,VOTOS NO MARCADOS,3
21,MAGDALENA,090,ZAPAYAN,VOTOS NULOS,14
21,MAGDALENA,095,ZONA BANANERA (SEVILLA),GUSTAVO PETRO,16952
21,MAGDALENA,095,ZONA BANANERA (SEVILLA),RODOLFO HERNÁNDEZ,4332
21,MAGDALENA,095,ZONA BANANERA (SEVILLA),VOTOS EN BLANCO,336
21,MAGDALENA,095,ZONA BANANERA (SEVILLA),VOTOS NO MARCADOS,17
21,MAGDALENA,095,ZONA BANANERA (SEVILLA),VOTOS NULOS,212
23,NARIÑO,001,PASTO,GUSTAVO PETRO,177631
23,NARIÑO,001,PASTO,RODOLFO HERNÁNDEZ,35122
23,NARIÑO,001,PASTO,VOTOS EN BLANCO,4157
23,NARIÑO,001,PASTO,VOTOS NO MARCADOS,114
23,NARIÑO,001,PASTO,VOTOS NULOS,2479
23,NARIÑO,004,ALBAN (SAN JOSE),GUSTAVO PETRO,2279
23,NARIÑO,004,ALBAN (SAN JOSE),RODOLFO HERNÁNDEZ,2011
23,NARIÑO,004,ALBAN (SAN JOSE),VOTOS EN BLANCO,104
23,NARIÑO,004,ALBAN (SAN JOSE),VOTOS NO MARCADOS,10
23,NARIÑO,004,ALBAN (SAN JOSE),VOTOS NULOS,62
23,NARIÑO,007,ALDANA,GUSTAVO PETRO,3415
23,NARIÑO,007,ALDANA,RODOLFO HERNÁNDEZ,857
23,NARIÑO,007,ALDANA,VOTOS EN BLANCO,82
23,NARIÑO,007,ALDANA,VOTOS NO MARCADOS,6
23,NARIÑO,007,ALDANA,VOTOS NULOS,64
23,NARIÑO,010,ANCUYA,GUSTAVO PETRO,3816
23,NARIÑO,010,ANCUYA,RODOLFO HERNÁNDEZ,500
23,NARIÑO,010,ANCUYA,VOTOS EN BLANCO,70
23,NARIÑO,010,ANCUYA,VOTOS NO MARCADOS,3
23,NARIÑO,010,ANCUYA,VOTOS NULOS,33
23,NARIÑO,013,ARBOLEDA (BERRUECOS),GUSTAVO PETRO,2211
23,NARIÑO,013,ARBOLEDA (BERRUECOS),RODOLFO HERNÁNDEZ,1041
23,NARIÑO,013,ARBOLEDA (BERRUECOS),VOTOS EN BLANCO,55
23,NARIÑO,013,ARBOLEDA (BERRUECOS),VOTOS NO MARCADOS,7
23,NARIÑO,013,ARBOLEDA (BERRUECOS),VOTOS NULOS,84
23,NARIÑO,016,BARBACOAS,GUSTAVO PETRO,7924
23,NARIÑO,016,BARBACOAS,RODOLFO HERNÁNDEZ,1662
23,NARIÑO,016,BARBACOAS,VOTOS EN BLANCO,212
23,NARIÑO,016,BARBACOAS,VOTOS NO MARCADOS,35
23,NARIÑO,016,BARBACOAS,VOTOS NULOS,225
23,NARIÑO,017,BELEN,GUSTAVO PETRO,2682
23,NARIÑO,017,BELEN,RODOLFO HERNÁNDEZ,660
23,NARIÑO,017,BELEN,VOTOS EN BLANCO,110
23,NARIÑO,017,BELEN,VOTOS NO MARCADOS,7
23,NARIÑO,017,BELEN,VOTOS NULOS,35
23,NARIÑO,019,BUESACO,GUSTAVO PETRO,6422
23,NARIÑO,019,BUESACO,RODOLFO HERNÁNDEZ,3969
23,NARIÑO,019,BUESACO,VOTOS EN BLANCO,227
23,NARIÑO,019,BUESACO,VOTOS NO MARCADOS,18
23,NARIÑO,019,BUESACO,VOTOS NULOS,232
23,NARIÑO,022,COLON (GENOVA),GUSTAVO PETRO,3443
23,NARIÑO,022,COLON (GENOVA),RODOLFO HERNÁNDEZ,647
23,NARIÑO,022,COLON (GENOVA),VOTOS EN BLANCO,104
23,NARIÑO,022,COLON (GENOVA),VOTOS NO MARCADOS,9
23,NARIÑO,022,COLON (GENOVA),VOTOS NULOS,99
23,NARIÑO,025,CONSACA,GUSTAVO PETRO,4350
23,NARIÑO,025,CONSACA,RODOLFO HERNÁNDEZ,1460
23,NARIÑO,025,CONSACA,VOTOS EN BLANCO,133
23,NARIÑO,025,CONSACA,VOTOS NO MARCADOS,11
23,NARIÑO,025,CONSACA,VOTOS NULOS,113
23,NARIÑO,028,CONTADERO,GUSTAVO PETRO,2920
23,NARIÑO,028,CONTADERO,RODOLFO HERNÁNDEZ,962
23,NARIÑO,028,CONTADERO,VOTOS EN BLANCO,65
23,NARIÑO,028,CONTADERO,VOTOS NO MARCADOS,4
23,NARIÑO,028,CONTADERO,VOTOS NULOS,37
23,NARIÑO,031,CORDOBA,GUSTAVO PETRO,6385
23,NARIÑO,031,CORDOBA,RODOLFO HERNÁNDEZ,794
23,NARIÑO,031,CORDOBA,VOTOS EN BLANCO,105
23,NARIÑO,031,CORDOBA,VOTOS NO MARCADOS,8
23,NARIÑO,031,CORDOBA,VOTOS NULOS,51
23,NARIÑO,034,CUASPUD (CARLOSAMA),GUSTAVO PETRO,4053
23,NARIÑO,034,CUASPUD (CARLOSAMA),RODOLFO HERNÁNDEZ,814
23,NARIÑO,034,CUASPUD (CARLOSAMA),VOTOS EN BLANCO,96
23,NARIÑO,034,CUASPUD (CARLOSAMA),VOTOS NO MARCADOS,14
23,NARIÑO,034,CUASPUD (CARLOSAMA),VOTOS NULOS,80
23,NARIÑO,037,CUMBAL,GUSTAVO PETRO,15602
23,NARIÑO,037,CUMBAL,RODOLFO HERNÁNDEZ,2003
23,NARIÑO,037,CUMBAL,VOTOS EN BLANCO,226
23,NARIÑO,037,CUMBAL,VOTOS NO MARCADOS,9
23,NARIÑO,037,CUMBAL,VOTOS NULOS,143
23,NARIÑO,038,CHACHAGUI,GUSTAVO PETRO,6177
23,NARIÑO,038,CHACHAGUI,RODOLFO HERNÁNDEZ,1229
23,NARIÑO,038,CHACHAGUI,VOTOS EN BLANCO,120
23,NARIÑO,038,CHACHAGUI,VOTOS NO MARCADOS,9
23,NARIÑO,038,CHACHAGUI,VOTOS NULOS,80
23,NARIÑO,039,CUMBITARA,GUSTAVO PETRO,4342
23,NARIÑO,039,CUMBITARA,RODOLFO HERNÁNDEZ,213
23,NARIÑO,039,CUMBITARA,VOTOS EN BLANCO,83
23,NARIÑO,039,CUMBITARA,VOTOS NO MARCADOS,7
23,NARIÑO,039,CUMBITARA,VOTOS NULOS,37
23,NARIÑO,040,EL ROSARIO,GUSTAVO PETRO,4946
23,NARIÑO,040,EL ROSARIO,RODOLFO HERNÁNDEZ,214
23,NARIÑO,040,EL ROSARIO,VOTOS EN BLANCO,47
23,NARIÑO,040,EL ROSARIO,VOTOS NO MARCADOS,1
23,NARIÑO,040,EL ROSARIO,VOTOS NULOS,56
23,NARIÑO,041,EL CHARCO,GUSTAVO PETRO,7106
23,NARIÑO,041,EL CHARCO,RODOLFO HERNÁNDEZ,782
23,NARIÑO,041,EL CHARCO,VOTOS EN BLANCO,89
23,NARIÑO,041,EL CHARCO,VOTOS NO MARCADOS,13
23,NARIÑO,041,EL CHARCO,VOTOS NULOS,84
23,NARIÑO,043,EL TABLON,GUSTAVO PETRO,5403
23,NARIÑO,043,EL TABLON,RODOLFO HERNÁNDEZ,1812
23,NARIÑO,043,EL TABLON,VOTOS EN BLANCO,185
23,NARIÑO,043,EL TABLON,VOTOS NO MARCADOS,25
23,NARIÑO,043,EL TABLON,VOTOS NULOS,76
23,NARIÑO,044,EL PEÑOL,GUSTAVO PETRO,3597
23,NARIÑO,044,EL PEÑOL,RODOLFO HERNÁNDEZ,482
23,NARIÑO,044,EL PEÑOL,VOTOS EN BLANCO,57
23,NARIÑO,044,EL PEÑOL,VOTOS NO MARCADOS,8
23,NARIÑO,044,EL PEÑOL,VOTOS NULOS,34
23,NARIÑO,046,EL TAMBO,GUSTAVO PETRO,5579
23,NARIÑO,046,EL TAMBO,RODOLFO HERNÁNDEZ,2217
23,NARIÑO,046,EL TAMBO,VOTOS EN BLANCO,155
23,NARIÑO,046,EL TAMBO,VOTOS NO MARCADOS,21
23,NARIÑO,046,EL TAMBO,VOTOS NULOS,159
23,NARIÑO,047,FRANCISCO PIZARRO (SALAHONDA),GUSTAVO PETRO,2913
23,NARIÑO,047,FRANCISCO PIZARRO (SALAHONDA),RODOLFO HERNÁNDEZ,233
23,NARIÑO,047,FRANCISCO PIZARRO (SALAHONDA),VOTOS EN BLANCO,22
23,NARIÑO,047,FRANCISCO PIZARRO (SALAHONDA),VOTOS NO MARCADOS,1
23,NARIÑO,047,FRANCISCO PIZARRO (SALAHONDA),VOTOS NULOS,29
23,NARIÑO,049,FUNES,GUSTAVO PETRO,2472
23,NARIÑO,049,FUNES,RODOLFO HERNÁNDEZ,1303
23,NARIÑO,049,FUNES,VOTOS EN BLANCO,47
23,NARIÑO,049,FUNES,VOTOS NO MARCADOS,11
23,NARIÑO,049,FUNES,VOTOS NULOS,32
23,NARIÑO,052,GUACHUCAL,GUSTAVO PETRO,9614
23,NARIÑO,052,GUACHUCAL,RODOLFO HERNÁNDEZ,1497
23,NARIÑO,052,GUACHUCAL,VOTOS EN BLANCO,187
23,NARIÑO,052,GUACHUCAL,VOTOS NO MARCADOS,13
23,NARIÑO,052,GUACHUCAL,VOTOS NULOS,119
23,NARIÑO,055,GUAITARILLA,GUSTAVO PETRO,6114
23,NARIÑO,055,GUAITARILLA,RODOLFO HERNÁNDEZ,938
23,NARIÑO,055,GUAITARILLA,VOTOS EN BLANCO,81
23,NARIÑO,055,GUAITARILLA,VOTOS NO MARCADOS,11
23,NARIÑO,055,GUAITARILLA,VOTOS NULOS,51
23,NARIÑO,058,GUALMATAN,GUSTAVO PETRO,2856
23,NARIÑO,058,GUALMATAN,RODOLFO HERNÁNDEZ,752
23,NARIÑO,058,GUALMATAN,VOTOS EN BLANCO,88
23,NARIÑO,058,GUALMATAN,VOTOS NO MARCADOS,7
23,NARIÑO,058,GUALMATAN,VOTOS NULOS,31
23,NARIÑO,061,ILES,GUSTAVO PETRO,3974
23,NARIÑO,061,ILES,RODOLFO HERNÁNDEZ,639
23,NARIÑO,061,ILES,VOTOS EN BLANCO,33
23,NARIÑO,061,ILES,VOTOS NO MARCADOS,2
23,NARIÑO,061,ILES,VOTOS NULOS,41
23,NARIÑO,064,IMUES,GUSTAVO PETRO,3412
23,NARIÑO,064,IMUES,RODOLFO HERNÁNDEZ,842
23,NARIÑO,064,IMUES,VOTOS EN BLANCO,63
23,NARIÑO,064,IMUES,VOTOS NO MARCADOS,7
23,NARIÑO,064,IMUES,VOTOS NULOS,40
23,NARIÑO,067,IPIALES,GUSTAVO PETRO,46798
23,NARIÑO,067,IPIALES,RODOLFO HERNÁNDEZ,12064
23,NARIÑO,067,IPIALES,VOTOS EN BLANCO,1463
23,NARIÑO,067,IPIALES,VOTOS NO MARCADOS,133
23,NARIÑO,067,IPIALES,VOTOS NULOS,1295
23,NARIÑO,073,LA CRUZ,GUSTAVO PETRO,7807
23,NARIÑO,073,LA CRUZ,RODOLFO HERNÁNDEZ,1590
23,NARIÑO,073,LA CRUZ,VOTOS EN BLANCO,197
23,NARIÑO,073,LA CRUZ,VOTOS NO MARCADOS,19
23,NARIÑO,073,LA CRUZ,VOTOS NULOS,152
23,NARIÑO,076,LA FLORIDA,GUSTAVO PETRO,5276
23,NARIÑO,076,LA FLORIDA,RODOLFO HERNÁNDEZ,1070
23,NARIÑO,076,LA FLORIDA,VOTOS EN BLANCO,104
23,NARIÑO,076,LA FLORIDA,VOTOS NO MARCADOS,7
23,NARIÑO,076,LA FLORIDA,VOTOS NULOS,43
23,NARIÑO,077,LA LLANADA,GUSTAVO PETRO,2304
23,NARIÑO,077,LA LLANADA,RODOLFO HERNÁNDEZ,483
23,NARIÑO,077,LA LLANADA,VOTOS EN BLANCO,58
23,NARIÑO,077,LA LLANADA,VOTOS NO MARCADOS,6
23,NARIÑO,077,LA LLANADA,VOTOS NULOS,37
23,NARIÑO,078,LA TOLA,GUSTAVO PETRO,2015
23,NARIÑO,078,LA TOLA,RODOLFO HERNÁNDEZ,280
23,NARIÑO,078,LA TOLA,VOTOS EN BLANCO,28
23,NARIÑO,078,LA TOLA,VOTOS NO MARCADOS,4
23,NARIÑO,078,LA TOLA,VOTOS NULOS,18
23,NARIÑO,079,LA UNION,GUSTAVO PETRO,9263
23,NARIÑO,079,LA UNION,RODOLFO HERNÁNDEZ,4731
23,NARIÑO,079,LA UNION,VOTOS EN BLANCO,302
23,NARIÑO,079,LA UNION,VOTOS NO MARCADOS,50
23,NARIÑO,079,LA UNION,VOTOS NULOS,381
23,NARIÑO,080,LEIVA,GUSTAVO PETRO,5823
23,NARIÑO,080,LEIVA,RODOLFO HERNÁNDEZ,499
23,NARIÑO,080,LEIVA,VOTOS EN BLANCO,99
23,NARIÑO,080,LEIVA,VOTOS NO MARCADOS,13
23,NARIÑO,080,LEIVA,VOTOS NULOS,48
23,NARIÑO,082,LINARES,GUSTAVO PETRO,5054
23,NARIÑO,082,LINARES,RODOLFO HERNÁNDEZ,737
23,NARIÑO,082,LINARES,VOTOS EN BLANCO,57
23,NARIÑO,082,LINARES,VOTOS NO MARCADOS,9
23,NARIÑO,082,LINARES,VOTOS NULOS,52
23,NARIÑO,085,LOS ANDES (SOTOMAYOR),GUSTAVO PETRO,4725
23,NARIÑO,085,LOS ANDES (SOTOMAYOR),RODOLFO HERNÁNDEZ,603
23,NARIÑO,085,LOS ANDES (SOTOMAYOR),VOTOS EN BLANCO,106
23,NARIÑO,085,LOS ANDES (SOTOMAYOR),VOTOS NO MARCADOS,9
23,NARIÑO,085,LOS ANDES (SOTOMAYOR),VOTOS NULOS,77
23,NARIÑO,088,MAGUI (PAYAN),GUSTAVO PETRO,3344
23,NARIÑO,088,MAGUI (PAYAN),RODOLFO HERNÁNDEZ,93
23,NARIÑO,088,MAGUI (PAYAN),VOTOS EN BLANCO,22
23,NARIÑO,088,MAGUI (PAYAN),VOTOS NO MARCADOS,7
23,NARIÑO,088,MAGUI (PAYAN),VOTOS NULOS,26
23,NARIÑO,091,MALLAMA (PIEDRANCHA),GUSTAVO PETRO,3801
23,NARIÑO,091,MALLAMA (PIEDRANCHA),RODOLFO HERNÁNDEZ,345
23,NARIÑO,091,MALLAMA (PIEDRANCHA),VOTOS EN BLANCO,63
23,NARIÑO,091,MALLAMA (PIEDRANCHA),VOTOS NO MARCADOS,6
23,NARIÑO,091,MALLAMA (PIEDRANCHA),VOTOS NULOS,37
23,NARIÑO,094,MOSQUERA,GUSTAVO PETRO,3137
23,NARIÑO,094,MOSQUERA,RODOLFO HERNÁNDEZ,133
23,NARIÑO,094,MOSQUERA,VOTOS EN BLANCO,25
23,NARIÑO,094,MOSQUERA,VOTOS NO MARCADOS,4
23,NARIÑO,094,MOSQUERA,VOTOS NULOS,19
23,NARIÑO,095,OLAYA HERRERA,GUSTAVO PETRO,6889
23,NARIÑO,095,OLAYA HERRERA,RODOLFO HERNÁNDEZ,619
23,NARIÑO,095,OLAYA HERRERA,VOTOS EN BLANCO,102
23,NARIÑO,095,OLAYA HERRERA,VOTOS NO MARCADOS,16
23,NARIÑO,095,OLAYA HERRERA,VOTOS NULOS,152
23,NARIÑO,096,NARIÑO,GUSTAVO PETRO,2713
23,NARIÑO,096,NARIÑO,RODOLFO HERNÁNDEZ,629
23,NARIÑO,096,NARIÑO,VOTOS EN BLANCO,54
23,NARIÑO,096,NARIÑO,VOTOS NO MARCADOS,6
23,NARIÑO,096,NARIÑO,VOTOS NULOS,76
23,NARIÑO,097,OSPINA,GUSTAVO PETRO,2434
23,NARIÑO,097,OSPINA,RODOLFO HERNÁNDEZ,919
23,NARIÑO,097,OSPINA,VOTOS EN BLANCO,97
23,NARIÑO,097,OSPINA,VOTOS NO MARCADOS,5
23,NARIÑO,097,OSPINA,VOTOS NULOS,57
23,NARIÑO,098,POLICARPA,GUSTAVO PETRO,7805
23,NARIÑO,098,POLICARPA,RODOLFO HERNÁNDEZ,328
23,NARIÑO,098,POLICARPA,VOTOS EN BLANCO,93
23,NARIÑO,098,POLICARPA,VOTOS NO MARCADOS,12
23,NARIÑO,098,POLICARPA,VOTOS NULOS,72
23,NARIÑO,100,POTOSI,GUSTAVO PETRO,4633
23,NARIÑO,100,POTOSI,RODOLFO HERNÁNDEZ,1419
23,NARIÑO,100,POTOSI,VOTOS EN BLANCO,106
23,NARIÑO,100,POTOSI,VOTOS NO MARCADOS,16
23,NARIÑO,100,POTOSI,VOTOS NULOS,61
23,NARIÑO,101,PROVIDENCIA,GUSTAVO PETRO,3257
23,NARIÑO,101,PROVIDENCIA,RODOLFO HERNÁNDEZ,196
23,NARIÑO,101,PROVIDENCIA,VOTOS EN BLANCO,25
23,NARIÑO,101,PROVIDENCIA,VOTOS NULOS,4
23,NARIÑO,103,PUERRES,GUSTAVO PETRO,4428
23,NARIÑO,103,PUERRES,RODOLFO HERNÁNDEZ,900
23,NARIÑO,103,PUERRES,VOTOS EN BLANCO,58
23,NARIÑO,103,PUERRES,VOTOS NO MARCADOS,5
23,NARIÑO,103,PUERRES,VOTOS NULOS,44
23,NARIÑO,106,PUPIALES,GUSTAVO PETRO,7080
23,NARIÑO,106,PUPIALES,RODOLFO HERNÁNDEZ,2798
23,NARIÑO,106,PUPIALES,VOTOS EN BLANCO,217
23,NARIÑO,106,PUPIALES,VOTOS NO MARCADOS,22
23,NARIÑO,106,PUPIALES,VOTOS NULOS,198
23,NARIÑO,109,RICAURTE,GUSTAVO PETRO,8833
23,NARIÑO,109,RICAURTE,RODOLFO HERNÁNDEZ,637
23,NARIÑO,109,RICAURTE,VOTOS EN BLANCO,90
23,NARIÑO,109,RICAURTE,VOTOS NO MARCADOS,14
23,NARIÑO,109,RICAURTE,VOTOS NULOS,57
23,NARIÑO,112,ROBERTO PAYAN (SAN JOSE),GUSTAVO PETRO,4732
23,NARIÑO,112,ROBERTO PAYAN (SAN JOSE),RODOLFO HERNÁNDEZ,177
23,NARIÑO,112,ROBERTO PAYAN (SAN JOSE),VOTOS EN BLANCO,24
23,NARIÑO,112,ROBERTO PAYAN (SAN JOSE),VOTOS NO MARCADOS,1
23,NARIÑO,112,ROBERTO PAYAN (SAN JOSE),VOTOS NULOS,29
23,NARIÑO,115,SAMANIEGO,GUSTAVO PETRO,14596
23,NARIÑO,115,SAMANIEGO,RODOLFO HERNÁNDEZ,1114
23,NARIÑO,115,SAMANIEGO,VOTOS EN BLANCO,174
23,NARIÑO,115,SAMANIEGO,VOTOS NO MARCADOS,16
23,NARIÑO,115,SAMANIEGO,VOTOS NULOS,109
23,NARIÑO,118,SANDONA,GUSTAVO PETRO,9030
23,NARIÑO,118,SANDONA,RODOLFO HERNÁNDEZ,1958
23,NARIÑO,118,SANDONA,VOTOS EN BLANCO,198
23,NARIÑO,118,SANDONA,VOTOS NO MARCADOS,20
23,NARIÑO,118,SANDONA,VOTOS NULOS,176
23,NARIÑO,120,SAN BERNARDO,GUSTAVO PETRO,2761
23,NARIÑO,120,SAN BERNARDO,RODOLFO HERNÁNDEZ,1566
23,NARIÑO,120,SAN BERNARDO,VOTOS EN BLANCO,116
23,NARIÑO,120,SAN BERNARDO,VOTOS NO MARCADOS,11
23,NARIÑO,120,SAN BERNARDO,VOTOS NULOS,64
23,NARIÑO,121,SAN LORENZO,GUSTAVO PETRO,6632
23,NARIÑO,121,SAN LORENZO,RODOLFO HERNÁNDEZ,1940
23,NARIÑO,121,SAN LORENZO,VOTOS EN BLANCO,172
23,NARIÑO,121,SAN LORENZO,VOTOS NO MARCADOS,25
23,NARIÑO,121,SAN LORENZO,VOTOS NULOS,216
23,NARIÑO,123,SAN PEDRO DE CARTAGO,GUSTAVO PETRO,1870
23,NARIÑO,123,SAN PEDRO DE CARTAGO,RODOLFO HERNÁNDEZ,1505
23,NARIÑO,123,SAN PEDRO DE CARTAGO,VOTOS EN BLANCO,96
23,NARIÑO,123,SAN PEDRO DE CARTAGO,VOTOS NO MARCADOS,15
23,NARIÑO,123,SAN PEDRO DE CARTAGO,VOTOS NULOS,102
23,NARIÑO,124,SAN PABLO,GUSTAVO PETRO,7366
23,NARIÑO,124,SAN PABLO,RODOLFO HERNÁNDEZ,735
23,NARIÑO,124,SAN PABLO,VOTOS EN BLANCO,85
23,NARIÑO,124,SAN PABLO,VOTOS NO MARCADOS,16
23,NARIÑO,124,SAN PABLO,VOTOS NULOS,65
23,NARIÑO,125,SANTA BARBARA (ISCUANDE),GUSTAVO PETRO,2609
23,NARIÑO,125,SANTA BARBARA (ISCUANDE),RODOLFO HERNÁNDEZ,276
23,NARIÑO,125,SANTA BARBARA (ISCUANDE),VOTOS EN BLANCO,25
23,NARIÑO,125,SANTA BARBARA (ISCUANDE),VOTOS NO MARCADOS,1
23,NARIÑO,125,SANTA BARBARA (ISCUANDE),VOTOS NULOS,18
23,NARIÑO,127,SANTACRUZ (GUACHAVES),GUSTAVO PETRO,4623
23,NARIÑO,127,SANTACRUZ (GUACHAVES),RODOLFO HERNÁNDEZ,333
23,NARIÑO,127,SANTACRUZ (GUACHAVES),VOTOS EN BLANCO,38
23,NARIÑO,127,SANTACRUZ (GUACHAVES),VOTOS NO MARCADOS,5
23,NARIÑO,127,SANTACRUZ (GUACHAVES),VOTOS NULOS,33
23,NARIÑO,130,SAPUYES,GUSTAVO PETRO,3021
23,NARIÑO,130,SAPUYES,RODOLFO HERNÁNDEZ,785
23,NARIÑO,130,SAPUYES,VOTOS EN BLANCO,68
23,NARIÑO,130,SAPUYES,VOTOS NO MARCADOS,8
23,NARIÑO,130,SAPUYES,VOTOS NULOS,41
23,NARIÑO,133,TAMINANGO,GUSTAVO PETRO,8673
23,NARIÑO,133,TAMINANGO,RODOLFO HERNÁNDEZ,835
23,NARIÑO,133,TAMINANGO,VOTOS EN BLANCO,91
23,NARIÑO,133,TAMINANGO,VOTOS NO MARCADOS,4
23,NARIÑO,133,TAMINANGO,VOTOS NULOS,58
23,NARIÑO,136,TANGUA,GUSTAVO PETRO,5107
23,NARIÑO,136,TANGUA,RODOLFO HERNÁNDEZ,970
23,NARIÑO,136,TANGUA,VOTOS EN BLANCO,68
23,NARIÑO,136,TANGUA,VOTOS NO MARCADOS,7
23,NARIÑO,136,TANGUA,VOTOS NULOS,56
23,NARIÑO,139,TUMACO,GUSTAVO PETRO,41053
23,NARIÑO,139,TUMACO,RODOLFO HERNÁNDEZ,13310
23,NARIÑO,139,TUMACO,VOTOS EN BLANCO,1288
23,NARIÑO,139,TUMACO,VOTOS NO MARCADOS,155
23,NARIÑO,139,TUMACO,VOTOS NULOS,1022
23,NARIÑO,142,TUQUERRES,GUSTAVO PETRO,19930
23,NARIÑO,142,TUQUERRES,RODOLFO HERNÁNDEZ,2866
23,NARIÑO,142,TUQUERRES,VOTOS EN BLANCO,335
23,NARIÑO,142,TUQUERRES,VOTOS NO MARCADOS,23
23,NARIÑO,142,TUQUERRES,VOTOS NULOS,296
23,NARIÑO,145,YACUANQUER,GUSTAVO PETRO,5126
23,NARIÑO,145,YACUANQUER,RODOLFO HERNÁNDEZ,910
23,NARIÑO,145,YACUANQUER,VOTOS EN BLANCO,88
23,NARIÑO,145,YACUANQUER,VOTOS NO MARCADOS,13
23,NARIÑO,145,YACUANQUER,VOTOS NULOS,115
24,RISARALDA,001,PEREIRA,GUSTAVO PETRO,114065
24,RISARALDA,001,PEREIRA,RODOLFO HERNÁNDEZ,125876
24,RISARALDA,001,PEREIRA,VOTOS EN BLANCO,6985
24,RISARALDA,001,PEREIRA,VOTOS NO MARCADOS,341
24,RISARALDA,001,PEREIRA,VOTOS NULOS,4429
24,RISARALDA,008,APIA,GUSTAVO PETRO,1746
24,RISARALDA,008,APIA,RODOLFO HERNÁNDEZ,3792
24,RISARALDA,008,APIA,VOTOS EN BLANCO,173
24,RISARALDA,008,APIA,VOTOS NO MARCADOS,20
24,RISARALDA,008,APIA,VOTOS NULOS,140
24,RISARALDA,013,BALBOA,GUSTAVO PETRO,945
24,RISARALDA,013,BALBOA,RODOLFO HERNÁNDEZ,1831
24,RISARALDA,013,BALBOA,VOTOS EN BLANCO,56
24,RISARALDA,013,BALBOA,VOTOS NO MARCADOS,8
24,RISARALDA,013,BALBOA,VOTOS NULOS,64
24,RISARALDA,021,BELEN DE UMBRIA,GUSTAVO PETRO,3562
24,RISARALDA,021,BELEN DE UMBRIA,RODOLFO HERNÁNDEZ,7684
24,RISARALDA,021,BELEN DE UMBRIA,VOTOS EN BLANCO,350
24,RISARALDA,021,BELEN DE UMBRIA,VOTOS NO MARCADOS,40
24,RISARALDA,021,BELEN DE UMBRIA,VOTOS NULOS,274
24,RISARALDA,025,DOSQUEBRADAS,GUSTAVO PETRO,49780
24,RISARALDA,025,DOSQUEBRADAS,RODOLFO HERNÁNDEZ,47943
24,RISARALDA,025,DOSQUEBRADAS,VOTOS EN BLANCO,2909
24,RISARALDA,025,DOSQUEBRADAS,VOTOS NO MARCADOS,122
24,RISARALDA,025,DOSQUEBRADAS,VOTOS NULOS,2153
24,RISARALDA,029,GUATICA,GUSTAVO PETRO,1848
24,RISARALDA,029,GUATICA,RODOLFO HERNÁNDEZ,4009
24,RISARALDA,029,GUATICA,VOTOS EN BLANCO,165
24,RISARALDA,029,GUATICA,VOTOS NO MARCADOS,14
24,RISARALDA,029,GUATICA,VOTOS NULOS,145
24,RISARALDA,038,LA CELIA,GUSTAVO PETRO,1033
24,RISARALDA,038,LA CELIA,RODOLFO HERNÁNDEZ,2632
24,RISARALDA,038,LA CELIA,VOTOS EN BLANCO,68
24,RISARALDA,038,LA CELIA,VOTOS NO MARCADOS,13
24,RISARALDA,038,LA CELIA,VOTOS NULOS,64
24,RISARALDA,046,LA VIRGINIA,GUSTAVO PETRO,8762
24,RISARALDA,046,LA VIRGINIA,RODOLFO HERNÁNDEZ,7888
24,RISARALDA,046,LA VIRGINIA,VOTOS EN BLANCO,497
24,RISARALDA,046,LA VIRGINIA,VOTOS NO MARCADOS,39
24,RISARALDA,046,LA VIRGINIA,VOTOS NULOS,472
24,RISARALDA,054,MARSELLA,GUSTAVO PETRO,3113
24,RISARALDA,054,MARSELLA,RODOLFO HERNÁNDEZ,4857
24,RISARALDA,054,MARSELLA,VOTOS EN BLANCO,203
24,RISARALDA,054,MARSELLA,VOTOS NO MARCADOS,32
24,RISARALDA,054,MARSELLA,VOTOS NULOS,180
24,RISARALDA,062,MISTRATO,GUSTAVO PETRO,3564
24,RISARALDA,062,MISTRATO,RODOLFO HERNÁNDEZ,2923
24,RISARALDA,062,MISTRATO,VOTOS EN BLANCO,129
24,RISARALDA,062,MISTRATO,VOTOS NO MARCADOS,29
24,RISARALDA,062,MISTRATO,VOTOS NULOS,141
24,RISARALDA,070,PUEBLO RICO,GUSTAVO PETRO,3943
24,RISARALDA,070,PUEBLO RICO,RODOLFO HERNÁNDEZ,1613
24,RISARALDA,070,PUEBLO RICO,VOTOS EN BLANCO,113
24,RISARALDA,070,PUEBLO RICO,VOTOS NO MARCADOS,22
24,RISARALDA,070,PUEBLO RICO,VOTOS NULOS,101
24,RISARALDA,078,QUINCHIA,GUSTAVO PETRO,6500
24,RISARALDA,078,QUINCHIA,RODOLFO HERNÁNDEZ,4702
24,RISARALDA,078,QUINCHIA,VOTOS EN BLANCO,362
24,RISARALDA,078,QUINCHIA,VOTOS NO MARCADOS,68
24,RISARALDA,078,QUINCHIA,VOTOS NULOS,443
24,RISARALDA,086,SANTA ROSA DE CABAL,GUSTAVO PETRO,15974
24,RISARALDA,086,SANTA ROSA DE CABAL,RODOLFO HERNÁNDEZ,21139
24,RISARALDA,086,SANTA ROSA DE CABAL,VOTOS EN BLANCO,1051
24,RISARALDA,086,SANTA ROSA DE CABAL,VOTOS NO MARCADOS,66
24,RISARALDA,086,SANTA ROSA DE CABAL,VOTOS NULOS,958
24,RISARALDA,094,SANTUARIO,GUSTAVO PETRO,1621
24,RISARALDA,094,SANTUARIO,RODOLFO HERNÁNDEZ,3866
24,RISARALDA,094,SANTUARIO,VOTOS EN BLANCO,135
24,RISARALDA,094,SANTUARIO,VOTOS NO MARCADOS,27
24,RISARALDA,094,SANTUARIO,VOTOS NULOS,156
25,NORTE DE SAN,001,CUCUTA,GUSTAVO PETRO,63919
25,NORTE DE SAN,001,CUCUTA,RODOLFO HERNÁNDEZ,285510
25,NORTE DE SAN,001,CUCUTA,VOTOS EN BLANCO,4780
25,NORTE DE SAN,001,CUCUTA,VOTOS NO MARCADOS,179
25,NORTE DE SAN,001,CUCUTA,VOTOS NULOS,2559
25,NORTE DE SAN,004,ABREGO,GUSTAVO PETRO,2428
25,NORTE DE SAN,004,ABREGO,RODOLFO HERNÁNDEZ,11604
25,NORTE DE SAN,004,ABREGO,VOTOS EN BLANCO,104
25,NORTE DE SAN,004,ABREGO,VOTOS NO MARCADOS,10
25,NORTE DE SAN,004,ABREGO,VOTOS NULOS,71
25,NORTE DE SAN,007,ARBOLEDAS,GUSTAVO PETRO,394
25,NORTE DE SAN,007,ARBOLEDAS,RODOLFO HERNÁNDEZ,4294
25,NORTE DE SAN,007,ARBOLEDAS,VOTOS EN BLANCO,39
25,NORTE DE SAN,007,ARBOLEDAS,VOTOS NO MARCADOS,10
25,NORTE DE SAN,007,ARBOLEDAS,VOTOS NULOS,29
25,NORTE DE SAN,010,BOCHALEMA,GUSTAVO PETRO,574
25,NORTE DE SAN,010,BOCHALEMA,RODOLFO HERNÁNDEZ,4263
25,NORTE DE SAN,010,BOCHALEMA,VOTOS EN BLANCO,42
25,NORTE DE SAN,010,BOCHALEMA,VOTOS NO MARCADOS,4
25,NORTE DE SAN,010,BOCHALEMA,VOTOS NULOS,20
25,NORTE DE SAN,013,BUCARASICA,GUSTAVO PETRO,164
25,NORTE DE SAN,013,BUCARASICA,RODOLFO HERNÁNDEZ,2213
25,NORTE DE SAN,013,BUCARASICA,VOTOS EN BLANCO,30
25,NORTE DE SAN,013,BUCARASICA,VOTOS NO MARCADOS,8
25,NORTE DE SAN,013,BUCARASICA,VOTOS NULOS,6
25,NORTE DE SAN,016,CACOTA,GUSTAVO PETRO,198
25,NORTE DE SAN,016,CACOTA,RODOLFO HERNÁNDEZ,1437
25,NORTE DE SAN,016,CACOTA,VOTOS EN BLANCO,22
25,NORTE DE SAN,016,CACOTA,VOTOS NO MARCADOS,2
25,NORTE DE SAN,016,CACOTA,VOTOS NULOS,7
25,NORTE DE SAN,019,CACHIRA,GUSTAVO PETRO,288
25,NORTE DE SAN,019,CACHIRA,RODOLFO HERNÁNDEZ,4264
25,NORTE DE SAN,019,CACHIRA,VOTOS EN BLANCO,40
25,NORTE DE SAN,019,CACHIRA,VOTOS NO MARCADOS,5
25,NORTE DE SAN,019,CACHIRA,VOTOS NULOS,10
25,NORTE DE SAN,022,CONVENCION,GUSTAVO PETRO,3197
25,NORTE DE SAN,022,CONVENCION,RODOLFO HERNÁNDEZ,3880
25,NORTE DE SAN,022,CONVENCION,VOTOS EN BLANCO,114
25,NORTE DE SAN,022,CONVENCION,VOTOS NO MARCADOS,15
25,NORTE DE SAN,022,CONVENCION,VOTOS NULOS,88
25,NORTE DE SAN,025,CUCUTILLA,GUSTAVO PETRO,351
25,NORTE DE SAN,025,CUCUTILLA,RODOLFO HERNÁNDEZ,3728
25,NORTE DE SAN,025,CUCUTILLA,VOTOS EN BLANCO,54
25,NORTE DE SAN,025,CUCUTILLA,VOTOS NO MARCADOS,8
25,NORTE DE SAN,025,CUCUTILLA,VOTOS NULOS,32
25,NORTE DE SAN,028,CHINACOTA,GUSTAVO PETRO,1544
25,NORTE DE SAN,028,CHINACOTA,RODOLFO HERNÁNDEZ,7581
25,NORTE DE SAN,028,CHINACOTA,VOTOS EN BLANCO,125
25,NORTE DE SAN,028,CHINACOTA,VOTOS NO MARCADOS,6
25,NORTE DE SAN,028,CHINACOTA,VOTOS NULOS,55
25,NORTE DE SAN,031,CHITAGA,GUSTAVO PETRO,518
25,NORTE DE SAN,031,CHITAGA,RODOLFO HERNÁNDEZ,4875
25,NORTE DE SAN,031,CHITAGA,VOTOS EN BLANCO,48
25,NORTE DE SAN,031,CHITAGA,VOTOS NO MARCADOS,16
25,NORTE DE SAN,031,CHITAGA,VOTOS NULOS,34
25,NORTE DE SAN,034,DURANIA,GUSTAVO PETRO,314
25,NORTE DE SAN,034,DURANIA,RODOLFO HERNÁNDEZ,2600
25,NORTE DE SAN,034,DURANIA,VOTOS EN BLANCO,36
25,NORTE DE SAN,034,DURANIA,VOTOS NO MARCADOS,3
25,NORTE DE SAN,034,DURANIA,VOTOS NULOS,17
25,NORTE DE SAN,036,EL TARRA,GUSTAVO PETRO,6617
25,NORTE DE SAN,036,EL TARRA,RODOLFO HERNÁNDEZ,1385
25,NORTE DE SAN,036,EL TARRA,VOTOS EN BLANCO,149
25,NORTE DE SAN,036,EL TARRA,VOTOS NO MARCADOS,14
25,NORTE DE SAN,036,EL TARRA,VOTOS NULOS,78
25,NORTE DE SAN,037,EL CARMEN,GUSTAVO PETRO,1321
25,NORTE DE SAN,037,EL CARMEN,RODOLFO HERNÁNDEZ,3620
25,NORTE DE SAN,037,EL CARMEN,VOTOS EN BLANCO,42
25,NORTE DE SAN,037,EL CARMEN,VOTOS NO MARCADOS,5
25,NORTE DE SAN,037,EL CARMEN,VOTOS NULOS,34
25,NORTE DE SAN,038,EL ZULIA,GUSTAVO PETRO,1709
25,NORTE DE SAN,038,EL ZULIA,RODOLFO HERNÁNDEZ,11790
25,NORTE DE SAN,038,EL ZULIA,VOTOS EN BLANCO,133
25,NORTE DE SAN,038,EL ZULIA,VOTOS NO MARCADOS,10
25,NORTE DE SAN,038,EL ZULIA,VOTOS NULOS,100
25,NORTE DE SAN,040,GRAMALOTE,GUSTAVO PETRO,325
25,NORTE DE SAN,040,GRAMALOTE,RODOLFO HERNÁNDEZ,3177
25,NORTE DE SAN,040,GRAMALOTE,VOTOS EN BLANCO,24
25,NORTE DE SAN,040,GRAMALOTE,VOTOS NO MARCADOS,4
25,NORTE DE SAN,040,GRAMALOTE,VOTOS NULOS,7
25,NORTE DE SAN,043,HACARI,GUSTAVO PETRO,3194
25,NORTE DE SAN,043,HACARI,RODOLFO HERNÁNDEZ,834
25,NORTE DE SAN,043,HACARI,VOTOS EN BLANCO,41
25,NORTE DE SAN,043,HACARI,VOTOS NO MARCADOS,6
25,NORTE DE SAN,043,HACARI,VOTOS NULOS,27
25,NORTE DE SAN,046,HERRAN,GUSTAVO PETRO,109
25,NORTE DE SAN,046,HERRAN,RODOLFO HERNÁNDEZ,1941
25,NORTE DE SAN,046,HERRAN,VOTOS EN BLANCO,10
25,NORTE DE SAN,046,HERRAN,VOTOS NO MARCADOS,2
25,NORTE DE SAN,046,HERRAN,VOTOS NULOS,5
25,NORTE DE SAN,049,LABATECA,GUSTAVO PETRO,261
25,NORTE DE SAN,049,LABATECA,RODOLFO HERNÁNDEZ,2791
25,NORTE DE SAN,049,LABATECA,VOTOS EN BLANCO,20
25,NORTE DE SAN,049,LABATECA,VOTOS NO MARCADOS,5
25,NORTE DE SAN,049,LABATECA,VOTOS NULOS,12
25,NORTE DE SAN,051,LA ESPERANZA,GUSTAVO PETRO,786
25,NORTE DE SAN,051,LA ESPERANZA,RODOLFO HERNÁNDEZ,4601
25,NORTE DE SAN,051,LA ESPERANZA,VOTOS EN BLANCO,29
25,NORTE DE SAN,051,LA ESPERANZA,VOTOS NO MARCADOS,6
25,NORTE DE SAN,051,LA ESPERANZA,VOTOS NULOS,29
25,NORTE DE SAN,052,LA PLAYA,GUSTAVO PETRO,832
25,NORTE DE SAN,052,LA PLAYA,RODOLFO HERNÁNDEZ,2433
25,NORTE DE SAN,052,LA PLAYA,VOTOS EN BLANCO,31
25,NORTE DE SAN,052,LA PLAYA,VOTOS NO MARCADOS,5
25,NORTE DE SAN,052,LA PLAYA,VOTOS NULOS,24
25,NORTE DE SAN,054,LOS PATIOS,GUSTAVO PETRO,8017
25,NORTE DE SAN,054,LOS PATIOS,RODOLFO HERNÁNDEZ,36236
25,NORTE DE SAN,054,LOS PATIOS,VOTOS EN BLANCO,593
25,NORTE DE SAN,054,LOS PATIOS,VOTOS NO MARCADOS,9
25,NORTE DE SAN,054,LOS PATIOS,VOTOS NULOS,313
25,NORTE DE SAN,055,LOURDES,GUSTAVO PETRO,139
25,NORTE DE SAN,055,LOURDES,RODOLFO HERNÁNDEZ,2167
25,NORTE DE SAN,055,LOURDES,VOTOS EN BLANCO,19
25,NORTE DE SAN,055,LOURDES,VOTOS NO MARCADOS,3
25,NORTE DE SAN,055,LOURDES,VOTOS NULOS,13
25,NORTE DE SAN,058,MUTISCUA,GUSTAVO PETRO,128
25,NORTE DE SAN,058,MUTISCUA,RODOLFO HERNÁNDEZ,2046
25,NORTE DE SAN,058,MUTISCUA,VOTOS EN BLANCO,18
25,NORTE DE SAN,058,MUTISCUA,VOTOS NO MARCADOS,3
25,NORTE DE SAN,058,MUTISCUA,VOTOS NULOS,9
25,NORTE DE SAN,061,OCAÑA,GUSTAVO PETRO,14609
25,NORTE DE SAN,061,OCAÑA,RODOLFO HERNÁNDEZ,36792
25,NORTE DE SAN,061,OCAÑA,VOTOS EN BLANCO,748
25,NORTE DE SAN,061,OCAÑA,VOTOS NO MARCADOS,33
25,NORTE DE SAN,061,OCAÑA,VOTOS NULOS,496
25,NORTE DE SAN,064,PAMPLONA,GUSTAVO PETRO,9230
25,NORTE DE SAN,064,PAMPLONA,RODOLFO HERNÁNDEZ,18311
25,NORTE DE SAN,064,PAMPLONA,VOTOS EN BLANCO,666
25,NORTE DE SAN,064,PAMPLONA,VOTOS NO MARCADOS,18
25,NORTE DE SAN,064,PAMPLONA,VOTOS NULOS,329
25,NORTE DE SAN,067,PAMPLONITA,GUSTAVO PETRO,271
25,NORTE DE SAN,067,PAMPLONITA,RODOLFO HERNÁNDEZ,2765
25,NORTE DE SAN,067,PAMPLONITA,VOTOS EN BLANCO,44
25,NORTE DE SAN,067,PAMPLONITA,VOTOS NO MARCADOS,5
25,NORTE DE SAN,067,PAMPLONITA,VOTOS NULOS,21
25,NORTE DE SAN,069,PUERTO SANTANDER,GUSTAVO PETRO,699
25,NORTE DE SAN,069,PUERTO SANTANDER,RODOLFO HERNÁNDEZ,4380
25,NORTE DE SAN,069,PUERTO SANTANDER,VOTOS EN BLANCO,39
25,NORTE DE SAN,069,PUERTO SANTANDER,VOTOS NO MARCADOS,7
25,NORTE DE SAN,069,PUERTO SANTANDER,VOTOS NULOS,30
25,NORTE DE SAN,070,RAGONVALIA,GUSTAVO PETRO,183
25,NORTE DE SAN,070,RAGONVALIA,RODOLFO HERNÁNDEZ,2933
25,NORTE DE SAN,070,RAGONVALIA,VOTOS EN BLANCO,26
25,NORTE DE SAN,070,RAGONVALIA,VOTOS NO MARCADOS,6
25,NORTE DE SAN,070,RAGONVALIA,VOTOS NULOS,11
25,NORTE DE SAN,073,SALAZAR,GUSTAVO PETRO,464
25,NORTE DE SAN,073,SALAZAR,RODOLFO HERNÁNDEZ,4829
25,NORTE DE SAN,073,SALAZAR,VOTOS EN BLANCO,32
25,NORTE DE SAN,073,SALAZAR,VOTOS NO MARCADOS,2
25,NORTE DE SAN,073,SALAZAR,VOTOS NULOS,31
25,NORTE DE SAN,076,SAN CALIXTO,GUSTAVO PETRO,4037
25,NORTE DE SAN,076,SAN CALIXTO,RODOLFO HERNÁNDEZ,345
25,NORTE DE SAN,076,SAN CALIXTO,VOTOS EN BLANCO,29
25,NORTE DE SAN,076,SAN CALIXTO,VOTOS NO MARCADOS,1
25,NORTE DE SAN,076,SAN CALIXTO,VOTOS NULOS,46
25,NORTE DE SAN,079,SAN CAYETANO,GUSTAVO PETRO,583
25,NORTE DE SAN,079,SAN CAYETANO,RODOLFO HERNÁNDEZ,3803
25,NORTE DE SAN,079,SAN CAYETANO,VOTOS EN BLANCO,35
25,NORTE DE SAN,079,SAN CAYETANO,VOTOS NO MARCADOS,4
25,NORTE DE SAN,079,SAN CAYETANO,VOTOS NULOS,21
25,NORTE DE SAN,082,SANTIAGO,GUSTAVO PETRO,278
25,NORTE DE SAN,082,SANTIAGO,RODOLFO HERNÁNDEZ,1702
25,NORTE DE SAN,082,SANTIAGO,VOTOS EN BLANCO,17
25,NORTE DE SAN,082,SANTIAGO,VOTOS NO MARCADOS,5
25,NORTE DE SAN,082,SANTIAGO,VOTOS NULOS,13
25,NORTE DE SAN,085,SARDINATA,GUSTAVO PETRO,1032
25,NORTE DE SAN,085,SARDINATA,RODOLFO HERNÁNDEZ,9177
25,NORTE DE SAN,085,SARDINATA,VOTOS EN BLANCO,82
25,NORTE DE SAN,085,SARDINATA,VOTOS NO MARCADOS,11
25,NORTE DE SAN,085,SARDINATA,VOTOS NULOS,76
25,NORTE DE SAN,088,SILOS,GUSTAVO PETRO,110
25,NORTE DE SAN,088,SILOS,RODOLFO HERNÁNDEZ,3040
25,NORTE DE SAN,088,SILOS,VOTOS EN BLANCO,25
25,NORTE DE SAN,088,SILOS,VOTOS NO MARCADOS,4
25,NORTE DE SAN,088,SILOS,VOTOS NULOS,8
25,NORTE DE SAN,091,TEORAMA,GUSTAVO PETRO,5576
25,NORTE DE SAN,091,TEORAMA,RODOLFO HERNÁNDEZ,811
25,NORTE DE SAN,091,TEORAMA,VOTOS EN BLANCO,66
25,NORTE DE SAN,091,TEORAMA,VOTOS NO MARCADOS,4
25,NORTE DE SAN,091,TEORAMA,VOTOS NULOS,38
25,NORTE DE SAN,093,TIBU,GUSTAVO PETRO,8394
25,NORTE DE SAN,093,TIBU,RODOLFO HERNÁNDEZ,11428
25,NORTE DE SAN,093,TIBU,VOTOS EN BLANCO,284
25,NORTE DE SAN,093,TIBU,VOTOS NO MARCADOS,30
25,NORTE DE SAN,093,TIBU,VOTOS NULOS,173
25,NORTE DE SAN,094,TOLEDO,GUSTAVO PETRO,798
25,NORTE DE SAN,094,TOLEDO,RODOLFO HERNÁNDEZ,6706
25,NORTE DE SAN,094,TOLEDO,VOTOS EN BLANCO,80
25,NORTE DE SAN,094,TOLEDO,VOTOS NO MARCADOS,11
25,NORTE DE SAN,094,TOLEDO,VOTOS NULOS,59
25,NORTE DE SAN,097,VILLA CARO,GUSTAVO PETRO,216
25,NORTE DE SAN,097,VILLA CARO,RODOLFO HERNÁNDEZ,2161
25,NORTE DE SAN,097,VILLA CARO,VOTOS EN BLANCO,36
25,NORTE DE SAN,097,VILLA CARO,VOTOS NO MARCADOS,1
25,NORTE DE SAN,097,VILLA CARO,VOTOS NULOS,8
25,NORTE DE SAN,100,VILLA DEL ROSARIO,GUSTAVO PETRO,5625
25,NORTE DE SAN,100,VILLA DEL ROSARIO,RODOLFO HERNÁNDEZ,39105
25,NORTE DE SAN,100,VILLA DEL ROSARIO,VOTOS EN BLANCO,449
25,NORTE DE SAN,100,VILLA DEL ROSARIO,VOTOS NO MARCADOS,19
25,NORTE DE SAN,100,VILLA DEL ROSARIO,VOTOS NULOS,260
26,QUINDIO,001,ARMENIA,GUSTAVO PETRO,65371
26,QUINDIO,001,ARMENIA,RODOLFO HERNÁNDEZ,84238
26,QUINDIO,001,ARMENIA,VOTOS EN BLANCO,4865
26,QUINDIO,001,ARMENIA,VOTOS NO MARCADOS,141
26,QUINDIO,001,ARMENIA,VOTOS NULOS,2524
26,QUINDIO,005,BUENAVISTA,GUSTAVO PETRO,566
26,QUINDIO,005,BUENAVISTA,RODOLFO HERNÁNDEZ,924
26,QUINDIO,005,BUENAVISTA,VOTOS EN BLANCO,25
26,QUINDIO,005,BUENAVISTA,VOTOS NO MARCADOS,4
26,QUINDIO,005,BUENAVISTA,VOTOS NULOS,28
26,QUINDIO,010,CALARCA,GUSTAVO PETRO,14177
26,QUINDIO,010,CALARCA,RODOLFO HERNÁNDEZ,20340
26,QUINDIO,010,CALARCA,VOTOS EN BLANCO,1104
26,QUINDIO,010,CALARCA,VOTOS NO MARCADOS,50
26,QUINDIO,010,CALARCA,VOTOS NULOS,844
26,QUINDIO,020,CIRCASIA,GUSTAVO PETRO,5510
26,QUINDIO,020,CIRCASIA,RODOLFO HERNÁNDEZ,8328
26,QUINDIO,020,CIRCASIA,VOTOS EN BLANCO,422
26,QUINDIO,020,CIRCASIA,VOTOS NO MARCADOS,23
26,QUINDIO,020,CIRCASIA,VOTOS NULOS,330
26,QUINDIO,025,CORDOBA,GUSTAVO PETRO,1242
26,QUINDIO,025,CORDOBA,RODOLFO HERNÁNDEZ,1593
26,QUINDIO,025,CORDOBA,VOTOS EN BLANCO,64
26,QUINDIO,025,CORDOBA,VOTOS NO MARCADOS,5
26,QUINDIO,025,CORDOBA,VOTOS NULOS,71
26,QUINDIO,030,FILANDIA,GUSTAVO PETRO,1880
26,QUINDIO,030,FILANDIA,RODOLFO HERNÁNDEZ,3623
26,QUINDIO,030,FILANDIA,VOTOS EN BLANCO,187
26,QUINDIO,030,FILANDIA,VOTOS NO MARCADOS,15
26,QUINDIO,030,FILANDIA,VOTOS NULOS,130
26,QUINDIO,040,GENOVA,GUSTAVO PETRO,1332
26,QUINDIO,040,GENOVA,RODOLFO HERNÁNDEZ,2575
26,QUINDIO,040,GENOVA,VOTOS EN BLANCO,61
26,QUINDIO,040,GENOVA,VOTOS NO MARCADOS,14
26,QUINDIO,040,GENOVA,VOTOS NULOS,83
26,QUINDIO,050,LA TEBAIDA,GUSTAVO PETRO,7578
26,QUINDIO,050,LA TEBAIDA,RODOLFO HERNÁNDEZ,8104
26,QUINDIO,050,LA TEBAIDA,VOTOS EN BLANCO,431
26,QUINDIO,050,LA TEBAIDA,VOTOS NO MARCADOS,42
26,QUINDIO,050,LA TEBAIDA,VOTOS NULOS,602
26,QUINDIO,060,MONTENEGRO,GUSTAVO PETRO,6763
26,QUINDIO,060,MONTENEGRO,RODOLFO HERNÁNDEZ,10462
26,QUINDIO,060,MONTENEGRO,VOTOS EN BLANCO,514
26,QUINDIO,060,MONTENEGRO,VOTOS NO MARCADOS,37
26,QUINDIO,060,MONTENEGRO,VOTOS NULOS,659
26,QUINDIO,070,PIJAO,GUSTAVO PETRO,1037
26,QUINDIO,070,PIJAO,RODOLFO HERNÁNDEZ,1937
26,QUINDIO,070,PIJAO,VOTOS EN BLANCO,69
26,QUINDIO,070,PIJAO,VOTOS NO MARCADOS,10
26,QUINDIO,070,PIJAO,VOTOS NULOS,63
26,QUINDIO,080,QUIMBAYA,GUSTAVO PETRO,6871
26,QUINDIO,080,QUIMBAYA,RODOLFO HERNÁNDEZ,8312
26,QUINDIO,080,QUIMBAYA,VOTOS EN BLANCO,464
26,QUINDIO,080,QUIMBAYA,VOTOS NO MARCADOS,44
26,QUINDIO,080,QUIMBAYA,VOTOS NULOS,430
26,QUINDIO,090,SALENTO,GUSTAVO PETRO,1214
26,QUINDIO,090,SALENTO,RODOLFO HERNÁNDEZ,2246
26,QUINDIO,090,SALENTO,VOTOS EN BLANCO,110
26,QUINDIO,090,SALENTO,VOTOS NO MARCADOS,3
26,QUINDIO,090,SALENTO,VOTOS NULOS,64
27,SANTANDER,001,BUCARAMANGA,GUSTAVO PETRO,86226
27,SANTANDER,001,BUCARAMANGA,RODOLFO HERNÁNDEZ,252464
27,SANTANDER,001,BUCARAMANGA,VOTOS EN BLANCO,3894
27,SANTANDER,001,BUCARAMANGA,VOTOS NO MARCADOS,93
27,SANTANDER,001,BUCARAMANGA,VOTOS NULOS,1370
27,SANTANDER,004,AGUADA,GUSTAVO PETRO,96
27,SANTANDER,004,AGUADA,RODOLFO HERNÁNDEZ,825
27,SANTANDER,004,AGUADA,VOTOS EN BLANCO,11
27,SANTANDER,004,AGUADA,VOTOS NULOS,4
27,SANTANDER,007,ALBANIA,GUSTAVO PETRO,404
27,SANTANDER,007,ALBANIA,RODOLFO HERNÁNDEZ,1610
27,SANTANDER,007,ALBANIA,VOTOS EN BLANCO,12
27,SANTANDER,007,ALBANIA,VOTOS NO MARCADOS,8
27,SANTANDER,007,ALBANIA,VOTOS NULOS,14
27,SANTANDER,010,ARATOCA,GUSTAVO PETRO,559
27,SANTANDER,010,ARATOCA,RODOLFO HERNÁNDEZ,4166
27,SANTANDER,010,ARATOCA,VOTOS EN BLANCO,43
27,SANTANDER,010,ARATOCA,VOTOS NO MARCADOS,5
27,SANTANDER,010,ARATOCA,VOTOS NULOS,26
27,SANTANDER,013,BARBOSA,GUSTAVO PETRO,5353
27,SANTANDER,013,BARBOSA,RODOLFO HERNÁNDEZ,11534
27,SANTANDER,013,BARBOSA,VOTOS EN BLANCO,171
27,SANTANDER,013,BARBOSA,VOTOS NO MARCADOS,6
27,SANTANDER,013,BARBOSA,VOTOS NULOS,116
27,SANTANDER,016,BARICHARA,GUSTAVO PETRO,1023
27,SANTANDER,016,BARICHARA,RODOLFO HERNÁNDEZ,4047
27,SANTANDER,016,BARICHARA,VOTOS EN BLANCO,62
27,SANTANDER,016,BARICHARA,VOTOS NO MARCADOS,3
27,SANTANDER,016,BARICHARA,VOTOS NULOS,15
27,SANTANDER,019,BARRANCABERMEJA,GUSTAVO PETRO,70754
27,SANTANDER,019,BARRANCABERMEJA,RODOLFO HERNÁNDEZ,45868
27,SANTANDER,019,BARRANCABERMEJA,VOTOS EN BLANCO,1881
27,SANTANDER,019,BARRANCABERMEJA,VOTOS NO MARCADOS,78
27,SANTANDER,019,BARRANCABERMEJA,VOTOS NULOS,1548
27,SANTANDER,022,BETULIA,GUSTAVO PETRO,356
27,SANTANDER,022,BETULIA,RODOLFO HERNÁNDEZ,2376
27,SANTANDER,022,BETULIA,VOTOS EN BLANCO,13
27,SANTANDER,022,BETULIA,VOTOS NO MARCADOS,1
27,SANTANDER,022,BETULIA,VOTOS NULOS,16
27,SANTANDER,025,BOLIVAR,GUSTAVO PETRO,1235
27,SANTANDER,025,BOLIVAR,RODOLFO HERNÁNDEZ,3458
27,SANTANDER,025,BOLIVAR,VOTOS EN BLANCO,37
27,SANTANDER,025,BOLIVAR,VOTOS NO MARCADOS,10
27,SANTANDER,025,BOLIVAR,VOTOS NULOS,49
27,SANTANDER,028,CABRERA,GUSTAVO PETRO,80
27,SANTANDER,028,CABRERA,RODOLFO HERNÁNDEZ,1186
27,SANTANDER,028,CABRERA,VOTOS EN BLANCO,8
27,SANTANDER,028,CABRERA,VOTOS NO MARCADOS,1
27,SANTANDER,028,CABRERA,VOTOS NULOS,3
27,SANTANDER,031,CALIFORNIA,GUSTAVO PETRO,116
27,SANTANDER,031,CALIFORNIA,RODOLFO HERNÁNDEZ,993
27,SANTANDER,031,CALIFORNIA,VOTOS EN BLANCO,17
27,SANTANDER,031,CALIFORNIA,VOTOS NO MARCADOS,1
27,SANTANDER,031,CALIFORNIA,VOTOS NULOS,2
27,SANTANDER,034,CAPITANEJO,GUSTAVO PETRO,379
27,SANTANDER,034,CAPITANEJO,RODOLFO HERNÁNDEZ,2717
27,SANTANDER,034,CAPITANEJO,VOTOS EN BLANCO,27
27,SANTANDER,034,CAPITANEJO,VOTOS NO MARCADOS,6
27,SANTANDER,034,CAPITANEJO,VOTOS NULOS,14
27,SANTANDER,037,CARCASI,GUSTAVO PETRO,193
27,SANTANDER,037,CARCASI,RODOLFO HERNÁNDEZ,2040
27,SANTANDER,037,CARCASI,VOTOS EN BLANCO,21
27,SANTANDER,037,CARCASI,VOTOS NO MARCADOS,5
27,SANTANDER,037,CARCASI,VOTOS NULOS,8
27,SANTANDER,040,CEPITA,GUSTAVO PETRO,166
27,SANTANDER,040,CEPITA,RODOLFO HERNÁNDEZ,1267
27,SANTANDER,040,CEPITA,VOTOS EN BLANCO,13
27,SANTANDER,040,CEPITA,VOTOS NULOS,1
27,SANTANDER,043,CERRITO,GUSTAVO PETRO,396
27,SANTANDER,043,CERRITO,RODOLFO HERNÁNDEZ,2901
27,SANTANDER,043,CERRITO,VOTOS EN BLANCO,48
27,SANTANDER,043,CERRITO,VOTOS NO MARCADOS,4
27,SANTANDER,043,CERRITO,VOTOS NULOS,22
27,SANTANDER,045,CIMITARRA,GUSTAVO PETRO,4016
27,SANTANDER,045,CIMITARRA,RODOLFO HERNÁNDEZ,10844
27,SANTANDER,045,CIMITARRA,VOTOS EN BLANCO,189
27,SANTANDER,045,CIMITARRA,VOTOS NO MARCADOS,19
27,SANTANDER,045,CIMITARRA,VOTOS NULOS,201
27,SANTANDER,046,CONCEPCION,GUSTAVO PETRO,510
27,SANTANDER,046,CONCEPCION,RODOLFO HERNÁNDEZ,2738
27,SANTANDER,046,CONCEPCION,VOTOS EN BLANCO,24
27,SANTANDER,046,CONCEPCION,VOTOS NO MARCADOS,3
27,SANTANDER,046,CONCEPCION,VOTOS NULOS,23
27,SANTANDER,049,CONFINES,GUSTAVO PETRO,137
27,SANTANDER,049,CONFINES,RODOLFO HERNÁNDEZ,1815
27,SANTANDER,049,CONFINES,VOTOS EN BLANCO,9
27,SANTANDER,049,CONFINES,VOTOS NO MARCADOS,3
27,SANTANDER,049,CONFINES,VOTOS NULOS,9
27,SANTANDER,052,CONTRATACION,GUSTAVO PETRO,337
27,SANTANDER,052,CONTRATACION,RODOLFO HERNÁNDEZ,1705
27,SANTANDER,052,CONTRATACION,VOTOS EN BLANCO,18
27,SANTANDER,052,CONTRATACION,VOTOS NO MARCADOS,3
27,SANTANDER,052,CONTRATACION,VOTOS NULOS,15
27,SANTANDER,055,COROMORO,GUSTAVO PETRO,288
27,SANTANDER,055,COROMORO,RODOLFO HERNÁNDEZ,2789
27,SANTANDER,055,COROMORO,VOTOS EN BLANCO,9
27,SANTANDER,055,COROMORO,VOTOS NO MARCADOS,6
27,SANTANDER,055,COROMORO,VOTOS NULOS,11
27,SANTANDER,058,CURITI,GUSTAVO PETRO,1238
27,SANTANDER,058,CURITI,RODOLFO HERNÁNDEZ,5982
27,SANTANDER,058,CURITI,VOTOS EN BLANCO,49
27,SANTANDER,058,CURITI,VOTOS NO MARCADOS,4
27,SANTANDER,058,CURITI,VOTOS NULOS,36
27,SANTANDER,061,CHARALA,GUSTAVO PETRO,1226
27,SANTANDER,061,CHARALA,RODOLFO HERNÁNDEZ,5146
27,SANTANDER,061,CHARALA,VOTOS EN BLANCO,50
27,SANTANDER,061,CHARALA,VOTOS NO MARCADOS,4
27,SANTANDER,061,CHARALA,VOTOS NULOS,35
27,SANTANDER,064,CHARTA,GUSTAVO PETRO,199
27,SANTANDER,064,CHARTA,RODOLFO HERNÁNDEZ,2037
27,SANTANDER,064,CHARTA,VOTOS EN BLANCO,10
27,SANTANDER,064,CHARTA,VOTOS NO MARCADOS,1
27,SANTANDER,064,CHARTA,VOTOS NULOS,1
27,SANTANDER,067,CHIMA,GUSTAVO PETRO,144
27,SANTANDER,067,CHIMA,RODOLFO HERNÁNDEZ,1558
27,SANTANDER,067,CHIMA,VOTOS EN BLANCO,4
27,SANTANDER,067,CHIMA,VOTOS NO MARCADOS,2
27,SANTANDER,067,CHIMA,VOTOS NULOS,12
27,SANTANDER,070,CHIPATA,GUSTAVO PETRO,574
27,SANTANDER,070,CHIPATA,RODOLFO HERNÁNDEZ,2050
27,SANTANDER,070,CHIPATA,VOTOS EN BLANCO,34
27,SANTANDER,070,CHIPATA,VOTOS NO MARCADOS,7
27,SANTANDER,070,CHIPATA,VOTOS NULOS,19
27,SANTANDER,071,EL CARMEN,GUSTAVO PETRO,490
27,SANTANDER,071,EL CARMEN,RODOLFO HERNÁNDEZ,7077
27,SANTANDER,071,EL CARMEN,VOTOS EN BLANCO,59
27,SANTANDER,071,EL CARMEN,VOTOS NO MARCADOS,2
27,SANTANDER,071,EL CARMEN,VOTOS NULOS,33
27,SANTANDER,073,EL GUACAMAYO,GUSTAVO PETRO,60
27,SANTANDER,073,EL GUACAMAYO,RODOLFO HERNÁNDEZ,992
27,SANTANDER,073,EL GUACAMAYO,VOTOS EN BLANCO,11
27,SANTANDER,073,EL GUACAMAYO,VOTOS NULOS,4
27,SANTANDER,074,EL PLAYON,GUSTAVO PETRO,885
27,SANTANDER,074,EL PLAYON,RODOLFO HERNÁNDEZ,6267
27,SANTANDER,074,EL PLAYON,VOTOS EN BLANCO,61
27,SANTANDER,074,EL PLAYON,VOTOS NO MARCADOS,5
27,SANTANDER,074,EL PLAYON,VOTOS NULOS,47
27,SANTANDER,075,EL PEÑON,GUSTAVO PETRO,325
27,SANTANDER,075,EL PEÑON,RODOLFO HERNÁNDEZ,1947
27,SANTANDER,075,EL PEÑON,VOTOS EN BLANCO,18
27,SANTANDER,075,EL PEÑON,VOTOS NO MARCADOS,5
27,SANTANDER,075,EL PEÑON,VOTOS NULOS,11
27,SANTANDER,076,ENCINO,GUSTAVO PETRO,93
27,SANTANDER,076,ENCINO,RODOLFO HERNÁNDEZ,1413
27,SANTANDER,076,ENCINO,VOTOS EN BLANCO,3
27,SANTANDER,076,ENCINO,VOTOS NO MARCADOS,1
27,SANTANDER,076,ENCINO,VOTOS NULOS,1
27,SANTANDER,079,ENCISO,GUSTAVO PETRO,268
27,SANTANDER,079,ENCISO,RODOLFO HERNÁNDEZ,1884
27,SANTANDER,079,ENCISO,VOTOS EN BLANCO,11
27,SANTANDER,079,ENCISO,VOTOS NO MARCADOS,2
27,SANTANDER,079,ENCISO,VOTOS NULOS,5
27,SANTANDER,080,FLORIAN,GUSTAVO PETRO,823
27,SANTANDER,080,FLORIAN,RODOLFO HERNÁNDEZ,2469
27,SANTANDER,080,FLORIAN,VOTOS EN BLANCO,12
27,SANTANDER,080,FLORIAN,VOTOS NO MARCADOS,1
27,SANTANDER,080,FLORIAN,VOTOS NULOS,6
27,SANTANDER,082,FLORIDABLANCA,GUSTAVO PETRO,37614
27,SANTANDER,082,FLORIDABLANCA,RODOLFO HERNÁNDEZ,112341
27,SANTANDER,082,FLORIDABLANCA,VOTOS EN BLANCO,1667
27,SANTANDER,082,FLORIDABLANCA,VOTOS NO MARCADOS,38
27,SANTANDER,082,FLORIDABLANCA,VOTOS NULOS,639
27,SANTANDER,085,GALAN,GUSTAVO PETRO,180
27,SANTANDER,085,GALAN,RODOLFO HERNÁNDEZ,1569
27,SANTANDER,085,GALAN,VOTOS EN BLANCO,13
27,SANTANDER,085,GALAN,VOTOS NO MARCADOS,1
27,SANTANDER,085,GALAN,VOTOS NULOS,7
27,SANTANDER,088,GAMBITA,GUSTAVO PETRO,209
27,SANTANDER,088,GAMBITA,RODOLFO HERNÁNDEZ,2026
27,SANTANDER,088,GAMBITA,VOTOS EN BLANCO,8
27,SANTANDER,088,GAMBITA,VOTOS NO MARCADOS,2
27,SANTANDER,088,GAMBITA,VOTOS NULOS,8
27,SANTANDER,091,GIRON,GUSTAVO PETRO,19704
27,SANTANDER,091,GIRON,RODOLFO HERNÁNDEZ,64328
27,SANTANDER,091,GIRON,VOTOS EN BLANCO,927
27,SANTANDER,091,GIRON,VOTOS NO MARCADOS,33
27,SANTANDER,091,GIRON,VOTOS NULOS,386
27,SANTANDER,094,GUACA,GUSTAVO PETRO,275
27,SANTANDER,094,GUACA,RODOLFO HERNÁNDEZ,3182
27,SANTANDER,094,GUACA,VOTOS EN BLANCO,21
27,SANTANDER,094,GUACA,VOTOS NO MARCADOS,6
27,SANTANDER,094,GUACA,VOTOS NULOS,11
27,SANTANDER,097,GUADALUPE,GUSTAVO PETRO,286
27,SANTANDER,097,GUADALUPE,RODOLFO HERNÁNDEZ,2765
27,SANTANDER,097,GUADALUPE,VOTOS EN BLANCO,17
27,SANTANDER,097,GUADALUPE,VOTOS NO MARCADOS,2
27,SANTANDER,097,GUADALUPE,VOTOS NULOS,6
27,SANTANDER,100,GUAPOTA,GUSTAVO PETRO,83
27,SANTANDER,100,GUAPOTA,RODOLFO HERNÁNDEZ,1300
27,SANTANDER,100,GUAPOTA,VOTOS EN BLANCO,9
27,SANTANDER,100,GUAPOTA,VOTOS NULOS,4
27,SANTANDER,103,GUAVATA,GUSTAVO PETRO,839
27,SANTANDER,103,GUAVATA,RODOLFO HERNÁNDEZ,1980
27,SANTANDER,103,GUAVATA,VOTOS EN BLANCO,31
27,SANTANDER,103,GUAVATA,VOTOS NO MARCADOS,2
27,SANTANDER,103,GUAVATA,VOTOS NULOS,19
27,SANTANDER,106,GUEPSA,GUSTAVO PETRO,714
27,SANTANDER,106,GUEPSA,RODOLFO HERNÁNDEZ,1894
27,SANTANDER,106,GUEPSA,VOTOS EN BLANCO,30
27,SANTANDER,106,GUEPSA,VOTOS NO MARCADOS,1
27,SANTANDER,106,GUEPSA,VOTOS NULOS,20
27,SANTANDER,109,HATO,GUSTAVO PETRO,181
27,SANTANDER,109,HATO,RODOLFO HERNÁNDEZ,1173
27,SANTANDER,109,HATO,VOTOS EN BLANCO,10
27,SANTANDER,109,HATO,VOTOS NO MARCADOS,1
27,SANTANDER,109,HATO,VOTOS NULOS,8
27,SANTANDER,112,JESUS MARIA,GUSTAVO PETRO,571
27,SANTANDER,112,JESUS MARIA,RODOLFO HERNÁNDEZ,1476
27,SANTANDER,112,JESUS MARIA,VOTOS EN BLANCO,17
27,SANTANDER,112,JESUS MARIA,VOTOS NO MARCADOS,2
27,SANTANDER,112,JESUS MARIA,VOTOS NULOS,12
27,SANTANDER,115,JORDAN,GUSTAVO PETRO,73
27,SANTANDER,115,JORDAN,RODOLFO HERNÁNDEZ,839
27,SANTANDER,115,JORDAN,VOTOS EN BLANCO,5
27,SANTANDER,115,JORDAN,VOTOS NULOS,1
27,SANTANDER,118,LA PAZ,GUSTAVO PETRO,239
27,SANTANDER,118,LA PAZ,RODOLFO HERNÁNDEZ,2208
27,SANTANDER,118,LA PAZ,VOTOS EN BLANCO,17
27,SANTANDER,118,LA PAZ,VOTOS NO MARCADOS,5
27,SANTANDER,118,LA PAZ,VOTOS NULOS,6
27,SANTANDER,119,LA BELLEZA,GUSTAVO PETRO,521
27,SANTANDER,119,LA BELLEZA,RODOLFO HERNÁNDEZ,3117
27,SANTANDER,119,LA BELLEZA,VOTOS EN BLANCO,44
27,SANTANDER,119,LA BELLEZA,VOTOS NO MARCADOS,1
27,SANTANDER,119,LA BELLEZA,VOTOS NULOS,9
27,SANTANDER,120,LANDAZURI,GUSTAVO PETRO,1198
27,SANTANDER,120,LANDAZURI,RODOLFO HERNÁNDEZ,4429
27,SANTANDER,120,LANDAZURI,VOTOS EN BLANCO,51
27,SANTANDER,120,LANDAZURI,VOTOS NO MARCADOS,4
27,SANTANDER,120,LANDAZURI,VOTOS NULOS,48
27,SANTANDER,121,LEBRIJA,GUSTAVO PETRO,3096
27,SANTANDER,121,LEBRIJA,RODOLFO HERNÁNDEZ,19991
27,SANTANDER,121,LEBRIJA,VOTOS EN BLANCO,188
27,SANTANDER,121,LEBRIJA,VOTOS NO MARCADOS,3
27,SANTANDER,121,LEBRIJA,VOTOS NULOS,122
27,SANTANDER,124,LOS SANTOS,GUSTAVO PETRO,821
27,SANTANDER,124,LOS SANTOS,RODOLFO HERNÁNDEZ,6471
27,SANTANDER,124,LOS SANTOS,VOTOS EN BLANCO,54
27,SANTANDER,124,LOS SANTOS,VOTOS NO MARCADOS,4
27,SANTANDER,124,LOS SANTOS,VOTOS NULOS,31
27,SANTANDER,127,MACARAVITA,GUSTAVO PETRO,124
27,SANTANDER,127,MACARAVITA,RODOLFO HERNÁNDEZ,1193
27,SANTANDER,127,MACARAVITA,VOTOS EN BLANCO,8
27,SANTANDER,127,MACARAVITA,VOTOS NULOS,5
27,SANTANDER,130,MALAGA,GUSTAVO PETRO,2556
27,SANTANDER,130,MALAGA,RODOLFO HERNÁNDEZ,7927
27,SANTANDER,130,MALAGA,VOTOS EN BLANCO,161
27,SANTANDER,130,MALAGA,VOTOS NO MARCADOS,5
27,SANTANDER,130,MALAGA,VOTOS NULOS,92
27,SANTANDER,133,MATANZA,GUSTAVO PETRO,336
27,SANTANDER,133,MATANZA,RODOLFO HERNÁNDEZ,3172
27,SANTANDER,133,MATANZA,VOTOS EN BLANCO,29
27,SANTANDER,133,MATANZA,VOTOS NO MARCADOS,2
27,SANTANDER,133,MATANZA,VOTOS NULOS,15
27,SANTANDER,136,MOGOTES,GUSTAVO PETRO,525
27,SANTANDER,136,MOGOTES,RODOLFO HERNÁNDEZ,4761
27,SANTANDER,136,MOGOTES,VOTOS EN BLANCO,34
27,SANTANDER,136,MOGOTES,VOTOS NO MARCADOS,4
27,SANTANDER,136,MOGOTES,VOTOS NULOS,35
27,SANTANDER,139,MOLAGAVITA,GUSTAVO PETRO,192
27,SANTANDER,139,MOLAGAVITA,RODOLFO HERNÁNDEZ,2194
27,SANTANDER,139,MOLAGAVITA,VOTOS EN BLANCO,21
27,SANTANDER,139,MOLAGAVITA,VOTOS NO MARCADOS,2
27,SANTANDER,139,MOLAGAVITA,VOTOS NULOS,10
27,SANTANDER,142,OCAMONTE,GUSTAVO PETRO,245
27,SANTANDER,142,OCAMONTE,RODOLFO HERNÁNDEZ,2444
27,SANTANDER,142,OCAMONTE,VOTOS EN BLANCO,24
27,SANTANDER,142,OCAMONTE,VOTOS NO MARCADOS,3
27,SANTANDER,142,OCAMONTE,VOTOS NULOS,4
27,SANTANDER,145,OIBA,GUSTAVO PETRO,891
27,SANTANDER,145,OIBA,RODOLFO HERNÁNDEZ,5501
27,SANTANDER,145,OIBA,VOTOS EN BLANCO,44
27,SANTANDER,145,OIBA,VOTOS NO MARCADOS,5
27,SANTANDER,145,OIBA,VOTOS NULOS,32
27,SANTANDER,148,ONZAGA,GUSTAVO PETRO,186
27,SANTANDER,148,ONZAGA,RODOLFO HERNÁNDEZ,2134
27,SANTANDER,148,ONZAGA,VOTOS EN BLANCO,12
27,SANTANDER,148,ONZAGA,VOTOS NO MARCADOS,9
27,SANTANDER,148,ONZAGA,VOTOS NULOS,9
27,SANTANDER,151,PALMAR,GUSTAVO PETRO,109
27,SANTANDER,151,PALMAR,RODOLFO HERNÁNDEZ,925
27,SANTANDER,151,PALMAR,VOTOS EN BLANCO,6
27,SANTANDER,151,PALMAR,VOTOS NO MARCADOS,1
27,SANTANDER,151,PALMAR,VOTOS NULOS,5
27,SANTANDER,154,PALMAS DEL SOCORRO,GUSTAVO PETRO,151
27,SANTANDER,154,PALMAS DEL SOCORRO,RODOLFO HERNÁNDEZ,1595
27,SANTANDER,154,PALMAS DEL SOCORRO,VOTOS EN BLANCO,9
27,SANTANDER,154,PALMAS DEL SOCORRO,VOTOS NO MARCADOS,3
27,SANTANDER,154,PALMAS DEL SOCORRO,VOTOS NULOS,7
27,SANTANDER,157,PARAMO,GUSTAVO PETRO,284
27,SANTANDER,157,PARAMO,RODOLFO HERNÁNDEZ,2588
27,SANTANDER,157,PARAMO,VOTOS EN BLANCO,17
27,SANTANDER,157,PARAMO,VOTOS NO MARCADOS,1
27,SANTANDER,157,PARAMO,VOTOS NULOS,14
27,SANTANDER,160,PIEDECUESTA,GUSTAVO PETRO,19479
27,SANTANDER,160,PIEDECUESTA,RODOLFO HERNÁNDEZ,68406
27,SANTANDER,160,PIEDECUESTA,VOTOS EN BLANCO,786
27,SANTANDER,160,PIEDECUESTA,VOTOS NO MARCADOS,26
27,SANTANDER,160,PIEDECUESTA,VOTOS NULOS,377
27,SANTANDER,163,PINCHOTE,GUSTAVO PETRO,454
27,SANTANDER,163,PINCHOTE,RODOLFO HERNÁNDEZ,2190
27,SANTANDER,163,PINCHOTE,VOTOS EN BLANCO,33
27,SANTANDER,163,PINCHOTE,VOTOS NO MARCADOS,3
27,SANTANDER,163,PINCHOTE,VOTOS NULOS,10
27,SANTANDER,166,PUENTE NACIONAL,GUSTAVO PETRO,2542
27,SANTANDER,166,PUENTE NACIONAL,RODOLFO HERNÁNDEZ,5584
27,SANTANDER,166,PUENTE NACIONAL,VOTOS EN BLANCO,83
27,SANTANDER,166,PUENTE NACIONAL,VOTOS NO MARCADOS,9
27,SANTANDER,166,PUENTE NACIONAL,VOTOS NULOS,57
27,SANTANDER,167,PUERTO PARRA,GUSTAVO PETRO,644
27,SANTANDER,167,PUERTO PARRA,RODOLFO HERNÁNDEZ,2757
27,SANTANDER,167,PUERTO PARRA,VOTOS EN BLANCO,22
27,SANTANDER,167,PUERTO PARRA,VOTOS NO MARCADOS,8
27,SANTANDER,167,PUERTO PARRA,VOTOS NULOS,31
27,SANTANDER,169,PUERTO WILCHES,GUSTAVO PETRO,7500
27,SANTANDER,169,PUERTO WILCHES,RODOLFO HERNÁNDEZ,7383
27,SANTANDER,169,PUERTO WILCHES,VOTOS EN BLANCO,183
27,SANTANDER,169,PUERTO WILCHES,VOTOS NO MARCADOS,7
27,SANTANDER,169,PUERTO WILCHES,VOTOS NULOS,193
27,SANTANDER,172,RIONEGRO,GUSTAVO PETRO,1943
27,SANTANDER,172,RIONEGRO,RODOLFO HERNÁNDEZ,12873
27,SANTANDER,172,RIONEGRO,VOTOS EN BLANCO,105
27,SANTANDER,172,RIONEGRO,VOTOS NO MARCADOS,9
27,SANTANDER,172,RIONEGRO,VOTOS NULOS,89
27,SANTANDER,174,SABANA DE TORRES,GUSTAVO PETRO,3383
27,SANTANDER,174,SABANA DE TORRES,RODOLFO HERNÁNDEZ,11112
27,SANTANDER,174,SABANA DE TORRES,VOTOS EN BLANCO,135
27,SANTANDER,174,SABANA DE TORRES,VOTOS NO MARCADOS,10
27,SANTANDER,174,SABANA DE TORRES,VOTOS NULOS,144
27,SANTANDER,175,SAN ANDRES,GUSTAVO PETRO,662
27,SANTANDER,175,SAN ANDRES,RODOLFO HERNÁNDEZ,3503
27,SANTANDER,175,SAN ANDRES,VOTOS EN BLANCO,38
27,SANTANDER,175,SAN ANDRES,VOTOS NO MARCADOS,5
27,SANTANDER,175,SAN ANDRES,VOTOS NULOS,20
27,SANTANDER,178,SAN BENITO,GUSTAVO PETRO,188
27,SANTANDER,178,SAN BENITO,RODOLFO HERNÁNDEZ,1512
27,SANTANDER,178,SAN BENITO,VOTOS EN BLANCO,9
27,SANTANDER,178,SAN BENITO,VOTOS NO MARCADOS,2
27,SANTANDER,178,SAN BENITO,VOTOS NULOS,5
27,SANTANDER,181,SAN GIL,GUSTAVO PETRO,7717
27,SANTANDER,181,SAN GIL,RODOLFO HERNÁNDEZ,24489
27,SANTANDER,181,SAN GIL,VOTOS EN BLANCO,333
27,SANTANDER,181,SAN GIL,VOTOS NO MARCADOS,15
27,SANTANDER,181,SAN GIL,VOTOS NULOS,109
27,SANTANDER,184,SAN JOAQUIN,GUSTAVO PETRO,143
27,SANTANDER,184,SAN JOAQUIN,RODOLFO HERNÁNDEZ,1246
27,SANTANDER,184,SAN JOAQUIN,VOTOS EN BLANCO,17
27,SANTANDER,184,SAN JOAQUIN,VOTOS NO MARCADOS,2
27,SANTANDER,184,SAN JOAQUIN,VOTOS NULOS,6
27,SANTANDER,187,SAN JOSE DE MIRANDA,GUSTAVO PETRO,344
27,SANTANDER,187,SAN JOSE DE MIRANDA,RODOLFO HERNÁNDEZ,2490
27,SANTANDER,187,SAN JOSE DE MIRANDA,VOTOS EN BLANCO,22
27,SANTANDER,187,SAN JOSE DE MIRANDA,VOTOS NO MARCADOS,1
27,SANTANDER,187,SAN JOSE DE MIRANDA,VOTOS NULOS,15
27,SANTANDER,190,SAN MIGUEL,GUSTAVO PETRO,245
27,SANTANDER,190,SAN MIGUEL,RODOLFO HERNÁNDEZ,1137
27,SANTANDER,190,SAN MIGUEL,VOTOS EN BLANCO,12
27,SANTANDER,190,SAN MIGUEL,VOTOS NO MARCADOS,5
27,SANTANDER,190,SAN MIGUEL,VOTOS NULOS,4
27,SANTANDER,193,SAN VICENTE DE CHUCURI,GUSTAVO PETRO,2333
27,SANTANDER,193,SAN VICENTE DE CHUCURI,RODOLFO HERNÁNDEZ,12566
27,SANTANDER,193,SAN VICENTE DE CHUCURI,VOTOS EN BLANCO,122
27,SANTANDER,193,SAN VICENTE DE CHUCURI,VOTOS NO MARCADOS,10
27,SANTANDER,193,SAN VICENTE DE CHUCURI,VOTOS NULOS,91
27,SANTANDER,194,SANTA HELENA DEL OPON,GUSTAVO PETRO,177
27,SANTANDER,194,SANTA HELENA DEL OPON,RODOLFO HERNÁNDEZ,1831
27,SANTANDER,194,SANTA HELENA DEL OPON,VOTOS EN BLANCO,20
27,SANTANDER,194,SANTA HELENA DEL OPON,VOTOS NO MARCADOS,1
27,SANTANDER,194,SANTA HELENA DEL OPON,VOTOS NULOS,4
27,SANTANDER,195,SANTA BARBARA,GUSTAVO PETRO,141
27,SANTANDER,195,SANTA BARBARA,RODOLFO HERNÁNDEZ,1419
27,SANTANDER,195,SANTA BARBARA,VOTOS EN BLANCO,9
27,SANTANDER,195,SANTA BARBARA,VOTOS NO MARCADOS,4
27,SANTANDER,195,SANTA BARBARA,VOTOS NULOS,4
27,SANTANDER,196,SIMACOTA,GUSTAVO PETRO,635
27,SANTANDER,196,SIMACOTA,RODOLFO HERNÁNDEZ,3372
27,SANTANDER,196,SIMACOTA,VOTOS EN BLANCO,28
27,SANTANDER,196,SIMACOTA,VOTOS NO MARCADOS,4
27,SANTANDER,196,SIMACOTA,VOTOS NULOS,18
27,SANTANDER,199,SOCORRO,GUSTAVO PETRO,3030
27,SANTANDER,199,SOCORRO,RODOLFO HERNÁNDEZ,14023
27,SANTANDER,199,SOCORRO,VOTOS EN BLANCO,148
27,SANTANDER,199,SOCORRO,VOTOS NO MARCADOS,6
27,SANTANDER,199,SOCORRO,VOTOS NULOS,65
27,SANTANDER,202,SUAITA,GUSTAVO PETRO,693
27,SANTANDER,202,SUAITA,RODOLFO HERNÁNDEZ,4687
27,SANTANDER,202,SUAITA,VOTOS EN BLANCO,31
27,SANTANDER,202,SUAITA,VOTOS NO MARCADOS,4
27,SANTANDER,202,SUAITA,VOTOS NULOS,26
27,SANTANDER,205,SUCRE,GUSTAVO PETRO,461
27,SANTANDER,205,SUCRE,RODOLFO HERNÁNDEZ,2884
27,SANTANDER,205,SUCRE,VOTOS EN BLANCO,20
27,SANTANDER,205,SUCRE,VOTOS NO MARCADOS,2
27,SANTANDER,205,SUCRE,VOTOS NULOS,15
27,SANTANDER,208,SURATA,GUSTAVO PETRO,266
27,SANTANDER,208,SURATA,RODOLFO HERNÁNDEZ,1940
27,SANTANDER,208,SURATA,VOTOS EN BLANCO,16
27,SANTANDER,208,SURATA,VOTOS NO MARCADOS,2
27,SANTANDER,208,SURATA,VOTOS NULOS,6
27,SANTANDER,211,TONA,GUSTAVO PETRO,376
27,SANTANDER,211,TONA,RODOLFO HERNÁNDEZ,3275
27,SANTANDER,211,TONA,VOTOS EN BLANCO,38
27,SANTANDER,211,TONA,VOTOS NO MARCADOS,4
27,SANTANDER,211,TONA,VOTOS NULOS,22
27,SANTANDER,217,VALLE DE SAN JOSE,GUSTAVO PETRO,590
27,SANTANDER,217,VALLE DE SAN JOSE,RODOLFO HERNÁNDEZ,3177
27,SANTANDER,217,VALLE DE SAN JOSE,VOTOS EN BLANCO,28
27,SANTANDER,217,VALLE DE SAN JOSE,VOTOS NO MARCADOS,2
27,SANTANDER,217,VALLE DE SAN JOSE,VOTOS NULOS,12
27,SANTANDER,219,VETAS,GUSTAVO PETRO,52
27,SANTANDER,219,VETAS,RODOLFO HERNÁNDEZ,939
27,SANTANDER,219,VETAS,VOTOS EN BLANCO,21
27,SANTANDER,219,VETAS,VOTOS NULOS,5
27,SANTANDER,220,VELEZ,GUSTAVO PETRO,3042
27,SANTANDER,220,VELEZ,RODOLFO HERNÁNDEZ,7599
27,SANTANDER,220,VELEZ,VOTOS EN BLANCO,142
27,SANTANDER,220,VELEZ,VOTOS NO MARCADOS,7
27,SANTANDER,220,VELEZ,VOTOS NULOS,84
27,SANTANDER,221,VILLANUEVA,GUSTAVO PETRO,605
27,SANTANDER,221,VILLANUEVA,RODOLFO HERNÁNDEZ,4195
27,SANTANDER,221,VILLANUEVA,VOTOS EN BLANCO,46
27,SANTANDER,221,VILLANUEVA,VOTOS NO MARCADOS,5
27,SANTANDER,221,VILLANUEVA,VOTOS NULOS,14
27,SANTANDER,223,ZAPATOCA,GUSTAVO PETRO,832
27,SANTANDER,223,ZAPATOCA,RODOLFO HERNÁNDEZ,4434
27,SANTANDER,223,ZAPATOCA,VOTOS EN BLANCO,54
27,SANTANDER,223,ZAPATOCA,VOTOS NO MARCADOS,4
27,SANTANDER,223,ZAPATOCA,VOTOS NULOS,23
28,SUCRE,001,SINCELEJO,GUSTAVO PETRO,87262
28,SUCRE,001,SINCELEJO,RODOLFO HERNÁNDEZ,38537
28,SUCRE,001,SINCELEJO,VOTOS EN BLANCO,2336
28,SUCRE,001,SINCELEJO,VOTOS NO MARCADOS,116
28,SUCRE,001,SINCELEJO,VOTOS NULOS,1270
28,SUCRE,010,BUENAVISTA,GUSTAVO PETRO,3426
28,SUCRE,010,BUENAVISTA,RODOLFO HERNÁNDEZ,1865
28,SUCRE,010,BUENAVISTA,VOTOS EN BLANCO,75
28,SUCRE,010,BUENAVISTA,VOTOS NO MARCADOS,7
28,SUCRE,010,BUENAVISTA,VOTOS NULOS,32
28,SUCRE,020,CAIMITO,GUSTAVO PETRO,4051
28,SUCRE,020,CAIMITO,RODOLFO HERNÁNDEZ,1493
28,SUCRE,020,CAIMITO,VOTOS EN BLANCO,72
28,SUCRE,020,CAIMITO,VOTOS NO MARCADOS,7
28,SUCRE,020,CAIMITO,VOTOS NULOS,41
28,SUCRE,030,COLOSO (RICAURTE),GUSTAVO PETRO,3169
28,SUCRE,030,COLOSO (RICAURTE),RODOLFO HERNÁNDEZ,1509
28,SUCRE,030,COLOSO (RICAURTE),VOTOS EN BLANCO,87
28,SUCRE,030,COLOSO (RICAURTE),VOTOS NO MARCADOS,12
28,SUCRE,030,COLOSO (RICAURTE),VOTOS NULOS,32
28,SUCRE,040,COROZAL,GUSTAVO PETRO,21143
28,SUCRE,040,COROZAL,RODOLFO HERNÁNDEZ,9209
28,SUCRE,040,COROZAL,VOTOS EN BLANCO,518
28,SUCRE,040,COROZAL,VOTOS NO MARCADOS,31
28,SUCRE,040,COROZAL,VOTOS NULOS,273
28,SUCRE,041,COVEÑAS,GUSTAVO PETRO,4379
28,SUCRE,041,COVEÑAS,RODOLFO HERNÁNDEZ,2801
28,SUCRE,041,COVEÑAS,VOTOS EN BLANCO,130
28,SUCRE,041,COVEÑAS,VOTOS NO MARCADOS,13
28,SUCRE,041,COVEÑAS,VOTOS NULOS,59
28,SUCRE,042,EL ROBLE,GUSTAVO PETRO,4469
28,SUCRE,042,EL ROBLE,RODOLFO HERNÁNDEZ,1396
28,SUCRE,042,EL ROBLE,VOTOS EN BLANCO,51
28,SUCRE,042,EL ROBLE,VOTOS NO MARCADOS,3
28,SUCRE,042,EL ROBLE,VOTOS NULOS,21
28,SUCRE,045,CHALAN,GUSTAVO PETRO,1442
28,SUCRE,045,CHALAN,RODOLFO HERNÁNDEZ,1027
28,SUCRE,045,CHALAN,VOTOS EN BLANCO,36
28,SUCRE,045,CHALAN,VOTOS NO MARCADOS,5
28,SUCRE,045,CHALAN,VOTOS NULOS,21
28,SUCRE,048,GALERAS (NUEVA GRANADA),GUSTAVO PETRO,3581
28,SUCRE,048,GALERAS (NUEVA GRANADA),RODOLFO HERNÁNDEZ,5835
28,SUCRE,048,GALERAS (NUEVA GRANADA),VOTOS EN BLANCO,210
28,SUCRE,048,GALERAS (NUEVA GRANADA),VOTOS NO MARCADOS,18
28,SUCRE,048,GALERAS (NUEVA GRANADA),VOTOS NULOS,82
28,SUCRE,049,GUARANDA,GUSTAVO PETRO,2131
28,SUCRE,049,GUARANDA,RODOLFO HERNÁNDEZ,3901
28,SUCRE,049,GUARANDA,VOTOS EN BLANCO,97
28,SUCRE,049,GUARANDA,VOTOS NO MARCADOS,12
28,SUCRE,049,GUARANDA,VOTOS NULOS,24
28,SUCRE,050,LA UNION,GUSTAVO PETRO,4163
28,SUCRE,050,LA UNION,RODOLFO HERNÁNDEZ,1591
28,SUCRE,050,LA UNION,VOTOS EN BLANCO,84
28,SUCRE,050,LA UNION,VOTOS NO MARCADOS,11
28,SUCRE,050,LA UNION,VOTOS NULOS,35
28,SUCRE,055,LOS PALMITOS,GUSTAVO PETRO,9659
28,SUCRE,055,LOS PALMITOS,RODOLFO HERNÁNDEZ,2921
28,SUCRE,055,LOS PALMITOS,VOTOS EN BLANCO,163
28,SUCRE,055,LOS PALMITOS,VOTOS NO MARCADOS,4
28,SUCRE,055,LOS PALMITOS,VOTOS NULOS,65
28,SUCRE,060,MAJAGUAL,GUSTAVO PETRO,4469
28,SUCRE,060,MAJAGUAL,RODOLFO HERNÁNDEZ,9228
28,SUCRE,060,MAJAGUAL,VOTOS EN BLANCO,148
28,SUCRE,060,MAJAGUAL,VOTOS NO MARCADOS,20
28,SUCRE,060,MAJAGUAL,VOTOS NULOS,62
28,SUCRE,080,MORROA,GUSTAVO PETRO,6515
28,SUCRE,080,MORROA,RODOLFO HERNÁNDEZ,2670
28,SUCRE,080,MORROA,VOTOS EN BLANCO,120
28,SUCRE,080,MORROA,VOTOS NO MARCADOS,8
28,SUCRE,080,MORROA,VOTOS NULOS,81
28,SUCRE,100,OVEJAS,GUSTAVO PETRO,9047
28,SUCRE,100,OVEJAS,RODOLFO HERNÁNDEZ,3981
28,SUCRE,100,OVEJAS,VOTOS EN BLANCO,134
28,SUCRE,100,OVEJAS,VOTOS NO MARCADOS,10
28,SUCRE,100,OVEJAS,VOTOS NULOS,74
28,SUCRE,120,PALMITO,GUSTAVO PETRO,4522
28,SUCRE,120,PALMITO,RODOLFO HERNÁNDEZ,2659
28,SUCRE,120,PALMITO,VOTOS EN BLANCO,82
28,SUCRE,120,PALMITO,VOTOS NO MARCADOS,19
28,SUCRE,120,PALMITO,VOTOS NULOS,39
28,SUCRE,160,SAMPUES,GUSTAVO PETRO,14395
28,SUCRE,160,SAMPUES,RODOLFO HERNÁNDEZ,6099
28,SUCRE,160,SAMPUES,VOTOS EN BLANCO,380
28,SUCRE,160,SAMPUES,VOTOS NO MARCADOS,31
28,SUCRE,160,SAMPUES,VOTOS NULOS,195
28,SUCRE,180,SAN BENITO ABAD,GUSTAVO PETRO,6318
28,SUCRE,180,SAN BENITO ABAD,RODOLFO HERNÁNDEZ,3981
28,SUCRE,180,SAN BENITO ABAD,VOTOS EN BLANCO,85
28,SUCRE,180,SAN BENITO ABAD,VOTOS NO MARCADOS,7
28,SUCRE,180,SAN BENITO ABAD,VOTOS NULOS,47
28,SUCRE,190,SAN JUAN DE BETULIA (BETULIA),GUSTAVO PETRO,5179
28,SUCRE,190,SAN JUAN DE BETULIA (BETULIA),RODOLFO HERNÁNDEZ,2388
28,SUCRE,190,SAN JUAN DE BETULIA (BETULIA),VOTOS EN BLANCO,88
28,SUCRE,190,SAN JUAN DE BETULIA (BETULIA),VOTOS NO MARCADOS,12
28,SUCRE,190,SAN JUAN DE BETULIA (BETULIA),VOTOS NULOS,42
28,SUCRE,200,SAN MARCOS,GUSTAVO PETRO,13061
28,SUCRE,200,SAN MARCOS,RODOLFO HERNÁNDEZ,8974
28,SUCRE,200,SAN MARCOS,VOTOS EN BLANCO,339
28,SUCRE,200,SAN MARCOS,VOTOS NO MARCADOS,38
28,SUCRE,200,SAN MARCOS,VOTOS NULOS,180
28,SUCRE,220,SAN ONOFRE,GUSTAVO PETRO,13682
28,SUCRE,220,SAN ONOFRE,RODOLFO HERNÁNDEZ,6045
28,SUCRE,220,SAN ONOFRE,VOTOS EN BLANCO,278
28,SUCRE,220,SAN ONOFRE,VOTOS NO MARCADOS,48
28,SUCRE,220,SAN ONOFRE,VOTOS NULOS,180
28,SUCRE,240,SAN PEDRO,GUSTAVO PETRO,5960
28,SUCRE,240,SAN PEDRO,RODOLFO HERNÁNDEZ,3618
28,SUCRE,240,SAN PEDRO,VOTOS EN BLANCO,157
28,SUCRE,240,SAN PEDRO,VOTOS NO MARCADOS,21
28,SUCRE,240,SAN PEDRO,VOTOS NULOS,62
28,SUCRE,260,SINCE,GUSTAVO PETRO,8373
28,SUCRE,260,SINCE,RODOLFO HERNÁNDEZ,6310
28,SUCRE,260,SINCE,VOTOS EN BLANCO,269
28,SUCRE,260,SINCE,VOTOS NO MARCADOS,18
28,SUCRE,260,SINCE,VOTOS NULOS,168
28,SUCRE,280,SUCRE,GUSTAVO PETRO,4143
28,SUCRE,280,SUCRE,RODOLFO HERNÁNDEZ,5124
28,SUCRE,280,SUCRE,VOTOS EN BLANCO,99
28,SUCRE,280,SUCRE,VOTOS NO MARCADOS,14
28,SUCRE,280,SUCRE,VOTOS NULOS,33
28,SUCRE,300,TOLU,GUSTAVO PETRO,10498
28,SUCRE,300,TOLU,RODOLFO HERNÁNDEZ,2990
28,SUCRE,300,TOLU,VOTOS EN BLANCO,249
28,SUCRE,300,TOLU,VOTOS NO MARCADOS,23
28,SUCRE,300,TOLU,VOTOS NULOS,170
28,SUCRE,320,TOLUVIEJO,GUSTAVO PETRO,7496
28,SUCRE,320,TOLUVIEJO,RODOLFO HERNÁNDEZ,4255
28,SUCRE,320,TOLUVIEJO,VOTOS EN BLANCO,215
28,SUCRE,320,TOLUVIEJO,VOTOS NO MARCADOS,18
28,SUCRE,320,TOLUVIEJO,VOTOS NULOS,98
29,TOLIMA,001,IBAGUE,GUSTAVO PETRO,124607
29,TOLIMA,001,IBAGUE,RODOLFO HERNÁNDEZ,151789
29,TOLIMA,001,IBAGUE,VOTOS EN BLANCO,6901
29,TOLIMA,001,IBAGUE,VOTOS NO MARCADOS,222
29,TOLIMA,001,IBAGUE,VOTOS NULOS,4343
29,TOLIMA,004,ALPUJARRA,GUSTAVO PETRO,440
29,TOLIMA,004,ALPUJARRA,RODOLFO HERNÁNDEZ,1653
29,TOLIMA,004,ALPUJARRA,VOTOS EN BLANCO,26
29,TOLIMA,004,ALPUJARRA,VOTOS NO MARCADOS,2
29,TOLIMA,004,ALPUJARRA,VOTOS NULOS,35
29,TOLIMA,007,ALVARADO,GUSTAVO PETRO,1672
29,TOLIMA,007,ALVARADO,RODOLFO HERNÁNDEZ,2883
29,TOLIMA,007,ALVARADO,VOTOS EN BLANCO,56
29,TOLIMA,007,ALVARADO,VOTOS NO MARCADOS,10
29,TOLIMA,007,ALVARADO,VOTOS NULOS,59
29,TOLIMA,010,AMBALEMA,GUSTAVO PETRO,1499
29,TOLIMA,010,AMBALEMA,RODOLFO HERNÁNDEZ,2114
29,TOLIMA,010,AMBALEMA,VOTOS EN BLANCO,31
29,TOLIMA,010,AMBALEMA,VOTOS NO MARCADOS,5
29,TOLIMA,010,AMBALEMA,VOTOS NULOS,69
29,TOLIMA,013,ANZOATEGUI,GUSTAVO PETRO,979
29,TOLIMA,013,ANZOATEGUI,RODOLFO HERNÁNDEZ,3133
29,TOLIMA,013,ANZOATEGUI,VOTOS EN BLANCO,49
29,TOLIMA,013,ANZOATEGUI,VOTOS NO MARCADOS,7
29,TOLIMA,013,ANZOATEGUI,VOTOS NULOS,30
29,TOLIMA,016,ARMERO (GUAYABAL),GUSTAVO PETRO,2900
29,TOLIMA,016,ARMERO (GUAYABAL),RODOLFO HERNÁNDEZ,2878
29,TOLIMA,016,ARMERO (GUAYABAL),VOTOS EN BLANCO,109
29,TOLIMA,016,ARMERO (GUAYABAL),VOTOS NO MARCADOS,7
29,TOLIMA,016,ARMERO (GUAYABAL),VOTOS NULOS,114
29,TOLIMA,019,ATACO,GUSTAVO PETRO,1479
29,TOLIMA,019,ATACO,RODOLFO HERNÁNDEZ,6708
29,TOLIMA,019,ATACO,VOTOS EN BLANCO,62
29,TOLIMA,019,ATACO,VOTOS NO MARCADOS,7
29,TOLIMA,019,ATACO,VOTOS NULOS,39
29,TOLIMA,022,CAJAMARCA,GUSTAVO PETRO,2998
29,TOLIMA,022,CAJAMARCA,RODOLFO HERNÁNDEZ,6123
29,TOLIMA,022,CAJAMARCA,VOTOS EN BLANCO,132
29,TOLIMA,022,CAJAMARCA,VOTOS NO MARCADOS,11
29,TOLIMA,022,CAJAMARCA,VOTOS NULOS,113
29,TOLIMA,025,CARMEN DE APICALA,GUSTAVO PETRO,1481
29,TOLIMA,025,CARMEN DE APICALA,RODOLFO HERNÁNDEZ,4300
29,TOLIMA,025,CARMEN DE APICALA,VOTOS EN BLANCO,79
29,TOLIMA,025,CARMEN DE APICALA,VOTOS NO MARCADOS,5
29,TOLIMA,025,CARMEN DE APICALA,VOTOS NULOS,70
29,TOLIMA,028,CASABIANCA,GUSTAVO PETRO,723
29,TOLIMA,028,CASABIANCA,RODOLFO HERNÁNDEZ,2144
29,TOLIMA,028,CASABIANCA,VOTOS EN BLANCO,67
29,TOLIMA,028,CASABIANCA,VOTOS NO MARCADOS,12
29,TOLIMA,028,CASABIANCA,VOTOS NULOS,44
29,TOLIMA,031,COELLO,GUSTAVO PETRO,2204
29,TOLIMA,031,COELLO,RODOLFO HERNÁNDEZ,2482
29,TOLIMA,031,COELLO,VOTOS EN BLANCO,52
29,TOLIMA,031,COELLO,VOTOS NO MARCADOS,4
29,TOLIMA,031,COELLO,VOTOS NULOS,50
29,TOLIMA,034,COYAIMA,GUSTAVO PETRO,5247
29,TOLIMA,034,COYAIMA,RODOLFO HERNÁNDEZ,4415
29,TOLIMA,034,COYAIMA,VOTOS EN BLANCO,97
29,TOLIMA,034,COYAIMA,VOTOS NO MARCADOS,42
29,TOLIMA,034,COYAIMA,VOTOS NULOS,118
29,TOLIMA,037,CUNDAY,GUSTAVO PETRO,798
29,TOLIMA,037,CUNDAY,RODOLFO HERNÁNDEZ,3183
29,TOLIMA,037,CUNDAY,VOTOS EN BLANCO,36
29,TOLIMA,037,CUNDAY,VOTOS NO MARCADOS,5
29,TOLIMA,037,CUNDAY,VOTOS NULOS,27
29,TOLIMA,040,CHAPARRAL,GUSTAVO PETRO,6763
29,TOLIMA,040,CHAPARRAL,RODOLFO HERNÁNDEZ,12156
29,TOLIMA,040,CHAPARRAL,VOTOS EN BLANCO,375
29,TOLIMA,040,CHAPARRAL,VOTOS NO MARCADOS,45
29,TOLIMA,040,CHAPARRAL,VOTOS NULOS,322
29,TOLIMA,043,DOLORES,GUSTAVO PETRO,935
29,TOLIMA,043,DOLORES,RODOLFO HERNÁNDEZ,3091
29,TOLIMA,043,DOLORES,VOTOS EN BLANCO,44
29,TOLIMA,043,DOLORES,VOTOS NO MARCADOS,2
29,TOLIMA,043,DOLORES,VOTOS NULOS,18
29,TOLIMA,046,ESPINAL,GUSTAVO PETRO,14213
29,TOLIMA,046,ESPINAL,RODOLFO HERNÁNDEZ,23174
29,TOLIMA,046,ESPINAL,VOTOS EN BLANCO,666
29,TOLIMA,046,ESPINAL,VOTOS NO MARCADOS,31
29,TOLIMA,046,ESPINAL,VOTOS NULOS,604
29,TOLIMA,049,FALAN,GUSTAVO PETRO,1206
29,TOLIMA,049,FALAN,RODOLFO HERNÁNDEZ,2230
29,TOLIMA,049,FALAN,VOTOS EN BLANCO,76
29,TOLIMA,049,FALAN,VOTOS NO MARCADOS,6
29,TOLIMA,049,FALAN,VOTOS NULOS,50
29,TOLIMA,052,FLANDES,GUSTAVO PETRO,3956
29,TOLIMA,052,FLANDES,RODOLFO HERNÁNDEZ,7488
29,TOLIMA,052,FLANDES,VOTOS EN BLANCO,176
29,TOLIMA,052,FLANDES,VOTOS NO MARCADOS,7
29,TOLIMA,052,FLANDES,VOTOS NULOS,192
29,TOLIMA,055,FRESNO,GUSTAVO PETRO,3576
29,TOLIMA,055,FRESNO,RODOLFO HERNÁNDEZ,9966
29,TOLIMA,055,FRESNO,VOTOS EN BLANCO,326
29,TOLIMA,055,FRESNO,VOTOS NO MARCADOS,25
29,TOLIMA,055,FRESNO,VOTOS NULOS,231
29,TOLIMA,058,GUAMO,GUSTAVO PETRO,4011
29,TOLIMA,058,GUAMO,RODOLFO HERNÁNDEZ,10975
29,TOLIMA,058,GUAMO,VOTOS EN BLANCO,208
29,TOLIMA,058,GUAMO,VOTOS NO MARCADOS,26
29,TOLIMA,058,GUAMO,VOTOS NULOS,179
29,TOLIMA,061,HERVEO,GUSTAVO PETRO,681
29,TOLIMA,061,HERVEO,RODOLFO HERNÁNDEZ,2222
29,TOLIMA,061,HERVEO,VOTOS EN BLANCO,51
29,TOLIMA,061,HERVEO,VOTOS NO MARCADOS,6
29,TOLIMA,061,HERVEO,VOTOS NULOS,50
29,TOLIMA,064,HONDA,GUSTAVO PETRO,5414
29,TOLIMA,064,HONDA,RODOLFO HERNÁNDEZ,7343
29,TOLIMA,064,HONDA,VOTOS EN BLANCO,263
29,TOLIMA,064,HONDA,VOTOS NO MARCADOS,13
29,TOLIMA,064,HONDA,VOTOS NULOS,253
29,TOLIMA,067,ICONONZO,GUSTAVO PETRO,2482
29,TOLIMA,067,ICONONZO,RODOLFO HERNÁNDEZ,2730
29,TOLIMA,067,ICONONZO,VOTOS EN BLANCO,65
29,TOLIMA,067,ICONONZO,VOTOS NO MARCADOS,5
29,TOLIMA,067,ICONONZO,VOTOS NULOS,55
29,TOLIMA,070,LERIDA,GUSTAVO PETRO,4096
29,TOLIMA,070,LERIDA,RODOLFO HERNÁNDEZ,4587
29,TOLIMA,070,LERIDA,VOTOS EN BLANCO,136
29,TOLIMA,070,LERIDA,VOTOS NO MARCADOS,6
29,TOLIMA,070,LERIDA,VOTOS NULOS,136
29,TOLIMA,073,LIBANO,GUSTAVO PETRO,9124
29,TOLIMA,073,LIBANO,RODOLFO HERNÁNDEZ,8010
29,TOLIMA,073,LIBANO,VOTOS EN BLANCO,382
29,TOLIMA,073,LIBANO,VOTOS NO MARCADOS,31
29,TOLIMA,073,LIBANO,VOTOS NULOS,436
29,TOLIMA,076,MARIQUITA,GUSTAVO PETRO,6373
29,TOLIMA,076,MARIQUITA,RODOLFO HERNÁNDEZ,10215
29,TOLIMA,076,MARIQUITA,VOTOS EN BLANCO,354
29,TOLIMA,076,MARIQUITA,VOTOS NO MARCADOS,22
29,TOLIMA,076,MARIQUITA,VOTOS NULOS,336
29,TOLIMA,079,MELGAR,GUSTAVO PETRO,4772
29,TOLIMA,079,MELGAR,RODOLFO HERNÁNDEZ,13599
29,TOLIMA,079,MELGAR,VOTOS EN BLANCO,264
29,TOLIMA,079,MELGAR,VOTOS NO MARCADOS,7
29,TOLIMA,079,MELGAR,VOTOS NULOS,209
29,TOLIMA,080,MURILLO,GUSTAVO PETRO,646
29,TOLIMA,080,MURILLO,RODOLFO HERNÁNDEZ,1020
29,TOLIMA,080,MURILLO,VOTOS EN BLANCO,38
29,TOLIMA,080,MURILLO,VOTOS NO MARCADOS,8
29,TOLIMA,080,MURILLO,VOTOS NULOS,42
29,TOLIMA,082,NATAGAIMA,GUSTAVO PETRO,4278
29,TOLIMA,082,NATAGAIMA,RODOLFO HERNÁNDEZ,3690
29,TOLIMA,082,NATAGAIMA,VOTOS EN BLANCO,88
29,TOLIMA,082,NATAGAIMA,VOTOS NO MARCADOS,13
29,TOLIMA,082,NATAGAIMA,VOTOS NULOS,85
29,TOLIMA,085,ORTEGA,GUSTAVO PETRO,4273
29,TOLIMA,085,ORTEGA,RODOLFO HERNÁNDEZ,7351
29,TOLIMA,085,ORTEGA,VOTOS EN BLANCO,151
29,TOLIMA,085,ORTEGA,VOTOS NO MARCADOS,41
29,TOLIMA,085,ORTEGA,VOTOS NULOS,131
29,TOLIMA,087,PALOCABILDO,GUSTAVO PETRO,1308
29,TOLIMA,087,PALOCABILDO,RODOLFO HERNÁNDEZ,2917
29,TOLIMA,087,PALOCABILDO,VOTOS EN BLANCO,85
29,TOLIMA,087,PALOCABILDO,VOTOS NO MARCADOS,9
29,TOLIMA,087,PALOCABILDO,VOTOS NULOS,42
29,TOLIMA,088,PIEDRAS,GUSTAVO PETRO,1576
29,TOLIMA,088,PIEDRAS,RODOLFO HERNÁNDEZ,1723
29,TOLIMA,088,PIEDRAS,VOTOS EN BLANCO,43
29,TOLIMA,088,PIEDRAS,VOTOS NO MARCADOS,3
29,TOLIMA,088,PIEDRAS,VOTOS NULOS,44
29,TOLIMA,089,PLANADAS,GUSTAVO PETRO,3683
29,TOLIMA,089,PLANADAS,RODOLFO HERNÁNDEZ,6895
29,TOLIMA,089,PLANADAS,VOTOS EN BLANCO,187
29,TOLIMA,089,PLANADAS,VOTOS NO MARCADOS,30
29,TOLIMA,089,PLANADAS,VOTOS NULOS,192
29,TOLIMA,091,PRADO,GUSTAVO PETRO,1228
29,TOLIMA,091,PRADO,RODOLFO HERNÁNDEZ,3287
29,TOLIMA,091,PRADO,VOTOS EN BLANCO,42
29,TOLIMA,091,PRADO,VOTOS NO MARCADOS,3
29,TOLIMA,091,PRADO,VOTOS NULOS,53
29,TOLIMA,094,PURIFICACION,GUSTAVO PETRO,5526
29,TOLIMA,094,PURIFICACION,RODOLFO HERNÁNDEZ,6567
29,TOLIMA,094,PURIFICACION,VOTOS EN BLANCO,205
29,TOLIMA,094,PURIFICACION,VOTOS NO MARCADOS,27
29,TOLIMA,094,PURIFICACION,VOTOS NULOS,187
29,TOLIMA,097,RIOBLANCO,GUSTAVO PETRO,1644
29,TOLIMA,097,RIOBLANCO,RODOLFO HERNÁNDEZ,6116
29,TOLIMA,097,RIOBLANCO,VOTOS EN BLANCO,145
29,TOLIMA,097,RIOBLANCO,VOTOS NO MARCADOS,21
29,TOLIMA,097,RIOBLANCO,VOTOS NULOS,96
29,TOLIMA,100,RONCESVALLES,GUSTAVO PETRO,374
29,TOLIMA,100,RONCESVALLES,RODOLFO HERNÁNDEZ,1578
29,TOLIMA,100,RONCESVALLES,VOTOS EN BLANCO,22
29,TOLIMA,100,RONCESVALLES,VOTOS NULOS,23
29,TOLIMA,103,ROVIRA,GUSTAVO PETRO,2009
29,TOLIMA,103,ROVIRA,RODOLFO HERNÁNDEZ,7732
29,TOLIMA,103,ROVIRA,VOTOS EN BLANCO,170
29,TOLIMA,103,ROVIRA,VOTOS NO MARCADOS,18
29,TOLIMA,103,ROVIRA,VOTOS NULOS,123
29,TOLIMA,105,SALDAÑA,GUSTAVO PETRO,2302
29,TOLIMA,105,SALDAÑA,RODOLFO HERNÁNDEZ,5187
29,TOLIMA,105,SALDAÑA,VOTOS EN BLANCO,112
29,TOLIMA,105,SALDAÑA,VOTOS NO MARCADOS,9
29,TOLIMA,105,SALDAÑA,VOTOS NULOS,88
29,TOLIMA,106,SAN ANTONIO,GUSTAVO PETRO,1133
29,TOLIMA,106,SAN ANTONIO,RODOLFO HERNÁNDEZ,4066
29,TOLIMA,106,SAN ANTONIO,VOTOS EN BLANCO,91
29,TOLIMA,106,SAN ANTONIO,VOTOS NO MARCADOS,10
29,TOLIMA,106,SAN ANTONIO,VOTOS NULOS,74
29,TOLIMA,109,SAN LUIS,GUSTAVO PETRO,1580
29,TOLIMA,109,SAN LUIS,RODOLFO HERNÁNDEZ,5871
29,TOLIMA,109,SAN LUIS,VOTOS EN BLANCO,74
29,TOLIMA,109,SAN LUIS,VOTOS NO MARCADOS,10
29,TOLIMA,109,SAN LUIS,VOTOS NULOS,61
29,TOLIMA,112,SANTA ISABEL,GUSTAVO PETRO,573
29,TOLIMA,112,SANTA ISABEL,RODOLFO HERNÁNDEZ,2170
29,TOLIMA,112,SANTA ISABEL,VOTOS EN BLANCO,32
29,TOLIMA,112,SANTA ISABEL,VOTOS NO MARCADOS,2
29,TOLIMA,112,SANTA ISABEL,VOTOS NULOS,33
29,TOLIMA,115,SUAREZ,GUSTAVO PETRO,659
29,TOLIMA,115,SUAREZ,RODOLFO HERNÁNDEZ,1957
29,TOLIMA,115,SUAREZ,VOTOS EN BLANCO,27
29,TOLIMA,115,SUAREZ,VOTOS NO MARCADOS,4
29,TOLIMA,115,SUAREZ,VOTOS NULOS,31
29,TOLIMA,118,VALLE DE SAN JUAN,GUSTAVO PETRO,533
29,TOLIMA,118,VALLE DE SAN JUAN,RODOLFO HERNÁNDEZ,2414
29,TOLIMA,118,VALLE DE SAN JUAN,VOTOS EN BLANCO,36
29,TOLIMA,118,VALLE DE SAN JUAN,VOTOS NULOS,28
29,TOLIMA,121,VENADILLO,GUSTAVO PETRO,2310
29,TOLIMA,121,VENADILLO,RODOLFO HERNÁNDEZ,4154
29,TOLIMA,121,VENADILLO,VOTOS EN BLANCO,75
29,TOLIMA,121,VENADILLO,VOTOS NO MARCADOS,9
29,TOLIMA,121,VENADILLO,VOTOS NULOS,89
29,TOLIMA,124,VILLAHERMOSA,GUSTAVO PETRO,880
29,TOLIMA,124,VILLAHERMOSA,RODOLFO HERNÁNDEZ,2395
29,TOLIMA,124,VILLAHERMOSA,VOTOS EN BLANCO,83
29,TOLIMA,124,VILLAHERMOSA,VOTOS NO MARCADOS,14
29,TOLIMA,124,VILLAHERMOSA,VOTOS NULOS,53
29,TOLIMA,127,VILLARRICA,GUSTAVO PETRO,484
29,TOLIMA,127,VILLARRICA,RODOLFO HERNÁNDEZ,2150
29,TOLIMA,127,VILLARRICA,VOTOS EN BLANCO,42
29,TOLIMA,127,VILLARRICA,VOTOS NO MARCADOS,2
29,TOLIMA,127,VILLARRICA,VOTOS NULOS,19
31,VALLE,001,CALI,GUSTAVO PETRO,659926
31,VALLE,001,CALI,RODOLFO HERNÁNDEZ,349259
31,VALLE,001,CALI,VOTOS EN BLANCO,24160
31,VALLE,001,CALI,VOTOS NO MARCADOS,622
31,VALLE,001,CALI,VOTOS NULOS,11492
31,VALLE,004,ALCALA,GUSTAVO PETRO,2563
31,VALLE,004,ALCALA,RODOLFO HERNÁNDEZ,3266
31,VALLE,004,ALCALA,VOTOS EN BLANCO,127
31,VALLE,004,ALCALA,VOTOS NO MARCADOS,12
31,VALLE,004,ALCALA,VOTOS NULOS,123
31,VALLE,007,ANDALUCIA,GUSTAVO PETRO,6792
31,VALLE,007,ANDALUCIA,RODOLFO HERNÁNDEZ,3928
31,VALLE,007,ANDALUCIA,VOTOS EN BLANCO,191
31,VALLE,007,ANDALUCIA,VOTOS NO MARCADOS,7
31,VALLE,007,ANDALUCIA,VOTOS NULOS,208
31,VALLE,010,ANSERMANUEVO,GUSTAVO PETRO,2931
31,VALLE,010,ANSERMANUEVO,RODOLFO HERNÁNDEZ,5381
31,VALLE,010,ANSERMANUEVO,VOTOS EN BLANCO,166
31,VALLE,010,ANSERMANUEVO,VOTOS NO MARCADOS,18
31,VALLE,010,ANSERMANUEVO,VOTOS NULOS,161
31,VALLE,013,ARGELIA,GUSTAVO PETRO,636
31,VALLE,013,ARGELIA,RODOLFO HERNÁNDEZ,2152
31,VALLE,013,ARGELIA,VOTOS EN BLANCO,43
31,VALLE,013,ARGELIA,VOTOS NO MARCADOS,3
31,VALLE,013,ARGELIA,VOTOS NULOS,41
31,VALLE,016,BOLIVAR,GUSTAVO PETRO,2829
31,VALLE,016,BOLIVAR,RODOLFO HERNÁNDEZ,4363
31,VALLE,016,BOLIVAR,VOTOS EN BLANCO,129
31,VALLE,016,BOLIVAR,VOTOS NO MARCADOS,14
31,VALLE,016,BOLIVAR,VOTOS NULOS,83
31,VALLE,019,BUENAVENTURA,GUSTAVO PETRO,87385
31,VALLE,019,BUENAVENTURA,RODOLFO HERNÁNDEZ,12428
31,VALLE,019,BUENAVENTURA,VOTOS EN BLANCO,1342
31,VALLE,019,BUENAVENTURA,VOTOS NO MARCADOS,125
31,VALLE,019,BUENAVENTURA,VOTOS NULOS,1671
31,VALLE,022,BUGA,GUSTAVO PETRO,42722
31,VALLE,022,BUGA,RODOLFO HERNÁNDEZ,19573
31,VALLE,022,BUGA,VOTOS EN BLANCO,1563
31,VALLE,022,BUGA,VOTOS NO MARCADOS,56
31,VALLE,022,BUGA,VOTOS NULOS,950
31,VALLE,025,BUGALAGRANDE,GUSTAVO PETRO,8160
31,VALLE,025,BUGALAGRANDE,RODOLFO HERNÁNDEZ,3398
31,VALLE,025,BUGALAGRANDE,VOTOS EN BLANCO,222
31,VALLE,025,BUGALAGRANDE,VOTOS NO MARCADOS,16
31,VALLE,025,BUGALAGRANDE,VOTOS NULOS,212
31,VALLE,028,CAICEDONIA,GUSTAVO PETRO,5234
31,VALLE,028,CAICEDONIA,RODOLFO HERNÁNDEZ,8445
31,VALLE,028,CAICEDONIA,VOTOS EN BLANCO,402
31,VALLE,028,CAICEDONIA,VOTOS NO MARCADOS,40
31,VALLE,028,CAICEDONIA,VOTOS NULOS,377
31,VALLE,031,CANDELARIA,GUSTAVO PETRO,34085
31,VALLE,031,CANDELARIA,RODOLFO HERNÁNDEZ,9790
31,VALLE,031,CANDELARIA,VOTOS EN BLANCO,949
31,VALLE,031,CANDELARIA,VOTOS NO MARCADOS,64
31,VALLE,031,CANDELARIA,VOTOS NULOS,885
31,VALLE,034,CARTAGO,GUSTAVO PETRO,29813
31,VALLE,034,CARTAGO,RODOLFO HERNÁNDEZ,30894
31,VALLE,034,CARTAGO,VOTOS EN BLANCO,1688
31,VALLE,034,CARTAGO,VOTOS NO MARCADOS,91
31,VALLE,034,CARTAGO,VOTOS NULOS,1260
31,VALLE,037,DAGUA,GUSTAVO PETRO,9398
31,VALLE,037,DAGUA,RODOLFO HERNÁNDEZ,8396
31,VALLE,037,DAGUA,VOTOS EN BLANCO,371
31,VALLE,037,DAGUA,VOTOS NO MARCADOS,35
31,VALLE,037,DAGUA,VOTOS NULOS,276
31,VALLE,040,CALIMA (DARIEN),GUSTAVO PETRO,4216
31,VALLE,040,CALIMA (DARIEN),RODOLFO HERNÁNDEZ,3475
31,VALLE,040,CALIMA (DARIEN),VOTOS EN BLANCO,204
31,VALLE,040,CALIMA (DARIEN),VOTOS NO MARCADOS,12
31,VALLE,040,CALIMA (DARIEN),VOTOS NULOS,111
31,VALLE,043,EL AGUILA,GUSTAVO PETRO,925
31,VALLE,043,EL AGUILA,RODOLFO HERNÁNDEZ,2764
31,VALLE,043,EL AGUILA,VOTOS EN BLANCO,99
31,VALLE,043,EL AGUILA,VOTOS NO MARCADOS,6
31,VALLE,043,EL AGUILA,VOTOS NULOS,79
31,VALLE,046,EL CAIRO,GUSTAVO PETRO,790
31,VALLE,046,EL CAIRO,RODOLFO HERNÁNDEZ,2063
31,VALLE,046,EL CAIRO,VOTOS EN BLANCO,57
31,VALLE,046,EL CAIRO,VOTOS NO MARCADOS,11
31,VALLE,046,EL CAIRO,VOTOS NULOS,38
31,VALLE,049,EL CERRITO,GUSTAVO PETRO,22822
31,VALLE,049,EL CERRITO,RODOLFO HERNÁNDEZ,7431
31,VALLE,049,EL CERRITO,VOTOS EN BLANCO,574
31,VALLE,049,EL CERRITO,VOTOS NO MARCADOS,30
31,VALLE,049,EL CERRITO,VOTOS NULOS,457
31,VALLE,052,EL DOVIO,GUSTAVO PETRO,1787
31,VALLE,052,EL DOVIO,RODOLFO HERNÁNDEZ,2973
31,VALLE,052,EL DOVIO,VOTOS EN BLANCO,136
31,VALLE,052,EL DOVIO,VOTOS NO MARCADOS,14
31,VALLE,052,EL DOVIO,VOTOS NULOS,100
31,VALLE,055,FLORIDA,GUSTAVO PETRO,25416
31,VALLE,055,FLORIDA,RODOLFO HERNÁNDEZ,6199
31,VALLE,055,FLORIDA,VOTOS EN BLANCO,596
31,VALLE,055,FLORIDA,VOTOS NO MARCADOS,31
31,VALLE,055,FLORIDA,VOTOS NULOS,458
31,VALLE,058,GINEBRA,GUSTAVO PETRO,6376
31,VALLE,058,GINEBRA,RODOLFO HERNÁNDEZ,4393
31,VALLE,058,GINEBRA,VOTOS EN BLANCO,228
31,VALLE,058,GINEBRA,VOTOS NO MARCADOS,11
31,VALLE,058,GINEBRA,VOTOS NULOS,191
31,VALLE,061,GUACARI,GUSTAVO PETRO,13130
31,VALLE,061,GUACARI,RODOLFO HERNÁNDEZ,4227
31,VALLE,061,GUACARI,VOTOS EN BLANCO,297
31,VALLE,061,GUACARI,VOTOS NO MARCADOS,18
31,VALLE,061,GUACARI,VOTOS NULOS,300
31,VALLE,064,JAMUNDI,GUSTAVO PETRO,46954
31,VALLE,064,JAMUNDI,RODOLFO HERNÁNDEZ,19463
31,VALLE,064,JAMUNDI,VOTOS EN BLANCO,1604
31,VALLE,064,JAMUNDI,VOTOS NO MARCADOS,72
31,VALLE,064,JAMUNDI,VOTOS NULOS,1191
31,VALLE,067,LA CUMBRE,GUSTAVO PETRO,3757
31,VALLE,067,LA CUMBRE,RODOLFO HERNÁNDEZ,3345
31,VALLE,067,LA CUMBRE,VOTOS EN BLANCO,158
31,VALLE,067,LA CUMBRE,VOTOS NO MARCADOS,10
31,VALLE,067,LA CUMBRE,VOTOS NULOS,84
31,VALLE,070,LA UNION,GUSTAVO PETRO,4963
31,VALLE,070,LA UNION,RODOLFO HERNÁNDEZ,10616
31,VALLE,070,LA UNION,VOTOS EN BLANCO,376
31,VALLE,070,LA UNION,VOTOS NO MARCADOS,29
31,VALLE,070,LA UNION,VOTOS NULOS,384
31,VALLE,073,LA VICTORIA,GUSTAVO PETRO,2124
31,VALLE,073,LA VICTORIA,RODOLFO HERNÁNDEZ,3848
31,VALLE,073,LA VICTORIA,VOTOS EN BLANCO,130
31,VALLE,073,LA VICTORIA,VOTOS NO MARCADOS,12
31,VALLE,073,LA VICTORIA,VOTOS NULOS,121
31,VALLE,076,OBANDO,GUSTAVO PETRO,3167
31,VALLE,076,OBANDO,RODOLFO HERNÁNDEZ,2137
31,VALLE,076,OBANDO,VOTOS EN BLANCO,91
31,VALLE,076,OBANDO,VOTOS NO MARCADOS,13
31,VALLE,076,OBANDO,VOTOS NULOS,141
31,VALLE,079,PALMIRA,GUSTAVO PETRO,104852
31,VALLE,079,PALMIRA,RODOLFO HERNÁNDEZ,48572
31,VALLE,079,PALMIRA,VOTOS EN BLANCO,3908
31,VALLE,079,PALMIRA,VOTOS NO MARCADOS,112
31,VALLE,079,PALMIRA,VOTOS NULOS,2368
31,VALLE,082,PRADERA,GUSTAVO PETRO,18590
31,VALLE,082,PRADERA,RODOLFO HERNÁNDEZ,5214
31,VALLE,082,PRADERA,VOTOS EN BLANCO,502
31,VALLE,082,PRADERA,VOTOS NO MARCADOS,33
31,VALLE,082,PRADERA,VOTOS NULOS,503
31,VALLE,085,RESTREPO,GUSTAVO PETRO,3810
31,VALLE,085,RESTREPO,RODOLFO HERNÁNDEZ,3726
31,VALLE,085,RESTREPO,VOTOS EN BLANCO,157
31,VALLE,085,RESTREPO,VOTOS NO MARCADOS,16
31,VALLE,085,RESTREPO,VOTOS NULOS,178
31,VALLE,088,RIOFRIO,GUSTAVO PETRO,3708
31,VALLE,088,RIOFRIO,RODOLFO HERNÁNDEZ,3923
31,VALLE,088,RIOFRIO,VOTOS EN BLANCO,160
31,VALLE,088,RIOFRIO,VOTOS NO MARCADOS,15
31,VALLE,088,RIOFRIO,VOTOS NULOS,174
31,VALLE,091,ROLDANILLO,GUSTAVO PETRO,8576
31,VALLE,091,ROLDANILLO,RODOLFO HERNÁNDEZ,8793
31,VALLE,091,ROLDANILLO,VOTOS EN BLANCO,399
31,VALLE,091,ROLDANILLO,VOTOS NO MARCADOS,29
31,VALLE,091,ROLDANILLO,VOTOS NULOS,308
31,VALLE,094,SAN PEDRO,GUSTAVO PETRO,4705
31,VALLE,094,SAN PEDRO,RODOLFO HERNÁNDEZ,3333
31,VALLE,094,SAN PEDRO,VOTOS EN BLANCO,130
31,VALLE,094,SAN PEDRO,VOTOS NO MARCADOS,15
31,VALLE,094,SAN PEDRO,VOTOS NULOS,137
31,VALLE,097,SEVILLA,GUSTAVO PETRO,9191
31,VALLE,097,SEVILLA,RODOLFO HERNÁNDEZ,8491
31,VALLE,097,SEVILLA,VOTOS EN BLANCO,594
31,VALLE,097,SEVILLA,VOTOS NO MARCADOS,63
31,VALLE,097,SEVILLA,VOTOS NULOS,598
31,VALLE,100,TORO,GUSTAVO PETRO,1971
31,VALLE,100,TORO,RODOLFO HERNÁNDEZ,4177
31,VALLE,100,TORO,VOTOS EN BLANCO,126
31,VALLE,100,TORO,VOTOS NO MARCADOS,13
31,VALLE,100,TORO,VOTOS NULOS,116
31,VALLE,103,TRUJILLO,GUSTAVO PETRO,3134
31,VALLE,103,TRUJILLO,RODOLFO HERNÁNDEZ,4973
31,VALLE,103,TRUJILLO,VOTOS EN BLANCO,185
31,VALLE,103,TRUJILLO,VOTOS NO MARCADOS,14
31,VALLE,103,TRUJILLO,VOTOS NULOS,151
31,VALLE,106,TULUA,GUSTAVO PETRO,53134
31,VALLE,106,TULUA,RODOLFO HERNÁNDEZ,41424
31,VALLE,106,TULUA,VOTOS EN BLANCO,2448
31,VALLE,106,TULUA,VOTOS NO MARCADOS,93
31,VALLE,106,TULUA,VOTOS NULOS,1814
31,VALLE,109,ULLOA,GUSTAVO PETRO,1120
31,VALLE,109,ULLOA,RODOLFO HERNÁNDEZ,1193
31,VALLE,109,ULLOA,VOTOS EN BLANCO,60
31,VALLE,109,ULLOA,VOTOS NO MARCADOS,6
31,VALLE,109,ULLOA,VOTOS NULOS,62
31,VALLE,112,VERSALLES,GUSTAVO PETRO,1075
31,VALLE,112,VERSALLES,RODOLFO HERNÁNDEZ,2557
31,VALLE,112,VERSALLES,VOTOS EN BLANCO,77
31,VALLE,112,VERSALLES,VOTOS NO MARCADOS,5
31,VALLE,112,VERSALLES,VOTOS NULOS,69
31,VALLE,115,VIJES,GUSTAVO PETRO,4040
31,VALLE,115,VIJES,RODOLFO HERNÁNDEZ,2042
31,VALLE,115,VIJES,VOTOS EN BLANCO,111
31,VALLE,115,VIJES,VOTOS NO MARCADOS,9
31,VALLE,115,VIJES,VOTOS NULOS,76
31,VALLE,118,YOTOCO,GUSTAVO PETRO,4795
31,VALLE,118,YOTOCO,RODOLFO HERNÁNDEZ,3045
31,VALLE,118,YOTOCO,VOTOS EN BLANCO,164
31,VALLE,118,YOTOCO,VOTOS NO MARCADOS,13
31,VALLE,118,YOTOCO,VOTOS NULOS,179
31,VALLE,121,YUMBO,GUSTAVO PETRO,46988
31,VALLE,121,YUMBO,RODOLFO HERNÁNDEZ,13231
31,VALLE,121,YUMBO,VOTOS EN BLANCO,1110
31,VALLE,121,YUMBO,VOTOS NO MARCADOS,53
31,VALLE,121,YUMBO,VOTOS NULOS,788
31,VALLE,124,ZARZAL,GUSTAVO PETRO,15657
31,VALLE,124,ZARZAL,RODOLFO HERNÁNDEZ,6011
31,VALLE,124,ZARZAL,VOTOS EN BLANCO,440
31,VALLE,124,ZARZAL,VOTOS NO MARCADOS,18
31,VALLE,124,ZARZAL,VOTOS NULOS,400
40,ARAUCA,001,ARAUCA,GUSTAVO PETRO,7416
40,ARAUCA,001,ARAUCA,RODOLFO HERNÁNDEZ,29955
40,ARAUCA,001,ARAUCA,VOTOS EN BLANCO,695
40,ARAUCA,001,ARAUCA,VOTOS NO MARCADOS,28
40,ARAUCA,001,ARAUCA,VOTOS NULOS,342
40,ARAUCA,005,TAME,GUSTAVO PETRO,6360
40,ARAUCA,005,TAME,RODOLFO HERNÁNDEZ,14032
40,ARAUCA,005,TAME,VOTOS EN BLANCO,394
40,ARAUCA,005,TAME,VOTOS NO MARCADOS,29
40,ARAUCA,005,TAME,VOTOS NULOS,209
40,ARAUCA,010,ARAUQUITA,GUSTAVO PETRO,7035
40,ARAUCA,010,ARAUQUITA,RODOLFO HERNÁNDEZ,7650
40,ARAUCA,010,ARAUQUITA,VOTOS EN BLANCO,313
40,ARAUCA,010,ARAUQUITA,VOTOS NO MARCADOS,26
40,ARAUCA,010,ARAUQUITA,VOTOS NULOS,202
40,ARAUCA,015,CRAVO NORTE,GUSTAVO PETRO,260
40,ARAUCA,015,CRAVO NORTE,RODOLFO HERNÁNDEZ,1385
40,ARAUCA,015,CRAVO NORTE,VOTOS EN BLANCO,23
40,ARAUCA,015,CRAVO NORTE,VOTOS NO MARCADOS,1
40,ARAUCA,015,CRAVO NORTE,VOTOS NULOS,4
40,ARAUCA,017,FORTUL,GUSTAVO PETRO,3411
40,ARAUCA,017,FORTUL,RODOLFO HERNÁNDEZ,3178
40,ARAUCA,017,FORTUL,VOTOS EN BLANCO,141
40,ARAUCA,017,FORTUL,VOTOS NO MARCADOS,21
40,ARAUCA,017,FORTUL,VOTOS NULOS,114
40,ARAUCA,020,PUERTO RONDON,GUSTAVO PETRO,174
40,ARAUCA,020,PUERTO RONDON,RODOLFO HERNÁNDEZ,1551
40,ARAUCA,020,PUERTO RONDON,VOTOS EN BLANCO,18
40,ARAUCA,020,PUERTO RONDON,VOTOS NO MARCADOS,1
40,ARAUCA,020,PUERTO RONDON,VOTOS NULOS,9
40,ARAUCA,025,SARAVENA,GUSTAVO PETRO,7325
40,ARAUCA,025,SARAVENA,RODOLFO HERNÁNDEZ,11869
40,ARAUCA,025,SARAVENA,VOTOS EN BLANCO,422
40,ARAUCA,025,SARAVENA,VOTOS NO MARCADOS,26
40,ARAUCA,025,SARAVENA,VOTOS NULOS,261
44,CAQUETA,001,FLORENCIA,GUSTAVO PETRO,30785
44,CAQUETA,001,FLORENCIA,RODOLFO HERNÁNDEZ,42985
44,CAQUETA,001,FLORENCIA,VOTOS EN BLANCO,1955
44,CAQUETA,001,FLORENCIA,VOTOS NO MARCADOS,83
44,CAQUETA,001,FLORENCIA,VOTOS NULOS,1022
44,CAQUETA,002,ALBANIA,GUSTAVO PETRO,586
44,CAQUETA,002,ALBANIA,RODOLFO HERNÁNDEZ,1729
44,CAQUETA,002,ALBANIA,VOTOS EN BLANCO,42
44,CAQUETA,002,ALBANIA,VOTOS NO MARCADOS,5
44,CAQUETA,002,ALBANIA,VOTOS NULOS,26
44,CAQUETA,003,CARTAGENA DEL CHAIRA,GUSTAVO PETRO,7209
44,CAQUETA,003,CARTAGENA DEL CHAIRA,RODOLFO HERNÁNDEZ,3323
44,CAQUETA,003,CARTAGENA DEL CHAIRA,VOTOS EN BLANCO,442
44,CAQUETA,003,CARTAGENA DEL CHAIRA,VOTOS NO MARCADOS,58
44,CAQUETA,003,CARTAGENA DEL CHAIRA,VOTOS NULOS,240
44,CAQUETA,004,BELEN DE LOS ANDAQUIES,GUSTAVO PETRO,1514
44,CAQUETA,004,BELEN DE LOS ANDAQUIES,RODOLFO HERNÁNDEZ,2851
44,CAQUETA,004,BELEN DE LOS ANDAQUIES,VOTOS EN BLANCO,98
44,CAQUETA,004,BELEN DE LOS ANDAQUIES,VOTOS NO MARCADOS,8
44,CAQUETA,004,BELEN DE LOS ANDAQUIES,VOTOS NULOS,76
44,CAQUETA,005,EL DONCELLO,GUSTAVO PETRO,3277
44,CAQUETA,005,EL DONCELLO,RODOLFO HERNÁNDEZ,4580
44,CAQUETA,005,EL DONCELLO,VOTOS EN BLANCO,247
44,CAQUETA,005,EL DONCELLO,VOTOS NO MARCADOS,21
44,CAQUETA,005,EL DONCELLO,VOTOS NULOS,122
44,CAQUETA,006,EL PAUJIL,GUSTAVO PETRO,2931
44,CAQUETA,006,EL PAUJIL,RODOLFO HERNÁNDEZ,2730
44,CAQUETA,006,EL PAUJIL,VOTOS EN BLANCO,116
44,CAQUETA,006,EL PAUJIL,VOTOS NO MARCADOS,11
44,CAQUETA,006,EL PAUJIL,VOTOS NULOS,70
44,CAQUETA,007,LA MONTAÑITA,GUSTAVO PETRO,3291
44,CAQUETA,007,LA MONTAÑITA,RODOLFO HERNÁNDEZ,2203
44,CAQUETA,007,LA MONTAÑITA,VOTOS EN BLANCO,103
44,CAQUETA,007,LA MONTAÑITA,VOTOS NO MARCADOS,11
44,CAQUETA,007,LA MONTAÑITA,VOTOS NULOS,51
44,CAQUETA,009,PUERTO RICO,GUSTAVO PETRO,4157
44,CAQUETA,009,PUERTO RICO,RODOLFO HERNÁNDEZ,5451
44,CAQUETA,009,PUERTO RICO,VOTOS EN BLANCO,339
44,CAQUETA,009,PUERTO RICO,VOTOS NO MARCADOS,23
44,CAQUETA,009,PUERTO RICO,VOTOS NULOS,153
44,CAQUETA,010,SAN VICENTE DEL CAGUAN,GUSTAVO PETRO,11182
44,CAQUETA,010,SAN VICENTE DEL CAGUAN,RODOLFO HERNÁNDEZ,10725
44,CAQUETA,010,SAN VICENTE DEL CAGUAN,VOTOS EN BLANCO,788
44,CAQUETA,010,SAN VICENTE DEL CAGUAN,VOTOS NO MARCADOS,63
44,CAQUETA,010,SAN VICENTE DEL CAGUAN,VOTOS NULOS,292
44,CAQUETA,012,CURILLO,GUSTAVO PETRO,993
44,CAQUETA,012,CURILLO,RODOLFO HERNÁNDEZ,2007
44,CAQUETA,012,CURILLO,VOTOS EN BLANCO,92
44,CAQUETA,012,CURILLO,VOTOS NO MARCADOS,6
44,CAQUETA,012,CURILLO,VOTOS NULOS,31
44,CAQUETA,016,MILAN,GUSTAVO PETRO,1174
44,CAQUETA,016,MILAN,RODOLFO HERNÁNDEZ,1435
44,CAQUETA,016,MILAN,VOTOS EN BLANCO,43
44,CAQUETA,016,MILAN,VOTOS NO MARCADOS,3
44,CAQUETA,016,MILAN,VOTOS NULOS,13
44,CAQUETA,017,MORELIA,GUSTAVO PETRO,518
44,CAQUETA,017,MORELIA,RODOLFO HERNÁNDEZ,1465
44,CAQUETA,017,MORELIA,VOTOS EN BLANCO,37
44,CAQUETA,017,MORELIA,VOTOS NO MARCADOS,6
44,CAQUETA,017,MORELIA,VOTOS NULOS,18
44,CAQUETA,020,SAN JOSE DEL FRAGUA,GUSTAVO PETRO,2137
44,CAQUETA,020,SAN JOSE DEL FRAGUA,RODOLFO HERNÁNDEZ,3087
44,CAQUETA,020,SAN JOSE DEL FRAGUA,VOTOS EN BLANCO,118
44,CAQUETA,020,SAN JOSE DEL FRAGUA,VOTOS NO MARCADOS,11
44,CAQUETA,020,SAN JOSE DEL FRAGUA,VOTOS NULOS,72
44,CAQUETA,022,SOLANO,GUSTAVO PETRO,1719
44,CAQUETA,022,SOLANO,RODOLFO HERNÁNDEZ,1059
44,CAQUETA,022,SOLANO,VOTOS EN BLANCO,60
44,CAQUETA,022,SOLANO,VOTOS NO MARCADOS,9
44,CAQUETA,022,SOLANO,VOTOS NULOS,17
44,CAQUETA,024,SOLITA,GUSTAVO PETRO,624
44,CAQUETA,024,SOLITA,RODOLFO HERNÁNDEZ,1660
44,CAQUETA,024,SOLITA,VOTOS EN BLANCO,65
44,CAQUETA,024,SOLITA,VOTOS NO MARCADOS,7
44,CAQUETA,024,SOLITA,VOTOS NULOS,34
44,CAQUETA,040,VALPARAISO,GUSTAVO PETRO,698
44,CAQUETA,040,VALPARAISO,RODOLFO HERNÁNDEZ,1911
44,CAQUETA,040,VALPARAISO,VOTOS EN BLANCO,45
44,CAQUETA,040,VALPARAISO,VOTOS NO MARCADOS,3
44,CAQUETA,040,VALPARAISO,VOTOS NULOS,23
46,CASANARE,001,YOPAL,GUSTAVO PETRO,27535
46,CASANARE,001,YOPAL,RODOLFO HERNÁNDEZ,53797
46,CASANARE,001,YOPAL,VOTOS EN BLANCO,1611
46,CASANARE,001,YOPAL,VOTOS NO MARCADOS,53
46,CASANARE,001,YOPAL,VOTOS NULOS,968
46,CASANARE,040,AGUAZUL,GUSTAVO PETRO,6199
46,CASANARE,040,AGUAZUL,RODOLFO HERNÁNDEZ,13933
46,CASANARE,040,AGUAZUL,VOTOS EN BLANCO,377
46,CASANARE,040,AGUAZUL,VOTOS NO MARCADOS,14
46,CASANARE,040,AGUAZUL,VOTOS NULOS,330
46,CASANARE,120,CHAMEZA,GUSTAVO PETRO,318
46,CASANARE,120,CHAMEZA,RODOLFO HERNÁNDEZ,991
46,CASANARE,120,CHAMEZA,VOTOS EN BLANCO,22
46,CASANARE,120,CHAMEZA,VOTOS NO MARCADOS,1
46,CASANARE,120,CHAMEZA,VOTOS NULOS,4
46,CASANARE,320,HATO COROZAL,GUSTAVO PETRO,832
46,CASANARE,320,HATO COROZAL,RODOLFO HERNÁNDEZ,3799
46,CASANARE,320,HATO COROZAL,VOTOS EN BLANCO,41
46,CASANARE,320,HATO COROZAL,VOTOS NO MARCADOS,3
46,CASANARE,320,HATO COROZAL,VOTOS NULOS,26
46,CASANARE,480,LA SALINA,GUSTAVO PETRO,420
46,CASANARE,480,LA SALINA,RODOLFO HERNÁNDEZ,129
46,CASANARE,480,LA SALINA,VOTOS EN BLANCO,16
46,CASANARE,480,LA SALINA,VOTOS NULOS,4
46,CASANARE,520,MANI,GUSTAVO PETRO,1609
46,CASANARE,520,MANI,RODOLFO HERNÁNDEZ,5421
46,CASANARE,520,MANI,VOTOS EN BLANCO,83
46,CASANARE,520,MANI,VOTOS NO MARCADOS,8
46,CASANARE,520,MANI,VOTOS NULOS,57
46,CASANARE,540,MONTERREY,GUSTAVO PETRO,2403
46,CASANARE,540,MONTERREY,RODOLFO HERNÁNDEZ,5907
46,CASANARE,540,MONTERREY,VOTOS EN BLANCO,175
46,CASANARE,540,MONTERREY,VOTOS NO MARCADOS,5
46,CASANARE,540,MONTERREY,VOTOS NULOS,114
46,CASANARE,560,NUNCHIA,GUSTAVO PETRO,618
46,CASANARE,560,NUNCHIA,RODOLFO HERNÁNDEZ,3734
46,CASANARE,560,NUNCHIA,VOTOS EN BLANCO,49
46,CASANARE,560,NUNCHIA,VOTOS NO MARCADOS,9
46,CASANARE,560,NUNCHIA,VOTOS NULOS,22
46,CASANARE,640,OROCUE,GUSTAVO PETRO,1078
46,CASANARE,640,OROCUE,RODOLFO HERNÁNDEZ,3375
46,CASANARE,640,OROCUE,VOTOS EN BLANCO,51
46,CASANARE,640,OROCUE,VOTOS NO MARCADOS,5
46,CASANARE,640,OROCUE,VOTOS NULOS,34
46,CASANARE,680,PAZ DE ARIPORO (MORENO),GUSTAVO PETRO,3371
46,CASANARE,680,PAZ DE ARIPORO (MORENO),RODOLFO HERNÁNDEZ,13327
46,CASANARE,680,PAZ DE ARIPORO (MORENO),VOTOS EN BLANCO,202
46,CASANARE,680,PAZ DE ARIPORO (MORENO),VOTOS NO MARCADOS,16
46,CASANARE,680,PAZ DE ARIPORO (MORENO),VOTOS NULOS,140
46,CASANARE,700,PORE,GUSTAVO PETRO,943
46,CASANARE,700,PORE,RODOLFO HERNÁNDEZ,4341
46,CASANARE,700,PORE,VOTOS EN BLANCO,56
46,CASANARE,700,PORE,VOTOS NO MARCADOS,9
46,CASANARE,700,PORE,VOTOS NULOS,38
46,CASANARE,760,RECETOR,GUSTAVO PETRO,234
46,CASANARE,760,RECETOR,RODOLFO HERNÁNDEZ,645
46,CASANARE,760,RECETOR,VOTOS EN BLANCO,9
46,CASANARE,760,RECETOR,VOTOS NO MARCADOS,1
46,CASANARE,760,RECETOR,VOTOS NULOS,3
46,CASANARE,800,SABANALARGA,GUSTAVO PETRO,451
46,CASANARE,800,SABANALARGA,RODOLFO HERNÁNDEZ,1455
46,CASANARE,800,SABANALARGA,VOTOS EN BLANCO,39
46,CASANARE,800,SABANALARGA,VOTOS NULOS,18
46,CASANARE,815,SACAMA,GUSTAVO PETRO,598
46,CASANARE,815,SACAMA,RODOLFO HERNÁNDEZ,319
46,CASANARE,815,SACAMA,VOTOS EN BLANCO,32
46,CASANARE,815,SACAMA,VOTOS NO MARCADOS,2
46,CASANARE,815,SACAMA,VOTOS NULOS,7
46,CASANARE,830,SAN LUIS DE PALENQUE,GUSTAVO PETRO,599
46,CASANARE,830,SAN LUIS DE PALENQUE,RODOLFO HERNÁNDEZ,3424
46,CASANARE,830,SAN LUIS DE PALENQUE,VOTOS EN BLANCO,48
46,CASANARE,830,SAN LUIS DE PALENQUE,VOTOS NO MARCADOS,3
46,CASANARE,830,SAN LUIS DE PALENQUE,VOTOS NULOS,24
46,CASANARE,840,TAMARA,GUSTAVO PETRO,551
46,CASANARE,840,TAMARA,RODOLFO HERNÁNDEZ,2370
46,CASANARE,840,TAMARA,VOTOS EN BLANCO,19
46,CASANARE,840,TAMARA,VOTOS NO MARCADOS,8
46,CASANARE,840,TAMARA,VOTOS NULOS,17
46,CASANARE,850,TAURAMENA,GUSTAVO PETRO,3623
46,CASANARE,850,TAURAMENA,RODOLFO HERNÁNDEZ,10036
46,CASANARE,850,TAURAMENA,VOTOS EN BLANCO,226
46,CASANARE,850,TAURAMENA,VOTOS NO MARCADOS,5
46,CASANARE,850,TAURAMENA,VOTOS NULOS,205
46,CASANARE,865,TRINIDAD,GUSTAVO PETRO,970
46,CASANARE,865,TRINIDAD,RODOLFO HERNÁNDEZ,4896
46,CASANARE,865,TRINIDAD,VOTOS EN BLANCO,54
46,CASANARE,865,TRINIDAD,VOTOS NO MARCADOS,7
46,CASANARE,865,TRINIDAD,VOTOS NULOS,42
46,CASANARE,880,VILLANUEVA,GUSTAVO PETRO,5019
46,CASANARE,880,VILLANUEVA,RODOLFO HERNÁNDEZ,12497
46,CASANARE,880,VILLANUEVA,VOTOS EN BLANCO,323
46,CASANARE,880,VILLANUEVA,VOTOS NO MARCADOS,16
46,CASANARE,880,VILLANUEVA,VOTOS NULOS,366
48,LA GUAJIRA,001,RIOHACHA,GUSTAVO PETRO,44609
48,LA GUAJIRA,001,RIOHACHA,RODOLFO HERNÁNDEZ,22381
48,LA GUAJIRA,001,RIOHACHA,VOTOS EN BLANCO,1381
48,LA GUAJIRA,001,RIOHACHA,VOTOS NO MARCADOS,57
48,LA GUAJIRA,001,RIOHACHA,VOTOS NULOS,820
48,LA GUAJIRA,002,ALBANIA,GUSTAVO PETRO,7320
48,LA GUAJIRA,002,ALBANIA,RODOLFO HERNÁNDEZ,1661
48,LA GUAJIRA,002,ALBANIA,VOTOS EN BLANCO,115
48,LA GUAJIRA,002,ALBANIA,VOTOS NO MARCADOS,3
48,LA GUAJIRA,002,ALBANIA,VOTOS NULOS,104
48,LA GUAJIRA,004,BARRANCAS,GUSTAVO PETRO,9511
48,LA GUAJIRA,004,BARRANCAS,RODOLFO HERNÁNDEZ,2902
48,LA GUAJIRA,004,BARRANCAS,VOTOS EN BLANCO,139
48,LA GUAJIRA,004,BARRANCAS,VOTOS NO MARCADOS,6
48,LA GUAJIRA,004,BARRANCAS,VOTOS NULOS,70
48,LA GUAJIRA,005,DIBULLA,GUSTAVO PETRO,6283
48,LA GUAJIRA,005,DIBULLA,RODOLFO HERNÁNDEZ,2701
48,LA GUAJIRA,005,DIBULLA,VOTOS EN BLANCO,149
48,LA GUAJIRA,005,DIBULLA,VOTOS NO MARCADOS,11
48,LA GUAJIRA,005,DIBULLA,VOTOS NULOS,74
48,LA GUAJIRA,006,EL MOLINO,GUSTAVO PETRO,2361
48,LA GUAJIRA,006,EL MOLINO,RODOLFO HERNÁNDEZ,1746
48,LA GUAJIRA,006,EL MOLINO,VOTOS EN BLANCO,46
48,LA GUAJIRA,006,EL MOLINO,VOTOS NO MARCADOS,1
48,LA GUAJIRA,006,EL MOLINO,VOTOS NULOS,30
48,LA GUAJIRA,007,FONSECA,GUSTAVO PETRO,12454
48,LA GUAJIRA,007,FONSECA,RODOLFO HERNÁNDEZ,4158
48,LA GUAJIRA,007,FONSECA,VOTOS EN BLANCO,239
48,LA GUAJIRA,007,FONSECA,VOTOS NO MARCADOS,15
48,LA GUAJIRA,007,FONSECA,VOTOS NULOS,140
48,LA GUAJIRA,008,DISTRACCION,GUSTAVO PETRO,3096
48,LA GUAJIRA,008,DISTRACCION,RODOLFO HERNÁNDEZ,1928
48,LA GUAJIRA,008,DISTRACCION,VOTOS EN BLANCO,67
48,LA GUAJIRA,008,DISTRACCION,VOTOS NO MARCADOS,7
48,LA GUAJIRA,008,DISTRACCION,VOTOS NULOS,41
48,LA GUAJIRA,009,HATONUEVO,GUSTAVO PETRO,6018
48,LA GUAJIRA,009,HATONUEVO,RODOLFO HERNÁNDEZ,1405
48,LA GUAJIRA,009,HATONUEVO,VOTOS EN BLANCO,81
48,LA GUAJIRA,009,HATONUEVO,VOTOS NO MARCADOS,6
48,LA GUAJIRA,009,HATONUEVO,VOTOS NULOS,53
48,LA GUAJIRA,010,MAICAO,GUSTAVO PETRO,30922
48,LA GUAJIRA,010,MAICAO,RODOLFO HERNÁNDEZ,17560
48,LA GUAJIRA,010,MAICAO,VOTOS EN BLANCO,996
48,LA GUAJIRA,010,MAICAO,VOTOS NO MARCADOS,80
48,LA GUAJIRA,010,MAICAO,VOTOS NULOS,633
48,LA GUAJIRA,011,MANAURE,GUSTAVO PETRO,8177
48,LA GUAJIRA,011,MANAURE,RODOLFO HERNÁNDEZ,4196
48,LA GUAJIRA,011,MANAURE,VOTOS EN BLANCO,204
48,LA GUAJIRA,011,MANAURE,VOTOS NO MARCADOS,26
48,LA GUAJIRA,011,MANAURE,VOTOS NULOS,201
48,LA GUAJIRA,012,LA JAGUA DEL PILAR,GUSTAVO PETRO,1341
48,LA GUAJIRA,012,LA JAGUA DEL PILAR,RODOLFO HERNÁNDEZ,803
48,LA GUAJIRA,012,LA JAGUA DEL PILAR,VOTOS EN BLANCO,23
48,LA GUAJIRA,012,LA JAGUA DEL PILAR,VOTOS NULOS,14
48,LA GUAJIRA,013,SAN JUAN DEL CESAR,GUSTAVO PETRO,8894
48,LA GUAJIRA,013,SAN JUAN DEL CESAR,RODOLFO HERNÁNDEZ,9685
48,LA GUAJIRA,013,SAN JUAN DEL CESAR,VOTOS EN BLANCO,285
48,LA GUAJIRA,013,SAN JUAN DEL CESAR,VOTOS NO MARCADOS,11
48,LA GUAJIRA,013,SAN JUAN DEL CESAR,VOTOS NULOS,214
48,LA GUAJIRA,016,URIBIA,GUSTAVO PETRO,11671
48,LA GUAJIRA,016,URIBIA,RODOLFO HERNÁNDEZ,7823
48,LA GUAJIRA,016,URIBIA,VOTOS EN BLANCO,355
48,LA GUAJIRA,016,URIBIA,VOTOS NO MARCADOS,45
48,LA GUAJIRA,016,URIBIA,VOTOS NULOS,464
48,LA GUAJIRA,018,URUMITA,GUSTAVO PETRO,3831
48,LA GUAJIRA,018,URUMITA,RODOLFO HERNÁNDEZ,1898
48,LA GUAJIRA,018,URUMITA,VOTOS EN BLANCO,68
48,LA GUAJIRA,018,URUMITA,VOTOS NO MARCADOS,2
48,LA GUAJIRA,018,URUMITA,VOTOS NULOS,43
48,LA GUAJIRA,020,VILLANUEVA,GUSTAVO PETRO,6678
48,LA GUAJIRA,020,VILLANUEVA,RODOLFO HERNÁNDEZ,4194
48,LA GUAJIRA,020,VILLANUEVA,VOTOS EN BLANCO,133
48,LA GUAJIRA,020,VILLANUEVA,VOTOS NO MARCADOS,6
48,LA GUAJIRA,020,VILLANUEVA,VOTOS NULOS,132
50,GUAINIA,001,INIRIDA,GUSTAVO PETRO,4875
50,GUAINIA,001,INIRIDA,RODOLFO HERNÁNDEZ,4933
50,GUAINIA,001,INIRIDA,VOTOS EN BLANCO,161
50,GUAINIA,001,INIRIDA,VOTOS NO MARCADOS,16
50,GUAINIA,001,INIRIDA,VOTOS NULOS,85
50,GUAINIA,070,BARRANCOMINAS,GUSTAVO PETRO,1379
50,GUAINIA,070,BARRANCOMINAS,RODOLFO HERNÁNDEZ,285
50,GUAINIA,070,BARRANCOMINAS,VOTOS EN BLANCO,31
50,GUAINIA,070,BARRANCOMINAS,VOTOS NO MARCADOS,5
50,GUAINIA,070,BARRANCOMINAS,VOTOS NULOS,10
50,GUAINIA,073,CACAHUAL,GUSTAVO PETRO,20
50,GUAINIA,073,CACAHUAL,RODOLFO HERNÁNDEZ,12
50,GUAINIA,073,CACAHUAL,VOTOS NO MARCADOS,1
50,GUAINIA,078,LA GUADALUPE,GUSTAVO PETRO,18
50,GUAINIA,078,LA GUADALUPE,RODOLFO HERNÁNDEZ,34
50,GUAINIA,078,LA GUADALUPE,VOTOS NULOS,1
50,GUAINIA,083,MORICHAL (MORICHAL NUEVO),GUSTAVO PETRO,49
50,GUAINIA,083,MORICHAL (MORICHAL NUEVO),RODOLFO HERNÁNDEZ,14
50,GUAINIA,083,MORICHAL (MORICHAL NUEVO),VOTOS EN BLANCO,1
50,GUAINIA,087,PANA PANA (CAMPO ALEGRE),GUSTAVO PETRO,80
50,GUAINIA,087,PANA PANA (CAMPO ALEGRE),RODOLFO HERNÁNDEZ,85
50,GUAINIA,087,PANA PANA (CAMPO ALEGRE),VOTOS EN BLANCO,4
50,GUAINIA,087,PANA PANA (CAMPO ALEGRE),VOTOS NULOS,1
50,GUAINIA,090,PUERTO COLOMBIA,GUSTAVO PETRO,40
50,GUAINIA,090,PUERTO COLOMBIA,RODOLFO HERNÁNDEZ,217
50,GUAINIA,090,PUERTO COLOMBIA,VOTOS EN BLANCO,1
50,GUAINIA,090,PUERTO COLOMBIA,VOTOS NO MARCADOS,2
50,GUAINIA,090,PUERTO COLOMBIA,VOTOS NULOS,1
50,GUAINIA,092,SAN FELIPE,GUSTAVO PETRO,71
50,GUAINIA,092,SAN FELIPE,RODOLFO HERNÁNDEZ,136
50,GUAINIA,092,SAN FELIPE,VOTOS EN BLANCO,3
50,GUAINIA,092,SAN FELIPE,VOTOS NULOS,2
52,META,001,VILLAVICENCIO,GUSTAVO PETRO,91761
52,META,001,VILLAVICENCIO,RODOLFO HERNÁNDEZ,150987
52,META,001,VILLAVICENCIO,VOTOS EN BLANCO,4967
52,META,001,VILLAVICENCIO,VOTOS NO MARCADOS,120
52,META,001,VILLAVICENCIO,VOTOS NULOS,2976
52,META,005,ACACIAS,GUSTAVO PETRO,15839
52,META,005,ACACIAS,RODOLFO HERNÁNDEZ,30870
52,META,005,ACACIAS,VOTOS EN BLANCO,950
52,META,005,ACACIAS,VOTOS NO MARCADOS,33
52,META,005,ACACIAS,VOTOS NULOS,1081
52,META,006,BARRANCA DE UPIA,GUSTAVO PETRO,961
52,META,006,BARRANCA DE UPIA,RODOLFO HERNÁNDEZ,2203
52,META,006,BARRANCA DE UPIA,VOTOS EN BLANCO,60
52,META,006,BARRANCA DE UPIA,VOTOS NO MARCADOS,4
52,META,006,BARRANCA DE UPIA,VOTOS NULOS,52
52,META,008,CABUYARO,GUSTAVO PETRO,749
52,META,008,CABUYARO,RODOLFO HERNÁNDEZ,2726
52,META,008,CABUYARO,VOTOS EN BLANCO,38
52,META,008,CABUYARO,VOTOS NO MARCADOS,2
52,META,008,CABUYARO,VOTOS NULOS,40
52,META,010,CASTILLA LA NUEVA,GUSTAVO PETRO,2992
52,META,010,CASTILLA LA NUEVA,RODOLFO HERNÁNDEZ,5934
52,META,010,CASTILLA LA NUEVA,VOTOS EN BLANCO,166
52,META,010,CASTILLA LA NUEVA,VOTOS NO MARCADOS,8
52,META,010,CASTILLA LA NUEVA,VOTOS NULOS,229
52,META,015,CUBARRAL,GUSTAVO PETRO,814
52,META,015,CUBARRAL,RODOLFO HERNÁNDEZ,2798
52,META,015,CUBARRAL,VOTOS EN BLANCO,43
52,META,015,CUBARRAL,VOTOS NO MARCADOS,1
52,META,015,CUBARRAL,VOTOS NULOS,33
52,META,020,CUMARAL,GUSTAVO PETRO,3758
52,META,020,CUMARAL,RODOLFO HERNÁNDEZ,8722
52,META,020,CUMARAL,VOTOS EN BLANCO,229
52,META,020,CUMARAL,VOTOS NO MARCADOS,13
52,META,020,CUMARAL,VOTOS NULOS,182
52,META,025,EL CALVARIO,GUSTAVO PETRO,168
52,META,025,EL CALVARIO,RODOLFO HERNÁNDEZ,738
52,META,025,EL CALVARIO,VOTOS EN BLANCO,2
52,META,025,EL CALVARIO,VOTOS NO MARCADOS,1
52,META,025,EL CALVARIO,VOTOS NULOS,4
52,META,027,EL CASTILLO,GUSTAVO PETRO,1889
52,META,027,EL CASTILLO,RODOLFO HERNÁNDEZ,1710
52,META,027,EL CASTILLO,VOTOS EN BLANCO,72
52,META,027,EL CASTILLO,VOTOS NO MARCADOS,6
52,META,027,EL CASTILLO,VOTOS NULOS,55
52,META,028,EL DORADO,GUSTAVO PETRO,568
52,META,028,EL DORADO,RODOLFO HERNÁNDEZ,1766
52,META,028,EL DORADO,VOTOS EN BLANCO,37
52,META,028,EL DORADO,VOTOS NO MARCADOS,2
52,META,028,EL DORADO,VOTOS NULOS,11
52,META,030,FUENTE DE ORO,GUSTAVO PETRO,1891
52,META,030,FUENTE DE ORO,RODOLFO HERNÁNDEZ,3836
52,META,030,FUENTE DE ORO,VOTOS EN BLANCO,108
52,META,030,FUENTE DE ORO,VOTOS NO MARCADOS,5
52,META,030,FUENTE DE ORO,VOTOS NULOS,91
52,META,035,GRANADA,GUSTAVO PETRO,12776
52,META,035,GRANADA,RODOLFO HERNÁNDEZ,20738
52,META,035,GRANADA,VOTOS EN BLANCO,744
52,META,035,GRANADA,VOTOS NO MARCADOS,34
52,META,035,GRANADA,VOTOS NULOS,557
52,META,040,GUAMAL,GUSTAVO PETRO,2393
52,META,040,GUAMAL,RODOLFO HERNÁNDEZ,6286
52,META,040,GUAMAL,VOTOS EN BLANCO,168
52,META,040,GUAMAL,VOTOS NO MARCADOS,4
52,META,040,GUAMAL,VOTOS NULOS,103
52,META,041,LA MACARENA,GUSTAVO PETRO,3844
52,META,041,LA MACARENA,RODOLFO HERNÁNDEZ,2490
52,META,041,LA MACARENA,VOTOS EN BLANCO,213
52,META,041,LA MACARENA,VOTOS NO MARCADOS,21
52,META,041,LA MACARENA,VOTOS NULOS,82
52,META,042,LEJANIAS,GUSTAVO PETRO,1450
52,META,042,LEJANIAS,RODOLFO HERNÁNDEZ,3343
52,META,042,LEJANIAS,VOTOS EN BLANCO,102
52,META,042,LEJANIAS,VOTOS NO MARCADOS,7
52,META,042,LEJANIAS,VOTOS NULOS,80
52,META,043,PUERTO GAITAN,GUSTAVO PETRO,10236
52,META,043,PUERTO GAITAN,RODOLFO HERNÁNDEZ,11785
52,META,043,PUERTO GAITAN,VOTOS EN BLANCO,459
52,META,043,PUERTO GAITAN,VOTOS NO MARCADOS,27
52,META,043,PUERTO GAITAN,VOTOS NULOS,592
52,META,044,MESETAS,GUSTAVO PETRO,2753
52,META,044,MESETAS,RODOLFO HERNÁNDEZ,2565
52,META,044,MESETAS,VOTOS EN BLANCO,107
52,META,044,MESETAS,VOTOS NO MARCADOS,11
52,META,044,MESETAS,VOTOS NULOS,45
52,META,045,PUERTO LOPEZ,GUSTAVO PETRO,3951
52,META,045,PUERTO LOPEZ,RODOLFO HERNÁNDEZ,10475
52,META,045,PUERTO LOPEZ,VOTOS EN BLANCO,196
52,META,045,PUERTO LOPEZ,VOTOS NO MARCADOS,13
52,META,045,PUERTO LOPEZ,VOTOS NULOS,197
52,META,046,MAPIRIPAN,GUSTAVO PETRO,973
52,META,046,MAPIRIPAN,RODOLFO HERNÁNDEZ,1523
52,META,046,MAPIRIPAN,VOTOS EN BLANCO,54
52,META,046,MAPIRIPAN,VOTOS NO MARCADOS,7
52,META,046,MAPIRIPAN,VOTOS NULOS,51
52,META,047,PUERTO CONCORDIA,GUSTAVO PETRO,1617
52,META,047,PUERTO CONCORDIA,RODOLFO HERNÁNDEZ,2135
52,META,047,PUERTO CONCORDIA,VOTOS EN BLANCO,61
52,META,047,PUERTO CONCORDIA,VOTOS NO MARCADOS,10
52,META,047,PUERTO CONCORDIA,VOTOS NULOS,68
52,META,048,PUERTO LLERAS,GUSTAVO PETRO,1087
52,META,048,PUERTO LLERAS,RODOLFO HERNÁNDEZ,2802
52,META,048,PUERTO LLERAS,VOTOS EN BLANCO,67
52,META,048,PUERTO LLERAS,VOTOS NO MARCADOS,5
52,META,048,PUERTO LLERAS,VOTOS NULOS,54
52,META,049,PUERTO RICO,GUSTAVO PETRO,2261
52,META,049,PUERTO RICO,RODOLFO HERNÁNDEZ,2830
52,META,049,PUERTO RICO,VOTOS EN BLANCO,111
52,META,049,PUERTO RICO,VOTOS NO MARCADOS,18
52,META,049,PUERTO RICO,VOTOS NULOS,127
52,META,050,RESTREPO,GUSTAVO PETRO,3164
52,META,050,RESTREPO,RODOLFO HERNÁNDEZ,7641
52,META,050,RESTREPO,VOTOS EN BLANCO,154
52,META,050,RESTREPO,VOTOS NO MARCADOS,4
52,META,050,RESTREPO,VOTOS NULOS,86
52,META,055,SAN CARLOS DE GUAROA,GUSTAVO PETRO,1505
52,META,055,SAN CARLOS DE GUAROA,RODOLFO HERNÁNDEZ,4347
52,META,055,SAN CARLOS DE GUAROA,VOTOS EN BLANCO,69
52,META,055,SAN CARLOS DE GUAROA,VOTOS NO MARCADOS,4
52,META,055,SAN CARLOS DE GUAROA,VOTOS NULOS,93
52,META,058,SAN JUAN DE ARAMA,GUSTAVO PETRO,1302
52,META,058,SAN JUAN DE ARAMA,RODOLFO HERNÁNDEZ,2118
52,META,058,SAN JUAN DE ARAMA,VOTOS EN BLANCO,70
52,META,058,SAN JUAN DE ARAMA,VOTOS NO MARCADOS,6
52,META,058,SAN JUAN DE ARAMA,VOTOS NULOS,41
52,META,059,SAN JUANITO,GUSTAVO PETRO,147
52,META,059,SAN JUANITO,RODOLFO HERNÁNDEZ,724
52,META,059,SAN JUANITO,VOTOS EN BLANCO,22
52,META,059,SAN JUANITO,VOTOS NULOS,9
52,META,060,SAN MARTIN DE LOS LLANOS,GUSTAVO PETRO,2862
52,META,060,SAN MARTIN DE LOS LLANOS,RODOLFO HERNÁNDEZ,8597
52,META,060,SAN MARTIN DE LOS LLANOS,VOTOS EN BLANCO,197
52,META,060,SAN MARTIN DE LOS LLANOS,VOTOS NO MARCADOS,8
52,META,060,SAN MARTIN DE LOS LLANOS,VOTOS NULOS,178
52,META,074,URIBE,GUSTAVO PETRO,3809
52,META,074,URIBE,RODOLFO HERNÁNDEZ,427
52,META,074,URIBE,VOTOS EN BLANCO,62
52,META,074,URIBE,VOTOS NO MARCADOS,9
52,META,074,URIBE,VOTOS NULOS,28
52,META,080,VISTA HERMOSA,GUSTAVO PETRO,3584
52,META,080,VISTA HERMOSA,RODOLFO HERNÁNDEZ,4317
52,META,080,VISTA HERMOSA,VOTOS EN BLANCO,207
52,META,080,VISTA HERMOSA,VOTOS NO MARCADOS,17
52,META,080,VISTA HERMOSA,VOTOS NULOS,164
54,GUAVIARE,001,SAN JOSE DEL GUAVIARE,GUSTAVO PETRO,10250
54,GUAVIARE,001,SAN JOSE DEL GUAVIARE,RODOLFO HERNÁNDEZ,12918
54,GUAVIARE,001,SAN JOSE DEL GUAVIARE,VOTOS EN BLANCO,787
54,GUAVIARE,001,SAN JOSE DEL GUAVIARE,VOTOS NO MARCADOS,32
54,GUAVIARE,001,SAN JOSE DEL GUAVIARE,VOTOS NULOS,478
54,GUAVIARE,003,CALAMAR,GUSTAVO PETRO,1834
54,GUAVIARE,003,CALAMAR,RODOLFO HERNÁNDEZ,1143
54,GUAVIARE,003,CALAMAR,VOTOS EN BLANCO,57
54,GUAVIARE,003,CALAMAR,VOTOS NO MARCADOS,10
54,GUAVIARE,003,CALAMAR,VOTOS NULOS,33
54,GUAVIARE,007,EL RETORNO,GUSTAVO PETRO,1701
54,GUAVIARE,007,EL RETORNO,RODOLFO HERNÁNDEZ,3254
54,GUAVIARE,007,EL RETORNO,VOTOS EN BLANCO,116
54,GUAVIARE,007,EL RETORNO,VOTOS NO MARCADOS,11
54,GUAVIARE,007,EL RETORNO,VOTOS NULOS,55
54,GUAVIARE,012,MIRAFLORES,GUSTAVO PETRO,920
54,GUAVIARE,012,MIRAFLORES,RODOLFO HERNÁNDEZ,288
54,GUAVIARE,012,MIRAFLORES,VOTOS EN BLANCO,40
54,GUAVIARE,012,MIRAFLORES,VOTOS NO MARCADOS,3
54,GUAVIARE,012,MIRAFLORES,VOTOS NULOS,25
56,SAN ANDRES,001,SAN ANDRES,GUSTAVO PETRO,7791
56,SAN ANDRES,001,SAN ANDRES,RODOLFO HERNÁNDEZ,6927
56,SAN ANDRES,001,SAN ANDRES,VOTOS EN BLANCO,616
56,SAN ANDRES,001,SAN ANDRES,VOTOS NO MARCADOS,17
56,SAN ANDRES,001,SAN ANDRES,VOTOS NULOS,94
56,SAN ANDRES,004,PROVIDENCIA,GUSTAVO PETRO,749
56,SAN ANDRES,004,PROVIDENCIA,RODOLFO HERNÁNDEZ,522
56,SAN ANDRES,004,PROVIDENCIA,VOTOS EN BLANCO,47
56,SAN ANDRES,004,PROVIDENCIA,VOTOS NULOS,4
60,AMAZONAS,001,LETICIA,GUSTAVO PETRO,9414
60,AMAZONAS,001,LETICIA,RODOLFO HERNÁNDEZ,9090
60,AMAZONAS,001,LETICIA,VOTOS EN BLANCO,409
60,AMAZONAS,001,LETICIA,VOTOS NO MARCADOS,35
60,AMAZONAS,001,LETICIA,VOTOS NULOS,176
60,AMAZONAS,007,PUERTO NARIÑO,GUSTAVO PETRO,1748
60,AMAZONAS,007,PUERTO NARIÑO,RODOLFO HERNÁNDEZ,656
60,AMAZONAS,007,PUERTO NARIÑO,VOTOS EN BLANCO,26
60,AMAZONAS,007,PUERTO NARIÑO,VOTOS NO MARCADOS,7
60,AMAZONAS,007,PUERTO NARIÑO,VOTOS NULOS,17
60,AMAZONAS,010,EL ENCANTO,GUSTAVO PETRO,168
60,AMAZONAS,010,EL ENCANTO,RODOLFO HERNÁNDEZ,89
60,AMAZONAS,010,EL ENCANTO,VOTOS EN BLANCO,2
60,AMAZONAS,010,EL ENCANTO,VOTOS NULOS,4
60,AMAZONAS,013,LA CHORRERA,GUSTAVO PETRO,597
60,AMAZONAS,013,LA CHORRERA,RODOLFO HERNÁNDEZ,55
60,AMAZONAS,013,LA CHORRERA,VOTOS EN BLANCO,3
60,AMAZONAS,013,LA CHORRERA,VOTOS NO MARCADOS,2
60,AMAZONAS,013,LA CHORRERA,VOTOS NULOS,4
60,AMAZONAS,016,LA PEDRERA,GUSTAVO PETRO,280
60,AMAZONAS,016,LA PEDRERA,RODOLFO HERNÁNDEZ,68
60,AMAZONAS,016,LA PEDRERA,VOTOS EN BLANCO,6
60,AMAZONAS,016,LA PEDRERA,VOTOS NULOS,5
60,AMAZONAS,017,LA VICTORIA,GUSTAVO PETRO,18
60,AMAZONAS,017,LA VICTORIA,RODOLFO HERNÁNDEZ,1
60,AMAZONAS,017,LA VICTORIA,VOTOS EN BLANCO,2
60,AMAZONAS,017,LA VICTORIA,VOTOS NO MARCADOS,1
60,AMAZONAS,019,MIRITI PARANA,GUSTAVO PETRO,102
60,AMAZONAS,019,MIRITI PARANA,RODOLFO HERNÁNDEZ,7
60,AMAZONAS,019,MIRITI PARANA,VOTOS EN BLANCO,2
60,AMAZONAS,021,PUERTO SANTANDER,GUSTAVO PETRO,136
60,AMAZONAS,021,PUERTO SANTANDER,RODOLFO HERNÁNDEZ,50
60,AMAZONAS,021,PUERTO SANTANDER,VOTOS NULOS,2
60,AMAZONAS,022,TARAPACA,GUSTAVO PETRO,277
60,AMAZONAS,022,TARAPACA,RODOLFO HERNÁNDEZ,171
60,AMAZONAS,022,TARAPACA,VOTOS EN BLANCO,5
60,AMAZONAS,022,TARAPACA,VOTOS NO MARCADOS,2
60,AMAZONAS,022,TARAPACA,VOTOS NULOS,6
60,AMAZONAS,030,PUERTO ALEGRIA,GUSTAVO PETRO,56
60,AMAZONAS,030,PUERTO ALEGRIA,RODOLFO HERNÁNDEZ,25
60,AMAZONAS,030,PUERTO ALEGRIA,VOTOS EN BLANCO,1
60,AMAZONAS,040,PUERTO ARICA,GUSTAVO PETRO,139
60,AMAZONAS,040,PUERTO ARICA,RODOLFO HERNÁNDEZ,33
60,AMAZONAS,040,PUERTO ARICA,VOTOS EN BLANCO,2
60,AMAZONAS,040,PUERTO ARICA,VOTOS NO MARCADOS,1
64,PUTUMAYO,001,MOCOA,GUSTAVO PETRO,19727
64,PUTUMAYO,001,MOCOA,RODOLFO HERNÁNDEZ,5383
64,PUTUMAYO,001,MOCOA,VOTOS EN BLANCO,510
64,PUTUMAYO,001,MOCOA,VOTOS NO MARCADOS,28
64,PUTUMAYO,001,MOCOA,VOTOS NULOS,296
64,PUTUMAYO,002,PUERTO ASIS,GUSTAVO PETRO,20688
64,PUTUMAYO,002,PUERTO ASIS,RODOLFO HERNÁNDEZ,5294
64,PUTUMAYO,002,PUERTO ASIS,VOTOS EN BLANCO,623
64,PUTUMAYO,002,PUERTO ASIS,VOTOS NO MARCADOS,55
64,PUTUMAYO,002,PUERTO ASIS,VOTOS NULOS,497
64,PUTUMAYO,004,PUERTO LEGUIZAMO,GUSTAVO PETRO,3155
64,PUTUMAYO,004,PUERTO LEGUIZAMO,RODOLFO HERNÁNDEZ,2757
64,PUTUMAYO,004,PUERTO LEGUIZAMO,VOTOS EN BLANCO,92
64,PUTUMAYO,004,PUERTO LEGUIZAMO,VOTOS NO MARCADOS,19
64,PUTUMAYO,004,PUERTO LEGUIZAMO,VOTOS NULOS,50
64,PUTUMAYO,007,COLON,GUSTAVO PETRO,2306
64,PUTUMAYO,007,COLON,RODOLFO HERNÁNDEZ,718
64,PUTUMAYO,007,COLON,VOTOS EN BLANCO,44
64,PUTUMAYO,007,COLON,VOTOS NO MARCADOS,4
64,PUTUMAYO,007,COLON,VOTOS NULOS,17
64,PUTUMAYO,013,SAN FRANCISCO,GUSTAVO PETRO,2278
64,PUTUMAYO,013,SAN FRANCISCO,RODOLFO HERNÁNDEZ,840
64,PUTUMAYO,013,SAN FRANCISCO,VOTOS EN BLANCO,77
64,PUTUMAYO,013,SAN FRANCISCO,VOTOS NO MARCADOS,9
64,PUTUMAYO,013,SAN FRANCISCO,VOTOS NULOS,49
64,PUTUMAYO,016,SANTIAGO,GUSTAVO PETRO,2892
64,PUTUMAYO,016,SANTIAGO,RODOLFO HERNÁNDEZ,597
64,PUTUMAYO,016,SANTIAGO,VOTOS EN BLANCO,66
64,PUTUMAYO,016,SANTIAGO,VOTOS NO MARCADOS,4
64,PUTUMAYO,016,SANTIAGO,VOTOS NULOS,29
64,PUTUMAYO,018,SAN MIGUEL (LA DORADA),GUSTAVO PETRO,6352
64,PUTUMAYO,018,SAN MIGUEL (LA DORADA),RODOLFO HERNÁNDEZ,607
64,PUTUMAYO,018,SAN MIGUEL (LA DORADA),VOTOS EN BLANCO,90
64,PUTUMAYO,018,SAN MIGUEL (LA DORADA),VOTOS NO MARCADOS,10
64,PUTUMAYO,018,SAN MIGUEL (LA DORADA),VOTOS NULOS,62
64,PUTUMAYO,019,SIBUNDOY,GUSTAVO PETRO,5853
64,PUTUMAYO,019,SIBUNDOY,RODOLFO HERNÁNDEZ,1427
64,PUTUMAYO,019,SIBUNDOY,VOTOS EN BLANCO,134
64,PUTUMAYO,019,SIBUNDOY,VOTOS NO MARCADOS,7
64,PUTUMAYO,019,SIBUNDOY,VOTOS NULOS,89
64,PUTUMAYO,023,ORITO,GUSTAVO PETRO,16192
64,PUTUMAYO,023,ORITO,RODOLFO HERNÁNDEZ,1676
64,PUTUMAYO,023,ORITO,VOTOS EN BLANCO,188
64,PUTUMAYO,023,ORITO,VOTOS NO MARCADOS,16
64,PUTUMAYO,023,ORITO,VOTOS NULOS,157
64,PUTUMAYO,025,PUERTO GUZMAN,GUSTAVO PETRO,4159
64,PUTUMAYO,025,PUERTO GUZMAN,RODOLFO HERNÁNDEZ,1619
64,PUTUMAYO,025,PUERTO GUZMAN,VOTOS EN BLANCO,130
64,PUTUMAYO,025,PUERTO GUZMAN,VOTOS NO MARCADOS,19
64,PUTUMAYO,025,PUERTO GUZMAN,VOTOS NULOS,75
64,PUTUMAYO,026,PUERTO CAICEDO,GUSTAVO PETRO,4758
64,PUTUMAYO,026,PUERTO CAICEDO,RODOLFO HERNÁNDEZ,670
64,PUTUMAYO,026,PUERTO CAICEDO,VOTOS EN BLANCO,93
64,PUTUMAYO,026,PUERTO CAICEDO,VOTOS NO MARCADOS,7
64,PUTUMAYO,026,PUERTO CAICEDO,VOTOS NULOS,62
64,PUTUMAYO,028,VALLE DEL GUAMUEZ (LA HORMIGA),GUSTAVO PETRO,14280
64,PUTUMAYO,028,VALLE DEL GUAMUEZ (LA HORMIGA),RODOLFO HERNÁNDEZ,1228
64,PUTUMAYO,028,VALLE DEL GUAMUEZ (LA HORMIGA),VOTOS EN BLANCO,189
64,PUTUMAYO,028,VALLE DEL GUAMUEZ (LA HORMIGA),VOTOS NO MARCADOS,18
64,PUTUMAYO,028,VALLE DEL GUAMUEZ (LA HORMIGA),VOTOS NULOS,95
64,PUTUMAYO,030,VILLAGARZON,GUSTAVO PETRO,7832
64,PUTUMAYO,030,VILLAGARZON,RODOLFO HERNÁNDEZ,2843
64,PUTUMAYO,030,VILLAGARZON,VOTOS EN BLANCO,299
64,PUTUMAYO,030,VILLAGARZON,VOTOS NO MARCADOS,12
64,PUTUMAYO,030,VILLAGARZON,VOTOS NULOS,223
68,VAUPES,001,MITU,GUSTAVO PETRO,5178
68,VAUPES,001,MITU,RODOLFO HERNÁNDEZ,1823
68,VAUPES,001,MITU,VOTOS EN BLANCO,87
68,VAUPES,001,MITU,VOTOS NO MARCADOS,9
68,VAUPES,001,MITU,VOTOS NULOS,38
68,VAUPES,004,CARURU,GUSTAVO PETRO,591
68,VAUPES,004,CARURU,RODOLFO HERNÁNDEZ,93
68,VAUPES,004,CARURU,VOTOS EN BLANCO,3
68,VAUPES,004,CARURU,VOTOS NULOS,2
68,VAUPES,010,MORICHAL (PAPUNAGUA),GUSTAVO PETRO,61
68,VAUPES,010,MORICHAL (PAPUNAGUA),RODOLFO HERNÁNDEZ,8
68,VAUPES,013,BUENOS AIRES (PACOA),GUSTAVO PETRO,205
68,VAUPES,013,BUENOS AIRES (PACOA),RODOLFO HERNÁNDEZ,21
68,VAUPES,013,BUENOS AIRES (PACOA),VOTOS EN BLANCO,8
68,VAUPES,013,BUENOS AIRES (PACOA),VOTOS NO MARCADOS,2
68,VAUPES,013,BUENOS AIRES (PACOA),VOTOS NULOS,2
68,VAUPES,017,TARAIRA,GUSTAVO PETRO,279
68,VAUPES,017,TARAIRA,RODOLFO HERNÁNDEZ,145
68,VAUPES,017,TARAIRA,VOTOS EN BLANCO,9
68,VAUPES,017,TARAIRA,VOTOS NULOS,1
68,VAUPES,022,YAVARATE,GUSTAVO PETRO,243
68,VAUPES,022,YAVARATE,RODOLFO HERNÁNDEZ,67
68,VAUPES,022,YAVARATE,VOTOS EN BLANCO,5
72,VICHADA,001,PUERTO CARREÑO,GUSTAVO PETRO,2803
72,VICHADA,001,PUERTO CARREÑO,RODOLFO HERNÁNDEZ,5233
72,VICHADA,001,PUERTO CARREÑO,VOTOS EN BLANCO,172
72,VICHADA,001,PUERTO CARREÑO,VOTOS NO MARCADOS,23
72,VICHADA,001,PUERTO CARREÑO,VOTOS NULOS,78
72,VICHADA,002,SANTA ROSALIA,GUSTAVO PETRO,255
72,VICHADA,002,SANTA ROSALIA,RODOLFO HERNÁNDEZ,1379
72,VICHADA,002,SANTA ROSALIA,VOTOS EN BLANCO,13
72,VICHADA,002,SANTA ROSALIA,VOTOS NULOS,5
72,VICHADA,006,CUMARIBO,GUSTAVO PETRO,3983
72,VICHADA,006,CUMARIBO,RODOLFO HERNÁNDEZ,2105
72,VICHADA,006,CUMARIBO,VOTOS EN BLANCO,71
72,VICHADA,006,CUMARIBO,VOTOS NO MARCADOS,15
72,VICHADA,006,CUMARIBO,VOTOS NULOS,57
72,VICHADA,008,LA PRIMAVERA,GUSTAVO PETRO,592
72,VICHADA,008,LA PRIMAVERA,RODOLFO HERNÁNDEZ,2733
72,VICHADA,008,LA PRIMAVERA,VOTOS EN BLANCO,57
72,VICHADA,008,LA PRIMAVERA,VOTOS NO MARCADOS,2
72,VICHADA,008,LA PRIMAVERA,VOTOS NULOS,24
88,CONSULADOS,115,GHANA,GUSTAVO PETRO,16
88,CONSULADOS,115,GHANA,RODOLFO HERNÁNDEZ,12
88,CONSULADOS,115,GHANA,VOTOS EN BLANCO,3
88,CONSULADOS,120,ALEMANIA,GUSTAVO PETRO,4182
88,CONSULADOS,120,ALEMANIA,RODOLFO HERNÁNDEZ,1298
88,CONSULADOS,120,ALEMANIA,VOTOS EN BLANCO,142
88,CONSULADOS,120,ALEMANIA,VOTOS NULOS,2
88,CONSULADOS,130,ARGELIA,GUSTAVO PETRO,2
88,CONSULADOS,130,ARGELIA,RODOLFO HERNÁNDEZ,3
88,CONSULADOS,130,ARGELIA,VOTOS EN BLANCO,1
88,CONSULADOS,130,ARGELIA,VOTOS NO MARCADOS,0
88,CONSULADOS,130,ARGELIA,VOTOS NULOS,0
88,CONSULADOS,135,ARZERBAIYAN,GUSTAVO PETRO,8
88,CONSULADOS,135,ARZERBAIYAN,RODOLFO HERNÁNDEZ,10
88,CONSULADOS,135,ARZERBAIYAN,VOTOS EN BLANCO,1
88,CONSULADOS,135,ARZERBAIYAN,VOTOS NO MARCADOS,0
88,CONSULADOS,135,ARZERBAIYAN,VOTOS NULOS,0
88,CONSULADOS,140,CURAZAO,GUSTAVO PETRO,211
88,CONSULADOS,140,CURAZAO,RODOLFO HERNÁNDEZ,567
88,CONSULADOS,140,CURAZAO,VOTOS EN BLANCO,13
88,CONSULADOS,140,CURAZAO,VOTOS NULOS,2
88,CONSULADOS,155,ARGENTINA,GUSTAVO PETRO,5616
88,CONSULADOS,155,ARGENTINA,RODOLFO HERNÁNDEZ,1996
88,CONSULADOS,155,ARGENTINA,VOTOS EN BLANCO,139
88,CONSULADOS,155,ARGENTINA,VOTOS NO MARCADOS,1
88,CONSULADOS,155,ARGENTINA,VOTOS NULOS,15
88,CONSULADOS,160,ARUBA,GUSTAVO PETRO,581
88,CONSULADOS,160,ARUBA,RODOLFO HERNÁNDEZ,1729
88,CONSULADOS,160,ARUBA,VOTOS EN BLANCO,18
88,CONSULADOS,160,ARUBA,VOTOS NO MARCADOS,1
88,CONSULADOS,160,ARUBA,VOTOS NULOS,3
88,CONSULADOS,165,AUSTRALIA,GUSTAVO PETRO,5398
88,CONSULADOS,165,AUSTRALIA,RODOLFO HERNÁNDEZ,2595
88,CONSULADOS,165,AUSTRALIA,VOTOS EN BLANCO,220
88,CONSULADOS,165,AUSTRALIA,VOTOS NO MARCADOS,1
88,CONSULADOS,165,AUSTRALIA,VOTOS NULOS,13
88,CONSULADOS,170,AUSTRIA,GUSTAVO PETRO,580
88,CONSULADOS,170,AUSTRIA,RODOLFO HERNÁNDEZ,192
88,CONSULADOS,170,AUSTRIA,VOTOS EN BLANCO,26
88,CONSULADOS,190,BELGICA,GUSTAVO PETRO,997
88,CONSULADOS,190,BELGICA,RODOLFO HERNÁNDEZ,447
88,CONSULADOS,190,BELGICA,VOTOS EN BLANCO,39
88,CONSULADOS,190,BELGICA,VOTOS NO MARCADOS,1
88,CONSULADOS,190,BELGICA,VOTOS NULOS,2
88,CONSULADOS,215,BOLIVIA,GUSTAVO PETRO,175
88,CONSULADOS,215,BOLIVIA,RODOLFO HERNÁNDEZ,316
88,CONSULADOS,215,BOLIVIA,VOTOS EN BLANCO,5
88,CONSULADOS,215,BOLIVIA,VOTOS NULOS,1
88,CONSULADOS,220,BRASIL,GUSTAVO PETRO,1440
88,CONSULADOS,220,BRASIL,RODOLFO HERNÁNDEZ,829
88,CONSULADOS,220,BRASIL,VOTOS EN BLANCO,36
88,CONSULADOS,220,BRASIL,VOTOS NULOS,6
88,CONSULADOS,250,CANADA,GUSTAVO PETRO,9859
88,CONSULADOS,250,CANADA,RODOLFO HERNÁNDEZ,11560
88,CONSULADOS,250,CANADA,VOTOS EN BLANCO,516
88,CONSULADOS,250,CANADA,VOTOS NO MARCADOS,2
88,CONSULADOS,250,CANADA,VOTOS NULOS,23
88,CONSULADOS,275,COREA DEL SUR,GUSTAVO PETRO,95
88,CONSULADOS,275,COREA DEL SUR,RODOLFO HERNÁNDEZ,49
88,CONSULADOS,275,COREA DEL SUR,VOTOS EN BLANCO,4
88,CONSULADOS,285,COSTA RICA,GUSTAVO PETRO,1028
88,CONSULADOS,285,COSTA RICA,RODOLFO HERNÁNDEZ,2941
88,CONSULADOS,285,COSTA RICA,VOTOS EN BLANCO,66
88,CONSULADOS,285,COSTA RICA,VOTOS NULOS,8
88,CONSULADOS,290,CUBA,GUSTAVO PETRO,383
88,CONSULADOS,290,CUBA,RODOLFO HERNÁNDEZ,81
88,CONSULADOS,290,CUBA,VOTOS EN BLANCO,6
88,CONSULADOS,305,CHILE,GUSTAVO PETRO,5219
88,CONSULADOS,305,CHILE,RODOLFO HERNÁNDEZ,3773
88,CONSULADOS,305,CHILE,VOTOS EN BLANCO,171
88,CONSULADOS,305,CHILE,VOTOS NO MARCADOS,1
88,CONSULADOS,305,CHILE,VOTOS NULOS,38
88,CONSULADOS,315,CHINA REPUBLICA POPULAR,GUSTAVO PETRO,157
88,CONSULADOS,315,CHINA REPUBLICA POPULAR,RODOLFO HERNÁNDEZ,139
88,CONSULADOS,315,CHINA REPUBLICA POPULAR,VOTOS EN BLANCO,18
88,CONSULADOS,315,CHINA REPUBLICA POPULAR,VOTOS NO MARCADOS,0
88,CONSULADOS,315,CHINA REPUBLICA POPULAR,VOTOS NULOS,0
88,CONSULADOS,325,DINAMARCA,GUSTAVO PETRO,251
88,CONSULADOS,325,DINAMARCA,RODOLFO HERNÁNDEZ,75
88,CONSULADOS,325,DINAMARCA,VOTOS EN BLANCO,14
88,CONSULADOS,330,ECUADOR,GUSTAVO PETRO,2477
88,CONSULADOS,330,ECUADOR,RODOLFO HERNÁNDEZ,3978
88,CONSULADOS,330,ECUADOR,VOTOS EN BLANCO,123
88,CONSULADOS,330,ECUADOR,VOTOS NO MARCADOS,11
88,CONSULADOS,330,ECUADOR,VOTOS NULOS,98
88,CONSULADOS,335,EGIPTO,GUSTAVO PETRO,23
88,CONSULADOS,335,EGIPTO,RODOLFO HERNÁNDEZ,17
88,CONSULADOS,340,EL SALVADOR,GUSTAVO PETRO,92
88,CONSULADOS,340,EL SALVADOR,RODOLFO HERNÁNDEZ,204
88,CONSULADOS,340,EL SALVADOR,VOTOS EN BLANCO,11
88,CONSULADOS,340,EL SALVADOR,VOTOS NULOS,1
88,CONSULADOS,350,EMIRATOS ARABES UNIDOS,GUSTAVO PETRO,260
88,CONSULADOS,350,EMIRATOS ARABES UNIDOS,RODOLFO HERNÁNDEZ,1178
88,CONSULADOS,350,EMIRATOS ARABES UNIDOS,VOTOS EN BLANCO,20
88,CONSULADOS,350,EMIRATOS ARABES UNIDOS,VOTOS NULOS,4
88,CONSULADOS,355,ESPAÑA,GUSTAVO PETRO,25541
88,CONSULADOS,355,ESPAÑA,RODOLFO HERNÁNDEZ,19182
88,CONSULADOS,355,ESPAÑA,VOTOS EN BLANCO,960
88,CONSULADOS,355,ESPAÑA,VOTOS NO MARCADOS,11
88,CONSULADOS,355,ESPAÑA,VOTOS NULOS,143
88,CONSULADOS,360,ESTADOS UNIDOS,GUSTAVO PETRO,25159
88,CONSULADOS,360,ESTADOS UNIDOS,RODOLFO HERNÁNDEZ,104889
88,CONSULADOS,360,ESTADOS UNIDOS,VOTOS EN BLANCO,1519
88,CONSULADOS,360,ESTADOS UNIDOS,VOTOS NO MARCADOS,10
88,CONSULADOS,360,ESTADOS UNIDOS,VOTOS NULOS,125
88,CONSULADOS,370,REPUBLICA DE FILIPINAS,GUSTAVO PETRO,28
88,CONSULADOS,370,REPUBLICA DE FILIPINAS,RODOLFO HERNÁNDEZ,26
88,CONSULADOS,370,REPUBLICA DE FILIPINAS,VOTOS EN BLANCO,3
88,CONSULADOS,375,FINLANDIA,GUSTAVO PETRO,158
88,CONSULADOS,375,FINLANDIA,RODOLFO HERNÁNDEZ,52
88,CONSULADOS,375,FINLANDIA,VOTOS EN BLANCO,6
88,CONSULADOS,380,FRANCIA,GUSTAVO PETRO,5496
88,CONSULADOS,380,FRANCIA,RODOLFO HERNÁNDEZ,2140
88,CONSULADOS,380,FRANCIA,VOTOS EN BLANCO,220
88,CONSULADOS,380,FRANCIA,VOTOS NO MARCADOS,1
88,CONSULADOS,380,FRANCIA,VOTOS NULOS,12
88,CONSULADOS,410,GUATEMALA,GUSTAVO PETRO,208
88,CONSULADOS,410,GUATEMALA,RODOLFO HERNÁNDEZ,669
88,CONSULADOS,410,GUATEMALA,VOTOS EN BLANCO,25
88,CONSULADOS,435,PAISES BAJOS,GUSTAVO PETRO,1137
88,CONSULADOS,435,PAISES BAJOS,RODOLFO HERNÁNDEZ,604
88,CONSULADOS,435,PAISES BAJOS,VOTOS EN BLANCO,58
88,CONSULADOS,435,PAISES BAJOS,VOTOS NULOS,1
88,CONSULADOS,440,HONDURAS,GUSTAVO PETRO,48
88,CONSULADOS,440,HONDURAS,RODOLFO HERNÁNDEZ,139
88,CONSULADOS,440,HONDURAS,VOTOS EN BLANCO,3
88,CONSULADOS,440,HONDURAS,VOTOS NULOS,1
88,CONSULADOS,445,HUNGRIA,GUSTAVO PETRO,149
88,CONSULADOS,445,HUNGRIA,RODOLFO HERNÁNDEZ,40
88,CONSULADOS,445,HUNGRIA,VOTOS EN BLANCO,6
88,CONSULADOS,455,INDIA,GUSTAVO PETRO,7
88,CONSULADOS,455,INDIA,RODOLFO HERNÁNDEZ,7
88,CONSULADOS,455,INDIA,VOTOS EN BLANCO,6
88,CONSULADOS,460,INDONESIA,GUSTAVO PETRO,23
88,CONSULADOS,460,INDONESIA,RODOLFO HERNÁNDEZ,22
88,CONSULADOS,460,INDONESIA,VOTOS EN BLANCO,1
88,CONSULADOS,460,INDONESIA,VOTOS NO MARCADOS,0
88,CONSULADOS,460,INDONESIA,VOTOS NULOS,0
88,CONSULADOS,465,INGLATERRA,GUSTAVO PETRO,3494
88,CONSULADOS,465,INGLATERRA,RODOLFO HERNÁNDEZ,3671
88,CONSULADOS,465,INGLATERRA,VOTOS EN BLANCO,175
88,CONSULADOS,465,INGLATERRA,VOTOS NO MARCADOS,1
88,CONSULADOS,465,INGLATERRA,VOTOS NULOS,9
88,CONSULADOS,470,IRLANDA,GUSTAVO PETRO,147
88,CONSULADOS,470,IRLANDA,RODOLFO HERNÁNDEZ,110
88,CONSULADOS,470,IRLANDA,VOTOS EN BLANCO,8
88,CONSULADOS,470,IRLANDA,VOTOS NULOS,1
88,CONSULADOS,490,ISRAEL,GUSTAVO PETRO,150
88,CONSULADOS,490,ISRAEL,RODOLFO HERNÁNDEZ,306
88,CONSULADOS,490,ISRAEL,VOTOS EN BLANCO,16
88,CONSULADOS,490,ISRAEL,VOTOS NULOS,3
88,CONSULADOS,495,ITALIA,GUSTAVO PETRO,2028
88,CONSULADOS,495,ITALIA,RODOLFO HERNÁNDEZ,1630
88,CONSULADOS,495,ITALIA,VOTOS EN BLANCO,95
88,CONSULADOS,495,ITALIA,VOTOS NULOS,10
88,CONSULADOS,500,JAMAICA,GUSTAVO PETRO,23
88,CONSULADOS,500,JAMAICA,RODOLFO HERNÁNDEZ,64
88,CONSULADOS,500,JAMAICA,VOTOS EN BLANCO,1
88,CONSULADOS,500,JAMAICA,VOTOS NULOS,1
88,CONSULADOS,505,JAPON,GUSTAVO PETRO,167
88,CONSULADOS,505,JAPON,RODOLFO HERNÁNDEZ,162
88,CONSULADOS,505,JAPON,VOTOS EN BLANCO,9
88,CONSULADOS,505,JAPON,VOTOS NULOS,1
88,CONSULADOS,515,KENIA,GUSTAVO PETRO,20
88,CONSULADOS,515,KENIA,RODOLFO HERNÁNDEZ,12
88,CONSULADOS,535,LIBANO,GUSTAVO PETRO,18
88,CONSULADOS,535,LIBANO,RODOLFO HERNÁNDEZ,84
88,CONSULADOS,535,LIBANO,VOTOS EN BLANCO,1
88,CONSULADOS,540,LUXEMBURGO,GUSTAVO PETRO,72
88,CONSULADOS,540,LUXEMBURGO,RODOLFO HERNÁNDEZ,48
88,CONSULADOS,540,LUXEMBURGO,VOTOS EN BLANCO,8
88,CONSULADOS,560,MALASIA,GUSTAVO PETRO,23
88,CONSULADOS,560,MALASIA,RODOLFO HERNÁNDEZ,39
88,CONSULADOS,560,MALASIA,VOTOS EN BLANCO,1
88,CONSULADOS,560,MALASIA,VOTOS NULOS,1
88,CONSULADOS,580,MARRUECOS,GUSTAVO PETRO,10
88,CONSULADOS,580,MARRUECOS,RODOLFO HERNÁNDEZ,7
88,CONSULADOS,580,MARRUECOS,VOTOS EN BLANCO,6
88,CONSULADOS,580,MARRUECOS,VOTOS NO MARCADOS,0
88,CONSULADOS,580,MARRUECOS,VOTOS NULOS,0
88,CONSULADOS,590,MEXICO,GUSTAVO PETRO,3013
88,CONSULADOS,590,MEXICO,RODOLFO HERNÁNDEZ,3772
88,CONSULADOS,590,MEXICO,VOTOS EN BLANCO,190
88,CONSULADOS,590,MEXICO,VOTOS NULOS,11
88,CONSULADOS,620,NICARAGUA,GUSTAVO PETRO,27
88,CONSULADOS,620,NICARAGUA,RODOLFO HERNÁNDEZ,74
88,CONSULADOS,620,NICARAGUA,VOTOS EN BLANCO,3
88,CONSULADOS,625,NUEVA ZELANDIA,GUSTAVO PETRO,505
88,CONSULADOS,625,NUEVA ZELANDIA,RODOLFO HERNÁNDEZ,250
88,CONSULADOS,625,NUEVA ZELANDIA,VOTOS EN BLANCO,29
88,CONSULADOS,635,NORUEGA,GUSTAVO PETRO,204
88,CONSULADOS,635,NORUEGA,RODOLFO HERNÁNDEZ,83
88,CONSULADOS,635,NORUEGA,VOTOS EN BLANCO,9
88,CONSULADOS,655,PANAMA,GUSTAVO PETRO,1967
88,CONSULADOS,655,PANAMA,RODOLFO HERNÁNDEZ,5043
88,CONSULADOS,655,PANAMA,VOTOS EN BLANCO,137
88,CONSULADOS,655,PANAMA,VOTOS NO MARCADOS,1
88,CONSULADOS,655,PANAMA,VOTOS NULOS,12
88,CONSULADOS,665,PARAGUAY,GUSTAVO PETRO,54
88,CONSULADOS,665,PARAGUAY,RODOLFO HERNÁNDEZ,161
88,CONSULADOS,665,PARAGUAY,VOTOS EN BLANCO,4
88,CONSULADOS,665,PARAGUAY,VOTOS NULOS,2
88,CONSULADOS,670,PERU,GUSTAVO PETRO,791
88,CONSULADOS,670,PERU,RODOLFO HERNÁNDEZ,1482
88,CONSULADOS,670,PERU,VOTOS EN BLANCO,43
88,CONSULADOS,670,PERU,VOTOS NULOS,8
88,CONSULADOS,675,POLONIA,GUSTAVO PETRO,137
88,CONSULADOS,675,POLONIA,RODOLFO HERNÁNDEZ,59
88,CONSULADOS,675,POLONIA,VOTOS EN BLANCO,4
88,CONSULADOS,680,PORTUGAL,GUSTAVO PETRO,367
88,CONSULADOS,680,PORTUGAL,RODOLFO HERNÁNDEZ,215
88,CONSULADOS,680,PORTUGAL,VOTOS EN BLANCO,9
88,CONSULADOS,680,PORTUGAL,VOTOS NULOS,3
88,CONSULADOS,683,PUERTO RICO,GUSTAVO PETRO,293
88,CONSULADOS,683,PUERTO RICO,RODOLFO HERNÁNDEZ,537
88,CONSULADOS,683,PUERTO RICO,VOTOS EN BLANCO,13
88,CONSULADOS,685,REPUBLICA DOMINICANA,GUSTAVO PETRO,344
88,CONSULADOS,685,REPUBLICA DOMINICANA,RODOLFO HERNÁNDEZ,919
88,CONSULADOS,685,REPUBLICA DOMINICANA,VOTOS EN BLANCO,32
88,CONSULADOS,685,REPUBLICA DOMINICANA,VOTOS NO MARCADOS,1
88,CONSULADOS,685,REPUBLICA DOMINICANA,VOTOS NULOS,2
88,CONSULADOS,688,REPUBLICA DE SINGAPUR,GUSTAVO PETRO,48
88,CONSULADOS,688,REPUBLICA DE SINGAPUR,RODOLFO HERNÁNDEZ,87
88,CONSULADOS,688,REPUBLICA DE SINGAPUR,VOTOS EN BLANCO,6
88,CONSULADOS,690,REPUBLICA SOCIALISTA DEVIETNAM,GUSTAVO PETRO,14
88,CONSULADOS,690,REPUBLICA SOCIALISTA DEVIETNAM,RODOLFO HERNÁNDEZ,10
88,CONSULADOS,690,REPUBLICA SOCIALISTA DEVIETNAM,VOTOS EN BLANCO,2
88,CONSULADOS,690,REPUBLICA SOCIALISTA DEVIETNAM,VOTOS NO MARCADOS,0
88,CONSULADOS,690,REPUBLICA SOCIALISTA DEVIETNAM,VOTOS NULOS,0
88,CONSULADOS,700,RUSIA,GUSTAVO PETRO,139
88,CONSULADOS,700,RUSIA,RODOLFO HERNÁNDEZ,22
88,CONSULADOS,700,RUSIA,VOTOS EN BLANCO,3
88,CONSULADOS,745,SUDAFRICA,GUSTAVO PETRO,27
88,CONSULADOS,745,SUDAFRICA,RODOLFO HERNÁNDEZ,52
88,CONSULADOS,745,SUDAFRICA,VOTOS EN BLANCO,2
88,CONSULADOS,755,SUECIA,GUSTAVO PETRO,671
88,CONSULADOS,755,SUECIA,RODOLFO HERNÁNDEZ,281
88,CONSULADOS,755,SUECIA,VOTOS EN BLANCO,25
88,CONSULADOS,755,SUECIA,VOTOS NULOS,1
88,CONSULADOS,760,SUIZA,GUSTAVO PETRO,1666
88,CONSULADOS,760,SUIZA,RODOLFO HERNÁNDEZ,1090
88,CONSULADOS,760,SUIZA,VOTOS EN BLANCO,57
88,CONSULADOS,765,TAILANDIA,GUSTAVO PETRO,26
88,CONSULADOS,765,TAILANDIA,RODOLFO HERNÁNDEZ,22
88,CONSULADOS,765,TAILANDIA,VOTOS EN BLANCO,3
88,CONSULADOS,770,TURQUIA,GUSTAVO PETRO,82
88,CONSULADOS,770,TURQUIA,RODOLFO HERNÁNDEZ,39
88,CONSULADOS,770,TURQUIA,VOTOS EN BLANCO,1
88,CONSULADOS,770,TURQUIA,VOTOS NO MARCADOS,0
88,CONSULADOS,770,TURQUIA,VOTOS NULOS,0
88,CONSULADOS,785,TRINIDAD Y TOBAGO,GUSTAVO PETRO,23
88,CONSULADOS,785,TRINIDAD Y TOBAGO,RODOLFO HERNÁNDEZ,38
88,CONSULADOS,785,TRINIDAD Y TOBAGO,VOTOS EN BLANCO,2
88,CONSULADOS,805,URUGUAY,GUSTAVO PETRO,301
88,CONSULADOS,805,URUGUAY,RODOLFO HERNÁNDEZ,194
88,CONSULADOS,805,URUGUAY,VOTOS EN BLANCO,14
88,CONSULADOS,805,URUGUAY,VOTOS NULOS,1
88,CONSULADOS,815,VENEZUELA,GUSTAVO PETRO,765
88,CONSULADOS,815,VENEZUELA,RODOLFO HERNÁNDEZ,3263
88,CONSULADOS,815,VENEZUELA,VOTOS EN BLANCO,45
88,CONSULADOS,815,VENEZUELA,VOTOS NO MARCADOS,4
88,CONSULADOS,815,VENEZUELA,VOTOS NULOS,16
