COD_DDE,DES_DD,COD_MME,DES_MM,DES_CAN,votes
01,ANTIOQUIA,001,MEDELLIN,ENRIQUE GÓMEZ MARTÍNEZ,2568
01,ANTIOQUIA,001,MEDELLIN,FEDERICO GUTIÉRREZ,603374
01,ANTIOQUIA,001,MEDELLIN,GUSTAVO PETRO,275780
01,ANTIOQUIA,001,MEDELLIN,INGRID BETANCOURT,572
01,ANTIOQUIA,001,MEDELLIN,JOHN MILTON RODRÍGUEZ,7770
01,ANTIOQUIA,001,MEDELLIN,LUIS PÉREZ,1099
01,ANTIOQUIA,001,MEDELLIN,RODOLFO HERNÁNDEZ,141337
01,ANTIOQUIA,001,MEDELLIN,SERGIO FAJARDO,69394
01,ANTIOQUIA,001,MEDELLIN,VOTOS EN BLANCO,23355
01,ANTIOQUIA,001,MEDELLIN,VOTOS NO MARCADOS,850
01,ANTIOQUIA,001,MEDELLIN,VOTOS NULOS,12199
01,ANTIOQUIA,004,ABEJORRAL,ENRIQUE GÓMEZ MARTÍNEZ,19
01,ANTIOQUIA,004,ABEJORRAL,FEDERICO GUTIÉRREZ,4942
01,ANTIOQUIA,004,ABEJORRAL,GUSTAVO PETRO,685
01,ANTIOQUIA,004,ABEJORRAL,INGRID BETANCOURT,6
01,ANTIOQUIA,004,ABEJORRAL,JOHN MILTON RODRÍGUEZ,36
01,ANTIOQUIA,004,ABEJORRAL,LUIS PÉREZ,8
01,ANTIOQUIA,004,ABEJORRAL,RODOLFO HERNÁNDEZ,1112
01,ANTIOQUIA,004,ABEJORRAL,SERGIO FAJARDO,358
01,ANTIOQUIA,004,ABEJORRAL,VOTOS EN BLANCO,113
01,ANTIOQUIA,004,ABEJORRAL,VOTOS NO MARCADOS,42
01,ANTIOQUIA,004,ABEJORRAL,VOTOS NULOS,89
01,ANTIOQUIA,007,ABRIAQUI,ENRIQUE GÓMEZ MARTÍNEZ,3
01,ANTIOQUIA,007,ABRIAQUI,FEDERICO GUTIÉRREZ,696
01,ANTIOQUIA,007,ABRIAQUI,GUSTAVO PETRO,56
01,ANTIOQUIA,007,ABRIAQUI,LUIS PÉREZ,2
01,ANTIOQUIA,007,ABRIAQUI,RODOLFO HERNÁNDEZ,174
01,ANTIOQUIA,007,ABRIAQUI,SERGIO FAJARDO,29
01,ANTIOQUIA,007,ABRIAQUI,VOTOS EN BLANCO,19
01,ANTIOQUIA,007,ABRIAQUI,VOTOS NO MARCADOS,3
01,ANTIOQUIA,007,ABRIAQUI,VOTOS NULOS,6
01,ANTIOQUIA,010,ALEJANDRIA,ENRIQUE GÓMEZ MARTÍNEZ,7
01,ANTIOQUIA,010,ALEJANDRIA,FEDERICO GUTIÉRREZ,1501
01,ANTIOQUIA,010,ALEJANDRIA,GUSTAVO PETRO,272
01,ANTIOQUIA,010,ALEJANDRIA,INGRID BETANCOURT,1
01,ANTIOQUIA,010,ALEJANDRIA,JOHN MILTON RODRÍGUEZ,1
01,ANTIOQUIA,010,ALEJANDRIA,LUIS PÉREZ,3
01,ANTIOQUIA,010,ALEJANDRIA,RODOLFO HERNÁNDEZ,399
01,ANTIOQUIA,010,ALEJANDRIA,SERGIO FAJARDO,122
01,ANTIOQUIA,010,ALEJANDRIA,VOTOS EN BLANCO,34
01,ANTIOQUIA,010,ALEJANDRIA,VOTOS NO MARCADOS,6
01,ANTIOQUIA,010,ALEJANDRIA,VOTOS NULOS,18
01,ANTIOQUIA,013,AMAGA,ENRIQUE GÓMEZ MARTÍNEZ,28
01,ANTIOQUIA,013,AMAGA,FEDERICO GUTIÉRREZ,4881
01,ANTIOQUIA,013,AMAGA,GUSTAVO PETRO,2280
01,ANTIOQUIA,013,AMAGA,INGRID BETANCOURT,7
01,ANTIOQUIA,013,AMAGA,JOHN MILTON RODRÍGUEZ,33
01,ANTIOQUIA,013,AMAGA,LUIS PÉREZ,17
01,ANTIOQUIA,013,AMAGA,RODOLFO HERNÁNDEZ,3531
01,ANTIOQUIA,013,AMAGA,SERGIO FAJARDO,496
01,ANTIOQUIA,013,AMAGA,VOTOS EN BLANCO,254
01,ANTIOQUIA,013,AMAGA,VOTOS NO MARCADOS,33
01,ANTIOQUIA,013,AMAGA,VOTOS NULOS,204
01,ANTIOQUIA,016,AMALFI,ENRIQUE GÓMEZ MARTÍNEZ,20
01,ANTIOQUIA,016,AMALFI,FEDERICO GUTIÉRREZ,2630
01,ANTIOQUIA,016,AMALFI,GUSTAVO PETRO,889
01,ANTIOQUIA,016,AMALFI,INGRID BETANCOURT,3
01,ANTIOQUIA,016,AMALFI,JOHN MILTON RODRÍGUEZ,36
01,ANTIOQUIA,016,AMALFI,LUIS PÉREZ,9
01,ANTIOQUIA,016,AMALFI,RODOLFO HERNÁNDEZ,1923
01,ANTIOQUIA,016,AMALFI,SERGIO FAJARDO,345
01,ANTIOQUIA,016,AMALFI,VOTOS EN BLANCO,199
01,ANTIOQUIA,016,AMALFI,VOTOS NO MARCADOS,25
01,ANTIOQUIA,016,AMALFI,VOTOS NULOS,97
01,ANTIOQUIA,019,ANDES,ENRIQUE GÓMEZ MARTÍNEZ,33
01,ANTIOQUIA,019,ANDES,FEDERICO GUTIÉRREZ,9330
01,ANTIOQUIA,019,ANDES,GUSTAVO PETRO,2400
01,ANTIOQUIA,019,ANDES,INGRID BETANCOURT,4
01,ANTIOQUIA,019,ANDES,JOHN MILTON RODRÍGUEZ,39
01,ANTIOQUIA,019,ANDES,LUIS PÉREZ,21
01,ANTIOQUIA,019,ANDES,RODOLFO HERNÁNDEZ,3512
01,ANTIOQUIA,019,ANDES,SERGIO FAJARDO,686
01,ANTIOQUIA,019,ANDES,VOTOS EN BLANCO,257
01,ANTIOQUIA,019,ANDES,VOTOS NO MARCADOS,28
01,ANTIOQUIA,019,ANDES,VOTOS NULOS,156
01,ANTIOQUIA,022,ANGELOPOLIS,ENRIQUE GÓMEZ MARTÍNEZ,4
01,ANTIOQUIA,022,ANGELOPOLIS,FEDERICO GUTIÉRREZ,1364
01,ANTIOQUIA,022,ANGELOPOLIS,GUSTAVO PETRO,363
01,ANTIOQUIA,022,ANGELOPOLIS,INGRID BETANCOURT,4
01,ANTIOQUIA,022,ANGELOPOLIS,JOHN MILTON RODRÍGUEZ,6
01,ANTIOQUIA,022,ANGELOPOLIS,LUIS PÉREZ,4
01,ANTIOQUIA,022,ANGELOPOLIS,RODOLFO HERNÁNDEZ,622
01,ANTIOQUIA,022,ANGELOPOLIS,SERGIO FAJARDO,102
01,ANTIOQUIA,022,ANGELOPOLIS,VOTOS EN BLANCO,61
01,ANTIOQUIA,022,ANGELOPOLIS,VOTOS NO MARCADOS,12
01,ANTIOQUIA,022,ANGELOPOLIS,VOTOS NULOS,38
01,ANTIOQUIA,025,ANGOSTURA,ENRIQUE GÓMEZ MARTÍNEZ,21
01,ANTIOQUIA,025,ANGOSTURA,FEDERICO GUTIÉRREZ,1527
01,ANTIOQUIA,025,ANGOSTURA,GUSTAVO PETRO,338
01,ANTIOQUIA,025,ANGOSTURA,INGRID BETANCOURT,13
01,ANTIOQUIA,025,ANGOSTURA,JOHN MILTON RODRÍGUEZ,6
01,ANTIOQUIA,025,ANGOSTURA,LUIS PÉREZ,9
01,ANTIOQUIA,025,ANGOSTURA,RODOLFO HERNÁNDEZ,912
01,ANTIOQUIA,025,ANGOSTURA,SERGIO FAJARDO,264
01,ANTIOQUIA,025,ANGOSTURA,VOTOS EN BLANCO,87
01,ANTIOQUIA,025,ANGOSTURA,VOTOS NO MARCADOS,32
01,ANTIOQUIA,025,ANGOSTURA,VOTOS NULOS,82
01,ANTIOQUIA,028,ANORI,ENRIQUE GÓMEZ MARTÍNEZ,44
01,ANTIOQUIA,028,ANORI,FEDERICO GUTIÉRREZ,1024
01,ANTIOQUIA,028,ANORI,GUSTAVO PETRO,863
01,ANTIOQUIA,028,ANORI,INGRID BETANCOURT,3
01,ANTIOQUIA,028,ANORI,JOHN MILTON RODRÍGUEZ,17
01,ANTIOQUIA,028,ANORI,LUIS PÉREZ,5
01,ANTIOQUIA,028,ANORI,RODOLFO HERNÁNDEZ,1226
01,ANTIOQUIA,028,ANORI,SERGIO FAJARDO,150
01,ANTIOQUIA,028,ANORI,VOTOS EN BLANCO,128
01,ANTIOQUIA,028,ANORI,VOTOS NO MARCADOS,11
01,ANTIOQUIA,028,ANORI,VOTOS NULOS,31
01,ANTIOQUIA,031,ANTIOQUIA,ENRIQUE GÓMEZ MARTÍNEZ,22
01,ANTIOQUIA,031,ANTIOQUIA,FEDERICO GUTIÉRREZ,4185
01,ANTIOQUIA,031,ANTIOQUIA,GUSTAVO PETRO,2222
01,ANTIOQUIA,031,ANTIOQUIA,INGRID BETANCOURT,9
01,ANTIOQUIA,031,ANTIOQUIA,JOHN MILTON RODRÍGUEZ,49
01,ANTIOQUIA,031,ANTIOQUIA,LUIS PÉREZ,13
01,ANTIOQUIA,031,ANTIOQUIA,RODOLFO HERNÁNDEZ,3000
01,ANTIOQUIA,031,ANTIOQUIA,SERGIO FAJARDO,438
01,ANTIOQUIA,031,ANTIOQUIA,VOTOS EN BLANCO,337
01,ANTIOQUIA,031,ANTIOQUIA,VOTOS NO MARCADOS,29
01,ANTIOQUIA,031,ANTIOQUIA,VOTOS NULOS,212
01,ANTIOQUIA,034,ANZA,ENRIQUE GÓMEZ MARTÍNEZ,10
01,ANTIOQUIA,034,ANZA,FEDERICO GUTIÉRREZ,1138
01,ANTIOQUIA,034,ANZA,GUSTAVO PETRO,228
01,ANTIOQUIA,034,ANZA,JOHN MILTON RODRÍGUEZ,4
01,ANTIOQUIA,034,ANZA,LUIS PÉREZ,3
01,ANTIOQUIA,034,ANZA,RODOLFO HERNÁNDEZ,784
01,ANTIOQUIA,034,ANZA,SERGIO FAJARDO,101
01,ANTIOQUIA,034,ANZA,VOTOS EN BLANCO,54
01,ANTIOQUIA,034,ANZA,VOTOS NO MARCADOS,9
01,ANTIOQUIA,034,ANZA,VOTOS NULOS,29
01,ANTIOQUIA,035,APARTADO,ENRIQUE GÓMEZ MARTÍNEZ,82
01,ANTIOQUIA,035,APARTADO,FEDERICO GUTIÉRREZ,8332
01,ANTIOQUIA,035,APARTADO,GUSTAVO PETRO,26164
01,ANTIOQUIA,035,APARTADO,INGRID BETANCOURT,17
01,ANTIOQUIA,035,APARTADO,JOHN MILTON RODRÍGUEZ,872
01,ANTIOQUIA,035,APARTADO,LUIS PÉREZ,22
01,ANTIOQUIA,035,APARTADO,RODOLFO HERNÁNDEZ,11155
01,ANTIOQUIA,035,APARTADO,SERGIO FAJARDO,1128
01,ANTIOQUIA,035,APARTADO,VOTOS EN BLANCO,1172
01,ANTIOQUIA,035,APARTADO,VOTOS NO MARCADOS,100
01,ANTIOQUIA,035,APARTADO,VOTOS NULOS,549
01,ANTIOQUIA,037,ARBOLETES,ENRIQUE GÓMEZ MARTÍNEZ,17
01,ANTIOQUIA,037,ARBOLETES,FEDERICO GUTIÉRREZ,3604
01,ANTIOQUIA,037,ARBOLETES,GUSTAVO PETRO,3766
01,ANTIOQUIA,037,ARBOLETES,INGRID BETANCOURT,4
01,ANTIOQUIA,037,ARBOLETES,JOHN MILTON RODRÍGUEZ,67
01,ANTIOQUIA,037,ARBOLETES,LUIS PÉREZ,4
01,ANTIOQUIA,037,ARBOLETES,RODOLFO HERNÁNDEZ,1482
01,ANTIOQUIA,037,ARBOLETES,SERGIO FAJARDO,332
01,ANTIOQUIA,037,ARBOLETES,VOTOS EN BLANCO,99
01,ANTIOQUIA,037,ARBOLETES,VOTOS NO MARCADOS,22
01,ANTIOQUIA,037,ARBOLETES,VOTOS NULOS,68
01,ANTIOQUIA,039,ARGELIA,ENRIQUE GÓMEZ MARTÍNEZ,11
01,ANTIOQUIA,039,ARGELIA,FEDERICO GUTIÉRREZ,1824
01,ANTIOQUIA,039,ARGELIA,GUSTAVO PETRO,219
01,ANTIOQUIA,039,ARGELIA,INGRID BETANCOURT,3
01,ANTIOQUIA,039,ARGELIA,JOHN MILTON RODRÍGUEZ,4
01,ANTIOQUIA,039,ARGELIA,LUIS PÉREZ,3
01,ANTIOQUIA,039,ARGELIA,RODOLFO HERNÁNDEZ,789
01,ANTIOQUIA,039,ARGELIA,SERGIO FAJARDO,82
01,ANTIOQUIA,039,ARGELIA,VOTOS EN BLANCO,46
01,ANTIOQUIA,039,ARGELIA,VOTOS NO MARCADOS,15
01,ANTIOQUIA,039,ARGELIA,VOTOS NULOS,33
01,ANTIOQUIA,040,ARMENIA,ENRIQUE GÓMEZ MARTÍNEZ,5
01,ANTIOQUIA,040,ARMENIA,FEDERICO GUTIÉRREZ,1411
01,ANTIOQUIA,040,ARMENIA,GUSTAVO PETRO,232
01,ANTIOQUIA,040,ARMENIA,INGRID BETANCOURT,3
01,ANTIOQUIA,040,ARMENIA,JOHN MILTON RODRÍGUEZ,3
01,ANTIOQUIA,040,ARMENIA,LUIS PÉREZ,5
01,ANTIOQUIA,040,ARMENIA,RODOLFO HERNÁNDEZ,355
01,ANTIOQUIA,040,ARMENIA,SERGIO FAJARDO,65
01,ANTIOQUIA,040,ARMENIA,VOTOS EN BLANCO,44
01,ANTIOQUIA,040,ARMENIA,VOTOS NO MARCADOS,9
01,ANTIOQUIA,040,ARMENIA,VOTOS NULOS,58
01,ANTIOQUIA,043,BARBOSA,ENRIQUE GÓMEZ MARTÍNEZ,75
01,ANTIOQUIA,043,BARBOSA,FEDERICO GUTIÉRREZ,9265
01,ANTIOQUIA,043,BARBOSA,GUSTAVO PETRO,5481
01,ANTIOQUIA,043,BARBOSA,INGRID BETANCOURT,26
01,ANTIOQUIA,043,BARBOSA,JOHN MILTON RODRÍGUEZ,175
01,ANTIOQUIA,043,BARBOSA,LUIS PÉREZ,29
01,ANTIOQUIA,043,BARBOSA,RODOLFO HERNÁNDEZ,5169
01,ANTIOQUIA,043,BARBOSA,SERGIO FAJARDO,1086
01,ANTIOQUIA,043,BARBOSA,VOTOS EN BLANCO,609
01,ANTIOQUIA,043,BARBOSA,VOTOS NO MARCADOS,68
01,ANTIOQUIA,043,BARBOSA,VOTOS NULOS,512
01,ANTIOQUIA,046,BELMIRA,ENRIQUE GÓMEZ MARTÍNEZ,8
01,ANTIOQUIA,046,BELMIRA,FEDERICO GUTIÉRREZ,1577
01,ANTIOQUIA,046,BELMIRA,GUSTAVO PETRO,259
01,ANTIOQUIA,046,BELMIRA,INGRID BETANCOURT,2
01,ANTIOQUIA,046,BELMIRA,JOHN MILTON RODRÍGUEZ,2
01,ANTIOQUIA,046,BELMIRA,LUIS PÉREZ,4
01,ANTIOQUIA,046,BELMIRA,RODOLFO HERNÁNDEZ,613
01,ANTIOQUIA,046,BELMIRA,SERGIO FAJARDO,134
01,ANTIOQUIA,046,BELMIRA,VOTOS EN BLANCO,60
01,ANTIOQUIA,046,BELMIRA,VOTOS NO MARCADOS,9
01,ANTIOQUIA,046,BELMIRA,VOTOS NULOS,31
01,ANTIOQUIA,049,BELLO,ENRIQUE GÓMEZ MARTÍNEZ,375
01,ANTIOQUIA,049,BELLO,FEDERICO GUTIÉRREZ,91084
01,ANTIOQUIA,049,BELLO,GUSTAVO PETRO,52189
01,ANTIOQUIA,049,BELLO,INGRID BETANCOURT,113
01,ANTIOQUIA,049,BELLO,JOHN MILTON RODRÍGUEZ,2449
01,ANTIOQUIA,049,BELLO,LUIS PÉREZ,210
01,ANTIOQUIA,049,BELLO,RODOLFO HERNÁNDEZ,32189
01,ANTIOQUIA,049,BELLO,SERGIO FAJARDO,10233
01,ANTIOQUIA,049,BELLO,VOTOS EN BLANCO,4137
01,ANTIOQUIA,049,BELLO,VOTOS NO MARCADOS,138
01,ANTIOQUIA,049,BELLO,VOTOS NULOS,2591
01,ANTIOQUIA,052,BETANIA,ENRIQUE GÓMEZ MARTÍNEZ,3
01,ANTIOQUIA,052,BETANIA,FEDERICO GUTIÉRREZ,1926
01,ANTIOQUIA,052,BETANIA,GUSTAVO PETRO,354
01,ANTIOQUIA,052,BETANIA,INGRID BETANCOURT,1
01,ANTIOQUIA,052,BETANIA,JOHN MILTON RODRÍGUEZ,5
01,ANTIOQUIA,052,BETANIA,LUIS PÉREZ,3
01,ANTIOQUIA,052,BETANIA,RODOLFO HERNÁNDEZ,833
01,ANTIOQUIA,052,BETANIA,SERGIO FAJARDO,101
01,ANTIOQUIA,052,BETANIA,VOTOS EN BLANCO,31
01,ANTIOQUIA,052,BETANIA,VOTOS NO MARCADOS,6
01,ANTIOQUIA,052,BETANIA,VOTOS NULOS,13
01,ANTIOQUIA,055,BETULIA,ENRIQUE GÓMEZ MARTÍNEZ,12
01,ANTIOQUIA,055,BETULIA,FEDERICO GUTIÉRREZ,2771
01,ANTIOQUIA,055,BETULIA,GUSTAVO PETRO,406
01,ANTIOQUIA,055,BETULIA,INGRID BETANCOURT,6
01,ANTIOQUIA,055,BETULIA,JOHN MILTON RODRÍGUEZ,50
01,ANTIOQUIA,055,BETULIA,LUIS PÉREZ,17
01,ANTIOQUIA,055,BETULIA,RODOLFO HERNÁNDEZ,1331
01,ANTIOQUIA,055,BETULIA,SERGIO FAJARDO,201
01,ANTIOQUIA,055,BETULIA,VOTOS EN BLANCO,85
01,ANTIOQUIA,055,BETULIA,VOTOS NO MARCADOS,18
01,ANTIOQUIA,055,BETULIA,VOTOS NULOS,55
01,ANTIOQUIA,058,BOLIVAR,ENRIQUE GÓMEZ MARTÍNEZ,27
01,ANTIOQUIA,058,BOLIVAR,FEDERICO GUTIÉRREZ,6928
01,ANTIOQUIA,058,BOLIVAR,GUSTAVO PETRO,1369
01,ANTIOQUIA,058,BOLIVAR,INGRID BETANCOURT,7
01,ANTIOQUIA,058,BOLIVAR,JOHN MILTON RODRÍGUEZ,32
01,ANTIOQUIA,058,BOLIVAR,LUIS PÉREZ,7
01,ANTIOQUIA,058,BOLIVAR,RODOLFO HERNÁNDEZ,2357
01,ANTIOQUIA,058,BOLIVAR,SERGIO FAJARDO,408
01,ANTIOQUIA,058,BOLIVAR,VOTOS EN BLANCO,201
01,ANTIOQUIA,058,BOLIVAR,VOTOS NO MARCADOS,31
01,ANTIOQUIA,058,BOLIVAR,VOTOS NULOS,111
01,ANTIOQUIA,061,BURITICA,ENRIQUE GÓMEZ MARTÍNEZ,13
01,ANTIOQUIA,061,BURITICA,FEDERICO GUTIÉRREZ,868
01,ANTIOQUIA,061,BURITICA,GUSTAVO PETRO,600
01,ANTIOQUIA,061,BURITICA,INGRID BETANCOURT,3
01,ANTIOQUIA,061,BURITICA,JOHN MILTON RODRÍGUEZ,17
01,ANTIOQUIA,061,BURITICA,LUIS PÉREZ,7
01,ANTIOQUIA,061,BURITICA,RODOLFO HERNÁNDEZ,625
01,ANTIOQUIA,061,BURITICA,SERGIO FAJARDO,107
01,ANTIOQUIA,061,BURITICA,VOTOS EN BLANCO,75
01,ANTIOQUIA,061,BURITICA,VOTOS NO MARCADOS,18
01,ANTIOQUIA,061,BURITICA,VOTOS NULOS,59
01,ANTIOQUIA,062,BRICEÑO,ENRIQUE GÓMEZ MARTÍNEZ,10
01,ANTIOQUIA,062,BRICEÑO,FEDERICO GUTIÉRREZ,326
01,ANTIOQUIA,062,BRICEÑO,GUSTAVO PETRO,532
01,ANTIOQUIA,062,BRICEÑO,INGRID BETANCOURT,2
01,ANTIOQUIA,062,BRICEÑO,JOHN MILTON RODRÍGUEZ,4
01,ANTIOQUIA,062,BRICEÑO,LUIS PÉREZ,3
01,ANTIOQUIA,062,BRICEÑO,RODOLFO HERNÁNDEZ,1309
01,ANTIOQUIA,062,BRICEÑO,SERGIO FAJARDO,70
01,ANTIOQUIA,062,BRICEÑO,VOTOS EN BLANCO,44
01,ANTIOQUIA,062,BRICEÑO,VOTOS NO MARCADOS,18
01,ANTIOQUIA,062,BRICEÑO,VOTOS NULOS,30
01,ANTIOQUIA,064,CACERES,ENRIQUE GÓMEZ MARTÍNEZ,28
01,ANTIOQUIA,064,CACERES,FEDERICO GUTIÉRREZ,1299
01,ANTIOQUIA,064,CACERES,GUSTAVO PETRO,2599
01,ANTIOQUIA,064,CACERES,INGRID BETANCOURT,8
01,ANTIOQUIA,064,CACERES,JOHN MILTON RODRÍGUEZ,75
01,ANTIOQUIA,064,CACERES,LUIS PÉREZ,6
01,ANTIOQUIA,064,CACERES,RODOLFO HERNÁNDEZ,1346
01,ANTIOQUIA,064,CACERES,SERGIO FAJARDO,181
01,ANTIOQUIA,064,CACERES,VOTOS EN BLANCO,136
01,ANTIOQUIA,064,CACERES,VOTOS NO MARCADOS,30
01,ANTIOQUIA,064,CACERES,VOTOS NULOS,67
01,ANTIOQUIA,067,CAICEDO,ENRIQUE GÓMEZ MARTÍNEZ,13
01,ANTIOQUIA,067,CAICEDO,FEDERICO GUTIÉRREZ,1417
01,ANTIOQUIA,067,CAICEDO,GUSTAVO PETRO,429
01,ANTIOQUIA,067,CAICEDO,INGRID BETANCOURT,4
01,ANTIOQUIA,067,CAICEDO,JOHN MILTON RODRÍGUEZ,14
01,ANTIOQUIA,067,CAICEDO,LUIS PÉREZ,5
01,ANTIOQUIA,067,CAICEDO,RODOLFO HERNÁNDEZ,756
01,ANTIOQUIA,067,CAICEDO,SERGIO FAJARDO,118
01,ANTIOQUIA,067,CAICEDO,VOTOS EN BLANCO,84
01,ANTIOQUIA,067,CAICEDO,VOTOS NO MARCADOS,21
01,ANTIOQUIA,067,CAICEDO,VOTOS NULOS,59
01,ANTIOQUIA,070,CALDAS,ENRIQUE GÓMEZ MARTÍNEZ,77
01,ANTIOQUIA,070,CALDAS,FEDERICO GUTIÉRREZ,18648
01,ANTIOQUIA,070,CALDAS,GUSTAVO PETRO,10807
01,ANTIOQUIA,070,CALDAS,INGRID BETANCOURT,32
01,ANTIOQUIA,070,CALDAS,JOHN MILTON RODRÍGUEZ,305
01,ANTIOQUIA,070,CALDAS,LUIS PÉREZ,53
01,ANTIOQUIA,070,CALDAS,RODOLFO HERNÁNDEZ,8339
01,ANTIOQUIA,070,CALDAS,SERGIO FAJARDO,2521
01,ANTIOQUIA,070,CALDAS,VOTOS EN BLANCO,981
01,ANTIOQUIA,070,CALDAS,VOTOS NO MARCADOS,50
01,ANTIOQUIA,070,CALDAS,VOTOS NULOS,853
01,ANTIOQUIA,073,CAMPAMENTO,ENRIQUE GÓMEZ MARTÍNEZ,13
01,ANTIOQUIA,073,CAMPAMENTO,FEDERICO GUTIÉRREZ,838
01,ANTIOQUIA,073,CAMPAMENTO,GUSTAVO PETRO,283
01,ANTIOQUIA,073,CAMPAMENTO,INGRID BETANCOURT,3
01,ANTIOQUIA,073,CAMPAMENTO,JOHN MILTON RODRÍGUEZ,4
01,ANTIOQUIA,073,CAMPAMENTO,LUIS PÉREZ,1
01,ANTIOQUIA,073,CAMPAMENTO,RODOLFO HERNÁNDEZ,448
01,ANTIOQUIA,073,CAMPAMENTO,SERGIO FAJARDO,123
01,ANTIOQUIA,073,CAMPAMENTO,VOTOS EN BLANCO,82
01,ANTIOQUIA,073,CAMPAMENTO,VOTOS NO MARCADOS,24
01,ANTIOQUIA,073,CAMPAMENTO,VOTOS NULOS,26
01,ANTIOQUIA,076,CAÑASGORDAS,ENRIQUE GÓMEZ MARTÍNEZ,10
01,ANTIOQUIA,076,CAÑASGORDAS,FEDERICO GUTIÉRREZ,3913
01,ANTIOQUIA,076,CAÑASGORDAS,GUSTAVO PETRO,669
01,ANTIOQUIA,076,CAÑASGORDAS,INGRID BETANCOURT,4
01,ANTIOQUIA,076,CAÑASGORDAS,JOHN MILTON RODRÍGUEZ,13
01,ANTIOQUIA,076,CAÑASGORDAS,LUIS PÉREZ,11
01,ANTIOQUIA,076,CAÑASGORDAS,RODOLFO HERNÁNDEZ,1648
01,ANTIOQUIA,076,CAÑASGORDAS,SERGIO FAJARDO,183
01,ANTIOQUIA,076,CAÑASGORDAS,VOTOS EN BLANCO,114
01,ANTIOQUIA,076,CAÑASGORDAS,VOTOS NO MARCADOS,28
01,ANTIOQUIA,076,CAÑASGORDAS,VOTOS NULOS,75
01,ANTIOQUIA,078,CARACOLI,ENRIQUE GÓMEZ MARTÍNEZ,3
01,ANTIOQUIA,078,CARACOLI,FEDERICO GUTIÉRREZ,913
01,ANTIOQUIA,078,CARACOLI,GUSTAVO PETRO,348
01,ANTIOQUIA,078,CARACOLI,INGRID BETANCOURT,2
01,ANTIOQUIA,078,CARACOLI,JOHN MILTON RODRÍGUEZ,18
01,ANTIOQUIA,078,CARACOLI,LUIS PÉREZ,3
01,ANTIOQUIA,078,CARACOLI,RODOLFO HERNÁNDEZ,604
01,ANTIOQUIA,078,CARACOLI,SERGIO FAJARDO,41
01,ANTIOQUIA,078,CARACOLI,VOTOS EN BLANCO,43
01,ANTIOQUIA,078,CARACOLI,VOTOS NO MARCADOS,8
01,ANTIOQUIA,078,CARACOLI,VOTOS NULOS,13
01,ANTIOQUIA,079,CARAMANTA,ENRIQUE GÓMEZ MARTÍNEZ,4
01,ANTIOQUIA,079,CARAMANTA,FEDERICO GUTIÉRREZ,1121
01,ANTIOQUIA,079,CARAMANTA,GUSTAVO PETRO,318
01,ANTIOQUIA,079,CARAMANTA,INGRID BETANCOURT,2
01,ANTIOQUIA,079,CARAMANTA,JOHN MILTON RODRÍGUEZ,10
01,ANTIOQUIA,079,CARAMANTA,RODOLFO HERNÁNDEZ,521
01,ANTIOQUIA,079,CARAMANTA,SERGIO FAJARDO,188
01,ANTIOQUIA,079,CARAMANTA,VOTOS EN BLANCO,34
01,ANTIOQUIA,079,CARAMANTA,VOTOS NO MARCADOS,14
01,ANTIOQUIA,079,CARAMANTA,VOTOS NULOS,41
01,ANTIOQUIA,080,CAREPA,ENRIQUE GÓMEZ MARTÍNEZ,22
01,ANTIOQUIA,080,CAREPA,FEDERICO GUTIÉRREZ,3657
01,ANTIOQUIA,080,CAREPA,GUSTAVO PETRO,9591
01,ANTIOQUIA,080,CAREPA,INGRID BETANCOURT,12
01,ANTIOQUIA,080,CAREPA,JOHN MILTON RODRÍGUEZ,406
01,ANTIOQUIA,080,CAREPA,LUIS PÉREZ,7
01,ANTIOQUIA,080,CAREPA,RODOLFO HERNÁNDEZ,5276
01,ANTIOQUIA,080,CAREPA,SERGIO FAJARDO,533
01,ANTIOQUIA,080,CAREPA,VOTOS EN BLANCO,531
01,ANTIOQUIA,080,CAREPA,VOTOS NO MARCADOS,53
01,ANTIOQUIA,080,CAREPA,VOTOS NULOS,240
01,ANTIOQUIA,082,CARMEN DE VIBORAL,ENRIQUE GÓMEZ MARTÍNEZ,109
01,ANTIOQUIA,082,CARMEN DE VIBORAL,FEDERICO GUTIÉRREZ,10486
01,ANTIOQUIA,082,CARMEN DE VIBORAL,GUSTAVO PETRO,6167
01,ANTIOQUIA,082,CARMEN DE VIBORAL,INGRID BETANCOURT,25
01,ANTIOQUIA,082,CARMEN DE VIBORAL,JOHN MILTON RODRÍGUEZ,108
01,ANTIOQUIA,082,CARMEN DE VIBORAL,LUIS PÉREZ,44
01,ANTIOQUIA,082,CARMEN DE VIBORAL,RODOLFO HERNÁNDEZ,9303
01,ANTIOQUIA,082,CARMEN DE VIBORAL,SERGIO FAJARDO,1446
01,ANTIOQUIA,082,CARMEN DE VIBORAL,VOTOS EN BLANCO,535
01,ANTIOQUIA,082,CARMEN DE VIBORAL,VOTOS NO MARCADOS,51
01,ANTIOQUIA,082,CARMEN DE VIBORAL,VOTOS NULOS,456
01,ANTIOQUIA,085,CAROLINA,ENRIQUE GÓMEZ MARTÍNEZ,7
01,ANTIOQUIA,085,CAROLINA,FEDERICO GUTIÉRREZ,1260
01,ANTIOQUIA,085,CAROLINA,GUSTAVO PETRO,409
01,ANTIOQUIA,085,CAROLINA,INGRID BETANCOURT,3
01,ANTIOQUIA,085,CAROLINA,JOHN MILTON RODRÍGUEZ,5
01,ANTIOQUIA,085,CAROLINA,LUIS PÉREZ,2
01,ANTIOQUIA,085,CAROLINA,RODOLFO HERNÁNDEZ,365
01,ANTIOQUIA,085,CAROLINA,SERGIO FAJARDO,99
01,ANTIOQUIA,085,CAROLINA,VOTOS EN BLANCO,49
01,ANTIOQUIA,085,CAROLINA,VOTOS NO MARCADOS,5
01,ANTIOQUIA,085,CAROLINA,VOTOS NULOS,39
01,ANTIOQUIA,088,CAUCASIA,ENRIQUE GÓMEZ MARTÍNEZ,80
01,ANTIOQUIA,088,CAUCASIA,FEDERICO GUTIÉRREZ,6675
01,ANTIOQUIA,088,CAUCASIA,GUSTAVO PETRO,12888
01,ANTIOQUIA,088,CAUCASIA,INGRID BETANCOURT,24
01,ANTIOQUIA,088,CAUCASIA,JOHN MILTON RODRÍGUEZ,833
01,ANTIOQUIA,088,CAUCASIA,LUIS PÉREZ,14
01,ANTIOQUIA,088,CAUCASIA,RODOLFO HERNÁNDEZ,10392
01,ANTIOQUIA,088,CAUCASIA,SERGIO FAJARDO,761
01,ANTIOQUIA,088,CAUCASIA,VOTOS EN BLANCO,634
01,ANTIOQUIA,088,CAUCASIA,VOTOS NO MARCADOS,76
01,ANTIOQUIA,088,CAUCASIA,VOTOS NULOS,474
01,ANTIOQUIA,091,CISNEROS,ENRIQUE GÓMEZ MARTÍNEZ,30
01,ANTIOQUIA,091,CISNEROS,FEDERICO GUTIÉRREZ,2456
01,ANTIOQUIA,091,CISNEROS,GUSTAVO PETRO,1081
01,ANTIOQUIA,091,CISNEROS,INGRID BETANCOURT,3
01,ANTIOQUIA,091,CISNEROS,JOHN MILTON RODRÍGUEZ,130
01,ANTIOQUIA,091,CISNEROS,LUIS PÉREZ,6
01,ANTIOQUIA,091,CISNEROS,RODOLFO HERNÁNDEZ,1754
01,ANTIOQUIA,091,CISNEROS,SERGIO FAJARDO,177
01,ANTIOQUIA,091,CISNEROS,VOTOS EN BLANCO,118
01,ANTIOQUIA,091,CISNEROS,VOTOS NO MARCADOS,17
01,ANTIOQUIA,091,CISNEROS,VOTOS NULOS,107
01,ANTIOQUIA,094,COCORNA,ENRIQUE GÓMEZ MARTÍNEZ,77
01,ANTIOQUIA,094,COCORNA,FEDERICO GUTIÉRREZ,4975
01,ANTIOQUIA,094,COCORNA,GUSTAVO PETRO,811
01,ANTIOQUIA,094,COCORNA,INGRID BETANCOURT,10
01,ANTIOQUIA,094,COCORNA,JOHN MILTON RODRÍGUEZ,25
01,ANTIOQUIA,094,COCORNA,LUIS PÉREZ,6
01,ANTIOQUIA,094,COCORNA,RODOLFO HERNÁNDEZ,1551
01,ANTIOQUIA,094,COCORNA,SERGIO FAJARDO,235
01,ANTIOQUIA,094,COCORNA,VOTOS EN BLANCO,89
01,ANTIOQUIA,094,COCORNA,VOTOS NO MARCADOS,31
01,ANTIOQUIA,094,COCORNA,VOTOS NULOS,88
01,ANTIOQUIA,097,CONCEPCION,ENRIQUE GÓMEZ MARTÍNEZ,11
01,ANTIOQUIA,097,CONCEPCION,FEDERICO GUTIÉRREZ,1608
01,ANTIOQUIA,097,CONCEPCION,GUSTAVO PETRO,203
01,ANTIOQUIA,097,CONCEPCION,INGRID BETANCOURT,2
01,ANTIOQUIA,097,CONCEPCION,JOHN MILTON RODRÍGUEZ,7
01,ANTIOQUIA,097,CONCEPCION,LUIS PÉREZ,1
01,ANTIOQUIA,097,CONCEPCION,RODOLFO HERNÁNDEZ,507
01,ANTIOQUIA,097,CONCEPCION,SERGIO FAJARDO,86
01,ANTIOQUIA,097,CONCEPCION,VOTOS EN BLANCO,56
01,ANTIOQUIA,097,CONCEPCION,VOTOS NO MARCADOS,13
01,ANTIOQUIA,097,CONCEPCION,VOTOS NULOS,30
01,ANTIOQUIA,100,CONCORDIA,ENRIQUE GÓMEZ MARTÍNEZ,18
01,ANTIOQUIA,100,CONCORDIA,FEDERICO GUTIÉRREZ,3250
01,ANTIOQUIA,100,CONCORDIA,GUSTAVO PETRO,658
01,ANTIOQUIA,100,CONCORDIA,INGRID BETANCOURT,5
01,ANTIOQUIA,100,CONCORDIA,JOHN MILTON RODRÍGUEZ,38
01,ANTIOQUIA,100,CONCORDIA,LUIS PÉREZ,10
01,ANTIOQUIA,100,CONCORDIA,RODOLFO HERNÁNDEZ,2272
01,ANTIOQUIA,100,CONCORDIA,SERGIO FAJARDO,176
01,ANTIOQUIA,100,CONCORDIA,VOTOS EN BLANCO,106
01,ANTIOQUIA,100,CONCORDIA,VOTOS NO MARCADOS,22
01,ANTIOQUIA,100,CONCORDIA,VOTOS NULOS,77
01,ANTIOQUIA,103,COPACABANA,ENRIQUE GÓMEZ MARTÍNEZ,67
01,ANTIOQUIA,103,COPACABANA,FEDERICO GUTIÉRREZ,19343
01,ANTIOQUIA,103,COPACABANA,GUSTAVO PETRO,11968
01,ANTIOQUIA,103,COPACABANA,INGRID BETANCOURT,19
01,ANTIOQUIA,103,COPACABANA,JOHN MILTON RODRÍGUEZ,375
01,ANTIOQUIA,103,COPACABANA,LUIS PÉREZ,46
01,ANTIOQUIA,103,COPACABANA,RODOLFO HERNÁNDEZ,6773
01,ANTIOQUIA,103,COPACABANA,SERGIO FAJARDO,2162
01,ANTIOQUIA,103,COPACABANA,VOTOS EN BLANCO,939
01,ANTIOQUIA,103,COPACABANA,VOTOS NO MARCADOS,46
01,ANTIOQUIA,103,COPACABANA,VOTOS NULOS,600
01,ANTIOQUIA,106,CHIGORODO,ENRIQUE GÓMEZ MARTÍNEZ,31
01,ANTIOQUIA,106,CHIGORODO,FEDERICO GUTIÉRREZ,3688
01,ANTIOQUIA,106,CHIGORODO,GUSTAVO PETRO,9336
01,ANTIOQUIA,106,CHIGORODO,INGRID BETANCOURT,16
01,ANTIOQUIA,106,CHIGORODO,JOHN MILTON RODRÍGUEZ,559
01,ANTIOQUIA,106,CHIGORODO,LUIS PÉREZ,15
01,ANTIOQUIA,106,CHIGORODO,RODOLFO HERNÁNDEZ,6189
01,ANTIOQUIA,106,CHIGORODO,SERGIO FAJARDO,489
01,ANTIOQUIA,106,CHIGORODO,VOTOS EN BLANCO,478
01,ANTIOQUIA,106,CHIGORODO,VOTOS NO MARCADOS,45
01,ANTIOQUIA,106,CHIGORODO,VOTOS NULOS,246
01,ANTIOQUIA,109,DABEIBA,ENRIQUE GÓMEZ MARTÍNEZ,15
01,ANTIOQUIA,109,DABEIBA,FEDERICO GUTIÉRREZ,1745
01,ANTIOQUIA,109,DABEIBA,GUSTAVO PETRO,1959
01,ANTIOQUIA,109,DABEIBA,INGRID BETANCOURT,6
01,ANTIOQUIA,109,DABEIBA,JOHN MILTON RODRÍGUEZ,40
01,ANTIOQUIA,109,DABEIBA,LUIS PÉREZ,13
01,ANTIOQUIA,109,DABEIBA,RODOLFO HERNÁNDEZ,2442
01,ANTIOQUIA,109,DABEIBA,SERGIO FAJARDO,183
01,ANTIOQUIA,109,DABEIBA,VOTOS EN BLANCO,114
01,ANTIOQUIA,109,DABEIBA,VOTOS NO MARCADOS,23
01,ANTIOQUIA,109,DABEIBA,VOTOS NULOS,92
01,ANTIOQUIA,112,DON MATIAS,ENRIQUE GÓMEZ MARTÍNEZ,23
01,ANTIOQUIA,112,DON MATIAS,FEDERICO GUTIÉRREZ,4493
01,ANTIOQUIA,112,DON MATIAS,GUSTAVO PETRO,1082
01,ANTIOQUIA,112,DON MATIAS,INGRID BETANCOURT,8
01,ANTIOQUIA,112,DON MATIAS,JOHN MILTON RODRÍGUEZ,41
01,ANTIOQUIA,112,DON MATIAS,LUIS PÉREZ,13
01,ANTIOQUIA,112,DON MATIAS,RODOLFO HERNÁNDEZ,2316
01,ANTIOQUIA,112,DON MATIAS,SERGIO FAJARDO,428
01,ANTIOQUIA,112,DON MATIAS,VOTOS EN BLANCO,232
01,ANTIOQUIA,112,DON MATIAS,VOTOS NO MARCADOS,19
01,ANTIOQUIA,112,DON MATIAS,VOTOS NULOS,156
01,ANTIOQUIA,115,EBEJICO,ENRIQUE GÓMEZ MARTÍNEZ,10
01,ANTIOQUIA,115,EBEJICO,FEDERICO GUTIÉRREZ,3206
01,ANTIOQUIA,115,EBEJICO,GUSTAVO PETRO,586
01,ANTIOQUIA,115,EBEJICO,INGRID BETANCOURT,6
01,ANTIOQUIA,115,EBEJICO,JOHN MILTON RODRÍGUEZ,15
01,ANTIOQUIA,115,EBEJICO,LUIS PÉREZ,7
01,ANTIOQUIA,115,EBEJICO,RODOLFO HERNÁNDEZ,976
01,ANTIOQUIA,115,EBEJICO,SERGIO FAJARDO,201
01,ANTIOQUIA,115,EBEJICO,VOTOS EN BLANCO,78
01,ANTIOQUIA,115,EBEJICO,VOTOS NO MARCADOS,17
01,ANTIOQUIA,115,EBEJICO,VOTOS NULOS,73
01,ANTIOQUIA,117,EL BAGRE,ENRIQUE GÓMEZ MARTÍNEZ,36
01,ANTIOQUIA,117,EL BAGRE,FEDERICO GUTIÉRREZ,2735
01,ANTIOQUIA,117,EL BAGRE,GUSTAVO PETRO,4403
01,ANTIOQUIA,117,EL BAGRE,INGRID BETANCOURT,8
01,ANTIOQUIA,117,EL BAGRE,JOHN MILTON RODRÍGUEZ,301
01,ANTIOQUIA,117,EL BAGRE,LUIS PÉREZ,9
01,ANTIOQUIA,117,EL BAGRE,RODOLFO HERNÁNDEZ,3679
01,ANTIOQUIA,117,EL BAGRE,SERGIO FAJARDO,364
01,ANTIOQUIA,117,EL BAGRE,VOTOS EN BLANCO,312
01,ANTIOQUIA,117,EL BAGRE,VOTOS NO MARCADOS,36
01,ANTIOQUIA,117,EL BAGRE,VOTOS NULOS,177
01,ANTIOQUIA,118,ENTRERRIOS,ENRIQUE GÓMEZ MARTÍNEZ,8
01,ANTIOQUIA,118,ENTRERRIOS,FEDERICO GUTIÉRREZ,2096
01,ANTIOQUIA,118,ENTRERRIOS,GUSTAVO PETRO,615
01,ANTIOQUIA,118,ENTRERRIOS,INGRID BETANCOURT,2
01,ANTIOQUIA,118,ENTRERRIOS,JOHN MILTON RODRÍGUEZ,16
01,ANTIOQUIA,118,ENTRERRIOS,LUIS PÉREZ,8
01,ANTIOQUIA,118,ENTRERRIOS,RODOLFO HERNÁNDEZ,2146
01,ANTIOQUIA,118,ENTRERRIOS,SERGIO FAJARDO,257
01,ANTIOQUIA,118,ENTRERRIOS,VOTOS EN BLANCO,108
01,ANTIOQUIA,118,ENTRERRIOS,VOTOS NO MARCADOS,9
01,ANTIOQUIA,118,ENTRERRIOS,VOTOS NULOS,47
01,ANTIOQUIA,121,ENVIGADO,ENRIQUE GÓMEZ MARTÍNEZ,312
01,ANTIOQUIA,121,ENVIGADO,FEDERICO GUTIÉRREZ,95412
01,ANTIOQUIA,121,ENVIGADO,GUSTAVO PETRO,25437
01,ANTIOQUIA,121,ENVIGADO,INGRID BETANCOURT,70
01,ANTIOQUIA,121,ENVIGADO,JOHN MILTON RODRÍGUEZ,607
01,ANTIOQUIA,121,ENVIGADO,LUIS PÉREZ,105
01,ANTIOQUIA,121,ENVIGADO,RODOLFO HERNÁNDEZ,16283
01,ANTIOQUIA,121,ENVIGADO,SERGIO FAJARDO,11114
01,ANTIOQUIA,121,ENVIGADO,VOTOS EN BLANCO,2573
01,ANTIOQUIA,121,ENVIGADO,VOTOS NO MARCADOS,65
01,ANTIOQUIA,121,ENVIGADO,VOTOS NULOS,1063
01,ANTIOQUIA,124,FREDONIA,ENRIQUE GÓMEZ MARTÍNEZ,19
01,ANTIOQUIA,124,FREDONIA,FEDERICO GUTIÉRREZ,5037
01,ANTIOQUIA,124,FREDONIA,GUSTAVO PETRO,1408
01,ANTIOQUIA,124,FREDONIA,INGRID BETANCOURT,1
01,ANTIOQUIA,124,FREDONIA,JOHN MILTON RODRÍGUEZ,21
01,ANTIOQUIA,124,FREDONIA,LUIS PÉREZ,15
01,ANTIOQUIA,124,FREDONIA,RODOLFO HERNÁNDEZ,1490
01,ANTIOQUIA,124,FREDONIA,SERGIO FAJARDO,384
01,ANTIOQUIA,124,FREDONIA,VOTOS EN BLANCO,152
01,ANTIOQUIA,124,FREDONIA,VOTOS NO MARCADOS,15
01,ANTIOQUIA,124,FREDONIA,VOTOS NULOS,110
01,ANTIOQUIA,127,FRONTINO,ENRIQUE GÓMEZ MARTÍNEZ,18
01,ANTIOQUIA,127,FRONTINO,FEDERICO GUTIÉRREZ,2345
01,ANTIOQUIA,127,FRONTINO,GUSTAVO PETRO,1285
01,ANTIOQUIA,127,FRONTINO,INGRID BETANCOURT,8
01,ANTIOQUIA,127,FRONTINO,JOHN MILTON RODRÍGUEZ,12
01,ANTIOQUIA,127,FRONTINO,LUIS PÉREZ,7
01,ANTIOQUIA,127,FRONTINO,RODOLFO HERNÁNDEZ,1373
01,ANTIOQUIA,127,FRONTINO,SERGIO FAJARDO,247
01,ANTIOQUIA,127,FRONTINO,VOTOS EN BLANCO,145
01,ANTIOQUIA,127,FRONTINO,VOTOS NO MARCADOS,34
01,ANTIOQUIA,127,FRONTINO,VOTOS NULOS,104
01,ANTIOQUIA,130,GIRALDO,ENRIQUE GÓMEZ MARTÍNEZ,6
01,ANTIOQUIA,130,GIRALDO,FEDERICO GUTIÉRREZ,1076
01,ANTIOQUIA,130,GIRALDO,GUSTAVO PETRO,601
01,ANTIOQUIA,130,GIRALDO,INGRID BETANCOURT,1
01,ANTIOQUIA,130,GIRALDO,JOHN MILTON RODRÍGUEZ,3
01,ANTIOQUIA,130,GIRALDO,LUIS PÉREZ,2
01,ANTIOQUIA,130,GIRALDO,RODOLFO HERNÁNDEZ,520
01,ANTIOQUIA,130,GIRALDO,SERGIO FAJARDO,108
01,ANTIOQUIA,130,GIRALDO,VOTOS EN BLANCO,51
01,ANTIOQUIA,130,GIRALDO,VOTOS NO MARCADOS,5
01,ANTIOQUIA,130,GIRALDO,VOTOS NULOS,25
01,ANTIOQUIA,133,GIRARDOTA,ENRIQUE GÓMEZ MARTÍNEZ,39
01,ANTIOQUIA,133,GIRARDOTA,FEDERICO GUTIÉRREZ,12241
01,ANTIOQUIA,133,GIRARDOTA,GUSTAVO PETRO,7532
01,ANTIOQUIA,133,GIRARDOTA,INGRID BETANCOURT,22
01,ANTIOQUIA,133,GIRARDOTA,JOHN MILTON RODRÍGUEZ,253
01,ANTIOQUIA,133,GIRARDOTA,LUIS PÉREZ,29
01,ANTIOQUIA,133,GIRARDOTA,RODOLFO HERNÁNDEZ,6749
01,ANTIOQUIA,133,GIRARDOTA,SERGIO FAJARDO,1418
01,ANTIOQUIA,133,GIRARDOTA,VOTOS EN BLANCO,678
01,ANTIOQUIA,133,GIRARDOTA,VOTOS NO MARCADOS,45
01,ANTIOQUIA,133,GIRARDOTA,VOTOS NULOS,517
01,ANTIOQUIA,136,GOMEZ PLATA,ENRIQUE GÓMEZ MARTÍNEZ,8
01,ANTIOQUIA,136,GOMEZ PLATA,FEDERICO GUTIÉRREZ,2675
01,ANTIOQUIA,136,GOMEZ PLATA,GUSTAVO PETRO,537
01,ANTIOQUIA,136,GOMEZ PLATA,INGRID BETANCOURT,2
01,ANTIOQUIA,136,GOMEZ PLATA,JOHN MILTON RODRÍGUEZ,23
01,ANTIOQUIA,136,GOMEZ PLATA,LUIS PÉREZ,6
01,ANTIOQUIA,136,GOMEZ PLATA,RODOLFO HERNÁNDEZ,786
01,ANTIOQUIA,136,GOMEZ PLATA,SERGIO FAJARDO,193
01,ANTIOQUIA,136,GOMEZ PLATA,VOTOS EN BLANCO,101
01,ANTIOQUIA,136,GOMEZ PLATA,VOTOS NO MARCADOS,9
01,ANTIOQUIA,136,GOMEZ PLATA,VOTOS NULOS,88
01,ANTIOQUIA,139,GRANADA,ENRIQUE GÓMEZ MARTÍNEZ,45
01,ANTIOQUIA,139,GRANADA,FEDERICO GUTIÉRREZ,3761
01,ANTIOQUIA,139,GRANADA,GUSTAVO PETRO,519
01,ANTIOQUIA,139,GRANADA,INGRID BETANCOURT,3
01,ANTIOQUIA,139,GRANADA,JOHN MILTON RODRÍGUEZ,9
01,ANTIOQUIA,139,GRANADA,LUIS PÉREZ,4
01,ANTIOQUIA,139,GRANADA,RODOLFO HERNÁNDEZ,706
01,ANTIOQUIA,139,GRANADA,SERGIO FAJARDO,229
01,ANTIOQUIA,139,GRANADA,VOTOS EN BLANCO,70
01,ANTIOQUIA,139,GRANADA,VOTOS NO MARCADOS,22
01,ANTIOQUIA,139,GRANADA,VOTOS NULOS,68
01,ANTIOQUIA,140,GUADALUPE,ENRIQUE GÓMEZ MARTÍNEZ,3
01,ANTIOQUIA,140,GUADALUPE,FEDERICO GUTIÉRREZ,950
01,ANTIOQUIA,140,GUADALUPE,GUSTAVO PETRO,603
01,ANTIOQUIA,140,GUADALUPE,INGRID BETANCOURT,2
01,ANTIOQUIA,140,GUADALUPE,JOHN MILTON RODRÍGUEZ,16
01,ANTIOQUIA,140,GUADALUPE,LUIS PÉREZ,2
01,ANTIOQUIA,140,GUADALUPE,RODOLFO HERNÁNDEZ,458
01,ANTIOQUIA,140,GUADALUPE,SERGIO FAJARDO,82
01,ANTIOQUIA,140,GUADALUPE,VOTOS EN BLANCO,51
01,ANTIOQUIA,140,GUADALUPE,VOTOS NO MARCADOS,12
01,ANTIOQUIA,140,GUADALUPE,VOTOS NULOS,46
01,ANTIOQUIA,142,GUARNE,ENRIQUE GÓMEZ MARTÍNEZ,128
01,ANTIOQUIA,142,GUARNE,FEDERICO GUTIÉRREZ,12527
01,ANTIOQUIA,142,GUARNE,GUSTAVO PETRO,4929
01,ANTIOQUIA,142,GUARNE,INGRID BETANCOURT,17
01,ANTIOQUIA,142,GUARNE,JOHN MILTON RODRÍGUEZ,451
01,ANTIOQUIA,142,GUARNE,LUIS PÉREZ,26
01,ANTIOQUIA,142,GUARNE,RODOLFO HERNÁNDEZ,6288
01,ANTIOQUIA,142,GUARNE,SERGIO FAJARDO,1526
01,ANTIOQUIA,142,GUARNE,VOTOS EN BLANCO,520
01,ANTIOQUIA,142,GUARNE,VOTOS NO MARCADOS,40
01,ANTIOQUIA,142,GUARNE,VOTOS NULOS,358
01,ANTIOQUIA,145,GUATAPE,ENRIQUE GÓMEZ MARTÍNEZ,18
01,ANTIOQUIA,145,GUATAPE,FEDERICO GUTIÉRREZ,3083
01,ANTIOQUIA,145,GUATAPE,GUSTAVO PETRO,751
01,ANTIOQUIA,145,GUATAPE,INGRID BETANCOURT,2
01,ANTIOQUIA,145,GUATAPE,JOHN MILTON RODRÍGUEZ,40
01,ANTIOQUIA,145,GUATAPE,LUIS PÉREZ,3
01,ANTIOQUIA,145,GUATAPE,RODOLFO HERNÁNDEZ,939
01,ANTIOQUIA,145,GUATAPE,SERGIO FAJARDO,201
01,ANTIOQUIA,145,GUATAPE,VOTOS EN BLANCO,68
01,ANTIOQUIA,145,GUATAPE,VOTOS NO MARCADOS,6
01,ANTIOQUIA,145,GUATAPE,VOTOS NULOS,43
01,ANTIOQUIA,148,HELICONIA,ENRIQUE GÓMEZ MARTÍNEZ,5
01,ANTIOQUIA,148,HELICONIA,FEDERICO GUTIÉRREZ,1515
01,ANTIOQUIA,148,HELICONIA,GUSTAVO PETRO,374
01,ANTIOQUIA,148,HELICONIA,JOHN MILTON RODRÍGUEZ,1
01,ANTIOQUIA,148,HELICONIA,LUIS PÉREZ,7
01,ANTIOQUIA,148,HELICONIA,RODOLFO HERNÁNDEZ,600
01,ANTIOQUIA,148,HELICONIA,SERGIO FAJARDO,113
01,ANTIOQUIA,148,HELICONIA,VOTOS EN BLANCO,51
01,ANTIOQUIA,148,HELICONIA,VOTOS NO MARCADOS,10
01,ANTIOQUIA,148,HELICONIA,VOTOS NULOS,42
01,ANTIOQUIA,150,HISPANIA,ENRIQUE GÓMEZ MARTÍNEZ,2
01,ANTIOQUIA,150,HISPANIA,FEDERICO GUTIÉRREZ,1156
01,ANTIOQUIA,150,HISPANIA,GUSTAVO PETRO,461
01,ANTIOQUIA,150,HISPANIA,JOHN MILTON RODRÍGUEZ,5
01,ANTIOQUIA,150,HISPANIA,LUIS PÉREZ,1
01,ANTIOQUIA,150,HISPANIA,RODOLFO HERNÁNDEZ,507
01,ANTIOQUIA,150,HISPANIA,SERGIO FAJARDO,100
01,ANTIOQUIA,150,HISPANIA,VOTOS EN BLANCO,45
01,ANTIOQUIA,150,HISPANIA,VOTOS NO MARCADOS,11
01,ANTIOQUIA,150,HISPANIA,VOTOS NULOS,22
01,ANTIOQUIA,151,ITAGUI,ENRIQUE GÓMEZ MARTÍNEZ,251
01,ANTIOQUIA,151,ITAGUI,FEDERICO GUTIÉRREZ,75116
01,ANTIOQUIA,151,ITAGUI,GUSTAVO PETRO,35978
01,ANTIOQUIA,151,ITAGUI,INGRID BETANCOURT,88
01,ANTIOQUIA,151,ITAGUI,JOHN MILTON RODRÍGUEZ,1166
01,ANTIOQUIA,151,ITAGUI,LUIS PÉREZ,154
01,ANTIOQUIA,151,ITAGUI,RODOLFO HERNÁNDEZ,26108
01,ANTIOQUIA,151,ITAGUI,SERGIO FAJARDO,8118
01,ANTIOQUIA,151,ITAGUI,VOTOS EN BLANCO,3204
01,ANTIOQUIA,151,ITAGUI,VOTOS NO MARCADOS,154
01,ANTIOQUIA,151,ITAGUI,VOTOS NULOS,1944
01,ANTIOQUIA,154,ITUANGO,ENRIQUE GÓMEZ MARTÍNEZ,36
01,ANTIOQUIA,154,ITUANGO,FEDERICO GUTIÉRREZ,1643
01,ANTIOQUIA,154,ITUANGO,GUSTAVO PETRO,1083
01,ANTIOQUIA,154,ITUANGO,INGRID BETANCOURT,24
01,ANTIOQUIA,154,ITUANGO,JOHN MILTON RODRÍGUEZ,23
01,ANTIOQUIA,154,ITUANGO,LUIS PÉREZ,9
01,ANTIOQUIA,154,ITUANGO,RODOLFO HERNÁNDEZ,1257
01,ANTIOQUIA,154,ITUANGO,SERGIO FAJARDO,356
01,ANTIOQUIA,154,ITUANGO,VOTOS EN BLANCO,159
01,ANTIOQUIA,154,ITUANGO,VOTOS NO MARCADOS,55
01,ANTIOQUIA,154,ITUANGO,VOTOS NULOS,120
01,ANTIOQUIA,157,JARDIN,ENRIQUE GÓMEZ MARTÍNEZ,20
01,ANTIOQUIA,157,JARDIN,FEDERICO GUTIÉRREZ,4011
01,ANTIOQUIA,157,JARDIN,GUSTAVO PETRO,1782
01,ANTIOQUIA,157,JARDIN,INGRID BETANCOURT,8
01,ANTIOQUIA,157,JARDIN,JOHN MILTON RODRÍGUEZ,9
01,ANTIOQUIA,157,JARDIN,LUIS PÉREZ,12
01,ANTIOQUIA,157,JARDIN,RODOLFO HERNÁNDEZ,1206
01,ANTIOQUIA,157,JARDIN,SERGIO FAJARDO,489
01,ANTIOQUIA,157,JARDIN,VOTOS EN BLANCO,154
01,ANTIOQUIA,157,JARDIN,VOTOS NO MARCADOS,23
01,ANTIOQUIA,157,JARDIN,VOTOS NULOS,59
01,ANTIOQUIA,160,JERICO,ENRIQUE GÓMEZ MARTÍNEZ,10
01,ANTIOQUIA,160,JERICO,FEDERICO GUTIÉRREZ,3723
01,ANTIOQUIA,160,JERICO,GUSTAVO PETRO,934
01,ANTIOQUIA,160,JERICO,INGRID BETANCOURT,3
01,ANTIOQUIA,160,JERICO,JOHN MILTON RODRÍGUEZ,13
01,ANTIOQUIA,160,JERICO,LUIS PÉREZ,13
01,ANTIOQUIA,160,JERICO,RODOLFO HERNÁNDEZ,1287
01,ANTIOQUIA,160,JERICO,SERGIO FAJARDO,277
01,ANTIOQUIA,160,JERICO,VOTOS EN BLANCO,145
01,ANTIOQUIA,160,JERICO,VOTOS NO MARCADOS,16
01,ANTIOQUIA,160,JERICO,VOTOS NULOS,102
01,ANTIOQUIA,163,LA CEJA,ENRIQUE GÓMEZ MARTÍNEZ,111
01,ANTIOQUIA,163,LA CEJA,FEDERICO GUTIÉRREZ,18469
01,ANTIOQUIA,163,LA CEJA,GUSTAVO PETRO,6267
01,ANTIOQUIA,163,LA CEJA,INGRID BETANCOURT,23
01,ANTIOQUIA,163,LA CEJA,JOHN MILTON RODRÍGUEZ,195
01,ANTIOQUIA,163,LA CEJA,LUIS PÉREZ,28
01,ANTIOQUIA,163,LA CEJA,RODOLFO HERNÁNDEZ,10143
01,ANTIOQUIA,163,LA CEJA,SERGIO FAJARDO,2402
01,ANTIOQUIA,163,LA CEJA,VOTOS EN BLANCO,675
01,ANTIOQUIA,163,LA CEJA,VOTOS NO MARCADOS,46
01,ANTIOQUIA,163,LA CEJA,VOTOS NULOS,470
01,ANTIOQUIA,166,LA ESTRELLA,ENRIQUE GÓMEZ MARTÍNEZ,55
01,ANTIOQUIA,166,LA ESTRELLA,FEDERICO GUTIÉRREZ,17156
01,ANTIOQUIA,166,LA ESTRELLA,GUSTAVO PETRO,8961
01,ANTIOQUIA,166,LA ESTRELLA,INGRID BETANCOURT,22
01,ANTIOQUIA,166,LA ESTRELLA,JOHN MILTON RODRÍGUEZ,260
01,ANTIOQUIA,166,LA ESTRELLA,LUIS PÉREZ,31
01,ANTIOQUIA,166,LA ESTRELLA,RODOLFO HERNÁNDEZ,6435
01,ANTIOQUIA,166,LA ESTRELLA,SERGIO FAJARDO,2068
01,ANTIOQUIA,166,LA ESTRELLA,VOTOS EN BLANCO,796
01,ANTIOQUIA,166,LA ESTRELLA,VOTOS NO MARCADOS,38
01,ANTIOQUIA,166,LA ESTRELLA,VOTOS NULOS,507
01,ANTIOQUIA,168,PUERTO NARE-LA MAGDALENA,ENRIQUE GÓMEZ MARTÍNEZ,21
01,ANTIOQUIA,168,PUERTO NARE-LA MAGDALENA,FEDERICO GUTIÉRREZ,1540
01,ANTIOQUIA,168,PUERTO NARE-LA MAGDALENA,GUSTAVO PETRO,2307
01,ANTIOQUIA,168,PUERTO NARE-LA MAGDALENA,INGRID BETANCOURT,2
01,ANTIOQUIA,168,PUERTO NARE-LA MAGDALENA,JOHN MILTON RODRÍGUEZ,74
01,ANTIOQUIA,168,PUERTO NARE-LA MAGDALENA,LUIS PÉREZ,2
01,ANTIOQUIA,168,PUERTO NARE-LA MAGDALENA,RODOLFO HERNÁNDEZ,1807
01,ANTIOQUIA,168,PUERTO NARE-LA MAGDALENA,SERGIO FAJARDO,151
01,ANTIOQUIA,168,PUERTO NARE-LA MAGDALENA,VOTOS EN BLANCO,68
01,ANTIOQUIA,168,PUERTO NARE-LA MAGDALENA,VOTOS NO MARCADOS,12
01,ANTIOQUIA,168,PUERTO NARE-LA MAGDALENA,VOTOS NULOS,74
01,ANTIOQUIA,169,LA UNION,ENRIQUE GÓMEZ MARTÍNEZ,53
01,ANTIOQUIA,169,LA UNION,FEDERICO GUTIÉRREZ,5786
01,ANTIOQUIA,169,LA UNION,GUSTAVO PETRO,1925
01,ANTIOQUIA,169,LA UNION,INGRID BETANCOURT,14
01,ANTIOQUIA,169,LA UNION,JOHN MILTON RODRÍGUEZ,32
01,ANTIOQUIA,169,LA UNION,LUIS PÉREZ,30
01,ANTIOQUIA,169,LA UNION,RODOLFO HERNÁNDEZ,3922
01,ANTIOQUIA,169,LA UNION,SERGIO FAJARDO,716
01,ANTIOQUIA,169,LA UNION,VOTOS EN BLANCO,199
01,ANTIOQUIA,169,LA UNION,VOTOS NO MARCADOS,21
01,ANTIOQUIA,169,LA UNION,VOTOS NULOS,161
01,ANTIOQUIA,170,LA PINTADA,ENRIQUE GÓMEZ MARTÍNEZ,5
01,ANTIOQUIA,170,LA PINTADA,FEDERICO GUTIÉRREZ,1552
01,ANTIOQUIA,170,LA PINTADA,GUSTAVO PETRO,701
01,ANTIOQUIA,170,LA PINTADA,JOHN MILTON RODRÍGUEZ,38
01,ANTIOQUIA,170,LA PINTADA,RODOLFO HERNÁNDEZ,1312
01,ANTIOQUIA,170,LA PINTADA,SERGIO FAJARDO,48
01,ANTIOQUIA,170,LA PINTADA,VOTOS EN BLANCO,47
01,ANTIOQUIA,170,LA PINTADA,VOTOS NO MARCADOS,8
01,ANTIOQUIA,170,LA PINTADA,VOTOS NULOS,39
01,ANTIOQUIA,172,LIBORINA,ENRIQUE GÓMEZ MARTÍNEZ,8
01,ANTIOQUIA,172,LIBORINA,FEDERICO GUTIÉRREZ,2625
01,ANTIOQUIA,172,LIBORINA,GUSTAVO PETRO,537
01,ANTIOQUIA,172,LIBORINA,JOHN MILTON RODRÍGUEZ,7
01,ANTIOQUIA,172,LIBORINA,LUIS PÉREZ,5
01,ANTIOQUIA,172,LIBORINA,RODOLFO HERNÁNDEZ,1025
01,ANTIOQUIA,172,LIBORINA,SERGIO FAJARDO,185
01,ANTIOQUIA,172,LIBORINA,VOTOS EN BLANCO,70
01,ANTIOQUIA,172,LIBORINA,VOTOS NO MARCADOS,13
01,ANTIOQUIA,172,LIBORINA,VOTOS NULOS,44
01,ANTIOQUIA,175,MACEO,ENRIQUE GÓMEZ MARTÍNEZ,8
01,ANTIOQUIA,175,MACEO,FEDERICO GUTIÉRREZ,1518
01,ANTIOQUIA,175,MACEO,GUSTAVO PETRO,527
01,ANTIOQUIA,175,MACEO,JOHN MILTON RODRÍGUEZ,8
01,ANTIOQUIA,175,MACEO,LUIS PÉREZ,2
01,ANTIOQUIA,175,MACEO,RODOLFO HERNÁNDEZ,1393
01,ANTIOQUIA,175,MACEO,SERGIO FAJARDO,93
01,ANTIOQUIA,175,MACEO,VOTOS EN BLANCO,49
01,ANTIOQUIA,175,MACEO,VOTOS NO MARCADOS,7
01,ANTIOQUIA,175,MACEO,VOTOS NULOS,34
01,ANTIOQUIA,178,MARINILLA,ENRIQUE GÓMEZ MARTÍNEZ,167
01,ANTIOQUIA,178,MARINILLA,FEDERICO GUTIÉRREZ,14740
01,ANTIOQUIA,178,MARINILLA,GUSTAVO PETRO,5960
01,ANTIOQUIA,178,MARINILLA,INGRID BETANCOURT,21
01,ANTIOQUIA,178,MARINILLA,JOHN MILTON RODRÍGUEZ,118
01,ANTIOQUIA,178,MARINILLA,LUIS PÉREZ,21
01,ANTIOQUIA,178,MARINILLA,RODOLFO HERNÁNDEZ,7709
01,ANTIOQUIA,178,MARINILLA,SERGIO FAJARDO,1824
01,ANTIOQUIA,178,MARINILLA,VOTOS EN BLANCO,484
01,ANTIOQUIA,178,MARINILLA,VOTOS NO MARCADOS,53
01,ANTIOQUIA,178,MARINILLA,VOTOS NULOS,297
01,ANTIOQUIA,181,MONTEBELLO,ENRIQUE GÓMEZ MARTÍNEZ,23
01,ANTIOQUIA,181,MONTEBELLO,FEDERICO GUTIÉRREZ,1640
01,ANTIOQUIA,181,MONTEBELLO,GUSTAVO PETRO,431
01,ANTIOQUIA,181,MONTEBELLO,INGRID BETANCOURT,5
01,ANTIOQUIA,181,MONTEBELLO,JOHN MILTON RODRÍGUEZ,7
01,ANTIOQUIA,181,MONTEBELLO,LUIS PÉREZ,3
01,ANTIOQUIA,181,MONTEBELLO,RODOLFO HERNÁNDEZ,755
01,ANTIOQUIA,181,MONTEBELLO,SERGIO FAJARDO,136
01,ANTIOQUIA,181,MONTEBELLO,VOTOS EN BLANCO,55
01,ANTIOQUIA,181,MONTEBELLO,VOTOS NO MARCADOS,23
01,ANTIOQUIA,181,MONTEBELLO,VOTOS NULOS,52
01,ANTIOQUIA,184,MURINDO,ENRIQUE GÓMEZ MARTÍNEZ,7
01,ANTIOQUIA,184,MURINDO,FEDERICO GUTIÉRREZ,71
01,ANTIOQUIA,184,MURINDO,GUSTAVO PETRO,990
01,ANTIOQUIA,184,MURINDO,INGRID BETANCOURT,3
01,ANTIOQUIA,184,MURINDO,JOHN MILTON RODRÍGUEZ,7
01,ANTIOQUIA,184,MURINDO,LUIS PÉREZ,2
01,ANTIOQUIA,184,MURINDO,RODOLFO HERNÁNDEZ,26
01,ANTIOQUIA,184,MURINDO,SERGIO FAJARDO,19
01,ANTIOQUIA,184,MURINDO,VOTOS EN BLANCO,12
01,ANTIOQUIA,184,MURINDO,VOTOS NO MARCADOS,6
01,ANTIOQUIA,184,MURINDO,VOTOS NULOS,2
01,ANTIOQUIA,187,MUTATA,ENRIQUE GÓMEZ MARTÍNEZ,19
01,ANTIOQUIA,187,MUTATA,FEDERICO GUTIÉRREZ,1097
01,ANTIOQUIA,187,MUTATA,GUSTAVO PETRO,2032
01,ANTIOQUIA,187,MUTATA,INGRID BETANCOURT,10
01,ANTIOQUIA,187,MUTATA,JOHN MILTON RODRÍGUEZ,33
01,ANTIOQUIA,187,MUTATA,LUIS PÉREZ,4
01,ANTIOQUIA,187,MUTATA,RODOLFO HERNÁNDEZ,1544
01,ANTIOQUIA,187,MUTATA,SERGIO FAJARDO,124
01,ANTIOQUIA,187,MUTATA,VOTOS EN BLANCO,74
01,ANTIOQUIA,187,MUTATA,VOTOS NO MARCADOS,10
01,ANTIOQUIA,187,MUTATA,VOTOS NULOS,50
01,ANTIOQUIA,190,NARIÑO,ENRIQUE GÓMEZ MARTÍNEZ,17
01,ANTIOQUIA,190,NARIÑO,FEDERICO GUTIÉRREZ,2224
01,ANTIOQUIA,190,NARIÑO,GUSTAVO PETRO,249
01,ANTIOQUIA,190,NARIÑO,INGRID BETANCOURT,6
01,ANTIOQUIA,190,NARIÑO,JOHN MILTON RODRÍGUEZ,8
01,ANTIOQUIA,190,NARIÑO,LUIS PÉREZ,2
01,ANTIOQUIA,190,NARIÑO,RODOLFO HERNÁNDEZ,704
01,ANTIOQUIA,190,NARIÑO,SERGIO FAJARDO,152
01,ANTIOQUIA,190,NARIÑO,VOTOS EN BLANCO,73
01,ANTIOQUIA,190,NARIÑO,VOTOS NO MARCADOS,18
01,ANTIOQUIA,190,NARIÑO,VOTOS NULOS,28
01,ANTIOQUIA,191,NECHI,ENRIQUE GÓMEZ MARTÍNEZ,10
01,ANTIOQUIA,191,NECHI,FEDERICO GUTIÉRREZ,1824
01,ANTIOQUIA,191,NECHI,GUSTAVO PETRO,1976
01,ANTIOQUIA,191,NECHI,INGRID BETANCOURT,8
01,ANTIOQUIA,191,NECHI,JOHN MILTON RODRÍGUEZ,253
01,ANTIOQUIA,191,NECHI,LUIS PÉREZ,3
01,ANTIOQUIA,191,NECHI,RODOLFO HERNÁNDEZ,1388
01,ANTIOQUIA,191,NECHI,SERGIO FAJARDO,120
01,ANTIOQUIA,191,NECHI,VOTOS EN BLANCO,76
01,ANTIOQUIA,191,NECHI,VOTOS NO MARCADOS,14
01,ANTIOQUIA,191,NECHI,VOTOS NULOS,52
01,ANTIOQUIA,192,NECOCLI,ENRIQUE GÓMEZ MARTÍNEZ,43
01,ANTIOQUIA,192,NECOCLI,FEDERICO GUTIÉRREZ,3453
01,ANTIOQUIA,192,NECOCLI,GUSTAVO PETRO,4300
01,ANTIOQUIA,192,NECOCLI,INGRID BETANCOURT,13
01,ANTIOQUIA,192,NECOCLI,JOHN MILTON RODRÍGUEZ,171
01,ANTIOQUIA,192,NECOCLI,LUIS PÉREZ,11
01,ANTIOQUIA,192,NECOCLI,RODOLFO HERNÁNDEZ,3555
01,ANTIOQUIA,192,NECOCLI,SERGIO FAJARDO,364
01,ANTIOQUIA,192,NECOCLI,VOTOS EN BLANCO,232
01,ANTIOQUIA,192,NECOCLI,VOTOS NO MARCADOS,50
01,ANTIOQUIA,192,NECOCLI,VOTOS NULOS,179
01,ANTIOQUIA,193,OLAYA,ENRIQUE GÓMEZ MARTÍNEZ,1
01,ANTIOQUIA,193,OLAYA,FEDERICO GUTIÉRREZ,768
01,ANTIOQUIA,193,OLAYA,GUSTAVO PETRO,158
01,ANTIOQUIA,193,OLAYA,INGRID BETANCOURT,1
01,ANTIOQUIA,193,OLAYA,JOHN MILTON RODRÍGUEZ,4
01,ANTIOQUIA,193,OLAYA,LUIS PÉREZ,2
01,ANTIOQUIA,193,OLAYA,RODOLFO HERNÁNDEZ,445
01,ANTIOQUIA,193,OLAYA,SERGIO FAJARDO,57
01,ANTIOQUIA,193,OLAYA,VOTOS EN BLANCO,28
01,ANTIOQUIA,193,OLAYA,VOTOS NO MARCADOS,3
01,ANTIOQUIA,193,OLAYA,VOTOS NULOS,9
01,ANTIOQUIA,196,PEÑOL,ENRIQUE GÓMEZ MARTÍNEZ,43
01,ANTIOQUIA,196,PEÑOL,FEDERICO GUTIÉRREZ,5579
01,ANTIOQUIA,196,PEÑOL,GUSTAVO PETRO,1479
01,ANTIOQUIA,196,PEÑOL,INGRID BETANCOURT,8
01,ANTIOQUIA,196,PEÑOL,JOHN MILTON RODRÍGUEZ,60
01,ANTIOQUIA,196,PEÑOL,LUIS PÉREZ,16
01,ANTIOQUIA,196,PEÑOL,RODOLFO HERNÁNDEZ,1867
01,ANTIOQUIA,196,PEÑOL,SERGIO FAJARDO,489
01,ANTIOQUIA,196,PEÑOL,VOTOS EN BLANCO,164
01,ANTIOQUIA,196,PEÑOL,VOTOS NO MARCADOS,24
01,ANTIOQUIA,196,PEÑOL,VOTOS NULOS,109
01,ANTIOQUIA,199,PEQUE,ENRIQUE GÓMEZ MARTÍNEZ,16
01,ANTIOQUIA,199,PEQUE,FEDERICO GUTIÉRREZ,1228
01,ANTIOQUIA,199,PEQUE,GUSTAVO PETRO,561
01,ANTIOQUIA,199,PEQUE,INGRID BETANCOURT,2
01,ANTIOQUIA,199,PEQUE,JOHN MILTON RODRÍGUEZ,14
01,ANTIOQUIA,199,PEQUE,LUIS PÉREZ,1
01,ANTIOQUIA,199,PEQUE,RODOLFO HERNÁNDEZ,797
01,ANTIOQUIA,199,PEQUE,SERGIO FAJARDO,161
01,ANTIOQUIA,199,PEQUE,VOTOS EN BLANCO,39
01,ANTIOQUIA,199,PEQUE,VOTOS NO MARCADOS,15
01,ANTIOQUIA,199,PEQUE,VOTOS NULOS,42
01,ANTIOQUIA,202,PUEBLORRICO,ENRIQUE GÓMEZ MARTÍNEZ,9
01,ANTIOQUIA,202,PUEBLORRICO,FEDERICO GUTIÉRREZ,2163
01,ANTIOQUIA,202,PUEBLORRICO,GUSTAVO PETRO,506
01,ANTIOQUIA,202,PUEBLORRICO,INGRID BETANCOURT,6
01,ANTIOQUIA,202,PUEBLORRICO,JOHN MILTON RODRÍGUEZ,6
01,ANTIOQUIA,202,PUEBLORRICO,LUIS PÉREZ,3
01,ANTIOQUIA,202,PUEBLORRICO,RODOLFO HERNÁNDEZ,618
01,ANTIOQUIA,202,PUEBLORRICO,SERGIO FAJARDO,114
01,ANTIOQUIA,202,PUEBLORRICO,VOTOS EN BLANCO,54
01,ANTIOQUIA,202,PUEBLORRICO,VOTOS NO MARCADOS,7
01,ANTIOQUIA,202,PUEBLORRICO,VOTOS NULOS,38
01,ANTIOQUIA,205,PUERTO BERRIO,ENRIQUE GÓMEZ MARTÍNEZ,42
01,ANTIOQUIA,205,PUERTO BERRIO,FEDERICO GUTIÉRREZ,4743
01,ANTIOQUIA,205,PUERTO BERRIO,GUSTAVO PETRO,3816
01,ANTIOQUIA,205,PUERTO BERRIO,INGRID BETANCOURT,6
01,ANTIOQUIA,205,PUERTO BERRIO,JOHN MILTON RODRÍGUEZ,120
01,ANTIOQUIA,205,PUERTO BERRIO,LUIS PÉREZ,7
01,ANTIOQUIA,205,PUERTO BERRIO,RODOLFO HERNÁNDEZ,5048
01,ANTIOQUIA,205,PUERTO BERRIO,SERGIO FAJARDO,370
01,ANTIOQUIA,205,PUERTO BERRIO,VOTOS EN BLANCO,293
01,ANTIOQUIA,205,PUERTO BERRIO,VOTOS NO MARCADOS,40
01,ANTIOQUIA,205,PUERTO BERRIO,VOTOS NULOS,270
01,ANTIOQUIA,206,PUERTO TRIUNFO,ENRIQUE GÓMEZ MARTÍNEZ,17
01,ANTIOQUIA,206,PUERTO TRIUNFO,FEDERICO GUTIÉRREZ,1931
01,ANTIOQUIA,206,PUERTO TRIUNFO,GUSTAVO PETRO,1193
01,ANTIOQUIA,206,PUERTO TRIUNFO,INGRID BETANCOURT,5
01,ANTIOQUIA,206,PUERTO TRIUNFO,JOHN MILTON RODRÍGUEZ,62
01,ANTIOQUIA,206,PUERTO TRIUNFO,LUIS PÉREZ,1
01,ANTIOQUIA,206,PUERTO TRIUNFO,RODOLFO HERNÁNDEZ,4617
01,ANTIOQUIA,206,PUERTO TRIUNFO,SERGIO FAJARDO,150
01,ANTIOQUIA,206,PUERTO TRIUNFO,VOTOS EN BLANCO,74
01,ANTIOQUIA,206,PUERTO TRIUNFO,VOTOS NO MARCADOS,11
01,ANTIOQUIA,206,PUERTO TRIUNFO,VOTOS NULOS,59
01,ANTIOQUIA,208,REMEDIOS,ENRIQUE GÓMEZ MARTÍNEZ,23
01,ANTIOQUIA,208,REMEDIOS,FEDERICO GUTIÉRREZ,1375
01,ANTIOQUIA,208,REMEDIOS,GUSTAVO PETRO,2747
01,ANTIOQUIA,208,REMEDIOS,INGRID BETANCOURT,7
01,ANTIOQUIA,208,REMEDIOS,JOHN MILTON RODRÍGUEZ,183
01,ANTIOQUIA,208,REMEDIOS,LUIS PÉREZ,7
01,ANTIOQUIA,208,REMEDIOS,RODOLFO HERNÁNDEZ,2437
01,ANTIOQUIA,208,REMEDIOS,SERGIO FAJARDO,260
01,ANTIOQUIA,208,REMEDIOS,VOTOS EN BLANCO,251
01,ANTIOQUIA,208,REMEDIOS,VOTOS NO MARCADOS,32
01,ANTIOQUIA,208,REMEDIOS,VOTOS NULOS,125
01,ANTIOQUIA,211,RETIRO,ENRIQUE GÓMEZ MARTÍNEZ,18
01,ANTIOQUIA,211,RETIRO,FEDERICO GUTIÉRREZ,9404
01,ANTIOQUIA,211,RETIRO,GUSTAVO PETRO,1652
01,ANTIOQUIA,211,RETIRO,INGRID BETANCOURT,4
01,ANTIOQUIA,211,RETIRO,JOHN MILTON RODRÍGUEZ,59
01,ANTIOQUIA,211,RETIRO,LUIS PÉREZ,7
01,ANTIOQUIA,211,RETIRO,RODOLFO HERNÁNDEZ,1853
01,ANTIOQUIA,211,RETIRO,SERGIO FAJARDO,810
01,ANTIOQUIA,211,RETIRO,VOTOS EN BLANCO,191
01,ANTIOQUIA,211,RETIRO,VOTOS NO MARCADOS,19
01,ANTIOQUIA,211,RETIRO,VOTOS NULOS,114
01,ANTIOQUIA,214,RIONEGRO,ENRIQUE GÓMEZ MARTÍNEZ,199
01,ANTIOQUIA,214,RIONEGRO,FEDERICO GUTIÉRREZ,40572
01,ANTIOQUIA,214,RIONEGRO,GUSTAVO PETRO,14748
01,ANTIOQUIA,214,RIONEGRO,INGRID BETANCOURT,55
01,ANTIOQUIA,214,RIONEGRO,JOHN MILTON RODRÍGUEZ,810
01,ANTIOQUIA,214,RIONEGRO,LUIS PÉREZ,58
01,ANTIOQUIA,214,RIONEGRO,RODOLFO HERNÁNDEZ,18853
01,ANTIOQUIA,214,RIONEGRO,SERGIO FAJARDO,4713
01,ANTIOQUIA,214,RIONEGRO,VOTOS EN BLANCO,1354
01,ANTIOQUIA,214,RIONEGRO,VOTOS NO MARCADOS,74
01,ANTIOQUIA,214,RIONEGRO,VOTOS NULOS,911
01,ANTIOQUIA,217,SABANALARGA,ENRIQUE GÓMEZ MARTÍNEZ,5
01,ANTIOQUIA,217,SABANALARGA,FEDERICO GUTIÉRREZ,1924
01,ANTIOQUIA,217,SABANALARGA,GUSTAVO PETRO,386
01,ANTIOQUIA,217,SABANALARGA,INGRID BETANCOURT,2
01,ANTIOQUIA,217,SABANALARGA,JOHN MILTON RODRÍGUEZ,10
01,ANTIOQUIA,217,SABANALARGA,LUIS PÉREZ,4
01,ANTIOQUIA,217,SABANALARGA,RODOLFO HERNÁNDEZ,753
01,ANTIOQUIA,217,SABANALARGA,SERGIO FAJARDO,107
01,ANTIOQUIA,217,SABANALARGA,VOTOS EN BLANCO,79
01,ANTIOQUIA,217,SABANALARGA,VOTOS NO MARCADOS,16
01,ANTIOQUIA,217,SABANALARGA,VOTOS NULOS,38
01,ANTIOQUIA,218,SABANETA,ENRIQUE GÓMEZ MARTÍNEZ,135
01,ANTIOQUIA,218,SABANETA,FEDERICO GUTIÉRREZ,34059
01,ANTIOQUIA,218,SABANETA,GUSTAVO PETRO,12220
01,ANTIOQUIA,218,SABANETA,INGRID BETANCOURT,21
01,ANTIOQUIA,218,SABANETA,JOHN MILTON RODRÍGUEZ,431
01,ANTIOQUIA,218,SABANETA,LUIS PÉREZ,33
01,ANTIOQUIA,218,SABANETA,RODOLFO HERNÁNDEZ,8166
01,ANTIOQUIA,218,SABANETA,SERGIO FAJARDO,4372
01,ANTIOQUIA,218,SABANETA,VOTOS EN BLANCO,1101
01,ANTIOQUIA,218,SABANETA,VOTOS NO MARCADOS,28
01,ANTIOQUIA,218,SABANETA,VOTOS NULOS,399
01,ANTIOQUIA,220,SALGAR,ENRIQUE GÓMEZ MARTÍNEZ,11
01,ANTIOQUIA,220,SALGAR,FEDERICO GUTIÉRREZ,3373
01,ANTIOQUIA,220,SALGAR,GUSTAVO PETRO,442
01,ANTIOQUIA,220,SALGAR,INGRID BETANCOURT,6
01,ANTIOQUIA,220,SALGAR,JOHN MILTON RODRÍGUEZ,7
01,ANTIOQUIA,220,SALGAR,LUIS PÉREZ,2
01,ANTIOQUIA,220,SALGAR,RODOLFO HERNÁNDEZ,1184
01,ANTIOQUIA,220,SALGAR,SERGIO FAJARDO,148
01,ANTIOQUIA,220,SALGAR,VOTOS EN BLANCO,65
01,ANTIOQUIA,220,SALGAR,VOTOS NO MARCADOS,9
01,ANTIOQUIA,220,SALGAR,VOTOS NULOS,52
01,ANTIOQUIA,223,SAN ANDRES,ENRIQUE GÓMEZ MARTÍNEZ,15
01,ANTIOQUIA,223,SAN ANDRES,FEDERICO GUTIÉRREZ,946
01,ANTIOQUIA,223,SAN ANDRES,GUSTAVO PETRO,304
01,ANTIOQUIA,223,SAN ANDRES,INGRID BETANCOURT,8
01,ANTIOQUIA,223,SAN ANDRES,JOHN MILTON RODRÍGUEZ,7
01,ANTIOQUIA,223,SAN ANDRES,LUIS PÉREZ,9
01,ANTIOQUIA,223,SAN ANDRES,RODOLFO HERNÁNDEZ,723
01,ANTIOQUIA,223,SAN ANDRES,SERGIO FAJARDO,106
01,ANTIOQUIA,223,SAN ANDRES,VOTOS EN BLANCO,67
01,ANTIOQUIA,223,SAN ANDRES,VOTOS NO MARCADOS,18
01,ANTIOQUIA,223,SAN ANDRES,VOTOS NULOS,57
01,ANTIOQUIA,226,SAN CARLOS,ENRIQUE GÓMEZ MARTÍNEZ,32
01,ANTIOQUIA,226,SAN CARLOS,FEDERICO GUTIÉRREZ,3619
01,ANTIOQUIA,226,SAN CARLOS,GUSTAVO PETRO,1179
01,ANTIOQUIA,226,SAN CARLOS,INGRID BETANCOURT,5
01,ANTIOQUIA,226,SAN CARLOS,JOHN MILTON RODRÍGUEZ,42
01,ANTIOQUIA,226,SAN CARLOS,LUIS PÉREZ,9
01,ANTIOQUIA,226,SAN CARLOS,RODOLFO HERNÁNDEZ,2067
01,ANTIOQUIA,226,SAN CARLOS,SERGIO FAJARDO,318
01,ANTIOQUIA,226,SAN CARLOS,VOTOS EN BLANCO,85
01,ANTIOQUIA,226,SAN CARLOS,VOTOS NO MARCADOS,18
01,ANTIOQUIA,226,SAN CARLOS,VOTOS NULOS,72
01,ANTIOQUIA,227,SAN FRANCISCO,ENRIQUE GÓMEZ MARTÍNEZ,16
01,ANTIOQUIA,227,SAN FRANCISCO,FEDERICO GUTIÉRREZ,1517
01,ANTIOQUIA,227,SAN FRANCISCO,GUSTAVO PETRO,367
01,ANTIOQUIA,227,SAN FRANCISCO,INGRID BETANCOURT,9
01,ANTIOQUIA,227,SAN FRANCISCO,JOHN MILTON RODRÍGUEZ,7
01,ANTIOQUIA,227,SAN FRANCISCO,LUIS PÉREZ,4
01,ANTIOQUIA,227,SAN FRANCISCO,RODOLFO HERNÁNDEZ,581
01,ANTIOQUIA,227,SAN FRANCISCO,SERGIO FAJARDO,162
01,ANTIOQUIA,227,SAN FRANCISCO,VOTOS EN BLANCO,27
01,ANTIOQUIA,227,SAN FRANCISCO,VOTOS NO MARCADOS,16
01,ANTIOQUIA,227,SAN FRANCISCO,VOTOS NULOS,25
01,ANTIOQUIA,229,SAN JERONIMO,ENRIQUE GÓMEZ MARTÍNEZ,5
01,ANTIOQUIA,229,SAN JERONIMO,FEDERICO GUTIÉRREZ,3607
01,ANTIOQUIA,229,SAN JERONIMO,GUSTAVO PETRO,851
01,ANTIOQUIA,229,SAN JERONIMO,INGRID BETANCOURT,1
01,ANTIOQUIA,229,SAN JERONIMO,JOHN MILTON RODRÍGUEZ,24
01,ANTIOQUIA,229,SAN JERONIMO,LUIS PÉREZ,6
01,ANTIOQUIA,229,SAN JERONIMO,RODOLFO HERNÁNDEZ,1688
01,ANTIOQUIA,229,SAN JERONIMO,SERGIO FAJARDO,208
01,ANTIOQUIA,229,SAN JERONIMO,VOTOS EN BLANCO,107
01,ANTIOQUIA,229,SAN JERONIMO,VOTOS NO MARCADOS,14
01,ANTIOQUIA,229,SAN JERONIMO,VOTOS NULOS,93
01,ANTIOQUIA,230,SAN JOSE DE LA MONTAÑA,ENRIQUE GÓMEZ MARTÍNEZ,13
01,ANTIOQUIA,230,SAN JOSE DE LA MONTAÑA,FEDERICO GUTIÉRREZ,633
01,ANTIOQUIA,230,SAN JOSE DE LA MONTAÑA,GUSTAVO PETRO,175
01,ANTIOQUIA,230,SAN JOSE DE LA MONTAÑA,INGRID BETANCOURT,1
01,ANTIOQUIA,230,SAN JOSE DE LA MONTAÑA,JOHN MILTON RODRÍGUEZ,7
01,ANTIOQUIA,230,SAN JOSE DE LA MONTAÑA,LUIS PÉREZ,3
01,ANTIOQUIA,230,SAN JOSE DE LA MONTAÑA,RODOLFO HERNÁNDEZ,463
01,ANTIOQUIA,230,SAN JOSE DE LA MONTAÑA,SERGIO FAJARDO,118
01,ANTIOQUIA,230,SAN JOSE DE LA MONTAÑA,VOTOS EN BLANCO,57
01,ANTIOQUIA,230,SAN JOSE DE LA MONTAÑA,VOTOS NO MARCADOS,9
01,ANTIOQUIA,230,SAN JOSE DE LA MONTAÑA,VOTOS NULOS,39
01,ANTIOQUIA,231,SAN JUAN DE URABA,ENRIQUE GÓMEZ MARTÍNEZ,23
01,ANTIOQUIA,231,SAN JUAN DE URABA,FEDERICO GUTIÉRREZ,2636
01,ANTIOQUIA,231,SAN JUAN DE URABA,GUSTAVO PETRO,2676
01,ANTIOQUIA,231,SAN JUAN DE URABA,INGRID BETANCOURT,4
01,ANTIOQUIA,231,SAN JUAN DE URABA,JOHN MILTON RODRÍGUEZ,95
01,ANTIOQUIA,231,SAN JUAN DE URABA,LUIS PÉREZ,3
01,ANTIOQUIA,231,SAN JUAN DE URABA,RODOLFO HERNÁNDEZ,1376
01,ANTIOQUIA,231,SAN JUAN DE URABA,SERGIO FAJARDO,248
01,ANTIOQUIA,231,SAN JUAN DE URABA,VOTOS EN BLANCO,98
01,ANTIOQUIA,231,SAN JUAN DE URABA,VOTOS NO MARCADOS,23
01,ANTIOQUIA,231,SAN JUAN DE URABA,VOTOS NULOS,38
01,ANTIOQUIA,232,SAN LUIS,ENRIQUE GÓMEZ MARTÍNEZ,39
01,ANTIOQUIA,232,SAN LUIS,FEDERICO GUTIÉRREZ,1964
01,ANTIOQUIA,232,SAN LUIS,GUSTAVO PETRO,822
01,ANTIOQUIA,232,SAN LUIS,INGRID BETANCOURT,2
01,ANTIOQUIA,232,SAN LUIS,JOHN MILTON RODRÍGUEZ,21
01,ANTIOQUIA,232,SAN LUIS,LUIS PÉREZ,4
01,ANTIOQUIA,232,SAN LUIS,RODOLFO HERNÁNDEZ,2815
01,ANTIOQUIA,232,SAN LUIS,SERGIO FAJARDO,189
01,ANTIOQUIA,232,SAN LUIS,VOTOS EN BLANCO,84
01,ANTIOQUIA,232,SAN LUIS,VOTOS NO MARCADOS,23
01,ANTIOQUIA,232,SAN LUIS,VOTOS NULOS,37
01,ANTIOQUIA,235,SAN PEDRO,ENRIQUE GÓMEZ MARTÍNEZ,29
01,ANTIOQUIA,235,SAN PEDRO,FEDERICO GUTIÉRREZ,5386
01,ANTIOQUIA,235,SAN PEDRO,GUSTAVO PETRO,1635
01,ANTIOQUIA,235,SAN PEDRO,INGRID BETANCOURT,10
01,ANTIOQUIA,235,SAN PEDRO,JOHN MILTON RODRÍGUEZ,79
01,ANTIOQUIA,235,SAN PEDRO,LUIS PÉREZ,12
01,ANTIOQUIA,235,SAN PEDRO,RODOLFO HERNÁNDEZ,4460
01,ANTIOQUIA,235,SAN PEDRO,SERGIO FAJARDO,533
01,ANTIOQUIA,235,SAN PEDRO,VOTOS EN BLANCO,272
01,ANTIOQUIA,235,SAN PEDRO,VOTOS NO MARCADOS,23
01,ANTIOQUIA,235,SAN PEDRO,VOTOS NULOS,202
01,ANTIOQUIA,237,SAN PEDRO DE URABA,ENRIQUE GÓMEZ MARTÍNEZ,34
01,ANTIOQUIA,237,SAN PEDRO DE URABA,FEDERICO GUTIÉRREZ,2873
01,ANTIOQUIA,237,SAN PEDRO DE URABA,GUSTAVO PETRO,2050
01,ANTIOQUIA,237,SAN PEDRO DE URABA,INGRID BETANCOURT,3
01,ANTIOQUIA,237,SAN PEDRO DE URABA,JOHN MILTON RODRÍGUEZ,139
01,ANTIOQUIA,237,SAN PEDRO DE URABA,LUIS PÉREZ,5
01,ANTIOQUIA,237,SAN PEDRO DE URABA,RODOLFO HERNÁNDEZ,2531
01,ANTIOQUIA,237,SAN PEDRO DE URABA,SERGIO FAJARDO,375
01,ANTIOQUIA,237,SAN PEDRO DE URABA,VOTOS EN BLANCO,174
01,ANTIOQUIA,237,SAN PEDRO DE URABA,VOTOS NO MARCADOS,23
01,ANTIOQUIA,237,SAN PEDRO DE URABA,VOTOS NULOS,70
01,ANTIOQUIA,238,SAN RAFAEL,ENRIQUE GÓMEZ MARTÍNEZ,24
01,ANTIOQUIA,238,SAN RAFAEL,FEDERICO GUTIÉRREZ,3192
01,ANTIOQUIA,238,SAN RAFAEL,GUSTAVO PETRO,1141
01,ANTIOQUIA,238,SAN RAFAEL,INGRID BETANCOURT,4
01,ANTIOQUIA,238,SAN RAFAEL,JOHN MILTON RODRÍGUEZ,34
01,ANTIOQUIA,238,SAN RAFAEL,LUIS PÉREZ,6
01,ANTIOQUIA,238,SAN RAFAEL,RODOLFO HERNÁNDEZ,1751
01,ANTIOQUIA,238,SAN RAFAEL,SERGIO FAJARDO,262
01,ANTIOQUIA,238,SAN RAFAEL,VOTOS EN BLANCO,111
01,ANTIOQUIA,238,SAN RAFAEL,VOTOS NO MARCADOS,26
01,ANTIOQUIA,238,SAN RAFAEL,VOTOS NULOS,91
01,ANTIOQUIA,241,SAN ROQUE,ENRIQUE GÓMEZ MARTÍNEZ,4
01,ANTIOQUIA,241,SAN ROQUE,FEDERICO GUTIÉRREZ,3870
01,ANTIOQUIA,241,SAN ROQUE,GUSTAVO PETRO,766
01,ANTIOQUIA,241,SAN ROQUE,INGRID BETANCOURT,6
01,ANTIOQUIA,241,SAN ROQUE,JOHN MILTON RODRÍGUEZ,88
01,ANTIOQUIA,241,SAN ROQUE,LUIS PÉREZ,5
01,ANTIOQUIA,241,SAN ROQUE,RODOLFO HERNÁNDEZ,2204
01,ANTIOQUIA,241,SAN ROQUE,SERGIO FAJARDO,220
01,ANTIOQUIA,241,SAN ROQUE,VOTOS EN BLANCO,121
01,ANTIOQUIA,241,SAN ROQUE,VOTOS NO MARCADOS,30
01,ANTIOQUIA,241,SAN ROQUE,VOTOS NULOS,90
01,ANTIOQUIA,244,SAN VICENTE,ENRIQUE GÓMEZ MARTÍNEZ,37
01,ANTIOQUIA,244,SAN VICENTE,FEDERICO GUTIÉRREZ,5487
01,ANTIOQUIA,244,SAN VICENTE,GUSTAVO PETRO,1201
01,ANTIOQUIA,244,SAN VICENTE,INGRID BETANCOURT,11
01,ANTIOQUIA,244,SAN VICENTE,JOHN MILTON RODRÍGUEZ,38
01,ANTIOQUIA,244,SAN VICENTE,LUIS PÉREZ,8
01,ANTIOQUIA,244,SAN VICENTE,RODOLFO HERNÁNDEZ,2513
01,ANTIOQUIA,244,SAN VICENTE,SERGIO FAJARDO,654
01,ANTIOQUIA,244,SAN VICENTE,VOTOS EN BLANCO,154
01,ANTIOQUIA,244,SAN VICENTE,VOTOS NO MARCADOS,44
01,ANTIOQUIA,244,SAN VICENTE,VOTOS NULOS,157
01,ANTIOQUIA,247,SANTA BARBARA,ENRIQUE GÓMEZ MARTÍNEZ,42
01,ANTIOQUIA,247,SANTA BARBARA,FEDERICO GUTIÉRREZ,5297
01,ANTIOQUIA,247,SANTA BARBARA,GUSTAVO PETRO,2075
01,ANTIOQUIA,247,SANTA BARBARA,INGRID BETANCOURT,4
01,ANTIOQUIA,247,SANTA BARBARA,JOHN MILTON RODRÍGUEZ,99
01,ANTIOQUIA,247,SANTA BARBARA,LUIS PÉREZ,6
01,ANTIOQUIA,247,SANTA BARBARA,RODOLFO HERNÁNDEZ,2337
01,ANTIOQUIA,247,SANTA BARBARA,SERGIO FAJARDO,525
01,ANTIOQUIA,247,SANTA BARBARA,VOTOS EN BLANCO,225
01,ANTIOQUIA,247,SANTA BARBARA,VOTOS NO MARCADOS,29
01,ANTIOQUIA,247,SANTA BARBARA,VOTOS NULOS,205
01,ANTIOQUIA,250,SANTA ROSA DE OSOS,ENRIQUE GÓMEZ MARTÍNEZ,58
01,ANTIOQUIA,250,SANTA ROSA DE OSOS,FEDERICO GUTIÉRREZ,6757
01,ANTIOQUIA,250,SANTA ROSA DE OSOS,GUSTAVO PETRO,2063
01,ANTIOQUIA,250,SANTA ROSA DE OSOS,INGRID BETANCOURT,10
01,ANTIOQUIA,250,SANTA ROSA DE OSOS,JOHN MILTON RODRÍGUEZ,75
01,ANTIOQUIA,250,SANTA ROSA DE OSOS,LUIS PÉREZ,32
01,ANTIOQUIA,250,SANTA ROSA DE OSOS,RODOLFO HERNÁNDEZ,4837
01,ANTIOQUIA,250,SANTA ROSA DE OSOS,SERGIO FAJARDO,964
01,ANTIOQUIA,250,SANTA ROSA DE OSOS,VOTOS EN BLANCO,474
01,ANTIOQUIA,250,SANTA ROSA DE OSOS,VOTOS NO MARCADOS,82
01,ANTIOQUIA,250,SANTA ROSA DE OSOS,VOTOS NULOS,358
01,ANTIOQUIA,253,SANTO DOMINGO,ENRIQUE GÓMEZ MARTÍNEZ,10
01,ANTIOQUIA,253,SANTO DOMINGO,FEDERICO GUTIÉRREZ,2771
01,ANTIOQUIA,253,SANTO DOMINGO,GUSTAVO PETRO,605
01,ANTIOQUIA,253,SANTO DOMINGO,INGRID BETANCOURT,5
01,ANTIOQUIA,253,SANTO DOMINGO,JOHN MILTON RODRÍGUEZ,16
01,ANTIOQUIA,253,SANTO DOMINGO,LUIS PÉREZ,3
01,ANTIOQUIA,253,SANTO DOMINGO,RODOLFO HERNÁNDEZ,1014
01,ANTIOQUIA,253,SANTO DOMINGO,SERGIO FAJARDO,199
01,ANTIOQUIA,253,SANTO DOMINGO,VOTOS EN BLANCO,78
01,ANTIOQUIA,253,SANTO DOMINGO,VOTOS NO MARCADOS,31
01,ANTIOQUIA,253,SANTO DOMINGO,VOTOS NULOS,82
01,ANTIOQUIA,256,SANTUARIO,ENRIQUE GÓMEZ MARTÍNEZ,185
01,ANTIOQUIA,256,SANTUARIO,FEDERICO GUTIÉRREZ,12711
01,ANTIOQUIA,256,SANTUARIO,GUSTAVO PETRO,1941
01,ANTIOQUIA,256,SANTUARIO,INGRID BETANCOURT,14
01,ANTIOQUIA,256,SANTUARIO,JOHN MILTON RODRÍGUEZ,126
01,ANTIOQUIA,256,SANTUARIO,LUIS PÉREZ,7
01,ANTIOQUIA,256,SANTUARIO,RODOLFO HERNÁNDEZ,3182
01,ANTIOQUIA,256,SANTUARIO,SERGIO FAJARDO,813
01,ANTIOQUIA,256,SANTUARIO,VOTOS EN BLANCO,259
01,ANTIOQUIA,256,SANTUARIO,VOTOS NO MARCADOS,26
01,ANTIOQUIA,256,SANTUARIO,VOTOS NULOS,169
01,ANTIOQUIA,259,SEGOVIA,ENRIQUE GÓMEZ MARTÍNEZ,28
01,ANTIOQUIA,259,SEGOVIA,FEDERICO GUTIÉRREZ,1394
01,ANTIOQUIA,259,SEGOVIA,GUSTAVO PETRO,4521
01,ANTIOQUIA,259,SEGOVIA,INGRID BETANCOURT,13
01,ANTIOQUIA,259,SEGOVIA,JOHN MILTON RODRÍGUEZ,157
01,ANTIOQUIA,259,SEGOVIA,LUIS PÉREZ,13
01,ANTIOQUIA,259,SEGOVIA,RODOLFO HERNÁNDEZ,2882
01,ANTIOQUIA,259,SEGOVIA,SERGIO FAJARDO,262
01,ANTIOQUIA,259,SEGOVIA,VOTOS EN BLANCO,429
01,ANTIOQUIA,259,SEGOVIA,VOTOS NO MARCADOS,24
01,ANTIOQUIA,259,SEGOVIA,VOTOS NULOS,188
01,ANTIOQUIA,262,SONSON,ENRIQUE GÓMEZ MARTÍNEZ,48
01,ANTIOQUIA,262,SONSON,FEDERICO GUTIÉRREZ,7792
01,ANTIOQUIA,262,SONSON,GUSTAVO PETRO,1245
01,ANTIOQUIA,262,SONSON,INGRID BETANCOURT,16
01,ANTIOQUIA,262,SONSON,JOHN MILTON RODRÍGUEZ,35
01,ANTIOQUIA,262,SONSON,LUIS PÉREZ,16
01,ANTIOQUIA,262,SONSON,RODOLFO HERNÁNDEZ,4219
01,ANTIOQUIA,262,SONSON,SERGIO FAJARDO,556
01,ANTIOQUIA,262,SONSON,VOTOS EN BLANCO,279
01,ANTIOQUIA,262,SONSON,VOTOS NO MARCADOS,51
01,ANTIOQUIA,262,SONSON,VOTOS NULOS,225
01,ANTIOQUIA,265,SOPETRAN,ENRIQUE GÓMEZ MARTÍNEZ,8
01,ANTIOQUIA,265,SOPETRAN,FEDERICO GUTIÉRREZ,3237
01,ANTIOQUIA,265,SOPETRAN,GUSTAVO PETRO,1243
01,ANTIOQUIA,265,SOPETRAN,INGRID BETANCOURT,2
01,ANTIOQUIA,265,SOPETRAN,JOHN MILTON RODRÍGUEZ,12
01,ANTIOQUIA,265,SOPETRAN,LUIS PÉREZ,7
01,ANTIOQUIA,265,SOPETRAN,RODOLFO HERNÁNDEZ,1627
01,ANTIOQUIA,265,SOPETRAN,SERGIO FAJARDO,235
01,ANTIOQUIA,265,SOPETRAN,VOTOS EN BLANCO,96
01,ANTIOQUIA,265,SOPETRAN,VOTOS NO MARCADOS,17
01,ANTIOQUIA,265,SOPETRAN,VOTOS NULOS,84
01,ANTIOQUIA,268,TAMESIS,ENRIQUE GÓMEZ MARTÍNEZ,30
01,ANTIOQUIA,268,TAMESIS,FEDERICO GUTIÉRREZ,4004
01,ANTIOQUIA,268,TAMESIS,GUSTAVO PETRO,1512
01,ANTIOQUIA,268,TAMESIS,INGRID BETANCOURT,7
01,ANTIOQUIA,268,TAMESIS,JOHN MILTON RODRÍGUEZ,42
01,ANTIOQUIA,268,TAMESIS,LUIS PÉREZ,10
01,ANTIOQUIA,268,TAMESIS,RODOLFO HERNÁNDEZ,1763
01,ANTIOQUIA,268,TAMESIS,SERGIO FAJARDO,413
01,ANTIOQUIA,268,TAMESIS,VOTOS EN BLANCO,163
01,ANTIOQUIA,268,TAMESIS,VOTOS NO MARCADOS,37
01,ANTIOQUIA,268,TAMESIS,VOTOS NULOS,131
01,ANTIOQUIA,270,TARAZA,ENRIQUE GÓMEZ MARTÍNEZ,18
01,ANTIOQUIA,270,TARAZA,FEDERICO GUTIÉRREZ,850
01,ANTIOQUIA,270,TARAZA,GUSTAVO PETRO,2509
01,ANTIOQUIA,270,TARAZA,INGRID BETANCOURT,12
01,ANTIOQUIA,270,TARAZA,JOHN MILTON RODRÍGUEZ,59
01,ANTIOQUIA,270,TARAZA,LUIS PÉREZ,7
01,ANTIOQUIA,270,TARAZA,RODOLFO HERNÁNDEZ,2223
01,ANTIOQUIA,270,TARAZA,SERGIO FAJARDO,157
01,ANTIOQUIA,270,TARAZA,VOTOS EN BLANCO,107
01,ANTIOQUIA,270,TARAZA,VOTOS NO MARCADOS,31
01,ANTIOQUIA,270,TARAZA,VOTOS NULOS,69
01,ANTIOQUIA,271,TARSO,ENRIQUE GÓMEZ MARTÍNEZ,2
01,ANTIOQUIA,271,TARSO,FEDERICO GUTIÉRREZ,1429
01,ANTIOQUIA,271,TARSO,GUSTAVO PETRO,699
01,ANTIOQUIA,271,TARSO,JOHN MILTON RODRÍGUEZ,6
01,ANTIOQUIA,271,TARSO,LUIS PÉREZ,1
01,ANTIOQUIA,271,TARSO,RODOLFO HERNÁNDEZ,474
01,ANTIOQUIA,271,TARSO,SERGIO FAJARDO,71
01,ANTIOQUIA,271,TARSO,VOTOS EN BLANCO,36
01,ANTIOQUIA,271,TARSO,VOTOS NO MARCADOS,5
01,ANTIOQUIA,271,TARSO,VOTOS NULOS,35
01,ANTIOQUIA,274,TITIRIBI,ENRIQUE GÓMEZ MARTÍNEZ,5
01,ANTIOQUIA,274,TITIRIBI,FEDERICO GUTIÉRREZ,2084
01,ANTIOQUIA,274,TITIRIBI,GUSTAVO PETRO,533
01,ANTIOQUIA,274,TITIRIBI,INGRID BETANCOURT,1
01,ANTIOQUIA,274,TITIRIBI,JOHN MILTON RODRÍGUEZ,16
01,ANTIOQUIA,274,TITIRIBI,LUIS PÉREZ,2
01,ANTIOQUIA,274,TITIRIBI,RODOLFO HERNÁNDEZ,910
01,ANTIOQUIA,274,TITIRIBI,SERGIO FAJARDO,158
01,ANTIOQUIA,274,TITIRIBI,VOTOS EN BLANCO,48
01,ANTIOQUIA,274,TITIRIBI,VOTOS NO MARCADOS,15
01,ANTIOQUIA,274,TITIRIBI,VOTOS NULOS,47
01,ANTIOQUIA,277,TOLEDO,ENRIQUE GÓMEZ MARTÍNEZ,9
01,ANTIOQUIA,277,TOLEDO,FEDERICO GUTIÉRREZ,598
01,ANTIOQUIA,277,TOLEDO,GUSTAVO PETRO,306
01,ANTIOQUIA,277,TOLEDO,INGRID BETANCOURT,1
01,ANTIOQUIA,277,TOLEDO,JOHN MILTON RODRÍGUEZ,9
01,ANTIOQUIA,277,TOLEDO,LUIS PÉREZ,10
01,ANTIOQUIA,277,TOLEDO,RODOLFO HERNÁNDEZ,529
01,ANTIOQUIA,277,TOLEDO,SERGIO FAJARDO,100
01,ANTIOQUIA,277,TOLEDO,VOTOS EN BLANCO,65
01,ANTIOQUIA,277,TOLEDO,VOTOS NO MARCADOS,20
01,ANTIOQUIA,277,TOLEDO,VOTOS NULOS,43
01,ANTIOQUIA,280,TURBO,ENRIQUE GÓMEZ MARTÍNEZ,123
01,ANTIOQUIA,280,TURBO,FEDERICO GUTIÉRREZ,5248
01,ANTIOQUIA,280,TURBO,GUSTAVO PETRO,19621
01,ANTIOQUIA,280,TURBO,INGRID BETANCOURT,22
01,ANTIOQUIA,280,TURBO,JOHN MILTON RODRÍGUEZ,669
01,ANTIOQUIA,280,TURBO,LUIS PÉREZ,30
01,ANTIOQUIA,280,TURBO,RODOLFO HERNÁNDEZ,8473
01,ANTIOQUIA,280,TURBO,SERGIO FAJARDO,836
01,ANTIOQUIA,280,TURBO,VOTOS EN BLANCO,919
01,ANTIOQUIA,280,TURBO,VOTOS NO MARCADOS,97
01,ANTIOQUIA,280,TURBO,VOTOS NULOS,493
01,ANTIOQUIA,282,URAMITA,ENRIQUE GÓMEZ MARTÍNEZ,4
01,ANTIOQUIA,282,URAMITA,FEDERICO GUTIÉRREZ,879
01,ANTIOQUIA,282,URAMITA,GUSTAVO PETRO,319
01,ANTIOQUIA,282,URAMITA,INGRID BETANCOURT,1
01,ANTIOQUIA,282,URAMITA,JOHN MILTON RODRÍGUEZ,3
01,ANTIOQUIA,282,URAMITA,LUIS PÉREZ,2
01,ANTIOQUIA,282,URAMITA,RODOLFO HERNÁNDEZ,841
01,ANTIOQUIA,282,URAMITA,SERGIO FAJARDO,85
01,ANTIOQUIA,282,URAMITA,VOTOS EN BLANCO,35
01,ANTIOQUIA,282,URAMITA,VOTOS NO MARCADOS,11
01,ANTIOQUIA,282,URAMITA,VOTOS NULOS,25
01,ANTIOQUIA,283,URRAO,ENRIQUE GÓMEZ MARTÍNEZ,80
01,ANTIOQUIA,283,URRAO,FEDERICO GUTIÉRREZ,4048
01,ANTIOQUIA,283,URRAO,GUSTAVO PETRO,1431
01,ANTIOQUIA,283,URRAO,INGRID BETANCOURT,13
01,ANTIOQUIA,283,URRAO,JOHN MILTON RODRÍGUEZ,77
01,ANTIOQUIA,283,URRAO,LUIS PÉREZ,30
01,ANTIOQUIA,283,URRAO,RODOLFO HERNÁNDEZ,2339
01,ANTIOQUIA,283,URRAO,SERGIO FAJARDO,444
01,ANTIOQUIA,283,URRAO,VOTOS EN BLANCO,253
01,ANTIOQUIA,283,URRAO,VOTOS NO MARCADOS,34
01,ANTIOQUIA,283,URRAO,VOTOS NULOS,101
01,ANTIOQUIA,286,VALDIVIA,ENRIQUE GÓMEZ MARTÍNEZ,11
01,ANTIOQUIA,286,VALDIVIA,FEDERICO GUTIÉRREZ,995
01,ANTIOQUIA,286,VALDIVIA,GUSTAVO PETRO,1022
01,ANTIOQUIA,286,VALDIVIA,INGRID BETANCOURT,3
01,ANTIOQUIA,286,VALDIVIA,JOHN MILTON RODRÍGUEZ,12
01,ANTIOQUIA,286,VALDIVIA,LUIS PÉREZ,9
01,ANTIOQUIA,286,VALDIVIA,RODOLFO HERNÁNDEZ,1050
01,ANTIOQUIA,286,VALDIVIA,SERGIO FAJARDO,111
01,ANTIOQUIA,286,VALDIVIA,VOTOS EN BLANCO,75
01,ANTIOQUIA,286,VALDIVIA,VOTOS NO MARCADOS,20
01,ANTIOQUIA,286,VALDIVIA,VOTOS NULOS,51
01,ANTIOQUIA,289,VALPARAISO,ENRIQUE GÓMEZ MARTÍNEZ,11
01,ANTIOQUIA,289,VALPARAISO,FEDERICO GUTIÉRREZ,1348
01,ANTIOQUIA,289,VALPARAISO,GUSTAVO PETRO,644
01,ANTIOQUIA,289,VALPARAISO,JOHN MILTON RODRÍGUEZ,7
01,ANTIOQUIA,289,VALPARAISO,LUIS PÉREZ,1
01,ANTIOQUIA,289,VALPARAISO,RODOLFO HERNÁNDEZ,679
01,ANTIOQUIA,289,VALPARAISO,SERGIO FAJARDO,84
01,ANTIOQUIA,289,VALPARAISO,VOTOS EN BLANCO,39
01,ANTIOQUIA,289,VALPARAISO,VOTOS NO MARCADOS,7
01,ANTIOQUIA,289,VALPARAISO,VOTOS NULOS,32
01,ANTIOQUIA,290,VEGACHI,ENRIQUE GÓMEZ MARTÍNEZ,21
01,ANTIOQUIA,290,VEGACHI,FEDERICO GUTIÉRREZ,1888
01,ANTIOQUIA,290,VEGACHI,GUSTAVO PETRO,593
01,ANTIOQUIA,290,VEGACHI,JOHN MILTON RODRÍGUEZ,36
01,ANTIOQUIA,290,VEGACHI,LUIS PÉREZ,4
01,ANTIOQUIA,290,VEGACHI,RODOLFO HERNÁNDEZ,1755
01,ANTIOQUIA,290,VEGACHI,SERGIO FAJARDO,195
01,ANTIOQUIA,290,VEGACHI,VOTOS EN BLANCO,92
01,ANTIOQUIA,290,VEGACHI,VOTOS NO MARCADOS,14
01,ANTIOQUIA,290,VEGACHI,VOTOS NULOS,68
01,ANTIOQUIA,291,VIGIA DEL FUERTE,ENRIQUE GÓMEZ MARTÍNEZ,10
01,ANTIOQUIA,291,VIGIA DEL FUERTE,FEDERICO GUTIÉRREZ,308
01,ANTIOQUIA,291,VIGIA DEL FUERTE,GUSTAVO PETRO,1528
01,ANTIOQUIA,291,VIGIA DEL FUERTE,INGRID BETANCOURT,3
01,ANTIOQUIA,291,VIGIA DEL FUERTE,JOHN MILTON RODRÍGUEZ,28
01,ANTIOQUIA,291,VIGIA DEL FUERTE,LUIS PÉREZ,7
01,ANTIOQUIA,291,VIGIA DEL FUERTE,RODOLFO HERNÁNDEZ,69
01,ANTIOQUIA,291,VIGIA DEL FUERTE,SERGIO FAJARDO,186
01,ANTIOQUIA,291,VIGIA DEL FUERTE,VOTOS EN BLANCO,23
01,ANTIOQUIA,291,VIGIA DEL FUERTE,VOTOS NO MARCADOS,16
01,ANTIOQUIA,291,VIGIA DEL FUERTE,VOTOS NULOS,26
01,ANTIOQUIA,292,VENECIA,ENRIQUE GÓMEZ MARTÍNEZ,7
01,ANTIOQUIA,292,VENECIA,FEDERICO GUTIÉRREZ,3702
01,ANTIOQUIA,292,VENECIA,GUSTAVO PETRO,824
01,ANTIOQUIA,292,VENECIA,INGRID BETANCOURT,4
01,ANTIOQUIA,292,VENECIA,JOHN MILTON RODRÍGUEZ,44
01,ANTIOQUIA,292,VENECIA,LUIS PÉREZ,1
01,ANTIOQUIA,292,VENECIA,RODOLFO HERNÁNDEZ,811
01,ANTIOQUIA,292,VENECIA,SERGIO FAJARDO,195
01,ANTIOQUIA,292,VENECIA,VOTOS EN BLANCO,93
01,ANTIOQUIA,292,VENECIA,VOTOS NO MARCADOS,11
01,ANTIOQUIA,292,VENECIA,VOTOS NULOS,83
01,ANTIOQUIA,293,YALI,ENRIQUE GÓMEZ MARTÍNEZ,7
01,ANTIOQUIA,293,YALI,FEDERICO GUTIÉRREZ,1042
01,ANTIOQUIA,293,YALI,GUSTAVO PETRO,344
01,ANTIOQUIA,293,YALI,INGRID BETANCOURT,3
01,ANTIOQUIA,293,YALI,JOHN MILTON RODRÍGUEZ,15
01,ANTIOQUIA,293,YALI,LUIS PÉREZ,3
01,ANTIOQUIA,293,YALI,RODOLFO HERNÁNDEZ,909
01,ANTIOQUIA,293,YALI,SERGIO FAJARDO,69
01,ANTIOQUIA,293,YALI,VOTOS EN BLANCO,45
01,ANTIOQUIA,293,YALI,VOTOS NO MARCADOS,13
01,ANTIOQUIA,293,YALI,VOTOS NULOS,24
01,ANTIOQUIA,295,YARUMAL,ENRIQUE GÓMEZ MARTÍNEZ,46
01,ANTIOQUIA,295,YARUMAL,FEDERICO GUTIÉRREZ,5314
01,ANTIOQUIA,295,YARUMAL,GUSTAVO PETRO,2486
01,ANTIOQUIA,295,YARUMAL,INGRID BETANCOURT,14
01,ANTIOQUIA,295,YARUMAL,JOHN MILTON RODRÍGUEZ,117
01,ANTIOQUIA,295,YARUMAL,LUIS PÉREZ,21
01,ANTIOQUIA,295,YARUMAL,RODOLFO HERNÁNDEZ,5529
01,ANTIOQUIA,295,YARUMAL,SERGIO FAJARDO,861
01,ANTIOQUIA,295,YARUMAL,VOTOS EN BLANCO,466
01,ANTIOQUIA,295,YARUMAL,VOTOS NO MARCADOS,43
01,ANTIOQUIA,295,YARUMAL,VOTOS NULOS,238
01,ANTIOQUIA,298,YOLOMBO,ENRIQUE GÓMEZ MARTÍNEZ,21
01,ANTIOQUIA,298,YOLOMBO,FEDERICO GUTIÉRREZ,3220
01,ANTIOQUIA,298,YOLOMBO,GUSTAVO PETRO,1051
01,ANTIOQUIA,298,YOLOMBO,INGRID BETANCOURT,3
01,ANTIOQUIA,298,YOLOMBO,JOHN MILTON RODRÍGUEZ,30
01,ANTIOQUIA,298,YOLOMBO,LUIS PÉREZ,3
01,ANTIOQUIA,298,YOLOMBO,RODOLFO HERNÁNDEZ,1584
01,ANTIOQUIA,298,YOLOMBO,SERGIO FAJARDO,322
01,ANTIOQUIA,298,YOLOMBO,VOTOS EN BLANCO,136
01,ANTIOQUIA,298,YOLOMBO,VOTOS NO MARCADOS,33
01,ANTIOQUIA,298,YOLOMBO,VOTOS NULOS,78
01,ANTIOQUIA,300,YONDO-CASABE,ENRIQUE GÓMEZ MARTÍNEZ,15
01,ANTIOQUIA,300,YONDO-CASABE,FEDERICO GUTIÉRREZ,734
01,ANTIOQUIA,300,YONDO-CASABE,GUSTAVO PETRO,2833
01,ANTIOQUIA,300,YONDO-CASABE,INGRID BETANCOURT,2
01,ANTIOQUIA,300,YONDO-CASABE,JOHN MILTON RODRÍGUEZ,184
01,ANTIOQUIA,300,YONDO-CASABE,LUIS PÉREZ,4
01,ANTIOQUIA,300,YONDO-CASABE,RODOLFO HERNÁNDEZ,4873
01,ANTIOQUIA,300,YONDO-CASABE,SERGIO FAJARDO,85
01,ANTIOQUIA,300,YONDO-CASABE,VOTOS EN BLANCO,117
01,ANTIOQUIA,300,YONDO-CASABE,VOTOS NO MARCADOS,16
01,ANTIOQUIA,300,YONDO-CASABE,VOTOS NULOS,129
01,ANTIOQUIA,301,ZARAGOZA,ENRIQUE GÓMEZ MARTÍNEZ,13
01,ANTIOQUIA,301,ZARAGOZA,FEDERICO GUTIÉRREZ,1318
01,ANTIOQUIA,301,ZARAGOZA,GUSTAVO PETRO,1990
01,ANTIOQUIA,301,ZARAGOZA,INGRID BETANCOURT,6
01,ANTIOQUIA,301,ZARAGOZA,JOHN MILTON RODRÍGUEZ,96
01,ANTIOQUIA,301,ZARAGOZA,LUIS PÉREZ,7
01,ANTIOQUIA,301,ZARAGOZA,RODOLFO HERNÁNDEZ,1825
01,ANTIOQUIA,301,ZARAGOZA,SERGIO FAJARDO,266
01,ANTIOQUIA,301,ZARAGOZA,VOTOS EN BLANCO,165
01,ANTIOQUIA,301,ZARAGOZA,VOTOS NO MARCADOS,19
01,ANTIOQUIA,301,ZARAGOZA,VOTOS NULOS,137
03,ATLANTICO,001,BARRANQUILLA,ENRIQUE GÓMEZ MARTÍNEZ,938
03,ATLANTICO,001,BARRANQUILLA,FEDERICO GUTIÉRREZ,138330
03,ATLANTICO,001,BARRANQUILLA,GUSTAVO PETRO,257337
03,ATLANTICO,001,BARRANQUILLA,INGRID BETANCOURT,244
03,ATLANTICO,001,BARRANQUILLA,JOHN MILTON RODRÍGUEZ,5527
03,ATLANTICO,001,BARRANQUILLA,LUIS PÉREZ,162
03,ATLANTICO,001,BARRANQUILLA,RODOLFO HERNÁNDEZ,68517
03,ATLANTICO,001,BARRANQUILLA,SERGIO FAJARDO,16290
03,ATLANTICO,001,BARRANQUILLA,VOTOS EN BLANCO,7217
03,ATLANTICO,001,BARRANQUILLA,VOTOS NO MARCADOS,336
03,ATLANTICO,001,BARRANQUILLA,VOTOS NULOS,2604
03,ATLANTICO,004,BARANOA,ENRIQUE GÓMEZ MARTÍNEZ,42
03,ATLANTICO,004,BARANOA,FEDERICO GUTIÉRREZ,6123
03,ATLANTICO,004,BARANOA,GUSTAVO PETRO,14545
03,ATLANTICO,004,BARANOA,INGRID BETANCOURT,16
03,ATLANTICO,004,BARANOA,JOHN MILTON RODRÍGUEZ,171
03,ATLANTICO,004,BARANOA,LUIS PÉREZ,11
03,ATLANTICO,004,BARANOA,RODOLFO HERNÁNDEZ,2815
03,ATLANTICO,004,BARANOA,SERGIO FAJARDO,396
03,ATLANTICO,004,BARANOA,VOTOS EN BLANCO,404
03,ATLANTICO,004,BARANOA,VOTOS NO MARCADOS,37
03,ATLANTICO,004,BARANOA,VOTOS NULOS,149
03,ATLANTICO,007,CAMPO DE LA CRUZ,ENRIQUE GÓMEZ MARTÍNEZ,15
03,ATLANTICO,007,CAMPO DE LA CRUZ,FEDERICO GUTIÉRREZ,3781
03,ATLANTICO,007,CAMPO DE LA CRUZ,GUSTAVO PETRO,2635
03,ATLANTICO,007,CAMPO DE LA CRUZ,INGRID BETANCOURT,6
03,ATLANTICO,007,CAMPO DE LA CRUZ,JOHN MILTON RODRÍGUEZ,50
03,ATLANTICO,007,CAMPO DE LA CRUZ,LUIS PÉREZ,4
03,ATLANTICO,007,CAMPO DE LA CRUZ,RODOLFO HERNÁNDEZ,891
03,ATLANTICO,007,CAMPO DE LA CRUZ,SERGIO FAJARDO,133
03,ATLANTICO,007,CAMPO DE LA CRUZ,VOTOS EN BLANCO,94
03,ATLANTICO,007,CAMPO DE LA CRUZ,VOTOS NO MARCADOS,9
03,ATLANTICO,007,CAMPO DE LA CRUZ,VOTOS NULOS,47
03,ATLANTICO,010,CANDELARIA,ENRIQUE GÓMEZ MARTÍNEZ,16
03,ATLANTICO,010,CANDELARIA,FEDERICO GUTIÉRREZ,2537
03,ATLANTICO,010,CANDELARIA,GUSTAVO PETRO,1787
03,ATLANTICO,010,CANDELARIA,INGRID BETANCOURT,1
03,ATLANTICO,010,CANDELARIA,JOHN MILTON RODRÍGUEZ,91
03,ATLANTICO,010,CANDELARIA,LUIS PÉREZ,2
03,ATLANTICO,010,CANDELARIA,RODOLFO HERNÁNDEZ,594
03,ATLANTICO,010,CANDELARIA,SERGIO FAJARDO,104
03,ATLANTICO,010,CANDELARIA,VOTOS EN BLANCO,76
03,ATLANTICO,010,CANDELARIA,VOTOS NO MARCADOS,10
03,ATLANTICO,010,CANDELARIA,VOTOS NULOS,21
03,ATLANTICO,013,GALAPA,ENRIQUE GÓMEZ MARTÍNEZ,24
03,ATLANTICO,013,GALAPA,FEDERICO GUTIÉRREZ,2889
03,ATLANTICO,013,GALAPA,GUSTAVO PETRO,11236
03,ATLANTICO,013,GALAPA,INGRID BETANCOURT,9
03,ATLANTICO,013,GALAPA,JOHN MILTON RODRÍGUEZ,148
03,ATLANTICO,013,GALAPA,LUIS PÉREZ,8
03,ATLANTICO,013,GALAPA,RODOLFO HERNÁNDEZ,2234
03,ATLANTICO,013,GALAPA,SERGIO FAJARDO,306
03,ATLANTICO,013,GALAPA,VOTOS EN BLANCO,249
03,ATLANTICO,013,GALAPA,VOTOS NO MARCADOS,23
03,ATLANTICO,013,GALAPA,VOTOS NULOS,120
03,ATLANTICO,016,JUAN DE ACOSTA,ENRIQUE GÓMEZ MARTÍNEZ,22
03,ATLANTICO,016,JUAN DE ACOSTA,FEDERICO GUTIÉRREZ,2816
03,ATLANTICO,016,JUAN DE ACOSTA,GUSTAVO PETRO,3264
03,ATLANTICO,016,JUAN DE ACOSTA,INGRID BETANCOURT,3
03,ATLANTICO,016,JUAN DE ACOSTA,JOHN MILTON RODRÍGUEZ,12
03,ATLANTICO,016,JUAN DE ACOSTA,LUIS PÉREZ,1
03,ATLANTICO,016,JUAN DE ACOSTA,RODOLFO HERNÁNDEZ,1359
03,ATLANTICO,016,JUAN DE ACOSTA,SERGIO FAJARDO,140
03,ATLANTICO,016,JUAN DE ACOSTA,VOTOS EN BLANCO,97
03,ATLANTICO,016,JUAN DE ACOSTA,VOTOS NO MARCADOS,10
03,ATLANTICO,016,JUAN DE ACOSTA,VOTOS NULOS,47
03,ATLANTICO,019,LURUACO,ENRIQUE GÓMEZ MARTÍNEZ,30
03,ATLANTICO,019,LURUACO,FEDERICO GUTIÉRREZ,4086
03,ATLANTICO,019,LURUACO,GUSTAVO PETRO,3277
03,ATLANTICO,019,LURUACO,INGRID BETANCOURT,4
03,ATLANTICO,019,LURUACO,JOHN MILTON RODRÍGUEZ,43
03,ATLANTICO,019,LURUACO,LUIS PÉREZ,4
03,ATLANTICO,019,LURUACO,RODOLFO HERNÁNDEZ,1508
03,ATLANTICO,019,LURUACO,SERGIO FAJARDO,240
03,ATLANTICO,019,LURUACO,VOTOS EN BLANCO,120
03,ATLANTICO,019,LURUACO,VOTOS NO MARCADOS,34
03,ATLANTICO,019,LURUACO,VOTOS NULOS,92
03,ATLANTICO,022,MALAMBO,ENRIQUE GÓMEZ MARTÍNEZ,56
03,ATLANTICO,022,MALAMBO,FEDERICO GUTIÉRREZ,6405
03,ATLANTICO,022,MALAMBO,GUSTAVO PETRO,23860
03,ATLANTICO,022,MALAMBO,INGRID BETANCOURT,21
03,ATLANTICO,022,MALAMBO,JOHN MILTON RODRÍGUEZ,356
03,ATLANTICO,022,MALAMBO,LUIS PÉREZ,11
03,ATLANTICO,022,MALAMBO,RODOLFO HERNÁNDEZ,3692
03,ATLANTICO,022,MALAMBO,SERGIO FAJARDO,530
03,ATLANTICO,022,MALAMBO,VOTOS EN BLANCO,495
03,ATLANTICO,022,MALAMBO,VOTOS NO MARCADOS,30
03,ATLANTICO,022,MALAMBO,VOTOS NULOS,257
03,ATLANTICO,025,MANATI,ENRIQUE GÓMEZ MARTÍNEZ,11
03,ATLANTICO,025,MANATI,FEDERICO GUTIÉRREZ,3260
03,ATLANTICO,025,MANATI,GUSTAVO PETRO,1865
03,ATLANTICO,025,MANATI,INGRID BETANCOURT,4
03,ATLANTICO,025,MANATI,JOHN MILTON RODRÍGUEZ,34
03,ATLANTICO,025,MANATI,LUIS PÉREZ,4
03,ATLANTICO,025,MANATI,RODOLFO HERNÁNDEZ,521
03,ATLANTICO,025,MANATI,SERGIO FAJARDO,116
03,ATLANTICO,025,MANATI,VOTOS EN BLANCO,90
03,ATLANTICO,025,MANATI,VOTOS NO MARCADOS,14
03,ATLANTICO,025,MANATI,VOTOS NULOS,26
03,ATLANTICO,028,PALMAR DE VARELA,ENRIQUE GÓMEZ MARTÍNEZ,28
03,ATLANTICO,028,PALMAR DE VARELA,FEDERICO GUTIÉRREZ,2467
03,ATLANTICO,028,PALMAR DE VARELA,GUSTAVO PETRO,6426
03,ATLANTICO,028,PALMAR DE VARELA,INGRID BETANCOURT,8
03,ATLANTICO,028,PALMAR DE VARELA,JOHN MILTON RODRÍGUEZ,61
03,ATLANTICO,028,PALMAR DE VARELA,LUIS PÉREZ,3
03,ATLANTICO,028,PALMAR DE VARELA,RODOLFO HERNÁNDEZ,704
03,ATLANTICO,028,PALMAR DE VARELA,SERGIO FAJARDO,131
03,ATLANTICO,028,PALMAR DE VARELA,VOTOS EN BLANCO,170
03,ATLANTICO,028,PALMAR DE VARELA,VOTOS NO MARCADOS,22
03,ATLANTICO,028,PALMAR DE VARELA,VOTOS NULOS,57
03,ATLANTICO,031,PIOJO,ENRIQUE GÓMEZ MARTÍNEZ,1
03,ATLANTICO,031,PIOJO,FEDERICO GUTIÉRREZ,1066
03,ATLANTICO,031,PIOJO,GUSTAVO PETRO,1147
03,ATLANTICO,031,PIOJO,JOHN MILTON RODRÍGUEZ,18
03,ATLANTICO,031,PIOJO,LUIS PÉREZ,1
03,ATLANTICO,031,PIOJO,RODOLFO HERNÁNDEZ,128
03,ATLANTICO,031,PIOJO,SERGIO FAJARDO,22
03,ATLANTICO,031,PIOJO,VOTOS EN BLANCO,14
03,ATLANTICO,031,PIOJO,VOTOS NO MARCADOS,4
03,ATLANTICO,031,PIOJO,VOTOS NULOS,13
03,ATLANTICO,034,POLONUEVO,ENRIQUE GÓMEZ MARTÍNEZ,25
03,ATLANTICO,034,POLONUEVO,FEDERICO GUTIÉRREZ,1734
03,ATLANTICO,034,POLONUEVO,GUSTAVO PETRO,4685
03,ATLANTICO,034,POLONUEVO,INGRID BETANCOURT,4
03,ATLANTICO,034,POLONUEVO,JOHN MILTON RODRÍGUEZ,24
03,ATLANTICO,034,POLONUEVO,LUIS PÉREZ,2
03,ATLANTICO,034,POLONUEVO,RODOLFO HERNÁNDEZ,530
03,ATLANTICO,034,POLONUEVO,SERGIO FAJARDO,96
03,ATLANTICO,034,POLONUEVO,VOTOS EN BLANCO,117
03,ATLANTICO,034,POLONUEVO,VOTOS NO MARCADOS,15
03,ATLANTICO,034,POLONUEVO,VOTOS NULOS,62
03,ATLANTICO,035,PONEDERA,ENRIQUE GÓMEZ MARTÍNEZ,18
03,ATLANTICO,035,PONEDERA,FEDERICO GUTIÉRREZ,2534
03,ATLANTICO,035,PONEDERA,GUSTAVO PETRO,3585
03,ATLANTICO,035,PONEDERA,INGRID BETANCOURT,8
03,ATLANTICO,035,PONEDERA,JOHN MILTON RODRÍGUEZ,25
03,ATLANTICO,035,PONEDERA,LUIS PÉREZ,2
03,ATLANTICO,035,PONEDERA,RODOLFO HERNÁNDEZ,1037
03,ATLANTICO,035,PONEDERA,SERGIO FAJARDO,158
03,ATLANTICO,035,PONEDERA,VOTOS EN BLANCO,126
03,ATLANTICO,035,PONEDERA,VOTOS NO MARCADOS,23
03,ATLANTICO,035,PONEDERA,VOTOS NULOS,63
03,ATLANTICO,037,PUERTO COLOMBIA,ENRIQUE GÓMEZ MARTÍNEZ,34
03,ATLANTICO,037,PUERTO COLOMBIA,FEDERICO GUTIÉRREZ,5101
03,ATLANTICO,037,PUERTO COLOMBIA,GUSTAVO PETRO,9565
03,ATLANTICO,037,PUERTO COLOMBIA,INGRID BETANCOURT,14
03,ATLANTICO,037,PUERTO COLOMBIA,JOHN MILTON RODRÍGUEZ,81
03,ATLANTICO,037,PUERTO COLOMBIA,LUIS PÉREZ,8
03,ATLANTICO,037,PUERTO COLOMBIA,RODOLFO HERNÁNDEZ,2601
03,ATLANTICO,037,PUERTO COLOMBIA,SERGIO FAJARDO,551
03,ATLANTICO,037,PUERTO COLOMBIA,VOTOS EN BLANCO,266
03,ATLANTICO,037,PUERTO COLOMBIA,VOTOS NO MARCADOS,14
03,ATLANTICO,037,PUERTO COLOMBIA,VOTOS NULOS,68
03,ATLANTICO,040,REPELON,ENRIQUE GÓMEZ MARTÍNEZ,34
03,ATLANTICO,040,REPELON,FEDERICO GUTIÉRREZ,3745
03,ATLANTICO,040,REPELON,GUSTAVO PETRO,3829
03,ATLANTICO,040,REPELON,INGRID BETANCOURT,8
03,ATLANTICO,040,REPELON,JOHN MILTON RODRÍGUEZ,43
03,ATLANTICO,040,REPELON,LUIS PÉREZ,5
03,ATLANTICO,040,REPELON,RODOLFO HERNÁNDEZ,743
03,ATLANTICO,040,REPELON,SERGIO FAJARDO,237
03,ATLANTICO,040,REPELON,VOTOS EN BLANCO,144
03,ATLANTICO,040,REPELON,VOTOS NO MARCADOS,21
03,ATLANTICO,040,REPELON,VOTOS NULOS,66
03,ATLANTICO,043,SABANAGRANDE,ENRIQUE GÓMEZ MARTÍNEZ,70
03,ATLANTICO,043,SABANAGRANDE,FEDERICO GUTIÉRREZ,2524
03,ATLANTICO,043,SABANAGRANDE,GUSTAVO PETRO,7104
03,ATLANTICO,043,SABANAGRANDE,INGRID BETANCOURT,12
03,ATLANTICO,043,SABANAGRANDE,JOHN MILTON RODRÍGUEZ,158
03,ATLANTICO,043,SABANAGRANDE,LUIS PÉREZ,3
03,ATLANTICO,043,SABANAGRANDE,RODOLFO HERNÁNDEZ,1460
03,ATLANTICO,043,SABANAGRANDE,SERGIO FAJARDO,201
03,ATLANTICO,043,SABANAGRANDE,VOTOS EN BLANCO,220
03,ATLANTICO,043,SABANAGRANDE,VOTOS NO MARCADOS,9
03,ATLANTICO,043,SABANAGRANDE,VOTOS NULOS,97
03,ATLANTICO,046,SABANALARGA,ENRIQUE GÓMEZ MARTÍNEZ,123
03,ATLANTICO,046,SABANALARGA,FEDERICO GUTIÉRREZ,9671
03,ATLANTICO,046,SABANALARGA,GUSTAVO PETRO,18948
03,ATLANTICO,046,SABANALARGA,INGRID BETANCOURT,15
03,ATLANTICO,046,SABANALARGA,JOHN MILTON RODRÍGUEZ,185
03,ATLANTICO,046,SABANALARGA,LUIS PÉREZ,14
03,ATLANTICO,046,SABANALARGA,RODOLFO HERNÁNDEZ,5036
03,ATLANTICO,046,SABANALARGA,SERGIO FAJARDO,584
03,ATLANTICO,046,SABANALARGA,VOTOS EN BLANCO,524
03,ATLANTICO,046,SABANALARGA,VOTOS NO MARCADOS,48
03,ATLANTICO,046,SABANALARGA,VOTOS NULOS,289
03,ATLANTICO,047,SANTA LUCIA,ENRIQUE GÓMEZ MARTÍNEZ,8
03,ATLANTICO,047,SANTA LUCIA,FEDERICO GUTIÉRREZ,3723
03,ATLANTICO,047,SANTA LUCIA,GUSTAVO PETRO,1434
03,ATLANTICO,047,SANTA LUCIA,INGRID BETANCOURT,3
03,ATLANTICO,047,SANTA LUCIA,JOHN MILTON RODRÍGUEZ,31
03,ATLANTICO,047,SANTA LUCIA,RODOLFO HERNÁNDEZ,231
03,ATLANTICO,047,SANTA LUCIA,SERGIO FAJARDO,112
03,ATLANTICO,047,SANTA LUCIA,VOTOS EN BLANCO,52
03,ATLANTICO,047,SANTA LUCIA,VOTOS NO MARCADOS,6
03,ATLANTICO,047,SANTA LUCIA,VOTOS NULOS,30
03,ATLANTICO,049,SANTO TOMAS,ENRIQUE GÓMEZ MARTÍNEZ,31
03,ATLANTICO,049,SANTO TOMAS,FEDERICO GUTIÉRREZ,2588
03,ATLANTICO,049,SANTO TOMAS,GUSTAVO PETRO,7982
03,ATLANTICO,049,SANTO TOMAS,INGRID BETANCOURT,9
03,ATLANTICO,049,SANTO TOMAS,JOHN MILTON RODRÍGUEZ,78
03,ATLANTICO,049,SANTO TOMAS,LUIS PÉREZ,3
03,ATLANTICO,049,SANTO TOMAS,RODOLFO HERNÁNDEZ,1211
03,ATLANTICO,049,SANTO TOMAS,SERGIO FAJARDO,252
03,ATLANTICO,049,SANTO TOMAS,VOTOS EN BLANCO,212
03,ATLANTICO,049,SANTO TOMAS,VOTOS NO MARCADOS,19
03,ATLANTICO,049,SANTO TOMAS,VOTOS NULOS,72
03,ATLANTICO,052,SOLEDAD,ENRIQUE GÓMEZ MARTÍNEZ,238
03,ATLANTICO,052,SOLEDAD,FEDERICO GUTIÉRREZ,23847
03,ATLANTICO,052,SOLEDAD,GUSTAVO PETRO,89499
03,ATLANTICO,052,SOLEDAD,INGRID BETANCOURT,81
03,ATLANTICO,052,SOLEDAD,JOHN MILTON RODRÍGUEZ,2075
03,ATLANTICO,052,SOLEDAD,LUIS PÉREZ,58
03,ATLANTICO,052,SOLEDAD,RODOLFO HERNÁNDEZ,16149
03,ATLANTICO,052,SOLEDAD,SERGIO FAJARDO,2509
03,ATLANTICO,052,SOLEDAD,VOTOS EN BLANCO,1979
03,ATLANTICO,052,SOLEDAD,VOTOS NO MARCADOS,94
03,ATLANTICO,052,SOLEDAD,VOTOS NULOS,848
03,ATLANTICO,055,SUAN,ENRIQUE GÓMEZ MARTÍNEZ,5
03,ATLANTICO,055,SUAN,FEDERICO GUTIÉRREZ,2162
03,ATLANTICO,055,SUAN,GUSTAVO PETRO,1562
03,ATLANTICO,055,SUAN,INGRID BETANCOURT,1
03,ATLANTICO,055,SUAN,JOHN MILTON RODRÍGUEZ,13
03,ATLANTICO,055,SUAN,RODOLFO HERNÁNDEZ,482
03,ATLANTICO,055,SUAN,SERGIO FAJARDO,73
03,ATLANTICO,055,SUAN,VOTOS EN BLANCO,76
03,ATLANTICO,055,SUAN,VOTOS NO MARCADOS,8
03,ATLANTICO,055,SUAN,VOTOS NULOS,12
03,ATLANTICO,058,TUBARA,ENRIQUE GÓMEZ MARTÍNEZ,7
03,ATLANTICO,058,TUBARA,FEDERICO GUTIÉRREZ,1680
03,ATLANTICO,058,TUBARA,GUSTAVO PETRO,2936
03,ATLANTICO,058,TUBARA,INGRID BETANCOURT,3
03,ATLANTICO,058,TUBARA,JOHN MILTON RODRÍGUEZ,16
03,ATLANTICO,058,TUBARA,RODOLFO HERNÁNDEZ,471
03,ATLANTICO,058,TUBARA,SERGIO FAJARDO,88
03,ATLANTICO,058,TUBARA,VOTOS EN BLANCO,47
03,ATLANTICO,058,TUBARA,VOTOS NO MARCADOS,9
03,ATLANTICO,058,TUBARA,VOTOS NULOS,23
03,ATLANTICO,061,USIACURI,ENRIQUE GÓMEZ MARTÍNEZ,10
03,ATLANTICO,061,USIACURI,FEDERICO GUTIÉRREZ,1190
03,ATLANTICO,061,USIACURI,GUSTAVO PETRO,2055
03,ATLANTICO,061,USIACURI,INGRID BETANCOURT,7
03,ATLANTICO,061,USIACURI,JOHN MILTON RODRÍGUEZ,15
03,ATLANTICO,061,USIACURI,LUIS PÉREZ,2
03,ATLANTICO,061,USIACURI,RODOLFO HERNÁNDEZ,496
03,ATLANTICO,061,USIACURI,SERGIO FAJARDO,70
03,ATLANTICO,061,USIACURI,VOTOS EN BLANCO,77
03,ATLANTICO,061,USIACURI,VOTOS NO MARCADOS,9
03,ATLANTICO,061,USIACURI,VOTOS NULOS,25
05,BOLIVAR,001,CARTAGENA,ENRIQUE GÓMEZ MARTÍNEZ,565
05,BOLIVAR,001,CARTAGENA,FEDERICO GUTIÉRREZ,88793
05,BOLIVAR,001,CARTAGENA,GUSTAVO PETRO,200033
05,BOLIVAR,001,CARTAGENA,INGRID BETANCOURT,172
05,BOLIVAR,001,CARTAGENA,JOHN MILTON RODRÍGUEZ,6851
05,BOLIVAR,001,CARTAGENA,LUIS PÉREZ,142
05,BOLIVAR,001,CARTAGENA,RODOLFO HERNÁNDEZ,42178
05,BOLIVAR,001,CARTAGENA,SERGIO FAJARDO,11246
05,BOLIVAR,001,CARTAGENA,VOTOS EN BLANCO,7491
05,BOLIVAR,001,CARTAGENA,VOTOS NO MARCADOS,316
05,BOLIVAR,001,CARTAGENA,VOTOS NULOS,2131
05,BOLIVAR,004,ACHI,ENRIQUE GÓMEZ MARTÍNEZ,36
05,BOLIVAR,004,ACHI,FEDERICO GUTIÉRREZ,3697
05,BOLIVAR,004,ACHI,GUSTAVO PETRO,1548
05,BOLIVAR,004,ACHI,INGRID BETANCOURT,8
05,BOLIVAR,004,ACHI,JOHN MILTON RODRÍGUEZ,157
05,BOLIVAR,004,ACHI,LUIS PÉREZ,6
05,BOLIVAR,004,ACHI,RODOLFO HERNÁNDEZ,1518
05,BOLIVAR,004,ACHI,SERGIO FAJARDO,159
05,BOLIVAR,004,ACHI,VOTOS EN BLANCO,57
05,BOLIVAR,004,ACHI,VOTOS NO MARCADOS,17
05,BOLIVAR,004,ACHI,VOTOS NULOS,27
05,BOLIVAR,005,ARENAL,ENRIQUE GÓMEZ MARTÍNEZ,4
05,BOLIVAR,005,ARENAL,FEDERICO GUTIÉRREZ,966
05,BOLIVAR,005,ARENAL,GUSTAVO PETRO,1416
05,BOLIVAR,005,ARENAL,INGRID BETANCOURT,1
05,BOLIVAR,005,ARENAL,JOHN MILTON RODRÍGUEZ,30
05,BOLIVAR,005,ARENAL,LUIS PÉREZ,3
05,BOLIVAR,005,ARENAL,RODOLFO HERNÁNDEZ,408
05,BOLIVAR,005,ARENAL,SERGIO FAJARDO,28
05,BOLIVAR,005,ARENAL,VOTOS EN BLANCO,40
05,BOLIVAR,005,ARENAL,VOTOS NO MARCADOS,3
05,BOLIVAR,005,ARENAL,VOTOS NULOS,22
05,BOLIVAR,006,ALTOS DEL ROSARIO,ENRIQUE GÓMEZ MARTÍNEZ,20
05,BOLIVAR,006,ALTOS DEL ROSARIO,FEDERICO GUTIÉRREZ,777
05,BOLIVAR,006,ALTOS DEL ROSARIO,GUSTAVO PETRO,816
05,BOLIVAR,006,ALTOS DEL ROSARIO,INGRID BETANCOURT,4
05,BOLIVAR,006,ALTOS DEL ROSARIO,JOHN MILTON RODRÍGUEZ,56
05,BOLIVAR,006,ALTOS DEL ROSARIO,LUIS PÉREZ,7
05,BOLIVAR,006,ALTOS DEL ROSARIO,RODOLFO HERNÁNDEZ,752
05,BOLIVAR,006,ALTOS DEL ROSARIO,SERGIO FAJARDO,54
05,BOLIVAR,006,ALTOS DEL ROSARIO,VOTOS EN BLANCO,27
05,BOLIVAR,006,ALTOS DEL ROSARIO,VOTOS NO MARCADOS,6
05,BOLIVAR,006,ALTOS DEL ROSARIO,VOTOS NULOS,16
05,BOLIVAR,007,ARJONA,ENRIQUE GÓMEZ MARTÍNEZ,43
05,BOLIVAR,007,ARJONA,FEDERICO GUTIÉRREZ,5844
05,BOLIVAR,007,ARJONA,GUSTAVO PETRO,13027
05,BOLIVAR,007,ARJONA,INGRID BETANCOURT,14
05,BOLIVAR,007,ARJONA,JOHN MILTON RODRÍGUEZ,814
05,BOLIVAR,007,ARJONA,LUIS PÉREZ,7
05,BOLIVAR,007,ARJONA,RODOLFO HERNÁNDEZ,2993
05,BOLIVAR,007,ARJONA,SERGIO FAJARDO,480
05,BOLIVAR,007,ARJONA,VOTOS EN BLANCO,489
05,BOLIVAR,007,ARJONA,VOTOS NO MARCADOS,57
05,BOLIVAR,007,ARJONA,VOTOS NULOS,298
05,BOLIVAR,009,ARROYO HONDO,ENRIQUE GÓMEZ MARTÍNEZ,10
05,BOLIVAR,009,ARROYO HONDO,FEDERICO GUTIÉRREZ,1901
05,BOLIVAR,009,ARROYO HONDO,GUSTAVO PETRO,814
05,BOLIVAR,009,ARROYO HONDO,INGRID BETANCOURT,5
05,BOLIVAR,009,ARROYO HONDO,JOHN MILTON RODRÍGUEZ,8
05,BOLIVAR,009,ARROYO HONDO,LUIS PÉREZ,2
05,BOLIVAR,009,ARROYO HONDO,RODOLFO HERNÁNDEZ,349
05,BOLIVAR,009,ARROYO HONDO,SERGIO FAJARDO,101
05,BOLIVAR,009,ARROYO HONDO,VOTOS EN BLANCO,37
05,BOLIVAR,009,ARROYO HONDO,VOTOS NO MARCADOS,11
05,BOLIVAR,009,ARROYO HONDO,VOTOS NULOS,29
05,BOLIVAR,010,BARRANCO DE LOBA,ENRIQUE GÓMEZ MARTÍNEZ,13
05,BOLIVAR,010,BARRANCO DE LOBA,FEDERICO GUTIÉRREZ,2169
05,BOLIVAR,010,BARRANCO DE LOBA,GUSTAVO PETRO,1141
05,BOLIVAR,010,BARRANCO DE LOBA,INGRID BETANCOURT,3
05,BOLIVAR,010,BARRANCO DE LOBA,JOHN MILTON RODRÍGUEZ,74
05,BOLIVAR,010,BARRANCO DE LOBA,LUIS PÉREZ,3
05,BOLIVAR,010,BARRANCO DE LOBA,RODOLFO HERNÁNDEZ,1156
05,BOLIVAR,010,BARRANCO DE LOBA,SERGIO FAJARDO,84
05,BOLIVAR,010,BARRANCO DE LOBA,VOTOS EN BLANCO,35
05,BOLIVAR,010,BARRANCO DE LOBA,VOTOS NO MARCADOS,9
05,BOLIVAR,010,BARRANCO DE LOBA,VOTOS NULOS,20
05,BOLIVAR,013,CALAMAR,ENRIQUE GÓMEZ MARTÍNEZ,29
05,BOLIVAR,013,CALAMAR,FEDERICO GUTIÉRREZ,3485
05,BOLIVAR,013,CALAMAR,GUSTAVO PETRO,3091
05,BOLIVAR,013,CALAMAR,INGRID BETANCOURT,8
05,BOLIVAR,013,CALAMAR,JOHN MILTON RODRÍGUEZ,68
05,BOLIVAR,013,CALAMAR,LUIS PÉREZ,5
05,BOLIVAR,013,CALAMAR,RODOLFO HERNÁNDEZ,936
05,BOLIVAR,013,CALAMAR,SERGIO FAJARDO,177
05,BOLIVAR,013,CALAMAR,VOTOS EN BLANCO,127
05,BOLIVAR,013,CALAMAR,VOTOS NO MARCADOS,26
05,BOLIVAR,013,CALAMAR,VOTOS NULOS,85
05,BOLIVAR,014,CANTAGALLO,ENRIQUE GÓMEZ MARTÍNEZ,5
05,BOLIVAR,014,CANTAGALLO,FEDERICO GUTIÉRREZ,454
05,BOLIVAR,014,CANTAGALLO,GUSTAVO PETRO,1808
05,BOLIVAR,014,CANTAGALLO,INGRID BETANCOURT,2
05,BOLIVAR,014,CANTAGALLO,JOHN MILTON RODRÍGUEZ,138
05,BOLIVAR,014,CANTAGALLO,LUIS PÉREZ,1
05,BOLIVAR,014,CANTAGALLO,RODOLFO HERNÁNDEZ,1538
05,BOLIVAR,014,CANTAGALLO,SERGIO FAJARDO,28
05,BOLIVAR,014,CANTAGALLO,VOTOS EN BLANCO,37
05,BOLIVAR,014,CANTAGALLO,VOTOS NO MARCADOS,7
05,BOLIVAR,014,CANTAGALLO,VOTOS NULOS,25
05,BOLIVAR,015,CICUCO,ENRIQUE GÓMEZ MARTÍNEZ,9
05,BOLIVAR,015,CICUCO,FEDERICO GUTIÉRREZ,1825
05,BOLIVAR,015,CICUCO,GUSTAVO PETRO,2300
05,BOLIVAR,015,CICUCO,JOHN MILTON RODRÍGUEZ,38
05,BOLIVAR,015,CICUCO,LUIS PÉREZ,3
05,BOLIVAR,015,CICUCO,RODOLFO HERNÁNDEZ,477
05,BOLIVAR,015,CICUCO,SERGIO FAJARDO,58
05,BOLIVAR,015,CICUCO,VOTOS EN BLANCO,38
05,BOLIVAR,015,CICUCO,VOTOS NO MARCADOS,8
05,BOLIVAR,015,CICUCO,VOTOS NULOS,20
05,BOLIVAR,016,CORDOBA,ENRIQUE GÓMEZ MARTÍNEZ,16
05,BOLIVAR,016,CORDOBA,FEDERICO GUTIÉRREZ,1889
05,BOLIVAR,016,CORDOBA,GUSTAVO PETRO,3639
05,BOLIVAR,016,CORDOBA,INGRID BETANCOURT,6
05,BOLIVAR,016,CORDOBA,JOHN MILTON RODRÍGUEZ,101
05,BOLIVAR,016,CORDOBA,LUIS PÉREZ,1
05,BOLIVAR,016,CORDOBA,RODOLFO HERNÁNDEZ,670
05,BOLIVAR,016,CORDOBA,SERGIO FAJARDO,100
05,BOLIVAR,016,CORDOBA,VOTOS EN BLANCO,70
05,BOLIVAR,016,CORDOBA,VOTOS NO MARCADOS,20
05,BOLIVAR,016,CORDOBA,VOTOS NULOS,25
05,BOLIVAR,018,CLEMENCIA,ENRIQUE GÓMEZ MARTÍNEZ,12
05,BOLIVAR,018,CLEMENCIA,FEDERICO GUTIÉRREZ,1635
05,BOLIVAR,018,CLEMENCIA,GUSTAVO PETRO,2164
05,BOLIVAR,018,CLEMENCIA,INGRID BETANCOURT,5
05,BOLIVAR,018,CLEMENCIA,JOHN MILTON RODRÍGUEZ,28
05,BOLIVAR,018,CLEMENCIA,LUIS PÉREZ,5
05,BOLIVAR,018,CLEMENCIA,RODOLFO HERNÁNDEZ,712
05,BOLIVAR,018,CLEMENCIA,SERGIO FAJARDO,112
05,BOLIVAR,018,CLEMENCIA,VOTOS EN BLANCO,95
05,BOLIVAR,018,CLEMENCIA,VOTOS NO MARCADOS,22
05,BOLIVAR,018,CLEMENCIA,VOTOS NULOS,38
05,BOLIVAR,022,EL CARMEN DE BOLIVAR,ENRIQUE GÓMEZ MARTÍNEZ,69
05,BOLIVAR,022,EL CARMEN DE BOLIVAR,FEDERICO GUTIÉRREZ,9166
05,BOLIVAR,022,EL CARMEN DE BOLIVAR,GUSTAVO PETRO,7399
05,BOLIVAR,022,EL CARMEN DE BOLIVAR,INGRID BETANCOURT,21
05,BOLIVAR,022,EL CARMEN DE BOLIVAR,JOHN MILTON RODRÍGUEZ,214
05,BOLIVAR,022,EL CARMEN DE BOLIVAR,LUIS PÉREZ,11
05,BOLIVAR,022,EL CARMEN DE BOLIVAR,RODOLFO HERNÁNDEZ,3942
05,BOLIVAR,022,EL CARMEN DE BOLIVAR,SERGIO FAJARDO,472
05,BOLIVAR,022,EL CARMEN DE BOLIVAR,VOTOS EN BLANCO,378
05,BOLIVAR,022,EL CARMEN DE BOLIVAR,VOTOS NO MARCADOS,32
05,BOLIVAR,022,EL CARMEN DE BOLIVAR,VOTOS NULOS,270
05,BOLIVAR,025,EL GUAMO,ENRIQUE GÓMEZ MARTÍNEZ,11
05,BOLIVAR,025,EL GUAMO,FEDERICO GUTIÉRREZ,1606
05,BOLIVAR,025,EL GUAMO,GUSTAVO PETRO,1269
05,BOLIVAR,025,EL GUAMO,INGRID BETANCOURT,1
05,BOLIVAR,025,EL GUAMO,JOHN MILTON RODRÍGUEZ,6
05,BOLIVAR,025,EL GUAMO,LUIS PÉREZ,1
05,BOLIVAR,025,EL GUAMO,RODOLFO HERNÁNDEZ,259
05,BOLIVAR,025,EL GUAMO,SERGIO FAJARDO,95
05,BOLIVAR,025,EL GUAMO,VOTOS EN BLANCO,36
05,BOLIVAR,025,EL GUAMO,VOTOS NO MARCADOS,11
05,BOLIVAR,025,EL GUAMO,VOTOS NULOS,17
05,BOLIVAR,026,HATILLO DE LOBA,ENRIQUE GÓMEZ MARTÍNEZ,10
05,BOLIVAR,026,HATILLO DE LOBA,FEDERICO GUTIÉRREZ,2604
05,BOLIVAR,026,HATILLO DE LOBA,GUSTAVO PETRO,1020
05,BOLIVAR,026,HATILLO DE LOBA,INGRID BETANCOURT,5
05,BOLIVAR,026,HATILLO DE LOBA,JOHN MILTON RODRÍGUEZ,64
05,BOLIVAR,026,HATILLO DE LOBA,RODOLFO HERNÁNDEZ,612
05,BOLIVAR,026,HATILLO DE LOBA,SERGIO FAJARDO,76
05,BOLIVAR,026,HATILLO DE LOBA,VOTOS EN BLANCO,24
05,BOLIVAR,026,HATILLO DE LOBA,VOTOS NO MARCADOS,14
05,BOLIVAR,026,HATILLO DE LOBA,VOTOS NULOS,30
05,BOLIVAR,027,EL PEÑON,ENRIQUE GÓMEZ MARTÍNEZ,4
05,BOLIVAR,027,EL PEÑON,FEDERICO GUTIÉRREZ,961
05,BOLIVAR,027,EL PEÑON,GUSTAVO PETRO,856
05,BOLIVAR,027,EL PEÑON,INGRID BETANCOURT,3
05,BOLIVAR,027,EL PEÑON,JOHN MILTON RODRÍGUEZ,41
05,BOLIVAR,027,EL PEÑON,RODOLFO HERNÁNDEZ,466
05,BOLIVAR,027,EL PEÑON,SERGIO FAJARDO,58
05,BOLIVAR,027,EL PEÑON,VOTOS EN BLANCO,17
05,BOLIVAR,027,EL PEÑON,VOTOS NO MARCADOS,2
05,BOLIVAR,027,EL PEÑON,VOTOS NULOS,10
05,BOLIVAR,028,MAGANGUE,ENRIQUE GÓMEZ MARTÍNEZ,105
05,BOLIVAR,028,MAGANGUE,FEDERICO GUTIÉRREZ,12401
05,BOLIVAR,028,MAGANGUE,GUSTAVO PETRO,25525
05,BOLIVAR,028,MAGANGUE,INGRID BETANCOURT,36
05,BOLIVAR,028,MAGANGUE,JOHN MILTON RODRÍGUEZ,905
05,BOLIVAR,028,MAGANGUE,LUIS PÉREZ,15
05,BOLIVAR,028,MAGANGUE,RODOLFO HERNÁNDEZ,4941
05,BOLIVAR,028,MAGANGUE,SERGIO FAJARDO,872
05,BOLIVAR,028,MAGANGUE,VOTOS EN BLANCO,569
05,BOLIVAR,028,MAGANGUE,VOTOS NO MARCADOS,79
05,BOLIVAR,028,MAGANGUE,VOTOS NULOS,387
05,BOLIVAR,031,MAHATES,ENRIQUE GÓMEZ MARTÍNEZ,39
05,BOLIVAR,031,MAHATES,FEDERICO GUTIÉRREZ,3104
05,BOLIVAR,031,MAHATES,GUSTAVO PETRO,3382
05,BOLIVAR,031,MAHATES,INGRID BETANCOURT,10
05,BOLIVAR,031,MAHATES,JOHN MILTON RODRÍGUEZ,87
05,BOLIVAR,031,MAHATES,LUIS PÉREZ,9
05,BOLIVAR,031,MAHATES,RODOLFO HERNÁNDEZ,1120
05,BOLIVAR,031,MAHATES,SERGIO FAJARDO,209
05,BOLIVAR,031,MAHATES,VOTOS EN BLANCO,153
05,BOLIVAR,031,MAHATES,VOTOS NO MARCADOS,28
05,BOLIVAR,031,MAHATES,VOTOS NULOS,69
05,BOLIVAR,037,MARGARITA,ENRIQUE GÓMEZ MARTÍNEZ,5
05,BOLIVAR,037,MARGARITA,FEDERICO GUTIÉRREZ,1990
05,BOLIVAR,037,MARGARITA,GUSTAVO PETRO,1097
05,BOLIVAR,037,MARGARITA,INGRID BETANCOURT,2
05,BOLIVAR,037,MARGARITA,JOHN MILTON RODRÍGUEZ,44
05,BOLIVAR,037,MARGARITA,LUIS PÉREZ,3
05,BOLIVAR,037,MARGARITA,RODOLFO HERNÁNDEZ,699
05,BOLIVAR,037,MARGARITA,SERGIO FAJARDO,64
05,BOLIVAR,037,MARGARITA,VOTOS EN BLANCO,29
05,BOLIVAR,037,MARGARITA,VOTOS NO MARCADOS,4
05,BOLIVAR,037,MARGARITA,VOTOS NULOS,21
05,BOLIVAR,040,MARIA LA BAJA,ENRIQUE GÓMEZ MARTÍNEZ,56
05,BOLIVAR,040,MARIA LA BAJA,FEDERICO GUTIÉRREZ,4929
05,BOLIVAR,040,MARIA LA BAJA,GUSTAVO PETRO,8765
05,BOLIVAR,040,MARIA LA BAJA,INGRID BETANCOURT,12
05,BOLIVAR,040,MARIA LA BAJA,JOHN MILTON RODRÍGUEZ,182
05,BOLIVAR,040,MARIA LA BAJA,LUIS PÉREZ,14
05,BOLIVAR,040,MARIA LA BAJA,RODOLFO HERNÁNDEZ,1101
05,BOLIVAR,040,MARIA LA BAJA,SERGIO FAJARDO,346
05,BOLIVAR,040,MARIA LA BAJA,VOTOS EN BLANCO,229
05,BOLIVAR,040,MARIA LA BAJA,VOTOS NO MARCADOS,53
05,BOLIVAR,040,MARIA LA BAJA,VOTOS NULOS,177
05,BOLIVAR,041,MONTECRISTO,ENRIQUE GÓMEZ MARTÍNEZ,10
05,BOLIVAR,041,MONTECRISTO,FEDERICO GUTIÉRREZ,923
05,BOLIVAR,041,MONTECRISTO,GUSTAVO PETRO,1355
05,BOLIVAR,041,MONTECRISTO,INGRID BETANCOURT,1
05,BOLIVAR,041,MONTECRISTO,JOHN MILTON RODRÍGUEZ,103
05,BOLIVAR,041,MONTECRISTO,LUIS PÉREZ,3
05,BOLIVAR,041,MONTECRISTO,RODOLFO HERNÁNDEZ,666
05,BOLIVAR,041,MONTECRISTO,SERGIO FAJARDO,53
05,BOLIVAR,041,MONTECRISTO,VOTOS EN BLANCO,28
05,BOLIVAR,041,MONTECRISTO,VOTOS NO MARCADOS,4
05,BOLIVAR,041,MONTECRISTO,VOTOS NULOS,28
05,BOLIVAR,043,MOMPOS,ENRIQUE GÓMEZ MARTÍNEZ,34
05,BOLIVAR,043,MOMPOS,FEDERICO GUTIÉRREZ,6044
05,BOLIVAR,043,MOMPOS,GUSTAVO PETRO,6860
05,BOLIVAR,043,MOMPOS,INGRID BETANCOURT,9
05,BOLIVAR,043,MOMPOS,JOHN MILTON RODRÍGUEZ,260
05,BOLIVAR,043,MOMPOS,RODOLFO HERNÁNDEZ,1745
05,BOLIVAR,043,MOMPOS,SERGIO FAJARDO,297
05,BOLIVAR,043,MOMPOS,VOTOS EN BLANCO,179
05,BOLIVAR,043,MOMPOS,VOTOS NO MARCADOS,39
05,BOLIVAR,043,MOMPOS,VOTOS NULOS,131
05,BOLIVAR,044,MORALES,ENRIQUE GÓMEZ MARTÍNEZ,20
05,BOLIVAR,044,MORALES,FEDERICO GUTIÉRREZ,1294
05,BOLIVAR,044,MORALES,GUSTAVO PETRO,1400
05,BOLIVAR,044,MORALES,INGRID BETANCOURT,3
05,BOLIVAR,044,MORALES,JOHN MILTON RODRÍGUEZ,529
05,BOLIVAR,044,MORALES,LUIS PÉREZ,4
05,BOLIVAR,044,MORALES,RODOLFO HERNÁNDEZ,2507
05,BOLIVAR,044,MORALES,SERGIO FAJARDO,70
05,BOLIVAR,044,MORALES,VOTOS EN BLANCO,56
05,BOLIVAR,044,MORALES,VOTOS NO MARCADOS,17
05,BOLIVAR,044,MORALES,VOTOS NULOS,41
05,BOLIVAR,050,NOROSI,ENRIQUE GÓMEZ MARTÍNEZ,7
05,BOLIVAR,050,NOROSI,FEDERICO GUTIÉRREZ,146
05,BOLIVAR,050,NOROSI,GUSTAVO PETRO,807
05,BOLIVAR,050,NOROSI,INGRID BETANCOURT,1
05,BOLIVAR,050,NOROSI,JOHN MILTON RODRÍGUEZ,27
05,BOLIVAR,050,NOROSI,LUIS PÉREZ,1
05,BOLIVAR,050,NOROSI,RODOLFO HERNÁNDEZ,440
05,BOLIVAR,050,NOROSI,SERGIO FAJARDO,24
05,BOLIVAR,050,NOROSI,VOTOS EN BLANCO,22
05,BOLIVAR,050,NOROSI,VOTOS NO MARCADOS,4
05,BOLIVAR,050,NOROSI,VOTOS NULOS,14
05,BOLIVAR,059,PINILLOS,ENRIQUE GÓMEZ MARTÍNEZ,15
05,BOLIVAR,059,PINILLOS,FEDERICO GUTIÉRREZ,4566
05,BOLIVAR,059,PINILLOS,GUSTAVO PETRO,1780
05,BOLIVAR,059,PINILLOS,INGRID BETANCOURT,3
05,BOLIVAR,059,PINILLOS,JOHN MILTON RODRÍGUEZ,424
05,BOLIVAR,059,PINILLOS,LUIS PÉREZ,4
05,BOLIVAR,059,PINILLOS,RODOLFO HERNÁNDEZ,640
05,BOLIVAR,059,PINILLOS,SERGIO FAJARDO,98
05,BOLIVAR,059,PINILLOS,VOTOS EN BLANCO,35
05,BOLIVAR,059,PINILLOS,VOTOS NO MARCADOS,12
05,BOLIVAR,059,PINILLOS,VOTOS NULOS,59
05,BOLIVAR,063,REGIDOR,ENRIQUE GÓMEZ MARTÍNEZ,11
05,BOLIVAR,063,REGIDOR,FEDERICO GUTIÉRREZ,452
05,BOLIVAR,063,REGIDOR,GUSTAVO PETRO,1091
05,BOLIVAR,063,REGIDOR,INGRID BETANCOURT,1
05,BOLIVAR,063,REGIDOR,JOHN MILTON RODRÍGUEZ,5
05,BOLIVAR,063,REGIDOR,RODOLFO HERNÁNDEZ,587
05,BOLIVAR,063,REGIDOR,SERGIO FAJARDO,26
05,BOLIVAR,063,REGIDOR,VOTOS EN BLANCO,10
05,BOLIVAR,063,REGIDOR,VOTOS NO MARCADOS,4
05,BOLIVAR,063,REGIDOR,VOTOS NULOS,12
05,BOLIVAR,065,RIOVIEJO,ENRIQUE GÓMEZ MARTÍNEZ,21
05,BOLIVAR,065,RIOVIEJO,FEDERICO GUTIÉRREZ,1015
05,BOLIVAR,065,RIOVIEJO,GUSTAVO PETRO,915
05,BOLIVAR,065,RIOVIEJO,INGRID BETANCOURT,3
05,BOLIVAR,065,RIOVIEJO,JOHN MILTON RODRÍGUEZ,94
05,BOLIVAR,065,RIOVIEJO,RODOLFO HERNÁNDEZ,912
05,BOLIVAR,065,RIOVIEJO,SERGIO FAJARDO,75
05,BOLIVAR,065,RIOVIEJO,VOTOS EN BLANCO,28
05,BOLIVAR,065,RIOVIEJO,VOTOS NO MARCADOS,2
05,BOLIVAR,065,RIOVIEJO,VOTOS NULOS,19
05,BOLIVAR,070,SAN ESTANISLAO,ENRIQUE GÓMEZ MARTÍNEZ,12
05,BOLIVAR,070,SAN ESTANISLAO,FEDERICO GUTIÉRREZ,3967
05,BOLIVAR,070,SAN ESTANISLAO,GUSTAVO PETRO,2552
05,BOLIVAR,070,SAN ESTANISLAO,INGRID BETANCOURT,2
05,BOLIVAR,070,SAN ESTANISLAO,JOHN MILTON RODRÍGUEZ,110
05,BOLIVAR,070,SAN ESTANISLAO,LUIS PÉREZ,1
05,BOLIVAR,070,SAN ESTANISLAO,RODOLFO HERNÁNDEZ,594
05,BOLIVAR,070,SAN ESTANISLAO,SERGIO FAJARDO,145
05,BOLIVAR,070,SAN ESTANISLAO,VOTOS EN BLANCO,146
05,BOLIVAR,070,SAN ESTANISLAO,VOTOS NO MARCADOS,16
05,BOLIVAR,070,SAN ESTANISLAO,VOTOS NULOS,69
05,BOLIVAR,072,SAN CRISTOBAL,ENRIQUE GÓMEZ MARTÍNEZ,4
05,BOLIVAR,072,SAN CRISTOBAL,FEDERICO GUTIÉRREZ,1395
05,BOLIVAR,072,SAN CRISTOBAL,GUSTAVO PETRO,1866
05,BOLIVAR,072,SAN CRISTOBAL,INGRID BETANCOURT,1
05,BOLIVAR,072,SAN CRISTOBAL,JOHN MILTON RODRÍGUEZ,8
05,BOLIVAR,072,SAN CRISTOBAL,RODOLFO HERNÁNDEZ,224
05,BOLIVAR,072,SAN CRISTOBAL,SERGIO FAJARDO,29
05,BOLIVAR,072,SAN CRISTOBAL,VOTOS EN BLANCO,34
05,BOLIVAR,072,SAN CRISTOBAL,VOTOS NO MARCADOS,3
05,BOLIVAR,072,SAN CRISTOBAL,VOTOS NULOS,12
05,BOLIVAR,073,SAN FERNANDO,ENRIQUE GÓMEZ MARTÍNEZ,14
05,BOLIVAR,073,SAN FERNANDO,FEDERICO GUTIÉRREZ,1089
05,BOLIVAR,073,SAN FERNANDO,GUSTAVO PETRO,1595
05,BOLIVAR,073,SAN FERNANDO,INGRID BETANCOURT,4
05,BOLIVAR,073,SAN FERNANDO,JOHN MILTON RODRÍGUEZ,9
05,BOLIVAR,073,SAN FERNANDO,LUIS PÉREZ,1
05,BOLIVAR,073,SAN FERNANDO,RODOLFO HERNÁNDEZ,646
05,BOLIVAR,073,SAN FERNANDO,SERGIO FAJARDO,52
05,BOLIVAR,073,SAN FERNANDO,VOTOS EN BLANCO,20
05,BOLIVAR,073,SAN FERNANDO,VOTOS NO MARCADOS,16
05,BOLIVAR,073,SAN FERNANDO,VOTOS NULOS,13
05,BOLIVAR,076,SAN JACINTO,ENRIQUE GÓMEZ MARTÍNEZ,19
05,BOLIVAR,076,SAN JACINTO,FEDERICO GUTIÉRREZ,3527
05,BOLIVAR,076,SAN JACINTO,GUSTAVO PETRO,4109
05,BOLIVAR,076,SAN JACINTO,INGRID BETANCOURT,8
05,BOLIVAR,076,SAN JACINTO,JOHN MILTON RODRÍGUEZ,108
05,BOLIVAR,076,SAN JACINTO,LUIS PÉREZ,2
05,BOLIVAR,076,SAN JACINTO,RODOLFO HERNÁNDEZ,1195
05,BOLIVAR,076,SAN JACINTO,SERGIO FAJARDO,196
05,BOLIVAR,076,SAN JACINTO,VOTOS EN BLANCO,125
05,BOLIVAR,076,SAN JACINTO,VOTOS NO MARCADOS,21
05,BOLIVAR,076,SAN JACINTO,VOTOS NULOS,80
05,BOLIVAR,078,SAN JACINTO DEL CAUCA,ENRIQUE GÓMEZ MARTÍNEZ,4
05,BOLIVAR,078,SAN JACINTO DEL CAUCA,FEDERICO GUTIÉRREZ,991
05,BOLIVAR,078,SAN JACINTO DEL CAUCA,GUSTAVO PETRO,950
05,BOLIVAR,078,SAN JACINTO DEL CAUCA,INGRID BETANCOURT,2
05,BOLIVAR,078,SAN JACINTO DEL CAUCA,JOHN MILTON RODRÍGUEZ,127
05,BOLIVAR,078,SAN JACINTO DEL CAUCA,LUIS PÉREZ,2
05,BOLIVAR,078,SAN JACINTO DEL CAUCA,RODOLFO HERNÁNDEZ,557
05,BOLIVAR,078,SAN JACINTO DEL CAUCA,SERGIO FAJARDO,61
05,BOLIVAR,078,SAN JACINTO DEL CAUCA,VOTOS EN BLANCO,28
05,BOLIVAR,078,SAN JACINTO DEL CAUCA,VOTOS NO MARCADOS,4
05,BOLIVAR,078,SAN JACINTO DEL CAUCA,VOTOS NULOS,18
05,BOLIVAR,079,SAN JUAN NEPOMUCENO,ENRIQUE GÓMEZ MARTÍNEZ,34
05,BOLIVAR,079,SAN JUAN NEPOMUCENO,FEDERICO GUTIÉRREZ,5001
05,BOLIVAR,079,SAN JUAN NEPOMUCENO,GUSTAVO PETRO,4849
05,BOLIVAR,079,SAN JUAN NEPOMUCENO,INGRID BETANCOURT,3
05,BOLIVAR,079,SAN JUAN NEPOMUCENO,JOHN MILTON RODRÍGUEZ,63
05,BOLIVAR,079,SAN JUAN NEPOMUCENO,LUIS PÉREZ,2
05,BOLIVAR,079,SAN JUAN NEPOMUCENO,RODOLFO HERNÁNDEZ,2718
05,BOLIVAR,079,SAN JUAN NEPOMUCENO,SERGIO FAJARDO,255
05,BOLIVAR,079,SAN JUAN NEPOMUCENO,VOTOS EN BLANCO,210
05,BOLIVAR,079,SAN JUAN NEPOMUCENO,VOTOS NO MARCADOS,32
05,BOLIVAR,079,SAN JUAN NEPOMUCENO,VOTOS NULOS,107
05,BOLIVAR,082,SAN MARTIN DE LOBA,ENRIQUE GÓMEZ MARTÍNEZ,15
05,BOLIVAR,082,SAN MARTIN DE LOBA,FEDERICO GUTIÉRREZ,1373
05,BOLIVAR,082,SAN MARTIN DE LOBA,GUSTAVO PETRO,2036
05,BOLIVAR,082,SAN MARTIN DE LOBA,INGRID BETANCOURT,5
05,BOLIVAR,082,SAN MARTIN DE LOBA,JOHN MILTON RODRÍGUEZ,84
05,BOLIVAR,082,SAN MARTIN DE LOBA,LUIS PÉREZ,3
05,BOLIVAR,082,SAN MARTIN DE LOBA,RODOLFO HERNÁNDEZ,754
05,BOLIVAR,082,SAN MARTIN DE LOBA,SERGIO FAJARDO,105
05,BOLIVAR,082,SAN MARTIN DE LOBA,VOTOS EN BLANCO,42
05,BOLIVAR,082,SAN MARTIN DE LOBA,VOTOS NO MARCADOS,14
05,BOLIVAR,082,SAN MARTIN DE LOBA,VOTOS NULOS,19
05,BOLIVAR,084,SAN PABLO,ENRIQUE GÓMEZ MARTÍNEZ,24
05,BOLIVAR,084,SAN PABLO,FEDERICO GUTIÉRREZ,840
05,BOLIVAR,084,SAN PABLO,GUSTAVO PETRO,3356
05,BOLIVAR,084,SAN PABLO,INGRID BETANCOURT,7
05,BOLIVAR,084,SAN PABLO,JOHN MILTON RODRÍGUEZ,165
05,BOLIVAR,084,SAN PABLO,LUIS PÉREZ,10
05,BOLIVAR,084,SAN PABLO,RODOLFO HERNÁNDEZ,4632
05,BOLIVAR,084,SAN PABLO,SERGIO FAJARDO,74
05,BOLIVAR,084,SAN PABLO,VOTOS EN BLANCO,79
05,BOLIVAR,084,SAN PABLO,VOTOS NO MARCADOS,20
05,BOLIVAR,084,SAN PABLO,VOTOS NULOS,87
05,BOLIVAR,091,SANTA CATALINA,ENRIQUE GÓMEZ MARTÍNEZ,1
05,BOLIVAR,091,SANTA CATALINA,FEDERICO GUTIÉRREZ,1436
05,BOLIVAR,091,SANTA CATALINA,GUSTAVO PETRO,2942
05,BOLIVAR,091,SANTA CATALINA,INGRID BETANCOURT,1
05,BOLIVAR,091,SANTA CATALINA,JOHN MILTON RODRÍGUEZ,35
05,BOLIVAR,091,SANTA CATALINA,LUIS PÉREZ,3
05,BOLIVAR,091,SANTA CATALINA,RODOLFO HERNÁNDEZ,415
05,BOLIVAR,091,SANTA CATALINA,SERGIO FAJARDO,84
05,BOLIVAR,091,SANTA CATALINA,VOTOS EN BLANCO,96
05,BOLIVAR,091,SANTA CATALINA,VOTOS NO MARCADOS,12
05,BOLIVAR,091,SANTA CATALINA,VOTOS NULOS,36
05,BOLIVAR,094,SANTA ROSA,ENRIQUE GÓMEZ MARTÍNEZ,11
05,BOLIVAR,094,SANTA ROSA,FEDERICO GUTIÉRREZ,1399
05,BOLIVAR,094,SANTA ROSA,GUSTAVO PETRO,3758
05,BOLIVAR,094,SANTA ROSA,INGRID BETANCOURT,3
05,BOLIVAR,094,SANTA ROSA,JOHN MILTON RODRÍGUEZ,59
05,BOLIVAR,094,SANTA ROSA,LUIS PÉREZ,4
05,BOLIVAR,094,SANTA ROSA,RODOLFO HERNÁNDEZ,631
05,BOLIVAR,094,SANTA ROSA,SERGIO FAJARDO,127
05,BOLIVAR,094,SANTA ROSA,VOTOS EN BLANCO,110
05,BOLIVAR,094,SANTA ROSA,VOTOS NO MARCADOS,11
05,BOLIVAR,094,SANTA ROSA,VOTOS NULOS,71
05,BOLIVAR,095,SANTA ROSA DEL SUR,ENRIQUE GÓMEZ MARTÍNEZ,25
05,BOLIVAR,095,SANTA ROSA DEL SUR,FEDERICO GUTIÉRREZ,602
05,BOLIVAR,095,SANTA ROSA DEL SUR,GUSTAVO PETRO,1992
05,BOLIVAR,095,SANTA ROSA DEL SUR,INGRID BETANCOURT,7
05,BOLIVAR,095,SANTA ROSA DEL SUR,JOHN MILTON RODRÍGUEZ,133
05,BOLIVAR,095,SANTA ROSA DEL SUR,LUIS PÉREZ,2
05,BOLIVAR,095,SANTA ROSA DEL SUR,RODOLFO HERNÁNDEZ,10327
05,BOLIVAR,095,SANTA ROSA DEL SUR,SERGIO FAJARDO,82
05,BOLIVAR,095,SANTA ROSA DEL SUR,VOTOS EN BLANCO,122
05,BOLIVAR,095,SANTA ROSA DEL SUR,VOTOS NO MARCADOS,14
05,BOLIVAR,095,SANTA ROSA DEL SUR,VOTOS NULOS,96
05,BOLIVAR,097,SIMITI,ENRIQUE GÓMEZ MARTÍNEZ,11
05,BOLIVAR,097,SIMITI,FEDERICO GUTIÉRREZ,904
05,BOLIVAR,097,SIMITI,GUSTAVO PETRO,1580
05,BOLIVAR,097,SIMITI,INGRID BETANCOURT,4
05,BOLIVAR,097,SIMITI,JOHN MILTON RODRÍGUEZ,237
05,BOLIVAR,097,SIMITI,LUIS PÉREZ,3
05,BOLIVAR,097,SIMITI,RODOLFO HERNÁNDEZ,3451
05,BOLIVAR,097,SIMITI,SERGIO FAJARDO,71
05,BOLIVAR,097,SIMITI,VOTOS EN BLANCO,57
05,BOLIVAR,097,SIMITI,VOTOS NO MARCADOS,11
05,BOLIVAR,097,SIMITI,VOTOS NULOS,29
05,BOLIVAR,106,SOPLAVIENTO,ENRIQUE GÓMEZ MARTÍNEZ,8
05,BOLIVAR,106,SOPLAVIENTO,FEDERICO GUTIÉRREZ,1018
05,BOLIVAR,106,SOPLAVIENTO,GUSTAVO PETRO,2953
05,BOLIVAR,106,SOPLAVIENTO,INGRID BETANCOURT,3
05,BOLIVAR,106,SOPLAVIENTO,JOHN MILTON RODRÍGUEZ,28
05,BOLIVAR,106,SOPLAVIENTO,LUIS PÉREZ,1
05,BOLIVAR,106,SOPLAVIENTO,RODOLFO HERNÁNDEZ,241
05,BOLIVAR,106,SOPLAVIENTO,SERGIO FAJARDO,49
05,BOLIVAR,106,SOPLAVIENTO,VOTOS EN BLANCO,68
05,BOLIVAR,106,SOPLAVIENTO,VOTOS NO MARCADOS,12
05,BOLIVAR,106,SOPLAVIENTO,VOTOS NULOS,23
05,BOLIVAR,110,TALAIGUA NUEVO,ENRIQUE GÓMEZ MARTÍNEZ,8
05,BOLIVAR,110,TALAIGUA NUEVO,FEDERICO GUTIÉRREZ,2055
05,BOLIVAR,110,TALAIGUA NUEVO,GUSTAVO PETRO,1720
05,BOLIVAR,110,TALAIGUA NUEVO,JOHN MILTON RODRÍGUEZ,122
05,BOLIVAR,110,TALAIGUA NUEVO,LUIS PÉREZ,2
05,BOLIVAR,110,TALAIGUA NUEVO,RODOLFO HERNÁNDEZ,599
05,BOLIVAR,110,TALAIGUA NUEVO,SERGIO FAJARDO,108
05,BOLIVAR,110,TALAIGUA NUEVO,VOTOS EN BLANCO,41
05,BOLIVAR,110,TALAIGUA NUEVO,VOTOS NO MARCADOS,5
05,BOLIVAR,110,TALAIGUA NUEVO,VOTOS NULOS,13
05,BOLIVAR,113,TIQUISIO (PTO. RICO),ENRIQUE GÓMEZ MARTÍNEZ,12
05,BOLIVAR,113,TIQUISIO (PTO. RICO),FEDERICO GUTIÉRREZ,1098
05,BOLIVAR,113,TIQUISIO (PTO. RICO),GUSTAVO PETRO,1630
05,BOLIVAR,113,TIQUISIO (PTO. RICO),INGRID BETANCOURT,2
05,BOLIVAR,113,TIQUISIO (PTO. RICO),JOHN MILTON RODRÍGUEZ,125
05,BOLIVAR,113,TIQUISIO (PTO. RICO),LUIS PÉREZ,5
05,BOLIVAR,113,TIQUISIO (PTO. RICO),RODOLFO HERNÁNDEZ,1233
05,BOLIVAR,113,TIQUISIO (PTO. RICO),SERGIO FAJARDO,89
05,BOLIVAR,113,TIQUISIO (PTO. RICO),VOTOS EN BLANCO,62
05,BOLIVAR,113,TIQUISIO (PTO. RICO),VOTOS NO MARCADOS,6
05,BOLIVAR,113,TIQUISIO (PTO. RICO),VOTOS NULOS,29
05,BOLIVAR,118,TURBACO,ENRIQUE GÓMEZ MARTÍNEZ,53
05,BOLIVAR,118,TURBACO,FEDERICO GUTIÉRREZ,6895
05,BOLIVAR,118,TURBACO,GUSTAVO PETRO,17115
05,BOLIVAR,118,TURBACO,INGRID BETANCOURT,17
05,BOLIVAR,118,TURBACO,JOHN MILTON RODRÍGUEZ,457
05,BOLIVAR,118,TURBACO,LUIS PÉREZ,14
05,BOLIVAR,118,TURBACO,RODOLFO HERNÁNDEZ,4863
05,BOLIVAR,118,TURBACO,SERGIO FAJARDO,846
05,BOLIVAR,118,TURBACO,VOTOS EN BLANCO,607
05,BOLIVAR,118,TURBACO,VOTOS NO MARCADOS,41
05,BOLIVAR,118,TURBACO,VOTOS NULOS,197
05,BOLIVAR,121,TURBANA,ENRIQUE GÓMEZ MARTÍNEZ,12
05,BOLIVAR,121,TURBANA,FEDERICO GUTIÉRREZ,1755
05,BOLIVAR,121,TURBANA,GUSTAVO PETRO,4157
05,BOLIVAR,121,TURBANA,INGRID BETANCOURT,2
05,BOLIVAR,121,TURBANA,JOHN MILTON RODRÍGUEZ,113
05,BOLIVAR,121,TURBANA,LUIS PÉREZ,2
05,BOLIVAR,121,TURBANA,RODOLFO HERNÁNDEZ,820
05,BOLIVAR,121,TURBANA,SERGIO FAJARDO,153
05,BOLIVAR,121,TURBANA,VOTOS EN BLANCO,146
05,BOLIVAR,121,TURBANA,VOTOS NO MARCADOS,13
05,BOLIVAR,121,TURBANA,VOTOS NULOS,47
05,BOLIVAR,124,VILLANUEVA,ENRIQUE GÓMEZ MARTÍNEZ,15
05,BOLIVAR,124,VILLANUEVA,FEDERICO GUTIÉRREZ,3636
05,BOLIVAR,124,VILLANUEVA,GUSTAVO PETRO,2543
05,BOLIVAR,124,VILLANUEVA,INGRID BETANCOURT,5
05,BOLIVAR,124,VILLANUEVA,JOHN MILTON RODRÍGUEZ,38
05,BOLIVAR,124,VILLANUEVA,LUIS PÉREZ,5
05,BOLIVAR,124,VILLANUEVA,RODOLFO HERNÁNDEZ,679
05,BOLIVAR,124,VILLANUEVA,SERGIO FAJARDO,134
05,BOLIVAR,124,VILLANUEVA,VOTOS EN BLANCO,137
05,BOLIVAR,124,VILLANUEVA,VOTOS NO MARCADOS,25
05,BOLIVAR,124,VILLANUEVA,VOTOS NULOS,106
05,BOLIVAR,127,ZAMBRANO,ENRIQUE GÓMEZ MARTÍNEZ,5
05,BOLIVAR,127,ZAMBRANO,FEDERICO GUTIÉRREZ,950
05,BOLIVAR,127,ZAMBRANO,GUSTAVO PETRO,3298
05,BOLIVAR,127,ZAMBRANO,INGRID BETANCOURT,1
05,BOLIVAR,127,ZAMBRANO,JOHN MILTON RODRÍGUEZ,11
05,BOLIVAR,127,ZAMBRANO,RODOLFO HERNÁNDEZ,236
05,BOLIVAR,127,ZAMBRANO,SERGIO FAJARDO,34
05,BOLIVAR,127,ZAMBRANO,VOTOS EN BLANCO,74
05,BOLIVAR,127,ZAMBRANO,VOTOS NO MARCADOS,11
05,BOLIVAR,127,ZAMBRANO,VOTOS NULOS,47
07,BOYACA,001,TUNJA,ENRIQUE GÓMEZ MARTÍNEZ,394
07,BOYACA,001,TUNJA,FEDERICO GUTIÉRREZ,10915
07,BOYACA,001,TUNJA,GUSTAVO PETRO,41993
07,BOYACA,001,TUNJA,INGRID BETANCOURT,61
07,BOYACA,001,TUNJA,JOHN MILTON RODRÍGUEZ,1024
07,BOYACA,001,TUNJA,LUIS PÉREZ,34
07,BOYACA,001,TUNJA,RODOLFO HERNÁNDEZ,30667
07,BOYACA,001,TUNJA,SERGIO FAJARDO,5495
07,BOYACA,001,TUNJA,VOTOS EN BLANCO,1488
07,BOYACA,001,TUNJA,VOTOS NO MARCADOS,44
07,BOYACA,001,TUNJA,VOTOS NULOS,917
07,BOYACA,007,ALMEIDA,ENRIQUE GÓMEZ MARTÍNEZ,1
07,BOYACA,007,ALMEIDA,FEDERICO GUTIÉRREZ,111
07,BOYACA,007,ALMEIDA,GUSTAVO PETRO,204
07,BOYACA,007,ALMEIDA,JOHN MILTON RODRÍGUEZ,2
07,BOYACA,007,ALMEIDA,LUIS PÉREZ,1
07,BOYACA,007,ALMEIDA,RODOLFO HERNÁNDEZ,602
07,BOYACA,007,ALMEIDA,SERGIO FAJARDO,56
07,BOYACA,007,ALMEIDA,VOTOS EN BLANCO,10
07,BOYACA,007,ALMEIDA,VOTOS NO MARCADOS,6
07,BOYACA,007,ALMEIDA,VOTOS NULOS,17
07,BOYACA,008,AQUITANIA (PUEBLOVIEJO),ENRIQUE GÓMEZ MARTÍNEZ,43
07,BOYACA,008,AQUITANIA (PUEBLOVIEJO),FEDERICO GUTIÉRREZ,536
07,BOYACA,008,AQUITANIA (PUEBLOVIEJO),GUSTAVO PETRO,1122
07,BOYACA,008,AQUITANIA (PUEBLOVIEJO),INGRID BETANCOURT,5
07,BOYACA,008,AQUITANIA (PUEBLOVIEJO),JOHN MILTON RODRÍGUEZ,14
07,BOYACA,008,AQUITANIA (PUEBLOVIEJO),LUIS PÉREZ,4
07,BOYACA,008,AQUITANIA (PUEBLOVIEJO),RODOLFO HERNÁNDEZ,5583
07,BOYACA,008,AQUITANIA (PUEBLOVIEJO),SERGIO FAJARDO,176
07,BOYACA,008,AQUITANIA (PUEBLOVIEJO),VOTOS EN BLANCO,81
07,BOYACA,008,AQUITANIA (PUEBLOVIEJO),VOTOS NO MARCADOS,11
07,BOYACA,008,AQUITANIA (PUEBLOVIEJO),VOTOS NULOS,77
07,BOYACA,010,ARCABUCO,ENRIQUE GÓMEZ MARTÍNEZ,19
07,BOYACA,010,ARCABUCO,FEDERICO GUTIÉRREZ,168
07,BOYACA,010,ARCABUCO,GUSTAVO PETRO,811
07,BOYACA,010,ARCABUCO,INGRID BETANCOURT,2
07,BOYACA,010,ARCABUCO,JOHN MILTON RODRÍGUEZ,11
07,BOYACA,010,ARCABUCO,LUIS PÉREZ,1
07,BOYACA,010,ARCABUCO,RODOLFO HERNÁNDEZ,2191
07,BOYACA,010,ARCABUCO,SERGIO FAJARDO,47
07,BOYACA,010,ARCABUCO,VOTOS EN BLANCO,37
07,BOYACA,010,ARCABUCO,VOTOS NO MARCADOS,6
07,BOYACA,010,ARCABUCO,VOTOS NULOS,36
07,BOYACA,013,BELEN,ENRIQUE GÓMEZ MARTÍNEZ,10
07,BOYACA,013,BELEN,FEDERICO GUTIÉRREZ,437
07,BOYACA,013,BELEN,GUSTAVO PETRO,1122
07,BOYACA,013,BELEN,INGRID BETANCOURT,2
07,BOYACA,013,BELEN,JOHN MILTON RODRÍGUEZ,32
07,BOYACA,013,BELEN,LUIS PÉREZ,2
07,BOYACA,013,BELEN,RODOLFO HERNÁNDEZ,2495
07,BOYACA,013,BELEN,SERGIO FAJARDO,135
07,BOYACA,013,BELEN,VOTOS EN BLANCO,63
07,BOYACA,013,BELEN,VOTOS NO MARCADOS,7
07,BOYACA,013,BELEN,VOTOS NULOS,37
07,BOYACA,016,BERBEO,ENRIQUE GÓMEZ MARTÍNEZ,1
07,BOYACA,016,BERBEO,FEDERICO GUTIÉRREZ,66
07,BOYACA,016,BERBEO,GUSTAVO PETRO,299
07,BOYACA,016,BERBEO,INGRID BETANCOURT,1
07,BOYACA,016,BERBEO,JOHN MILTON RODRÍGUEZ,2
07,BOYACA,016,BERBEO,RODOLFO HERNÁNDEZ,415
07,BOYACA,016,BERBEO,SERGIO FAJARDO,29
07,BOYACA,016,BERBEO,VOTOS EN BLANCO,23
07,BOYACA,016,BERBEO,VOTOS NO MARCADOS,3
07,BOYACA,016,BERBEO,VOTOS NULOS,8
07,BOYACA,019,BETEITIVA,ENRIQUE GÓMEZ MARTÍNEZ,2
07,BOYACA,019,BETEITIVA,FEDERICO GUTIÉRREZ,168
07,BOYACA,019,BETEITIVA,GUSTAVO PETRO,344
07,BOYACA,019,BETEITIVA,JOHN MILTON RODRÍGUEZ,1
07,BOYACA,019,BETEITIVA,RODOLFO HERNÁNDEZ,460
07,BOYACA,019,BETEITIVA,SERGIO FAJARDO,38
07,BOYACA,019,BETEITIVA,VOTOS EN BLANCO,13
07,BOYACA,019,BETEITIVA,VOTOS NO MARCADOS,2
07,BOYACA,019,BETEITIVA,VOTOS NULOS,8
07,BOYACA,022,BOAVITA,ENRIQUE GÓMEZ MARTÍNEZ,7
07,BOYACA,022,BOAVITA,FEDERICO GUTIÉRREZ,447
07,BOYACA,022,BOAVITA,GUSTAVO PETRO,479
07,BOYACA,022,BOAVITA,INGRID BETANCOURT,1
07,BOYACA,022,BOAVITA,JOHN MILTON RODRÍGUEZ,3
07,BOYACA,022,BOAVITA,LUIS PÉREZ,2
07,BOYACA,022,BOAVITA,RODOLFO HERNÁNDEZ,1623
07,BOYACA,022,BOAVITA,SERGIO FAJARDO,104
07,BOYACA,022,BOAVITA,VOTOS EN BLANCO,14
07,BOYACA,022,BOAVITA,VOTOS NO MARCADOS,2
07,BOYACA,022,BOAVITA,VOTOS NULOS,18
07,BOYACA,025,BOYACA,ENRIQUE GÓMEZ MARTÍNEZ,6
07,BOYACA,025,BOYACA,FEDERICO GUTIÉRREZ,156
07,BOYACA,025,BOYACA,GUSTAVO PETRO,560
07,BOYACA,025,BOYACA,INGRID BETANCOURT,1
07,BOYACA,025,BOYACA,JOHN MILTON RODRÍGUEZ,12
07,BOYACA,025,BOYACA,RODOLFO HERNÁNDEZ,1536
07,BOYACA,025,BOYACA,SERGIO FAJARDO,46
07,BOYACA,025,BOYACA,VOTOS EN BLANCO,27
07,BOYACA,025,BOYACA,VOTOS NO MARCADOS,5
07,BOYACA,025,BOYACA,VOTOS NULOS,17
07,BOYACA,028,BRICEÑO,ENRIQUE GÓMEZ MARTÍNEZ,3
07,BOYACA,028,BRICEÑO,FEDERICO GUTIÉRREZ,138
07,BOYACA,028,BRICEÑO,GUSTAVO PETRO,162
07,BOYACA,028,BRICEÑO,JOHN MILTON RODRÍGUEZ,7
07,BOYACA,028,BRICEÑO,RODOLFO HERNÁNDEZ,1117
07,BOYACA,028,BRICEÑO,SERGIO FAJARDO,22
07,BOYACA,028,BRICEÑO,VOTOS EN BLANCO,6
07,BOYACA,028,BRICEÑO,VOTOS NO MARCADOS,5
07,BOYACA,028,BRICEÑO,VOTOS NULOS,3
07,BOYACA,031,BUENAVISTA,ENRIQUE GÓMEZ MARTÍNEZ,5
07,BOYACA,031,BUENAVISTA,FEDERICO GUTIÉRREZ,214
07,BOYACA,031,BUENAVISTA,GUSTAVO PETRO,416
07,BOYACA,031,BUENAVISTA,INGRID BETANCOURT,4
07,BOYACA,031,BUENAVISTA,JOHN MILTON RODRÍGUEZ,24
07,BOYACA,031,BUENAVISTA,RODOLFO HERNÁNDEZ,2107
07,BOYACA,031,BUENAVISTA,SERGIO FAJARDO,29
07,BOYACA,031,BUENAVISTA,VOTOS EN BLANCO,19
07,BOYACA,031,BUENAVISTA,VOTOS NO MARCADOS,9
07,BOYACA,031,BUENAVISTA,VOTOS NULOS,24
07,BOYACA,034,BUSBANZA,ENRIQUE GÓMEZ MARTÍNEZ,1
07,BOYACA,034,BUSBANZA,FEDERICO GUTIÉRREZ,82
07,BOYACA,034,BUSBANZA,GUSTAVO PETRO,158
07,BOYACA,034,BUSBANZA,INGRID BETANCOURT,1
07,BOYACA,034,BUSBANZA,JOHN MILTON RODRÍGUEZ,4
07,BOYACA,034,BUSBANZA,RODOLFO HERNÁNDEZ,370
07,BOYACA,034,BUSBANZA,SERGIO FAJARDO,30
07,BOYACA,034,BUSBANZA,VOTOS EN BLANCO,6
07,BOYACA,034,BUSBANZA,VOTOS NULOS,6
07,BOYACA,037,CALDAS,ENRIQUE GÓMEZ MARTÍNEZ,4
07,BOYACA,037,CALDAS,FEDERICO GUTIÉRREZ,194
07,BOYACA,037,CALDAS,GUSTAVO PETRO,362
07,BOYACA,037,CALDAS,JOHN MILTON RODRÍGUEZ,5
07,BOYACA,037,CALDAS,RODOLFO HERNÁNDEZ,1121
07,BOYACA,037,CALDAS,SERGIO FAJARDO,45
07,BOYACA,037,CALDAS,VOTOS EN BLANCO,13
07,BOYACA,037,CALDAS,VOTOS NO MARCADOS,4
07,BOYACA,037,CALDAS,VOTOS NULOS,16
07,BOYACA,040,CAMPOHERMOSO,ENRIQUE GÓMEZ MARTÍNEZ,1
07,BOYACA,040,CAMPOHERMOSO,FEDERICO GUTIÉRREZ,148
07,BOYACA,040,CAMPOHERMOSO,GUSTAVO PETRO,170
07,BOYACA,040,CAMPOHERMOSO,JOHN MILTON RODRÍGUEZ,2
07,BOYACA,040,CAMPOHERMOSO,LUIS PÉREZ,2
07,BOYACA,040,CAMPOHERMOSO,RODOLFO HERNÁNDEZ,1012
07,BOYACA,040,CAMPOHERMOSO,SERGIO FAJARDO,26
07,BOYACA,040,CAMPOHERMOSO,VOTOS EN BLANCO,13
07,BOYACA,040,CAMPOHERMOSO,VOTOS NO MARCADOS,1
07,BOYACA,040,CAMPOHERMOSO,VOTOS NULOS,8
07,BOYACA,043,CERINZA,ENRIQUE GÓMEZ MARTÍNEZ,9
07,BOYACA,043,CERINZA,FEDERICO GUTIÉRREZ,181
07,BOYACA,043,CERINZA,GUSTAVO PETRO,740
07,BOYACA,043,CERINZA,INGRID BETANCOURT,4
07,BOYACA,043,CERINZA,JOHN MILTON RODRÍGUEZ,4
07,BOYACA,043,CERINZA,RODOLFO HERNÁNDEZ,1197
07,BOYACA,043,CERINZA,SERGIO FAJARDO,82
07,BOYACA,043,CERINZA,VOTOS EN BLANCO,34
07,BOYACA,043,CERINZA,VOTOS NO MARCADOS,1
07,BOYACA,043,CERINZA,VOTOS NULOS,22
07,BOYACA,046,CIENEGA,ENRIQUE GÓMEZ MARTÍNEZ,9
07,BOYACA,046,CIENEGA,FEDERICO GUTIÉRREZ,168
07,BOYACA,046,CIENEGA,GUSTAVO PETRO,297
07,BOYACA,046,CIENEGA,INGRID BETANCOURT,7
07,BOYACA,046,CIENEGA,JOHN MILTON RODRÍGUEZ,6
07,BOYACA,046,CIENEGA,LUIS PÉREZ,1
07,BOYACA,046,CIENEGA,RODOLFO HERNÁNDEZ,1731
07,BOYACA,046,CIENEGA,SERGIO FAJARDO,66
07,BOYACA,046,CIENEGA,VOTOS EN BLANCO,25
07,BOYACA,046,CIENEGA,VOTOS NO MARCADOS,6
07,BOYACA,046,CIENEGA,VOTOS NULOS,12
07,BOYACA,049,COMBITA,ENRIQUE GÓMEZ MARTÍNEZ,19
07,BOYACA,049,COMBITA,FEDERICO GUTIÉRREZ,401
07,BOYACA,049,COMBITA,GUSTAVO PETRO,1844
07,BOYACA,049,COMBITA,INGRID BETANCOURT,4
07,BOYACA,049,COMBITA,JOHN MILTON RODRÍGUEZ,34
07,BOYACA,049,COMBITA,LUIS PÉREZ,1
07,BOYACA,049,COMBITA,RODOLFO HERNÁNDEZ,3222
07,BOYACA,049,COMBITA,SERGIO FAJARDO,194
07,BOYACA,049,COMBITA,VOTOS EN BLANCO,76
07,BOYACA,049,COMBITA,VOTOS NO MARCADOS,6
07,BOYACA,049,COMBITA,VOTOS NULOS,56
07,BOYACA,052,COPER,ENRIQUE GÓMEZ MARTÍNEZ,1
07,BOYACA,052,COPER,FEDERICO GUTIÉRREZ,178
07,BOYACA,052,COPER,GUSTAVO PETRO,173
07,BOYACA,052,COPER,INGRID BETANCOURT,1
07,BOYACA,052,COPER,JOHN MILTON RODRÍGUEZ,29
07,BOYACA,052,COPER,LUIS PÉREZ,1
07,BOYACA,052,COPER,RODOLFO HERNÁNDEZ,1351
07,BOYACA,052,COPER,SERGIO FAJARDO,10
07,BOYACA,052,COPER,VOTOS EN BLANCO,13
07,BOYACA,052,COPER,VOTOS NO MARCADOS,4
07,BOYACA,052,COPER,VOTOS NULOS,9
07,BOYACA,055,CORRALES,ENRIQUE GÓMEZ MARTÍNEZ,6
07,BOYACA,055,CORRALES,FEDERICO GUTIÉRREZ,155
07,BOYACA,055,CORRALES,GUSTAVO PETRO,482
07,BOYACA,055,CORRALES,INGRID BETANCOURT,3
07,BOYACA,055,CORRALES,JOHN MILTON RODRÍGUEZ,11
07,BOYACA,055,CORRALES,LUIS PÉREZ,1
07,BOYACA,055,CORRALES,RODOLFO HERNÁNDEZ,837
07,BOYACA,055,CORRALES,SERGIO FAJARDO,44
07,BOYACA,055,CORRALES,VOTOS EN BLANCO,14
07,BOYACA,055,CORRALES,VOTOS NO MARCADOS,1
07,BOYACA,055,CORRALES,VOTOS NULOS,17
07,BOYACA,058,COVARACHIA,ENRIQUE GÓMEZ MARTÍNEZ,5
07,BOYACA,058,COVARACHIA,FEDERICO GUTIÉRREZ,184
07,BOYACA,058,COVARACHIA,GUSTAVO PETRO,110
07,BOYACA,058,COVARACHIA,INGRID BETANCOURT,1
07,BOYACA,058,COVARACHIA,JOHN MILTON RODRÍGUEZ,1
07,BOYACA,058,COVARACHIA,RODOLFO HERNÁNDEZ,1264
07,BOYACA,058,COVARACHIA,SERGIO FAJARDO,29
07,BOYACA,058,COVARACHIA,VOTOS EN BLANCO,7
07,BOYACA,058,COVARACHIA,VOTOS NO MARCADOS,5
07,BOYACA,058,COVARACHIA,VOTOS NULOS,5
07,BOYACA,059,CUBARA,ENRIQUE GÓMEZ MARTÍNEZ,8
07,BOYACA,059,CUBARA,FEDERICO GUTIÉRREZ,138
07,BOYACA,059,CUBARA,GUSTAVO PETRO,1172
07,BOYACA,059,CUBARA,INGRID BETANCOURT,5
07,BOYACA,059,CUBARA,JOHN MILTON RODRÍGUEZ,55
07,BOYACA,059,CUBARA,LUIS PÉREZ,2
07,BOYACA,059,CUBARA,RODOLFO HERNÁNDEZ,1237
07,BOYACA,059,CUBARA,SERGIO FAJARDO,37
07,BOYACA,059,CUBARA,VOTOS EN BLANCO,38
07,BOYACA,059,CUBARA,VOTOS NO MARCADOS,13
07,BOYACA,059,CUBARA,VOTOS NULOS,44
07,BOYACA,060,CUCAITA,ENRIQUE GÓMEZ MARTÍNEZ,9
07,BOYACA,060,CUCAITA,FEDERICO GUTIÉRREZ,74
07,BOYACA,060,CUCAITA,GUSTAVO PETRO,811
07,BOYACA,060,CUCAITA,INGRID BETANCOURT,1
07,BOYACA,060,CUCAITA,JOHN MILTON RODRÍGUEZ,4
07,BOYACA,060,CUCAITA,LUIS PÉREZ,1
07,BOYACA,060,CUCAITA,RODOLFO HERNÁNDEZ,1191
07,BOYACA,060,CUCAITA,SERGIO FAJARDO,48
07,BOYACA,060,CUCAITA,VOTOS EN BLANCO,20
07,BOYACA,060,CUCAITA,VOTOS NO MARCADOS,1
07,BOYACA,060,CUCAITA,VOTOS NULOS,11
07,BOYACA,061,CUITIVA,ENRIQUE GÓMEZ MARTÍNEZ,2
07,BOYACA,061,CUITIVA,FEDERICO GUTIÉRREZ,163
07,BOYACA,061,CUITIVA,GUSTAVO PETRO,254
07,BOYACA,061,CUITIVA,JOHN MILTON RODRÍGUEZ,2
07,BOYACA,061,CUITIVA,RODOLFO HERNÁNDEZ,642
07,BOYACA,061,CUITIVA,SERGIO FAJARDO,33
07,BOYACA,061,CUITIVA,VOTOS EN BLANCO,3
07,BOYACA,061,CUITIVA,VOTOS NO MARCADOS,3
07,BOYACA,061,CUITIVA,VOTOS NULOS,6
07,BOYACA,064,CHINAVITA,ENRIQUE GÓMEZ MARTÍNEZ,4
07,BOYACA,064,CHINAVITA,FEDERICO GUTIÉRREZ,292
07,BOYACA,064,CHINAVITA,GUSTAVO PETRO,311
07,BOYACA,064,CHINAVITA,JOHN MILTON RODRÍGUEZ,6
07,BOYACA,064,CHINAVITA,LUIS PÉREZ,1
07,BOYACA,064,CHINAVITA,RODOLFO HERNÁNDEZ,954
07,BOYACA,064,CHINAVITA,SERGIO FAJARDO,72
07,BOYACA,064,CHINAVITA,VOTOS EN BLANCO,19
07,BOYACA,064,CHINAVITA,VOTOS NO MARCADOS,3
07,BOYACA,064,CHINAVITA,VOTOS NULOS,15
07,BOYACA,067,CHIQUINQUIRA,ENRIQUE GÓMEZ MARTÍNEZ,45
07,BOYACA,067,CHIQUINQUIRA,FEDERICO GUTIÉRREZ,2928
07,BOYACA,067,CHIQUINQUIRA,GUSTAVO PETRO,8016
07,BOYACA,067,CHIQUINQUIRA,INGRID BETANCOURT,8
07,BOYACA,067,CHIQUINQUIRA,JOHN MILTON RODRÍGUEZ,289
07,BOYACA,067,CHIQUINQUIRA,LUIS PÉREZ,4
07,BOYACA,067,CHIQUINQUIRA,RODOLFO HERNÁNDEZ,14669
07,BOYACA,067,CHIQUINQUIRA,SERGIO FAJARDO,835
07,BOYACA,067,CHIQUINQUIRA,VOTOS EN BLANCO,370
07,BOYACA,067,CHIQUINQUIRA,VOTOS NO MARCADOS,19
07,BOYACA,067,CHIQUINQUIRA,VOTOS NULOS,266
07,BOYACA,068,CHIQUIZA,ENRIQUE GÓMEZ MARTÍNEZ,4
07,BOYACA,068,CHIQUIZA,FEDERICO GUTIÉRREZ,29
07,BOYACA,068,CHIQUIZA,GUSTAVO PETRO,731
07,BOYACA,068,CHIQUIZA,INGRID BETANCOURT,3
07,BOYACA,068,CHIQUIZA,JOHN MILTON RODRÍGUEZ,4
07,BOYACA,068,CHIQUIZA,LUIS PÉREZ,1
07,BOYACA,068,CHIQUIZA,RODOLFO HERNÁNDEZ,1913
07,BOYACA,068,CHIQUIZA,SERGIO FAJARDO,21
07,BOYACA,068,CHIQUIZA,VOTOS EN BLANCO,22
07,BOYACA,068,CHIQUIZA,VOTOS NO MARCADOS,13
07,BOYACA,068,CHIQUIZA,VOTOS NULOS,37
07,BOYACA,070,CHISCAS,ENRIQUE GÓMEZ MARTÍNEZ,3
07,BOYACA,070,CHISCAS,FEDERICO GUTIÉRREZ,141
07,BOYACA,070,CHISCAS,GUSTAVO PETRO,173
07,BOYACA,070,CHISCAS,JOHN MILTON RODRÍGUEZ,18
07,BOYACA,070,CHISCAS,LUIS PÉREZ,2
07,BOYACA,070,CHISCAS,RODOLFO HERNÁNDEZ,1287
07,BOYACA,070,CHISCAS,SERGIO FAJARDO,36
07,BOYACA,070,CHISCAS,VOTOS EN BLANCO,20
07,BOYACA,070,CHISCAS,VOTOS NO MARCADOS,6
07,BOYACA,070,CHISCAS,VOTOS NULOS,15
07,BOYACA,073,CHITA,ENRIQUE GÓMEZ MARTÍNEZ,14
07,BOYACA,073,CHITA,FEDERICO GUTIÉRREZ,282
07,BOYACA,073,CHITA,GUSTAVO PETRO,425
07,BOYACA,073,CHITA,INGRID BETANCOURT,7
07,BOYACA,073,CHITA,JOHN MILTON RODRÍGUEZ,7
07,BOYACA,073,CHITA,LUIS PÉREZ,2
07,BOYACA,073,CHITA,RODOLFO HERNÁNDEZ,2383
07,BOYACA,073,CHITA,SERGIO FAJARDO,31
07,BOYACA,073,CHITA,VOTOS EN BLANCO,23
07,BOYACA,073,CHITA,VOTOS NO MARCADOS,11
07,BOYACA,073,CHITA,VOTOS NULOS,18
07,BOYACA,076,CHITARAQUE,ENRIQUE GÓMEZ MARTÍNEZ,4
07,BOYACA,076,CHITARAQUE,FEDERICO GUTIÉRREZ,445
07,BOYACA,076,CHITARAQUE,GUSTAVO PETRO,310
07,BOYACA,076,CHITARAQUE,INGRID BETANCOURT,2
07,BOYACA,076,CHITARAQUE,JOHN MILTON RODRÍGUEZ,13
07,BOYACA,076,CHITARAQUE,RODOLFO HERNÁNDEZ,2026
07,BOYACA,076,CHITARAQUE,SERGIO FAJARDO,28
07,BOYACA,076,CHITARAQUE,VOTOS EN BLANCO,12
07,BOYACA,076,CHITARAQUE,VOTOS NO MARCADOS,4
07,BOYACA,076,CHITARAQUE,VOTOS NULOS,17
07,BOYACA,077,CHIVATA,ENRIQUE GÓMEZ MARTÍNEZ,6
07,BOYACA,077,CHIVATA,FEDERICO GUTIÉRREZ,144
07,BOYACA,077,CHIVATA,GUSTAVO PETRO,551
07,BOYACA,077,CHIVATA,INGRID BETANCOURT,1
07,BOYACA,077,CHIVATA,JOHN MILTON RODRÍGUEZ,4
07,BOYACA,077,CHIVATA,RODOLFO HERNÁNDEZ,1181
07,BOYACA,077,CHIVATA,SERGIO FAJARDO,86
07,BOYACA,077,CHIVATA,VOTOS EN BLANCO,18
07,BOYACA,077,CHIVATA,VOTOS NO MARCADOS,2
07,BOYACA,077,CHIVATA,VOTOS NULOS,11
07,BOYACA,078,CHIVOR,ENRIQUE GÓMEZ MARTÍNEZ,1
07,BOYACA,078,CHIVOR,FEDERICO GUTIÉRREZ,199
07,BOYACA,078,CHIVOR,GUSTAVO PETRO,83
07,BOYACA,078,CHIVOR,JOHN MILTON RODRÍGUEZ,10
07,BOYACA,078,CHIVOR,RODOLFO HERNÁNDEZ,670
07,BOYACA,078,CHIVOR,SERGIO FAJARDO,19
07,BOYACA,078,CHIVOR,VOTOS EN BLANCO,5
07,BOYACA,078,CHIVOR,VOTOS NO MARCADOS,1
07,BOYACA,078,CHIVOR,VOTOS NULOS,8
07,BOYACA,079,DUITAMA,ENRIQUE GÓMEZ MARTÍNEZ,244
07,BOYACA,079,DUITAMA,FEDERICO GUTIÉRREZ,7251
07,BOYACA,079,DUITAMA,GUSTAVO PETRO,25972
07,BOYACA,079,DUITAMA,INGRID BETANCOURT,48
07,BOYACA,079,DUITAMA,JOHN MILTON RODRÍGUEZ,488
07,BOYACA,079,DUITAMA,LUIS PÉREZ,24
07,BOYACA,079,DUITAMA,RODOLFO HERNÁNDEZ,26111
07,BOYACA,079,DUITAMA,SERGIO FAJARDO,3187
07,BOYACA,079,DUITAMA,VOTOS EN BLANCO,935
07,BOYACA,079,DUITAMA,VOTOS NO MARCADOS,37
07,BOYACA,079,DUITAMA,VOTOS NULOS,551
07,BOYACA,082,EL COCUY,ENRIQUE GÓMEZ MARTÍNEZ,6
07,BOYACA,082,EL COCUY,FEDERICO GUTIÉRREZ,462
07,BOYACA,082,EL COCUY,GUSTAVO PETRO,204
07,BOYACA,082,EL COCUY,JOHN MILTON RODRÍGUEZ,3
07,BOYACA,082,EL COCUY,RODOLFO HERNÁNDEZ,928
07,BOYACA,082,EL COCUY,SERGIO FAJARDO,54
07,BOYACA,082,EL COCUY,VOTOS EN BLANCO,34
07,BOYACA,082,EL COCUY,VOTOS NO MARCADOS,4
07,BOYACA,082,EL COCUY,VOTOS NULOS,18
07,BOYACA,085,EL ESPINO,ENRIQUE GÓMEZ MARTÍNEZ,3
07,BOYACA,085,EL ESPINO,FEDERICO GUTIÉRREZ,339
07,BOYACA,085,EL ESPINO,GUSTAVO PETRO,125
07,BOYACA,085,EL ESPINO,INGRID BETANCOURT,1
07,BOYACA,085,EL ESPINO,JOHN MILTON RODRÍGUEZ,4
07,BOYACA,085,EL ESPINO,RODOLFO HERNÁNDEZ,758
07,BOYACA,085,EL ESPINO,SERGIO FAJARDO,19
07,BOYACA,085,EL ESPINO,VOTOS EN BLANCO,16
07,BOYACA,085,EL ESPINO,VOTOS NO MARCADOS,4
07,BOYACA,085,EL ESPINO,VOTOS NULOS,5
07,BOYACA,088,FIRAVITOBA,ENRIQUE GÓMEZ MARTÍNEZ,9
07,BOYACA,088,FIRAVITOBA,FEDERICO GUTIÉRREZ,323
07,BOYACA,088,FIRAVITOBA,GUSTAVO PETRO,1253
07,BOYACA,088,FIRAVITOBA,INGRID BETANCOURT,3
07,BOYACA,088,FIRAVITOBA,JOHN MILTON RODRÍGUEZ,8
07,BOYACA,088,FIRAVITOBA,RODOLFO HERNÁNDEZ,1588
07,BOYACA,088,FIRAVITOBA,SERGIO FAJARDO,137
07,BOYACA,088,FIRAVITOBA,VOTOS EN BLANCO,61
07,BOYACA,088,FIRAVITOBA,VOTOS NO MARCADOS,2
07,BOYACA,088,FIRAVITOBA,VOTOS NULOS,32
07,BOYACA,091,FLORESTA,ENRIQUE GÓMEZ MARTÍNEZ,3
07,BOYACA,091,FLORESTA,FEDERICO GUTIÉRREZ,302
07,BOYACA,091,FLORESTA,GUSTAVO PETRO,446
07,BOYACA,091,FLORESTA,JOHN MILTON RODRÍGUEZ,6
07,BOYACA,091,FLORESTA,RODOLFO HERNÁNDEZ,1179
07,BOYACA,091,FLORESTA,SERGIO FAJARDO,78
07,BOYACA,091,FLORESTA,VOTOS EN BLANCO,13
07,BOYACA,091,FLORESTA,VOTOS NO MARCADOS,5
07,BOYACA,091,FLORESTA,VOTOS NULOS,17
07,BOYACA,094,GACHANTIVA,ENRIQUE GÓMEZ MARTÍNEZ,7
07,BOYACA,094,GACHANTIVA,FEDERICO GUTIÉRREZ,138
07,BOYACA,094,GACHANTIVA,GUSTAVO PETRO,373
07,BOYACA,094,GACHANTIVA,INGRID BETANCOURT,2
07,BOYACA,094,GACHANTIVA,JOHN MILTON RODRÍGUEZ,7
07,BOYACA,094,GACHANTIVA,LUIS PÉREZ,2
07,BOYACA,094,GACHANTIVA,RODOLFO HERNÁNDEZ,1229
07,BOYACA,094,GACHANTIVA,SERGIO FAJARDO,29
07,BOYACA,094,GACHANTIVA,VOTOS EN BLANCO,24
07,BOYACA,094,GACHANTIVA,VOTOS NO MARCADOS,5
07,BOYACA,094,GACHANTIVA,VOTOS NULOS,13
07,BOYACA,097,GAMEZA,ENRIQUE GÓMEZ MARTÍNEZ,7
07,BOYACA,097,GAMEZA,FEDERICO GUTIÉRREZ,181
07,BOYACA,097,GAMEZA,GUSTAVO PETRO,384
07,BOYACA,097,GAMEZA,INGRID BETANCOURT,1
07,BOYACA,097,GAMEZA,JOHN MILTON RODRÍGUEZ,1
07,BOYACA,097,GAMEZA,RODOLFO HERNÁNDEZ,1756
07,BOYACA,097,GAMEZA,SERGIO FAJARDO,49
07,BOYACA,097,GAMEZA,VOTOS EN BLANCO,18
07,BOYACA,097,GAMEZA,VOTOS NO MARCADOS,3
07,BOYACA,097,GAMEZA,VOTOS NULOS,18
07,BOYACA,100,GARAGOA,ENRIQUE GÓMEZ MARTÍNEZ,31
07,BOYACA,100,GARAGOA,FEDERICO GUTIÉRREZ,874
07,BOYACA,100,GARAGOA,GUSTAVO PETRO,2350
07,BOYACA,100,GARAGOA,INGRID BETANCOURT,8
07,BOYACA,100,GARAGOA,JOHN MILTON RODRÍGUEZ,46
07,BOYACA,100,GARAGOA,LUIS PÉREZ,3
07,BOYACA,100,GARAGOA,RODOLFO HERNÁNDEZ,3696
07,BOYACA,100,GARAGOA,SERGIO FAJARDO,257
07,BOYACA,100,GARAGOA,VOTOS EN BLANCO,132
07,BOYACA,100,GARAGOA,VOTOS NO MARCADOS,8
07,BOYACA,100,GARAGOA,VOTOS NULOS,84
07,BOYACA,103,GUACAMAYAS,ENRIQUE GÓMEZ MARTÍNEZ,2
07,BOYACA,103,GUACAMAYAS,FEDERICO GUTIÉRREZ,273
07,BOYACA,103,GUACAMAYAS,GUSTAVO PETRO,102
07,BOYACA,103,GUACAMAYAS,JOHN MILTON RODRÍGUEZ,1
07,BOYACA,103,GUACAMAYAS,RODOLFO HERNÁNDEZ,449
07,BOYACA,103,GUACAMAYAS,SERGIO FAJARDO,23
07,BOYACA,103,GUACAMAYAS,VOTOS EN BLANCO,7
07,BOYACA,103,GUACAMAYAS,VOTOS NO MARCADOS,3
07,BOYACA,103,GUACAMAYAS,VOTOS NULOS,8
07,BOYACA,106,GUATEQUE,ENRIQUE GÓMEZ MARTÍNEZ,11
07,BOYACA,106,GUATEQUE,FEDERICO GUTIÉRREZ,646
07,BOYACA,106,GUATEQUE,GUSTAVO PETRO,1419
07,BOYACA,106,GUATEQUE,INGRID BETANCOURT,2
07,BOYACA,106,GUATEQUE,JOHN MILTON RODRÍGUEZ,37
07,BOYACA,106,GUATEQUE,LUIS PÉREZ,1
07,BOYACA,106,GUATEQUE,RODOLFO HERNÁNDEZ,3020
07,BOYACA,106,GUATEQUE,SERGIO FAJARDO,195
07,BOYACA,106,GUATEQUE,VOTOS EN BLANCO,78
07,BOYACA,106,GUATEQUE,VOTOS NO MARCADOS,5
07,BOYACA,106,GUATEQUE,VOTOS NULOS,70
07,BOYACA,109,GUAYATA,ENRIQUE GÓMEZ MARTÍNEZ,9
07,BOYACA,109,GUAYATA,FEDERICO GUTIÉRREZ,357
07,BOYACA,109,GUAYATA,GUSTAVO PETRO,321
07,BOYACA,109,GUAYATA,INGRID BETANCOURT,1
07,BOYACA,109,GUAYATA,JOHN MILTON RODRÍGUEZ,3
07,BOYACA,109,GUAYATA,LUIS PÉREZ,3
07,BOYACA,109,GUAYATA,RODOLFO HERNÁNDEZ,1522
07,BOYACA,109,GUAYATA,SERGIO FAJARDO,58
07,BOYACA,109,GUAYATA,VOTOS EN BLANCO,32
07,BOYACA,109,GUAYATA,VOTOS NO MARCADOS,6
07,BOYACA,109,GUAYATA,VOTOS NULOS,7
07,BOYACA,112,GUICAN,ENRIQUE GÓMEZ MARTÍNEZ,9
07,BOYACA,112,GUICAN,FEDERICO GUTIÉRREZ,332
07,BOYACA,112,GUICAN,GUSTAVO PETRO,522
07,BOYACA,112,GUICAN,INGRID BETANCOURT,6
07,BOYACA,112,GUICAN,JOHN MILTON RODRÍGUEZ,5
07,BOYACA,112,GUICAN,LUIS PÉREZ,2
07,BOYACA,112,GUICAN,RODOLFO HERNÁNDEZ,661
07,BOYACA,112,GUICAN,SERGIO FAJARDO,38
07,BOYACA,112,GUICAN,VOTOS EN BLANCO,39
07,BOYACA,112,GUICAN,VOTOS NO MARCADOS,3
07,BOYACA,112,GUICAN,VOTOS NULOS,34
07,BOYACA,118,IZA,ENRIQUE GÓMEZ MARTÍNEZ,2
07,BOYACA,118,IZA,FEDERICO GUTIÉRREZ,261
07,BOYACA,118,IZA,GUSTAVO PETRO,387
07,BOYACA,118,IZA,JOHN MILTON RODRÍGUEZ,4
07,BOYACA,118,IZA,RODOLFO HERNÁNDEZ,615
07,BOYACA,118,IZA,SERGIO FAJARDO,62
07,BOYACA,118,IZA,VOTOS EN BLANCO,12
07,BOYACA,118,IZA,VOTOS NO MARCADOS,1
07,BOYACA,118,IZA,VOTOS NULOS,11
07,BOYACA,121,JENESANO,ENRIQUE GÓMEZ MARTÍNEZ,7
07,BOYACA,121,JENESANO,FEDERICO GUTIÉRREZ,259
07,BOYACA,121,JENESANO,GUSTAVO PETRO,862
07,BOYACA,121,JENESANO,INGRID BETANCOURT,6
07,BOYACA,121,JENESANO,JOHN MILTON RODRÍGUEZ,19
07,BOYACA,121,JENESANO,LUIS PÉREZ,1
07,BOYACA,121,JENESANO,RODOLFO HERNÁNDEZ,2347
07,BOYACA,121,JENESANO,SERGIO FAJARDO,77
07,BOYACA,121,JENESANO,VOTOS EN BLANCO,39
07,BOYACA,121,JENESANO,VOTOS NO MARCADOS,11
07,BOYACA,121,JENESANO,VOTOS NULOS,24
07,BOYACA,124,JERICO,ENRIQUE GÓMEZ MARTÍNEZ,13
07,BOYACA,124,JERICO,FEDERICO GUTIÉRREZ,186
07,BOYACA,124,JERICO,GUSTAVO PETRO,182
07,BOYACA,124,JERICO,INGRID BETANCOURT,2
07,BOYACA,124,JERICO,JOHN MILTON RODRÍGUEZ,4
07,BOYACA,124,JERICO,LUIS PÉREZ,1
07,BOYACA,124,JERICO,RODOLFO HERNÁNDEZ,1230
07,BOYACA,124,JERICO,SERGIO FAJARDO,32
07,BOYACA,124,JERICO,VOTOS EN BLANCO,13
07,BOYACA,124,JERICO,VOTOS NO MARCADOS,6
07,BOYACA,124,JERICO,VOTOS NULOS,11
07,BOYACA,127,LABRANZAGRANDE,ENRIQUE GÓMEZ MARTÍNEZ,8
07,BOYACA,127,LABRANZAGRANDE,FEDERICO GUTIÉRREZ,113
07,BOYACA,127,LABRANZAGRANDE,GUSTAVO PETRO,287
07,BOYACA,127,LABRANZAGRANDE,INGRID BETANCOURT,2
07,BOYACA,127,LABRANZAGRANDE,JOHN MILTON RODRÍGUEZ,7
07,BOYACA,127,LABRANZAGRANDE,RODOLFO HERNÁNDEZ,1261
07,BOYACA,127,LABRANZAGRANDE,SERGIO FAJARDO,30
07,BOYACA,127,LABRANZAGRANDE,VOTOS EN BLANCO,20
07,BOYACA,127,LABRANZAGRANDE,VOTOS NO MARCADOS,3
07,BOYACA,127,LABRANZAGRANDE,VOTOS NULOS,6
07,BOYACA,130,LA CAPILLA,ENRIQUE GÓMEZ MARTÍNEZ,5
07,BOYACA,130,LA CAPILLA,FEDERICO GUTIÉRREZ,136
07,BOYACA,130,LA CAPILLA,GUSTAVO PETRO,299
07,BOYACA,130,LA CAPILLA,INGRID BETANCOURT,1
07,BOYACA,130,LA CAPILLA,JOHN MILTON RODRÍGUEZ,4
07,BOYACA,130,LA CAPILLA,LUIS PÉREZ,1
07,BOYACA,130,LA CAPILLA,RODOLFO HERNÁNDEZ,996
07,BOYACA,130,LA CAPILLA,SERGIO FAJARDO,31
07,BOYACA,130,LA CAPILLA,VOTOS EN BLANCO,22
07,BOYACA,130,LA CAPILLA,VOTOS NULOS,6
07,BOYACA,136,LA UVITA,ENRIQUE GÓMEZ MARTÍNEZ,2
07,BOYACA,136,LA UVITA,FEDERICO GUTIÉRREZ,375
07,BOYACA,136,LA UVITA,GUSTAVO PETRO,140
07,BOYACA,136,LA UVITA,INGRID BETANCOURT,2
07,BOYACA,136,LA UVITA,LUIS PÉREZ,1
07,BOYACA,136,LA UVITA,RODOLFO HERNÁNDEZ,775
07,BOYACA,136,LA UVITA,SERGIO FAJARDO,76
07,BOYACA,136,LA UVITA,VOTOS EN BLANCO,16
07,BOYACA,136,LA UVITA,VOTOS NO MARCADOS,1
07,BOYACA,136,LA UVITA,VOTOS NULOS,12
07,BOYACA,137,LA VICTORIA,ENRIQUE GÓMEZ MARTÍNEZ,1
07,BOYACA,137,LA VICTORIA,FEDERICO GUTIÉRREZ,95
07,BOYACA,137,LA VICTORIA,GUSTAVO PETRO,95
07,BOYACA,137,LA VICTORIA,JOHN MILTON RODRÍGUEZ,13
07,BOYACA,137,LA VICTORIA,LUIS PÉREZ,1
07,BOYACA,137,LA VICTORIA,RODOLFO HERNÁNDEZ,498
07,BOYACA,137,LA VICTORIA,SERGIO FAJARDO,16
07,BOYACA,137,LA VICTORIA,VOTOS EN BLANCO,1
07,BOYACA,137,LA VICTORIA,VOTOS NO MARCADOS,1
07,BOYACA,137,LA VICTORIA,VOTOS NULOS,2
07,BOYACA,139,VILLA DE LEIVA,ENRIQUE GÓMEZ MARTÍNEZ,30
07,BOYACA,139,VILLA DE LEIVA,FEDERICO GUTIÉRREZ,1257
07,BOYACA,139,VILLA DE LEIVA,GUSTAVO PETRO,2697
07,BOYACA,139,VILLA DE LEIVA,INGRID BETANCOURT,2
07,BOYACA,139,VILLA DE LEIVA,JOHN MILTON RODRÍGUEZ,44
07,BOYACA,139,VILLA DE LEIVA,LUIS PÉREZ,3
07,BOYACA,139,VILLA DE LEIVA,RODOLFO HERNÁNDEZ,4643
07,BOYACA,139,VILLA DE LEIVA,SERGIO FAJARDO,459
07,BOYACA,139,VILLA DE LEIVA,VOTOS EN BLANCO,112
07,BOYACA,139,VILLA DE LEIVA,VOTOS NO MARCADOS,8
07,BOYACA,139,VILLA DE LEIVA,VOTOS NULOS,67
07,BOYACA,142,MACANAL,ENRIQUE GÓMEZ MARTÍNEZ,7
07,BOYACA,142,MACANAL,FEDERICO GUTIÉRREZ,195
07,BOYACA,142,MACANAL,GUSTAVO PETRO,350
07,BOYACA,142,MACANAL,INGRID BETANCOURT,4
07,BOYACA,142,MACANAL,JOHN MILTON RODRÍGUEZ,5
07,BOYACA,142,MACANAL,RODOLFO HERNÁNDEZ,1377
07,BOYACA,142,MACANAL,SERGIO FAJARDO,44
07,BOYACA,142,MACANAL,VOTOS EN BLANCO,17
07,BOYACA,142,MACANAL,VOTOS NO MARCADOS,6
07,BOYACA,142,MACANAL,VOTOS NULOS,14
07,BOYACA,148,MARIPI,ENRIQUE GÓMEZ MARTÍNEZ,2
07,BOYACA,148,MARIPI,FEDERICO GUTIÉRREZ,262
07,BOYACA,148,MARIPI,GUSTAVO PETRO,286
07,BOYACA,148,MARIPI,INGRID BETANCOURT,1
07,BOYACA,148,MARIPI,JOHN MILTON RODRÍGUEZ,36
07,BOYACA,148,MARIPI,LUIS PÉREZ,1
07,BOYACA,148,MARIPI,RODOLFO HERNÁNDEZ,2233
07,BOYACA,148,MARIPI,SERGIO FAJARDO,27
07,BOYACA,148,MARIPI,VOTOS EN BLANCO,2
07,BOYACA,148,MARIPI,VOTOS NO MARCADOS,3
07,BOYACA,148,MARIPI,VOTOS NULOS,11
07,BOYACA,151,MIRAFLORES,ENRIQUE GÓMEZ MARTÍNEZ,14
07,BOYACA,151,MIRAFLORES,FEDERICO GUTIÉRREZ,352
07,BOYACA,151,MIRAFLORES,GUSTAVO PETRO,1793
07,BOYACA,151,MIRAFLORES,INGRID BETANCOURT,5
07,BOYACA,151,MIRAFLORES,JOHN MILTON RODRÍGUEZ,56
07,BOYACA,151,MIRAFLORES,LUIS PÉREZ,2
07,BOYACA,151,MIRAFLORES,RODOLFO HERNÁNDEZ,2410
07,BOYACA,151,MIRAFLORES,SERGIO FAJARDO,135
07,BOYACA,151,MIRAFLORES,VOTOS EN BLANCO,88
07,BOYACA,151,MIRAFLORES,VOTOS NO MARCADOS,10
07,BOYACA,151,MIRAFLORES,VOTOS NULOS,40
07,BOYACA,154,MONGUA,ENRIQUE GÓMEZ MARTÍNEZ,5
07,BOYACA,154,MONGUA,FEDERICO GUTIÉRREZ,366
07,BOYACA,154,MONGUA,GUSTAVO PETRO,341
07,BOYACA,154,MONGUA,INGRID BETANCOURT,1
07,BOYACA,154,MONGUA,JOHN MILTON RODRÍGUEZ,1
07,BOYACA,154,MONGUA,RODOLFO HERNÁNDEZ,1961
07,BOYACA,154,MONGUA,SERGIO FAJARDO,55
07,BOYACA,154,MONGUA,VOTOS EN BLANCO,11
07,BOYACA,154,MONGUA,VOTOS NO MARCADOS,2
07,BOYACA,154,MONGUA,VOTOS NULOS,14
07,BOYACA,157,MONGUI,ENRIQUE GÓMEZ MARTÍNEZ,6
07,BOYACA,157,MONGUI,FEDERICO GUTIÉRREZ,259
07,BOYACA,157,MONGUI,GUSTAVO PETRO,658
07,BOYACA,157,MONGUI,INGRID BETANCOURT,1
07,BOYACA,157,MONGUI,JOHN MILTON RODRÍGUEZ,8
07,BOYACA,157,MONGUI,RODOLFO HERNÁNDEZ,1441
07,BOYACA,157,MONGUI,SERGIO FAJARDO,81
07,BOYACA,157,MONGUI,VOTOS EN BLANCO,36
07,BOYACA,157,MONGUI,VOTOS NO MARCADOS,1
07,BOYACA,157,MONGUI,VOTOS NULOS,30
07,BOYACA,160,MONIQUIRA,ENRIQUE GÓMEZ MARTÍNEZ,25
07,BOYACA,160,MONIQUIRA,FEDERICO GUTIÉRREZ,1305
07,BOYACA,160,MONIQUIRA,GUSTAVO PETRO,3010
07,BOYACA,160,MONIQUIRA,INGRID BETANCOURT,5
07,BOYACA,160,MONIQUIRA,JOHN MILTON RODRÍGUEZ,181
07,BOYACA,160,MONIQUIRA,LUIS PÉREZ,4
07,BOYACA,160,MONIQUIRA,RODOLFO HERNÁNDEZ,6438
07,BOYACA,160,MONIQUIRA,SERGIO FAJARDO,269
07,BOYACA,160,MONIQUIRA,VOTOS EN BLANCO,150
07,BOYACA,160,MONIQUIRA,VOTOS NO MARCADOS,19
07,BOYACA,160,MONIQUIRA,VOTOS NULOS,130
07,BOYACA,161,MOTAVITA,ENRIQUE GÓMEZ MARTÍNEZ,5
07,BOYACA,161,MOTAVITA,FEDERICO GUTIÉRREZ,138
07,BOYACA,161,MOTAVITA,GUSTAVO PETRO,1416
07,BOYACA,161,MOTAVITA,INGRID BETANCOURT,1
07,BOYACA,161,MOTAVITA,JOHN MILTON RODRÍGUEZ,18
07,BOYACA,161,MOTAVITA,RODOLFO HERNÁNDEZ,1893
07,BOYACA,161,MOTAVITA,SERGIO FAJARDO,70
07,BOYACA,161,MOTAVITA,VOTOS EN BLANCO,37
07,BOYACA,161,MOTAVITA,VOTOS NO MARCADOS,3
07,BOYACA,161,MOTAVITA,VOTOS NULOS,33
07,BOYACA,163,MUZO,ENRIQUE GÓMEZ MARTÍNEZ,6
07,BOYACA,163,MUZO,FEDERICO GUTIÉRREZ,277
07,BOYACA,163,MUZO,GUSTAVO PETRO,754
07,BOYACA,163,MUZO,INGRID BETANCOURT,1
07,BOYACA,163,MUZO,JOHN MILTON RODRÍGUEZ,73
07,BOYACA,163,MUZO,LUIS PÉREZ,1
07,BOYACA,163,MUZO,RODOLFO HERNÁNDEZ,2802
07,BOYACA,163,MUZO,SERGIO FAJARDO,52
07,BOYACA,163,MUZO,VOTOS EN BLANCO,40
07,BOYACA,163,MUZO,VOTOS NO MARCADOS,13
07,BOYACA,163,MUZO,VOTOS NULOS,42
07,BOYACA,166,NOBSA,ENRIQUE GÓMEZ MARTÍNEZ,16
07,BOYACA,166,NOBSA,FEDERICO GUTIÉRREZ,608
07,BOYACA,166,NOBSA,GUSTAVO PETRO,4869
07,BOYACA,166,NOBSA,INGRID BETANCOURT,6
07,BOYACA,166,NOBSA,JOHN MILTON RODRÍGUEZ,60
07,BOYACA,166,NOBSA,LUIS PÉREZ,2
07,BOYACA,166,NOBSA,RODOLFO HERNÁNDEZ,3172
07,BOYACA,166,NOBSA,SERGIO FAJARDO,439
07,BOYACA,166,NOBSA,VOTOS EN BLANCO,127
07,BOYACA,166,NOBSA,VOTOS NO MARCADOS,7
07,BOYACA,166,NOBSA,VOTOS NULOS,97
07,BOYACA,169,NUEVO COLON,ENRIQUE GÓMEZ MARTÍNEZ,6
07,BOYACA,169,NUEVO COLON,FEDERICO GUTIÉRREZ,217
07,BOYACA,169,NUEVO COLON,GUSTAVO PETRO,775
07,BOYACA,169,NUEVO COLON,INGRID BETANCOURT,1
07,BOYACA,169,NUEVO COLON,JOHN MILTON RODRÍGUEZ,15
07,BOYACA,169,NUEVO COLON,RODOLFO HERNÁNDEZ,1575
07,BOYACA,169,NUEVO COLON,SERGIO FAJARDO,67
07,BOYACA,169,NUEVO COLON,VOTOS EN BLANCO,30
07,BOYACA,169,NUEVO COLON,VOTOS NO MARCADOS,1
07,BOYACA,169,NUEVO COLON,VOTOS NULOS,26
07,BOYACA,173,OICATA,ENRIQUE GÓMEZ MARTÍNEZ,6
07,BOYACA,173,OICATA,FEDERICO GUTIÉRREZ,169
07,BOYACA,173,OICATA,GUSTAVO PETRO,596
07,BOYACA,173,OICATA,INGRID BETANCOURT,1
07,BOYACA,173,OICATA,JOHN MILTON RODRÍGUEZ,6
07,BOYACA,173,OICATA,LUIS PÉREZ,1
07,BOYACA,173,OICATA,RODOLFO HERNÁNDEZ,951
07,BOYACA,173,OICATA,SERGIO FAJARDO,68
07,BOYACA,173,OICATA,VOTOS EN BLANCO,16
07,BOYACA,173,OICATA,VOTOS NO MARCADOS,1
07,BOYACA,173,OICATA,VOTOS NULOS,18
07,BOYACA,176,OTANCHE,ENRIQUE GÓMEZ MARTÍNEZ,9
07,BOYACA,176,OTANCHE,FEDERICO GUTIÉRREZ,519
07,BOYACA,176,OTANCHE,GUSTAVO PETRO,517
07,BOYACA,176,OTANCHE,INGRID BETANCOURT,3
07,BOYACA,176,OTANCHE,JOHN MILTON RODRÍGUEZ,25
07,BOYACA,176,OTANCHE,RODOLFO HERNÁNDEZ,2554
07,BOYACA,176,OTANCHE,SERGIO FAJARDO,45
07,BOYACA,176,OTANCHE,VOTOS EN BLANCO,38
07,BOYACA,176,OTANCHE,VOTOS NO MARCADOS,2
07,BOYACA,176,OTANCHE,VOTOS NULOS,19
07,BOYACA,178,PACHAVITA,ENRIQUE GÓMEZ MARTÍNEZ,4
07,BOYACA,178,PACHAVITA,FEDERICO GUTIÉRREZ,204
07,BOYACA,178,PACHAVITA,GUSTAVO PETRO,227
07,BOYACA,178,PACHAVITA,INGRID BETANCOURT,2
07,BOYACA,178,PACHAVITA,JOHN MILTON RODRÍGUEZ,4
07,BOYACA,178,PACHAVITA,LUIS PÉREZ,2
07,BOYACA,178,PACHAVITA,RODOLFO HERNÁNDEZ,678
07,BOYACA,178,PACHAVITA,SERGIO FAJARDO,32
07,BOYACA,178,PACHAVITA,VOTOS EN BLANCO,16
07,BOYACA,178,PACHAVITA,VOTOS NO MARCADOS,1
07,BOYACA,178,PACHAVITA,VOTOS NULOS,4
07,BOYACA,179,PAEZ,ENRIQUE GÓMEZ MARTÍNEZ,1
07,BOYACA,179,PAEZ,FEDERICO GUTIÉRREZ,111
07,BOYACA,179,PAEZ,GUSTAVO PETRO,241
07,BOYACA,179,PAEZ,JOHN MILTON RODRÍGUEZ,55
07,BOYACA,179,PAEZ,RODOLFO HERNÁNDEZ,1096
07,BOYACA,179,PAEZ,SERGIO FAJARDO,29
07,BOYACA,179,PAEZ,VOTOS EN BLANCO,19
07,BOYACA,179,PAEZ,VOTOS NO MARCADOS,1
07,BOYACA,179,PAEZ,VOTOS NULOS,6
07,BOYACA,181,PAIPA,ENRIQUE GÓMEZ MARTÍNEZ,51
07,BOYACA,181,PAIPA,FEDERICO GUTIÉRREZ,1908
07,BOYACA,181,PAIPA,GUSTAVO PETRO,6887
07,BOYACA,181,PAIPA,INGRID BETANCOURT,6
07,BOYACA,181,PAIPA,JOHN MILTON RODRÍGUEZ,90
07,BOYACA,181,PAIPA,LUIS PÉREZ,3
07,BOYACA,181,PAIPA,RODOLFO HERNÁNDEZ,9213
07,BOYACA,181,PAIPA,SERGIO FAJARDO,841
07,BOYACA,181,PAIPA,VOTOS EN BLANCO,279
07,BOYACA,181,PAIPA,VOTOS NO MARCADOS,11
07,BOYACA,181,PAIPA,VOTOS NULOS,154
07,BOYACA,184,PAJARITO,ENRIQUE GÓMEZ MARTÍNEZ,3
07,BOYACA,184,PAJARITO,FEDERICO GUTIÉRREZ,44
07,BOYACA,184,PAJARITO,GUSTAVO PETRO,162
07,BOYACA,184,PAJARITO,JOHN MILTON RODRÍGUEZ,10
07,BOYACA,184,PAJARITO,RODOLFO HERNÁNDEZ,802
07,BOYACA,184,PAJARITO,SERGIO FAJARDO,17
07,BOYACA,184,PAJARITO,VOTOS EN BLANCO,12
07,BOYACA,184,PAJARITO,VOTOS NULOS,1
07,BOYACA,187,PANQUEBA,ENRIQUE GÓMEZ MARTÍNEZ,2
07,BOYACA,187,PANQUEBA,FEDERICO GUTIÉRREZ,107
07,BOYACA,187,PANQUEBA,GUSTAVO PETRO,107
07,BOYACA,187,PANQUEBA,JOHN MILTON RODRÍGUEZ,3
07,BOYACA,187,PANQUEBA,LUIS PÉREZ,2
07,BOYACA,187,PANQUEBA,RODOLFO HERNÁNDEZ,576
07,BOYACA,187,PANQUEBA,SERGIO FAJARDO,13
07,BOYACA,187,PANQUEBA,VOTOS EN BLANCO,7
07,BOYACA,187,PANQUEBA,VOTOS NO MARCADOS,1
07,BOYACA,187,PANQUEBA,VOTOS NULOS,6
07,BOYACA,190,PAUNA,ENRIQUE GÓMEZ MARTÍNEZ,9
07,BOYACA,190,PAUNA,FEDERICO GUTIÉRREZ,344
07,BOYACA,190,PAUNA,GUSTAVO PETRO,732
07,BOYACA,190,PAUNA,INGRID BETANCOURT,5
07,BOYACA,190,PAUNA,JOHN MILTON RODRÍGUEZ,28
07,BOYACA,190,PAUNA,RODOLFO HERNÁNDEZ,2580
07,BOYACA,190,PAUNA,SERGIO FAJARDO,50
07,BOYACA,190,PAUNA,VOTOS EN BLANCO,34
07,BOYACA,190,PAUNA,VOTOS NO MARCADOS,8
07,BOYACA,190,PAUNA,VOTOS NULOS,25
07,BOYACA,193,PAYA,ENRIQUE GÓMEZ MARTÍNEZ,6
07,BOYACA,193,PAYA,FEDERICO GUTIÉRREZ,78
07,BOYACA,193,PAYA,GUSTAVO PETRO,108
07,BOYACA,193,PAYA,INGRID BETANCOURT,7
07,BOYACA,193,PAYA,JOHN MILTON RODRÍGUEZ,4
07,BOYACA,193,PAYA,LUIS PÉREZ,1
07,BOYACA,193,PAYA,RODOLFO HERNÁNDEZ,682
07,BOYACA,193,PAYA,SERGIO FAJARDO,23
07,BOYACA,193,PAYA,VOTOS EN BLANCO,18
07,BOYACA,193,PAYA,VOTOS NO MARCADOS,3
07,BOYACA,193,PAYA,VOTOS NULOS,7
07,BOYACA,199,PAZ DE RIO,ENRIQUE GÓMEZ MARTÍNEZ,8
07,BOYACA,199,PAZ DE RIO,FEDERICO GUTIÉRREZ,310
07,BOYACA,199,PAZ DE RIO,GUSTAVO PETRO,1045
07,BOYACA,199,PAZ DE RIO,INGRID BETANCOURT,1
07,BOYACA,199,PAZ DE RIO,JOHN MILTON RODRÍGUEZ,15
07,BOYACA,199,PAZ DE RIO,LUIS PÉREZ,2
07,BOYACA,199,PAZ DE RIO,RODOLFO HERNÁNDEZ,779
07,BOYACA,199,PAZ DE RIO,SERGIO FAJARDO,115
07,BOYACA,199,PAZ DE RIO,VOTOS EN BLANCO,31
07,BOYACA,199,PAZ DE RIO,VOTOS NO MARCADOS,3
07,BOYACA,199,PAZ DE RIO,VOTOS NULOS,27
07,BOYACA,202,PESCA,ENRIQUE GÓMEZ MARTÍNEZ,11
07,BOYACA,202,PESCA,FEDERICO GUTIÉRREZ,309
07,BOYACA,202,PESCA,GUSTAVO PETRO,669
07,BOYACA,202,PESCA,INGRID BETANCOURT,1
07,BOYACA,202,PESCA,JOHN MILTON RODRÍGUEZ,6
07,BOYACA,202,PESCA,RODOLFO HERNÁNDEZ,2306
07,BOYACA,202,PESCA,SERGIO FAJARDO,77
07,BOYACA,202,PESCA,VOTOS EN BLANCO,31
07,BOYACA,202,PESCA,VOTOS NO MARCADOS,7
07,BOYACA,202,PESCA,VOTOS NULOS,26
07,BOYACA,205,PISBA,ENRIQUE GÓMEZ MARTÍNEZ,6
07,BOYACA,205,PISBA,FEDERICO GUTIÉRREZ,124
07,BOYACA,205,PISBA,GUSTAVO PETRO,140
07,BOYACA,205,PISBA,INGRID BETANCOURT,3
07,BOYACA,205,PISBA,JOHN MILTON RODRÍGUEZ,4
07,BOYACA,205,PISBA,LUIS PÉREZ,2
07,BOYACA,205,PISBA,RODOLFO HERNÁNDEZ,354
07,BOYACA,205,PISBA,SERGIO FAJARDO,13
07,BOYACA,205,PISBA,VOTOS EN BLANCO,6
07,BOYACA,205,PISBA,VOTOS NO MARCADOS,1
07,BOYACA,205,PISBA,VOTOS NULOS,7
07,BOYACA,214,PUERTO BOYACA,ENRIQUE GÓMEZ MARTÍNEZ,32
07,BOYACA,214,PUERTO BOYACA,FEDERICO GUTIÉRREZ,3389
07,BOYACA,214,PUERTO BOYACA,GUSTAVO PETRO,5054
07,BOYACA,214,PUERTO BOYACA,INGRID BETANCOURT,11
07,BOYACA,214,PUERTO BOYACA,JOHN MILTON RODRÍGUEZ,503
07,BOYACA,214,PUERTO BOYACA,LUIS PÉREZ,5
07,BOYACA,214,PUERTO BOYACA,RODOLFO HERNÁNDEZ,12606
07,BOYACA,214,PUERTO BOYACA,SERGIO FAJARDO,426
07,BOYACA,214,PUERTO BOYACA,VOTOS EN BLANCO,277
07,BOYACA,214,PUERTO BOYACA,VOTOS NO MARCADOS,62
07,BOYACA,214,PUERTO BOYACA,VOTOS NULOS,541
07,BOYACA,215,QUIPAMA,ENRIQUE GÓMEZ MARTÍNEZ,5
07,BOYACA,215,QUIPAMA,FEDERICO GUTIÉRREZ,283
07,BOYACA,215,QUIPAMA,GUSTAVO PETRO,313
07,BOYACA,215,QUIPAMA,INGRID BETANCOURT,3
07,BOYACA,215,QUIPAMA,JOHN MILTON RODRÍGUEZ,18
07,BOYACA,215,QUIPAMA,LUIS PÉREZ,2
07,BOYACA,215,QUIPAMA,RODOLFO HERNÁNDEZ,1778
07,BOYACA,215,QUIPAMA,SERGIO FAJARDO,35
07,BOYACA,215,QUIPAMA,VOTOS EN BLANCO,13
07,BOYACA,215,QUIPAMA,VOTOS NO MARCADOS,8
07,BOYACA,215,QUIPAMA,VOTOS NULOS,23
07,BOYACA,217,RAMIRIQUI,ENRIQUE GÓMEZ MARTÍNEZ,19
07,BOYACA,217,RAMIRIQUI,FEDERICO GUTIÉRREZ,410
07,BOYACA,217,RAMIRIQUI,GUSTAVO PETRO,1366
07,BOYACA,217,RAMIRIQUI,INGRID BETANCOURT,3
07,BOYACA,217,RAMIRIQUI,JOHN MILTON RODRÍGUEZ,14
07,BOYACA,217,RAMIRIQUI,LUIS PÉREZ,1
07,BOYACA,217,RAMIRIQUI,RODOLFO HERNÁNDEZ,3350
07,BOYACA,217,RAMIRIQUI,SERGIO FAJARDO,117
07,BOYACA,217,RAMIRIQUI,VOTOS EN BLANCO,54
07,BOYACA,217,RAMIRIQUI,VOTOS NO MARCADOS,6
07,BOYACA,217,RAMIRIQUI,VOTOS NULOS,41
07,BOYACA,220,RAQUIRA,ENRIQUE GÓMEZ MARTÍNEZ,13
07,BOYACA,220,RAQUIRA,FEDERICO GUTIÉRREZ,230
07,BOYACA,220,RAQUIRA,GUSTAVO PETRO,724
07,BOYACA,220,RAQUIRA,INGRID BETANCOURT,1
07,BOYACA,220,RAQUIRA,JOHN MILTON RODRÍGUEZ,9
07,BOYACA,220,RAQUIRA,RODOLFO HERNÁNDEZ,2188
07,BOYACA,220,RAQUIRA,SERGIO FAJARDO,93
07,BOYACA,220,RAQUIRA,VOTOS EN BLANCO,51
07,BOYACA,220,RAQUIRA,VOTOS NO MARCADOS,6
07,BOYACA,220,RAQUIRA,VOTOS NULOS,18
07,BOYACA,223,RONDON,ENRIQUE GÓMEZ MARTÍNEZ,5
07,BOYACA,223,RONDON,FEDERICO GUTIÉRREZ,189
07,BOYACA,223,RONDON,GUSTAVO PETRO,285
07,BOYACA,223,RONDON,INGRID BETANCOURT,1
07,BOYACA,223,RONDON,RODOLFO HERNÁNDEZ,836
07,BOYACA,223,RONDON,SERGIO FAJARDO,35
07,BOYACA,223,RONDON,VOTOS EN BLANCO,11
07,BOYACA,223,RONDON,VOTOS NO MARCADOS,1
07,BOYACA,223,RONDON,VOTOS NULOS,5
07,BOYACA,226,SABOYA,ENRIQUE GÓMEZ MARTÍNEZ,12
07,BOYACA,226,SABOYA,FEDERICO GUTIÉRREZ,581
07,BOYACA,226,SABOYA,GUSTAVO PETRO,1623
07,BOYACA,226,SABOYA,INGRID BETANCOURT,6
07,BOYACA,226,SABOYA,JOHN MILTON RODRÍGUEZ,31
07,BOYACA,226,SABOYA,LUIS PÉREZ,5
07,BOYACA,226,SABOYA,RODOLFO HERNÁNDEZ,3395
07,BOYACA,226,SABOYA,SERGIO FAJARDO,113
07,BOYACA,226,SABOYA,VOTOS EN BLANCO,67
07,BOYACA,226,SABOYA,VOTOS NO MARCADOS,16
07,BOYACA,226,SABOYA,VOTOS NULOS,98
07,BOYACA,232,SACHICA,ENRIQUE GÓMEZ MARTÍNEZ,5
07,BOYACA,232,SACHICA,FEDERICO GUTIÉRREZ,144
07,BOYACA,232,SACHICA,GUSTAVO PETRO,695
07,BOYACA,232,SACHICA,INGRID BETANCOURT,1
07,BOYACA,232,SACHICA,JOHN MILTON RODRÍGUEZ,17
07,BOYACA,232,SACHICA,LUIS PÉREZ,1
07,BOYACA,232,SACHICA,RODOLFO HERNÁNDEZ,1704
07,BOYACA,232,SACHICA,SERGIO FAJARDO,144
07,BOYACA,232,SACHICA,VOTOS EN BLANCO,27
07,BOYACA,232,SACHICA,VOTOS NO MARCADOS,2
07,BOYACA,232,SACHICA,VOTOS NULOS,21
07,BOYACA,235,SAMACA,ENRIQUE GÓMEZ MARTÍNEZ,61
07,BOYACA,235,SAMACA,FEDERICO GUTIÉRREZ,412
07,BOYACA,235,SAMACA,GUSTAVO PETRO,2452
07,BOYACA,235,SAMACA,INGRID BETANCOURT,5
07,BOYACA,235,SAMACA,JOHN MILTON RODRÍGUEZ,52
07,BOYACA,235,SAMACA,LUIS PÉREZ,1
07,BOYACA,235,SAMACA,RODOLFO HERNÁNDEZ,5873
07,BOYACA,235,SAMACA,SERGIO FAJARDO,274
07,BOYACA,235,SAMACA,VOTOS EN BLANCO,126
07,BOYACA,235,SAMACA,VOTOS NO MARCADOS,16
07,BOYACA,235,SAMACA,VOTOS NULOS,95
07,BOYACA,237,SAN EDUARDO,FEDERICO GUTIÉRREZ,61
07,BOYACA,237,SAN EDUARDO,GUSTAVO PETRO,212
07,BOYACA,237,SAN EDUARDO,INGRID BETANCOURT,2
07,BOYACA,237,SAN EDUARDO,JOHN MILTON RODRÍGUEZ,3
07,BOYACA,237,SAN EDUARDO,RODOLFO HERNÁNDEZ,552
07,BOYACA,237,SAN EDUARDO,SERGIO FAJARDO,21
07,BOYACA,237,SAN EDUARDO,VOTOS EN BLANCO,20
07,BOYACA,237,SAN EDUARDO,VOTOS NO MARCADOS,2
07,BOYACA,237,SAN EDUARDO,VOTOS NULOS,2
07,BOYACA,238,SAN JOSE DE PARE,ENRIQUE GÓMEZ MARTÍNEZ,4
07,BOYACA,238,SAN JOSE DE PARE,FEDERICO GUTIÉRREZ,353
07,BOYACA,238,SAN JOSE DE PARE,GUSTAVO PETRO,386
07,BOYACA,238,SAN JOSE DE PARE,JOHN MILTON RODRÍGUEZ,21
07,BOYACA,238,SAN JOSE DE PARE,RODOLFO HERNÁNDEZ,2093
07,BOYACA,238,SAN JOSE DE PARE,SERGIO FAJARDO,59
07,BOYACA,238,SAN JOSE DE PARE,VOTOS EN BLANCO,14
07,BOYACA,238,SAN JOSE DE PARE,VOTOS NO MARCADOS,2
07,BOYACA,238,SAN JOSE DE PARE,VOTOS NULOS,11
07,BOYACA,241,SAN LUIS DE GACENO,ENRIQUE GÓMEZ MARTÍNEZ,2
07,BOYACA,241,SAN LUIS DE GACENO,FEDERICO GUTIÉRREZ,240
07,BOYACA,241,SAN LUIS DE GACENO,GUSTAVO PETRO,265
07,BOYACA,241,SAN LUIS DE GACENO,INGRID BETANCOURT,1
07,BOYACA,241,SAN LUIS DE GACENO,JOHN MILTON RODRÍGUEZ,10
07,BOYACA,241,SAN LUIS DE GACENO,LUIS PÉREZ,1
07,BOYACA,241,SAN LUIS DE GACENO,RODOLFO HERNÁNDEZ,1812
07,BOYACA,241,SAN LUIS DE GACENO,SERGIO FAJARDO,41
07,BOYACA,241,SAN LUIS DE GACENO,VOTOS EN BLANCO,22
07,BOYACA,241,SAN LUIS DE GACENO,VOTOS NO MARCADOS,2
07,BOYACA,241,SAN LUIS DE GACENO,VOTOS NULOS,17
07,BOYACA,247,SAN MATEO,ENRIQUE GÓMEZ MARTÍNEZ,2
07,BOYACA,247,SAN MATEO,FEDERICO GUTIÉRREZ,524
07,BOYACA,247,SAN MATEO,GUSTAVO PETRO,157
07,BOYACA,247,SAN MATEO,INGRID BETANCOURT,2
07,BOYACA,247,SAN MATEO,JOHN MILTON RODRÍGUEZ,5
07,BOYACA,247,SAN MATEO,LUIS PÉREZ,1
07,BOYACA,247,SAN MATEO,RODOLFO HERNÁNDEZ,1141
07,BOYACA,247,SAN MATEO,SERGIO FAJARDO,38
07,BOYACA,247,SAN MATEO,VOTOS EN BLANCO,17
07,BOYACA,247,SAN MATEO,VOTOS NO MARCADOS,3
07,BOYACA,247,SAN MATEO,VOTOS NULOS,9
07,BOYACA,248,SAN MIGUEL DE SEMA,ENRIQUE GÓMEZ MARTÍNEZ,3
07,BOYACA,248,SAN MIGUEL DE SEMA,FEDERICO GUTIÉRREZ,190
07,BOYACA,248,SAN MIGUEL DE SEMA,GUSTAVO PETRO,268
07,BOYACA,248,SAN MIGUEL DE SEMA,INGRID BETANCOURT,3
07,BOYACA,248,SAN MIGUEL DE SEMA,RODOLFO HERNÁNDEZ,1091
07,BOYACA,248,SAN MIGUEL DE SEMA,SERGIO FAJARDO,47
07,BOYACA,248,SAN MIGUEL DE SEMA,VOTOS EN BLANCO,22
07,BOYACA,248,SAN MIGUEL DE SEMA,VOTOS NO MARCADOS,5
07,BOYACA,248,SAN MIGUEL DE SEMA,VOTOS NULOS,15
07,BOYACA,249,SAN PABLO DE BORBUR,ENRIQUE GÓMEZ MARTÍNEZ,9
07,BOYACA,249,SAN PABLO DE BORBUR,FEDERICO GUTIÉRREZ,331
07,BOYACA,249,SAN PABLO DE BORBUR,GUSTAVO PETRO,322
07,BOYACA,249,SAN PABLO DE BORBUR,INGRID BETANCOURT,1
07,BOYACA,249,SAN PABLO DE BORBUR,JOHN MILTON RODRÍGUEZ,35
07,BOYACA,249,SAN PABLO DE BORBUR,LUIS PÉREZ,1
07,BOYACA,249,SAN PABLO DE BORBUR,RODOLFO HERNÁNDEZ,2222
07,BOYACA,249,SAN PABLO DE BORBUR,SERGIO FAJARDO,36
07,BOYACA,249,SAN PABLO DE BORBUR,VOTOS EN BLANCO,22
07,BOYACA,249,SAN PABLO DE BORBUR,VOTOS NO MARCADOS,8
07,BOYACA,249,SAN PABLO DE BORBUR,VOTOS NULOS,31
07,BOYACA,250,SANTANA,ENRIQUE GÓMEZ MARTÍNEZ,9
07,BOYACA,250,SANTANA,FEDERICO GUTIÉRREZ,448
07,BOYACA,250,SANTANA,GUSTAVO PETRO,751
07,BOYACA,250,SANTANA,INGRID BETANCOURT,2
07,BOYACA,250,SANTANA,JOHN MILTON RODRÍGUEZ,71
07,BOYACA,250,SANTANA,LUIS PÉREZ,1
07,BOYACA,250,SANTANA,RODOLFO HERNÁNDEZ,2672
07,BOYACA,250,SANTANA,SERGIO FAJARDO,42
07,BOYACA,250,SANTANA,VOTOS EN BLANCO,23
07,BOYACA,250,SANTANA,VOTOS NO MARCADOS,7
07,BOYACA,250,SANTANA,VOTOS NULOS,18
07,BOYACA,251,SANTA MARIA,ENRIQUE GÓMEZ MARTÍNEZ,12
07,BOYACA,251,SANTA MARIA,FEDERICO GUTIÉRREZ,141
07,BOYACA,251,SANTA MARIA,GUSTAVO PETRO,475
07,BOYACA,251,SANTA MARIA,INGRID BETANCOURT,3
07,BOYACA,251,SANTA MARIA,JOHN MILTON RODRÍGUEZ,4
07,BOYACA,251,SANTA MARIA,LUIS PÉREZ,2
07,BOYACA,251,SANTA MARIA,RODOLFO HERNÁNDEZ,1097
07,BOYACA,251,SANTA MARIA,SERGIO FAJARDO,54
07,BOYACA,251,SANTA MARIA,VOTOS EN BLANCO,42
07,BOYACA,251,SANTA MARIA,VOTOS NO MARCADOS,7
07,BOYACA,251,SANTA MARIA,VOTOS NULOS,28
07,BOYACA,253,SANTA ROSA DE VITERBO,ENRIQUE GÓMEZ MARTÍNEZ,24
07,BOYACA,253,SANTA ROSA DE VITERBO,FEDERICO GUTIÉRREZ,787
07,BOYACA,253,SANTA ROSA DE VITERBO,GUSTAVO PETRO,1553
07,BOYACA,253,SANTA ROSA DE VITERBO,INGRID BETANCOURT,8
07,BOYACA,253,SANTA ROSA DE VITERBO,JOHN MILTON RODRÍGUEZ,31
07,BOYACA,253,SANTA ROSA DE VITERBO,RODOLFO HERNÁNDEZ,3230
07,BOYACA,253,SANTA ROSA DE VITERBO,SERGIO FAJARDO,208
07,BOYACA,253,SANTA ROSA DE VITERBO,VOTOS EN BLANCO,64
07,BOYACA,253,SANTA ROSA DE VITERBO,VOTOS NO MARCADOS,9
07,BOYACA,253,SANTA ROSA DE VITERBO,VOTOS NULOS,54
07,BOYACA,256,SANTA SOFIA,ENRIQUE GÓMEZ MARTÍNEZ,2
07,BOYACA,256,SANTA SOFIA,FEDERICO GUTIÉRREZ,235
07,BOYACA,256,SANTA SOFIA,GUSTAVO PETRO,230
07,BOYACA,256,SANTA SOFIA,JOHN MILTON RODRÍGUEZ,11
07,BOYACA,256,SANTA SOFIA,RODOLFO HERNÁNDEZ,1306
07,BOYACA,256,SANTA SOFIA,SERGIO FAJARDO,57
07,BOYACA,256,SANTA SOFIA,VOTOS EN BLANCO,16
07,BOYACA,256,SANTA SOFIA,VOTOS NO MARCADOS,2
07,BOYACA,256,SANTA SOFIA,VOTOS NULOS,15
07,BOYACA,259,SATIVANORTE,FEDERICO GUTIÉRREZ,183
07,BOYACA,259,SATIVANORTE,GUSTAVO PETRO,177
07,BOYACA,259,SATIVANORTE,RODOLFO HERNÁNDEZ,927
07,BOYACA,259,SATIVANORTE,SERGIO FAJARDO,26
07,BOYACA,259,SATIVANORTE,VOTOS EN BLANCO,5
07,BOYACA,259,SATIVANORTE,VOTOS NO MARCADOS,1
07,BOYACA,259,SATIVANORTE,VOTOS NULOS,7
07,BOYACA,262,SATIVASUR,FEDERICO GUTIÉRREZ,108
07,BOYACA,262,SATIVASUR,GUSTAVO PETRO,134
07,BOYACA,262,SATIVASUR,INGRID BETANCOURT,1
07,BOYACA,262,SATIVASUR,RODOLFO HERNÁNDEZ,317
07,BOYACA,262,SATIVASUR,SERGIO FAJARDO,18
07,BOYACA,262,SATIVASUR,VOTOS EN BLANCO,12
07,BOYACA,262,SATIVASUR,VOTOS NO MARCADOS,1
07,BOYACA,262,SATIVASUR,VOTOS NULOS,14
07,BOYACA,265,SIACHOQUE,ENRIQUE GÓMEZ MARTÍNEZ,14
07,BOYACA,265,SIACHOQUE,FEDERICO GUTIÉRREZ,219
07,BOYACA,265,SIACHOQUE,GUSTAVO PETRO,811
07,BOYACA,265,SIACHOQUE,JOHN MILTON RODRÍGUEZ,14
07,BOYACA,265,SIACHOQUE,LUIS PÉREZ,3
07,BOYACA,265,SIACHOQUE,RODOLFO HERNÁNDEZ,2646
07,BOYACA,265,SIACHOQUE,SERGIO FAJARDO,120
07,BOYACA,265,SIACHOQUE,VOTOS EN BLANCO,37
07,BOYACA,265,SIACHOQUE,VOTOS NO MARCADOS,13
07,BOYACA,265,SIACHOQUE,VOTOS NULOS,44
07,BOYACA,268,SOATA,ENRIQUE GÓMEZ MARTÍNEZ,15
07,BOYACA,268,SOATA,FEDERICO GUTIÉRREZ,934
07,BOYACA,268,SOATA,GUSTAVO PETRO,1034
07,BOYACA,268,SOATA,INGRID BETANCOURT,4
07,BOYACA,268,SOATA,JOHN MILTON RODRÍGUEZ,27
07,BOYACA,268,SOATA,LUIS PÉREZ,1
07,BOYACA,268,SOATA,RODOLFO HERNÁNDEZ,2420
07,BOYACA,268,SOATA,SERGIO FAJARDO,148
07,BOYACA,268,SOATA,VOTOS EN BLANCO,58
07,BOYACA,268,SOATA,VOTOS NO MARCADOS,5
07,BOYACA,268,SOATA,VOTOS NULOS,39
07,BOYACA,271,SOCOTA,ENRIQUE GÓMEZ MARTÍNEZ,11
07,BOYACA,271,SOCOTA,FEDERICO GUTIÉRREZ,257
07,BOYACA,271,SOCOTA,GUSTAVO PETRO,667
07,BOYACA,271,SOCOTA,INGRID BETANCOURT,2
07,BOYACA,271,SOCOTA,JOHN MILTON RODRÍGUEZ,14
07,BOYACA,271,SOCOTA,LUIS PÉREZ,2
07,BOYACA,271,SOCOTA,RODOLFO HERNÁNDEZ,1992
07,BOYACA,271,SOCOTA,SERGIO FAJARDO,49
07,BOYACA,271,SOCOTA,VOTOS EN BLANCO,35
07,BOYACA,271,SOCOTA,VOTOS NO MARCADOS,8
07,BOYACA,271,SOCOTA,VOTOS NULOS,45
07,BOYACA,274,SOCHA,ENRIQUE GÓMEZ MARTÍNEZ,13
07,BOYACA,274,SOCHA,FEDERICO GUTIÉRREZ,282
07,BOYACA,274,SOCHA,GUSTAVO PETRO,987
07,BOYACA,274,SOCHA,INGRID BETANCOURT,3
07,BOYACA,274,SOCHA,JOHN MILTON RODRÍGUEZ,13
07,BOYACA,274,SOCHA,LUIS PÉREZ,1
07,BOYACA,274,SOCHA,RODOLFO HERNÁNDEZ,1775
07,BOYACA,274,SOCHA,SERGIO FAJARDO,141
07,BOYACA,274,SOCHA,VOTOS EN BLANCO,60
07,BOYACA,274,SOCHA,VOTOS NO MARCADOS,9
07,BOYACA,274,SOCHA,VOTOS NULOS,65
07,BOYACA,277,SOGAMOSO,ENRIQUE GÓMEZ MARTÍNEZ,139
07,BOYACA,277,SOGAMOSO,FEDERICO GUTIÉRREZ,7251
07,BOYACA,277,SOGAMOSO,GUSTAVO PETRO,27019
07,BOYACA,277,SOGAMOSO,INGRID BETANCOURT,31
07,BOYACA,277,SOGAMOSO,JOHN MILTON RODRÍGUEZ,720
07,BOYACA,277,SOGAMOSO,LUIS PÉREZ,29
07,BOYACA,277,SOGAMOSO,RODOLFO HERNÁNDEZ,26315
07,BOYACA,277,SOGAMOSO,SERGIO FAJARDO,3229
07,BOYACA,277,SOGAMOSO,VOTOS EN BLANCO,962
07,BOYACA,277,SOGAMOSO,VOTOS NO MARCADOS,45
07,BOYACA,277,SOGAMOSO,VOTOS NULOS,682
07,BOYACA,280,SOMONDOCO,ENRIQUE GÓMEZ MARTÍNEZ,4
07,BOYACA,280,SOMONDOCO,FEDERICO GUTIÉRREZ,168
07,BOYACA,280,SOMONDOCO,GUSTAVO PETRO,321
07,BOYACA,280,SOMONDOCO,JOHN MILTON RODRÍGUEZ,9
07,BOYACA,280,SOMONDOCO,LUIS PÉREZ,2
07,BOYACA,280,SOMONDOCO,RODOLFO HERNÁNDEZ,945
07,BOYACA,280,SOMONDOCO,SERGIO FAJARDO,55
07,BOYACA,280,SOMONDOCO,VOTOS EN BLANCO,14
07,BOYACA,280,SOMONDOCO,VOTOS NO MARCADOS,2
07,BOYACA,280,SOMONDOCO,VOTOS NULOS,13
07,BOYACA,281,SORA,ENRIQUE GÓMEZ MARTÍNEZ,4
07,BOYACA,281,SORA,FEDERICO GUTIÉRREZ,82
07,BOYACA,281,SORA,GUSTAVO PETRO,570
07,BOYACA,281,SORA,INGRID BETANCOURT,1
07,BOYACA,281,SORA,JOHN MILTON RODRÍGUEZ,1
07,BOYACA,281,SORA,RODOLFO HERNÁNDEZ,1095
07,BOYACA,281,SORA,SERGIO FAJARDO,44
07,BOYACA,281,SORA,VOTOS EN BLANCO,11
07,BOYACA,281,SORA,VOTOS NO MARCADOS,3
07,BOYACA,281,SORA,VOTOS NULOS,12
07,BOYACA,282,SORACA,ENRIQUE GÓMEZ MARTÍNEZ,16
07,BOYACA,282,SORACA,FEDERICO GUTIÉRREZ,197
07,BOYACA,282,SORACA,GUSTAVO PETRO,944
07,BOYACA,282,SORACA,INGRID BETANCOURT,2
07,BOYACA,282,SORACA,JOHN MILTON RODRÍGUEZ,4
07,BOYACA,282,SORACA,RODOLFO HERNÁNDEZ,2443
07,BOYACA,282,SORACA,SERGIO FAJARDO,82
07,BOYACA,282,SORACA,VOTOS EN BLANCO,32
07,BOYACA,282,SORACA,VOTOS NO MARCADOS,10
07,BOYACA,282,SORACA,VOTOS NULOS,25
07,BOYACA,283,SOTAQUIRA,ENRIQUE GÓMEZ MARTÍNEZ,8
07,BOYACA,283,SOTAQUIRA,FEDERICO GUTIÉRREZ,346
07,BOYACA,283,SOTAQUIRA,GUSTAVO PETRO,780
07,BOYACA,283,SOTAQUIRA,INGRID BETANCOURT,3
07,BOYACA,283,SOTAQUIRA,JOHN MILTON RODRÍGUEZ,33
07,BOYACA,283,SOTAQUIRA,LUIS PÉREZ,1
07,BOYACA,283,SOTAQUIRA,RODOLFO HERNÁNDEZ,2640
07,BOYACA,283,SOTAQUIRA,SERGIO FAJARDO,133
07,BOYACA,283,SOTAQUIRA,VOTOS EN BLANCO,43
07,BOYACA,283,SOTAQUIRA,VOTOS NO MARCADOS,8
07,BOYACA,283,SOTAQUIRA,VOTOS NULOS,57
07,BOYACA,286,SUSACON,ENRIQUE GÓMEZ MARTÍNEZ,3
07,BOYACA,286,SUSACON,FEDERICO GUTIÉRREZ,266
07,BOYACA,286,SUSACON,GUSTAVO PETRO,209
07,BOYACA,286,SUSACON,RODOLFO HERNÁNDEZ,954
07,BOYACA,286,SUSACON,SERGIO FAJARDO,34
07,BOYACA,286,SUSACON,VOTOS EN BLANCO,10
07,BOYACA,286,SUSACON,VOTOS NO MARCADOS,5
07,BOYACA,286,SUSACON,VOTOS NULOS,11
07,BOYACA,289,SUTAMARCHAN,FEDERICO GUTIÉRREZ,342
07,BOYACA,289,SUTAMARCHAN,GUSTAVO PETRO,921
07,BOYACA,289,SUTAMARCHAN,JOHN MILTON RODRÍGUEZ,13
07,BOYACA,289,SUTAMARCHAN,LUIS PÉREZ,1
07,BOYACA,289,SUTAMARCHAN,RODOLFO HERNÁNDEZ,2398
07,BOYACA,289,SUTAMARCHAN,SERGIO FAJARDO,108
07,BOYACA,289,SUTAMARCHAN,VOTOS EN BLANCO,32
07,BOYACA,289,SUTAMARCHAN,VOTOS NO MARCADOS,5
07,BOYACA,289,SUTAMARCHAN,VOTOS NULOS,8
07,BOYACA,292,SUTATENZA,ENRIQUE GÓMEZ MARTÍNEZ,6
07,BOYACA,292,SUTATENZA,FEDERICO GUTIÉRREZ,323
07,BOYACA,292,SUTATENZA,GUSTAVO PETRO,472
07,BOYACA,292,SUTATENZA,JOHN MILTON RODRÍGUEZ,10
07,BOYACA,292,SUTATENZA,RODOLFO HERNÁNDEZ,1317
07,BOYACA,292,SUTATENZA,SERGIO FAJARDO,55
07,BOYACA,292,SUTATENZA,VOTOS EN BLANCO,23
07,BOYACA,292,SUTATENZA,VOTOS NO MARCADOS,6
07,BOYACA,292,SUTATENZA,VOTOS NULOS,29
07,BOYACA,298,TASCO,ENRIQUE GÓMEZ MARTÍNEZ,5
07,BOYACA,298,TASCO,FEDERICO GUTIÉRREZ,197
07,BOYACA,298,TASCO,GUSTAVO PETRO,814
07,BOYACA,298,TASCO,INGRID BETANCOURT,2
07,BOYACA,298,TASCO,JOHN MILTON RODRÍGUEZ,14
07,BOYACA,298,TASCO,RODOLFO HERNÁNDEZ,1468
07,BOYACA,298,TASCO,SERGIO FAJARDO,82
07,BOYACA,298,TASCO,VOTOS EN BLANCO,32
07,BOYACA,298,TASCO,VOTOS NO MARCADOS,4
07,BOYACA,298,TASCO,VOTOS NULOS,22
07,BOYACA,301,TENZA,ENRIQUE GÓMEZ MARTÍNEZ,6
07,BOYACA,301,TENZA,FEDERICO GUTIÉRREZ,228
07,BOYACA,301,TENZA,GUSTAVO PETRO,346
07,BOYACA,301,TENZA,JOHN MILTON RODRÍGUEZ,9
07,BOYACA,301,TENZA,RODOLFO HERNÁNDEZ,1299
07,BOYACA,301,TENZA,SERGIO FAJARDO,93
07,BOYACA,301,TENZA,VOTOS EN BLANCO,19
07,BOYACA,301,TENZA,VOTOS NO MARCADOS,5
07,BOYACA,301,TENZA,VOTOS NULOS,15
07,BOYACA,304,TIBANA,ENRIQUE GÓMEZ MARTÍNEZ,13
07,BOYACA,304,TIBANA,FEDERICO GUTIÉRREZ,234
07,BOYACA,304,TIBANA,GUSTAVO PETRO,948
07,BOYACA,304,TIBANA,INGRID BETANCOURT,2
07,BOYACA,304,TIBANA,JOHN MILTON RODRÍGUEZ,23
07,BOYACA,304,TIBANA,LUIS PÉREZ,3
07,BOYACA,304,TIBANA,RODOLFO HERNÁNDEZ,2623
07,BOYACA,304,TIBANA,SERGIO FAJARDO,115
07,BOYACA,304,TIBANA,VOTOS EN BLANCO,56
07,BOYACA,304,TIBANA,VOTOS NO MARCADOS,5
07,BOYACA,304,TIBANA,VOTOS NULOS,44
07,BOYACA,307,TIBASOSA,ENRIQUE GÓMEZ MARTÍNEZ,16
07,BOYACA,307,TIBASOSA,FEDERICO GUTIÉRREZ,700
07,BOYACA,307,TIBASOSA,GUSTAVO PETRO,2405
07,BOYACA,307,TIBASOSA,INGRID BETANCOURT,1
07,BOYACA,307,TIBASOSA,JOHN MILTON RODRÍGUEZ,48
07,BOYACA,307,TIBASOSA,LUIS PÉREZ,2
07,BOYACA,307,TIBASOSA,RODOLFO HERNÁNDEZ,2685
07,BOYACA,307,TIBASOSA,SERGIO FAJARDO,305
07,BOYACA,307,TIBASOSA,VOTOS EN BLANCO,84
07,BOYACA,307,TIBASOSA,VOTOS NO MARCADOS,4
07,BOYACA,307,TIBASOSA,VOTOS NULOS,55
07,BOYACA,310,TINJACA,ENRIQUE GÓMEZ MARTÍNEZ,6
07,BOYACA,310,TINJACA,FEDERICO GUTIÉRREZ,190
07,BOYACA,310,TINJACA,GUSTAVO PETRO,665
07,BOYACA,310,TINJACA,INGRID BETANCOURT,1
07,BOYACA,310,TINJACA,JOHN MILTON RODRÍGUEZ,4
07,BOYACA,310,TINJACA,LUIS PÉREZ,2
07,BOYACA,310,TINJACA,RODOLFO HERNÁNDEZ,1152
07,BOYACA,310,TINJACA,SERGIO FAJARDO,58
07,BOYACA,310,TINJACA,VOTOS EN BLANCO,6
07,BOYACA,310,TINJACA,VOTOS NO MARCADOS,1
07,BOYACA,310,TINJACA,VOTOS NULOS,11
07,BOYACA,311,TIPACOQUE,ENRIQUE GÓMEZ MARTÍNEZ,1
07,BOYACA,311,TIPACOQUE,FEDERICO GUTIÉRREZ,175
07,BOYACA,311,TIPACOQUE,GUSTAVO PETRO,316
07,BOYACA,311,TIPACOQUE,INGRID BETANCOURT,1
07,BOYACA,311,TIPACOQUE,JOHN MILTON RODRÍGUEZ,4
07,BOYACA,311,TIPACOQUE,LUIS PÉREZ,1
07,BOYACA,311,TIPACOQUE,RODOLFO HERNÁNDEZ,1285
07,BOYACA,311,TIPACOQUE,SERGIO FAJARDO,29
07,BOYACA,311,TIPACOQUE,VOTOS EN BLANCO,11
07,BOYACA,311,TIPACOQUE,VOTOS NO MARCADOS,8
07,BOYACA,311,TIPACOQUE,VOTOS NULOS,9
07,BOYACA,313,TOCA,ENRIQUE GÓMEZ MARTÍNEZ,13
07,BOYACA,313,TOCA,FEDERICO GUTIÉRREZ,238
07,BOYACA,313,TOCA,GUSTAVO PETRO,1230
07,BOYACA,313,TOCA,INGRID BETANCOURT,3
07,BOYACA,313,TOCA,JOHN MILTON RODRÍGUEZ,18
07,BOYACA,313,TOCA,LUIS PÉREZ,3
07,BOYACA,313,TOCA,RODOLFO HERNÁNDEZ,3201
07,BOYACA,313,TOCA,SERGIO FAJARDO,104
07,BOYACA,313,TOCA,VOTOS EN BLANCO,66
07,BOYACA,313,TOCA,VOTOS NO MARCADOS,7
07,BOYACA,313,TOCA,VOTOS NULOS,42
07,BOYACA,316,TOGUI,ENRIQUE GÓMEZ MARTÍNEZ,3
07,BOYACA,316,TOGUI,FEDERICO GUTIÉRREZ,313
07,BOYACA,316,TOGUI,GUSTAVO PETRO,320
07,BOYACA,316,TOGUI,INGRID BETANCOURT,1
07,BOYACA,316,TOGUI,JOHN MILTON RODRÍGUEZ,28
07,BOYACA,316,TOGUI,LUIS PÉREZ,2
07,BOYACA,316,TOGUI,RODOLFO HERNÁNDEZ,1484
07,BOYACA,316,TOGUI,SERGIO FAJARDO,48
07,BOYACA,316,TOGUI,VOTOS EN BLANCO,20
07,BOYACA,316,TOGUI,VOTOS NO MARCADOS,10
07,BOYACA,316,TOGUI,VOTOS NULOS,26
07,BOYACA,319,TOPAGA,ENRIQUE GÓMEZ MARTÍNEZ,12
07,BOYACA,319,TOPAGA,FEDERICO GUTIÉRREZ,326
07,BOYACA,319,TOPAGA,GUSTAVO PETRO,505
07,BOYACA,319,TOPAGA,INGRID BETANCOURT,2
07,BOYACA,319,TOPAGA,JOHN MILTON RODRÍGUEZ,15
07,BOYACA,319,TOPAGA,LUIS PÉREZ,1
07,BOYACA,319,TOPAGA,RODOLFO HERNÁNDEZ,1284
07,BOYACA,319,TOPAGA,SERGIO FAJARDO,58
07,BOYACA,319,TOPAGA,VOTOS EN BLANCO,36
07,BOYACA,319,TOPAGA,VOTOS NO MARCADOS,3
07,BOYACA,319,TOPAGA,VOTOS NULOS,37
07,BOYACA,322,TOTA,ENRIQUE GÓMEZ MARTÍNEZ,15
07,BOYACA,322,TOTA,FEDERICO GUTIÉRREZ,109
07,BOYACA,322,TOTA,GUSTAVO PETRO,335
07,BOYACA,322,TOTA,INGRID BETANCOURT,3
07,BOYACA,322,TOTA,JOHN MILTON RODRÍGUEZ,16
07,BOYACA,322,TOTA,RODOLFO HERNÁNDEZ,1477
07,BOYACA,322,TOTA,SERGIO FAJARDO,62
07,BOYACA,322,TOTA,VOTOS EN BLANCO,14
07,BOYACA,322,TOTA,VOTOS NO MARCADOS,8
07,BOYACA,322,TOTA,VOTOS NULOS,20
07,BOYACA,324,TUNUNGUA,ENRIQUE GÓMEZ MARTÍNEZ,1
07,BOYACA,324,TUNUNGUA,FEDERICO GUTIÉRREZ,93
07,BOYACA,324,TUNUNGUA,GUSTAVO PETRO,220
07,BOYACA,324,TUNUNGUA,JOHN MILTON RODRÍGUEZ,19
07,BOYACA,324,TUNUNGUA,LUIS PÉREZ,1
07,BOYACA,324,TUNUNGUA,RODOLFO HERNÁNDEZ,578
07,BOYACA,324,TUNUNGUA,SERGIO FAJARDO,11
07,BOYACA,324,TUNUNGUA,VOTOS EN BLANCO,4
07,BOYACA,324,TUNUNGUA,VOTOS NO MARCADOS,1
07,BOYACA,324,TUNUNGUA,VOTOS NULOS,3
07,BOYACA,325,TURMEQUE,ENRIQUE GÓMEZ MARTÍNEZ,14
07,BOYACA,325,TURMEQUE,FEDERICO GUTIÉRREZ,292
07,BOYACA,325,TURMEQUE,GUSTAVO PETRO,781
07,BOYACA,325,TURMEQUE,INGRID BETANCOURT,2
07,BOYACA,325,TURMEQUE,JOHN MILTON RODRÍGUEZ,19
07,BOYACA,325,TURMEQUE,RODOLFO HERNÁNDEZ,1891
07,BOYACA,325,TURMEQUE,SERGIO FAJARDO,161
07,BOYACA,325,TURMEQUE,VOTOS EN BLANCO,61
07,BOYACA,325,TURMEQUE,VOTOS NO MARCADOS,3
07,BOYACA,325,TURMEQUE,VOTOS NULOS,27
07,BOYACA,328,TUTA,ENRIQUE GÓMEZ MARTÍNEZ,14
07,BOYACA,328,TUTA,FEDERICO GUTIÉRREZ,351
07,BOYACA,328,TUTA,GUSTAVO PETRO,1589
07,BOYACA,328,TUTA,INGRID BETANCOURT,4
07,BOYACA,328,TUTA,JOHN MILTON RODRÍGUEZ,34
07,BOYACA,328,TUTA,RODOLFO HERNÁNDEZ,3091
07,BOYACA,328,TUTA,SERGIO FAJARDO,168
07,BOYACA,328,TUTA,VOTOS EN BLANCO,55
07,BOYACA,328,TUTA,VOTOS NO MARCADOS,2
07,BOYACA,328,TUTA,VOTOS NULOS,37
07,BOYACA,331,TUTAZA,ENRIQUE GÓMEZ MARTÍNEZ,10
07,BOYACA,331,TUTAZA,FEDERICO GUTIÉRREZ,118
07,BOYACA,331,TUTAZA,GUSTAVO PETRO,320
07,BOYACA,331,TUTAZA,INGRID BETANCOURT,1
07,BOYACA,331,TUTAZA,JOHN MILTON RODRÍGUEZ,3
07,BOYACA,331,TUTAZA,LUIS PÉREZ,2
07,BOYACA,331,TUTAZA,RODOLFO HERNÁNDEZ,835
07,BOYACA,331,TUTAZA,SERGIO FAJARDO,23
07,BOYACA,331,TUTAZA,VOTOS EN BLANCO,8
07,BOYACA,331,TUTAZA,VOTOS NULOS,18
07,BOYACA,334,UMBITA,ENRIQUE GÓMEZ MARTÍNEZ,10
07,BOYACA,334,UMBITA,FEDERICO GUTIÉRREZ,310
07,BOYACA,334,UMBITA,GUSTAVO PETRO,654
07,BOYACA,334,UMBITA,JOHN MILTON RODRÍGUEZ,5
07,BOYACA,334,UMBITA,LUIS PÉREZ,4
07,BOYACA,334,UMBITA,RODOLFO HERNÁNDEZ,2462
07,BOYACA,334,UMBITA,SERGIO FAJARDO,100
07,BOYACA,334,UMBITA,VOTOS EN BLANCO,34
07,BOYACA,334,UMBITA,VOTOS NO MARCADOS,6
07,BOYACA,334,UMBITA,VOTOS NULOS,22
07,BOYACA,337,VENTAQUEMADA,ENRIQUE GÓMEZ MARTÍNEZ,8
07,BOYACA,337,VENTAQUEMADA,FEDERICO GUTIÉRREZ,404
07,BOYACA,337,VENTAQUEMADA,GUSTAVO PETRO,1893
07,BOYACA,337,VENTAQUEMADA,INGRID BETANCOURT,6
07,BOYACA,337,VENTAQUEMADA,JOHN MILTON RODRÍGUEZ,60
07,BOYACA,337,VENTAQUEMADA,LUIS PÉREZ,4
07,BOYACA,337,VENTAQUEMADA,RODOLFO HERNÁNDEZ,4241
07,BOYACA,337,VENTAQUEMADA,SERGIO FAJARDO,191
07,BOYACA,337,VENTAQUEMADA,VOTOS EN BLANCO,75
07,BOYACA,337,VENTAQUEMADA,VOTOS NO MARCADOS,14
07,BOYACA,337,VENTAQUEMADA,VOTOS NULOS,55
07,BOYACA,340,VIRACACHA,ENRIQUE GÓMEZ MARTÍNEZ,8
07,BOYACA,340,VIRACACHA,FEDERICO GUTIÉRREZ,139
07,BOYACA,340,VIRACACHA,GUSTAVO PETRO,216
07,BOYACA,340,VIRACACHA,INGRID BETANCOURT,1
07,BOYACA,340,VIRACACHA,JOHN MILTON RODRÍGUEZ,7
07,BOYACA,340,VIRACACHA,LUIS PÉREZ,1
07,BOYACA,340,VIRACACHA,RODOLFO HERNÁNDEZ,1018
07,BOYACA,340,VIRACACHA,SERGIO FAJARDO,49
07,BOYACA,340,VIRACACHA,VOTOS EN BLANCO,12
07,BOYACA,340,VIRACACHA,VOTOS NO MARCADOS,3
07,BOYACA,340,VIRACACHA,VOTOS NULOS,18
07,BOYACA,346,ZETAQUIRA,ENRIQUE GÓMEZ MARTÍNEZ,3
07,BOYACA,346,ZETAQUIRA,FEDERICO GUTIÉRREZ,201
07,BOYACA,346,ZETAQUIRA,GUSTAVO PETRO,662
07,BOYACA,346,ZETAQUIRA,INGRID BETANCOURT,1
07,BOYACA,346,ZETAQUIRA,JOHN MILTON RODRÍGUEZ,9
07,BOYACA,346,ZETAQUIRA,LUIS PÉREZ,3
07,BOYACA,346,ZETAQUIRA,RODOLFO HERNÁNDEZ,1547
07,BOYACA,346,ZETAQUIRA,SERGIO FAJARDO,50
07,BOYACA,346,ZETAQUIRA,VOTOS EN BLANCO,27
07,BOYACA,346,ZETAQUIRA,VOTOS NO MARCADOS,3
07,BOYACA,346,ZETAQUIRA,VOTOS NULOS,15
09,CALDAS,001,MANIZALES,ENRIQUE GÓMEZ MARTÍNEZ,635
09,CALDAS,001,MANIZALES,FEDERICO GUTIÉRREZ,59259
09,CALDAS,001,MANIZALES,GUSTAVO PETRO,72852
09,CALDAS,001,MANIZALES,INGRID BETANCOURT,328
09,CALDAS,001,MANIZALES,JOHN MILTON RODRÍGUEZ,1971
09,CALDAS,001,MANIZALES,LUIS PÉREZ,259
09,CALDAS,001,MANIZALES,RODOLFO HERNÁNDEZ,54603
09,CALDAS,001,MANIZALES,SERGIO FAJARDO,19575
09,CALDAS,001,MANIZALES,VOTOS EN BLANCO,5383
09,CALDAS,001,MANIZALES,VOTOS NO MARCADOS,339
09,CALDAS,001,MANIZALES,VOTOS NULOS,4496
09,CALDAS,004,AGUADAS,ENRIQUE GÓMEZ MARTÍNEZ,39
09,CALDAS,004,AGUADAS,FEDERICO GUTIÉRREZ,4530
09,CALDAS,004,AGUADAS,GUSTAVO PETRO,1217
09,CALDAS,004,AGUADAS,INGRID BETANCOURT,16
09,CALDAS,004,AGUADAS,JOHN MILTON RODRÍGUEZ,94
09,CALDAS,004,AGUADAS,LUIS PÉREZ,5
09,CALDAS,004,AGUADAS,RODOLFO HERNÁNDEZ,4088
09,CALDAS,004,AGUADAS,SERGIO FAJARDO,497
09,CALDAS,004,AGUADAS,VOTOS EN BLANCO,159
09,CALDAS,004,AGUADAS,VOTOS NO MARCADOS,48
09,CALDAS,004,AGUADAS,VOTOS NULOS,247
09,CALDAS,007,ANSERMA,ENRIQUE GÓMEZ MARTÍNEZ,39
09,CALDAS,007,ANSERMA,FEDERICO GUTIÉRREZ,5402
09,CALDAS,007,ANSERMA,GUSTAVO PETRO,3173
09,CALDAS,007,ANSERMA,JOHN MILTON RODRÍGUEZ,80
09,CALDAS,007,ANSERMA,RODOLFO HERNÁNDEZ,5521
09,CALDAS,007,ANSERMA,SERGIO FAJARDO,548
09,CALDAS,007,ANSERMA,VOTOS EN BLANCO,287
09,CALDAS,007,ANSERMA,VOTOS NO MARCADOS,83
09,CALDAS,007,ANSERMA,VOTOS NULOS,463
09,CALDAS,013,ARANZAZU,ENRIQUE GÓMEZ MARTÍNEZ,23
09,CALDAS,013,ARANZAZU,FEDERICO GUTIÉRREZ,2503
09,CALDAS,013,ARANZAZU,GUSTAVO PETRO,706
09,CALDAS,013,ARANZAZU,INGRID BETANCOURT,7
09,CALDAS,013,ARANZAZU,JOHN MILTON RODRÍGUEZ,27
09,CALDAS,013,ARANZAZU,RODOLFO HERNÁNDEZ,2056
09,CALDAS,013,ARANZAZU,SERGIO FAJARDO,374
09,CALDAS,013,ARANZAZU,VOTOS EN BLANCO,108
09,CALDAS,013,ARANZAZU,VOTOS NO MARCADOS,30
09,CALDAS,013,ARANZAZU,VOTOS NULOS,119
09,CALDAS,022,BELALCAZAR,ENRIQUE GÓMEZ MARTÍNEZ,14
09,CALDAS,022,BELALCAZAR,FEDERICO GUTIÉRREZ,1662
09,CALDAS,022,BELALCAZAR,GUSTAVO PETRO,1125
09,CALDAS,022,BELALCAZAR,INGRID BETANCOURT,7
09,CALDAS,022,BELALCAZAR,JOHN MILTON RODRÍGUEZ,35
09,CALDAS,022,BELALCAZAR,RODOLFO HERNÁNDEZ,1857
09,CALDAS,022,BELALCAZAR,SERGIO FAJARDO,138
09,CALDAS,022,BELALCAZAR,VOTOS EN BLANCO,93
09,CALDAS,022,BELALCAZAR,VOTOS NO MARCADOS,15
09,CALDAS,022,BELALCAZAR,VOTOS NULOS,100
09,CALDAS,034,CHINCHINA,ENRIQUE GÓMEZ MARTÍNEZ,51
09,CALDAS,034,CHINCHINA,FEDERICO GUTIÉRREZ,6728
09,CALDAS,034,CHINCHINA,GUSTAVO PETRO,7811
09,CALDAS,034,CHINCHINA,INGRID BETANCOURT,28
09,CALDAS,034,CHINCHINA,JOHN MILTON RODRÍGUEZ,313
09,CALDAS,034,CHINCHINA,LUIS PÉREZ,12
09,CALDAS,034,CHINCHINA,RODOLFO HERNÁNDEZ,8703
09,CALDAS,034,CHINCHINA,SERGIO FAJARDO,1275
09,CALDAS,034,CHINCHINA,VOTOS EN BLANCO,578
09,CALDAS,034,CHINCHINA,VOTOS NO MARCADOS,68
09,CALDAS,034,CHINCHINA,VOTOS NULOS,714
09,CALDAS,037,FILADELFIA,ENRIQUE GÓMEZ MARTÍNEZ,11
09,CALDAS,037,FILADELFIA,FEDERICO GUTIÉRREZ,1966
09,CALDAS,037,FILADELFIA,GUSTAVO PETRO,804
09,CALDAS,037,FILADELFIA,INGRID BETANCOURT,5
09,CALDAS,037,FILADELFIA,JOHN MILTON RODRÍGUEZ,24
09,CALDAS,037,FILADELFIA,LUIS PÉREZ,1
09,CALDAS,037,FILADELFIA,RODOLFO HERNÁNDEZ,1666
09,CALDAS,037,FILADELFIA,SERGIO FAJARDO,175
09,CALDAS,037,FILADELFIA,VOTOS EN BLANCO,69
09,CALDAS,037,FILADELFIA,VOTOS NO MARCADOS,18
09,CALDAS,037,FILADELFIA,VOTOS NULOS,76
09,CALDAS,049,LA DORADA,ENRIQUE GÓMEZ MARTÍNEZ,61
09,CALDAS,049,LA DORADA,FEDERICO GUTIÉRREZ,7349
09,CALDAS,049,LA DORADA,GUSTAVO PETRO,7279
09,CALDAS,049,LA DORADA,INGRID BETANCOURT,19
09,CALDAS,049,LA DORADA,JOHN MILTON RODRÍGUEZ,467
09,CALDAS,049,LA DORADA,LUIS PÉREZ,7
09,CALDAS,049,LA DORADA,RODOLFO HERNÁNDEZ,13316
09,CALDAS,049,LA DORADA,SERGIO FAJARDO,723
09,CALDAS,049,LA DORADA,VOTOS EN BLANCO,457
09,CALDAS,049,LA DORADA,VOTOS NO MARCADOS,76
09,CALDAS,049,LA DORADA,VOTOS NULOS,818
09,CALDAS,052,LA MERCED,ENRIQUE GÓMEZ MARTÍNEZ,10
09,CALDAS,052,LA MERCED,FEDERICO GUTIÉRREZ,881
09,CALDAS,052,LA MERCED,GUSTAVO PETRO,497
09,CALDAS,052,LA MERCED,INGRID BETANCOURT,2
09,CALDAS,052,LA MERCED,JOHN MILTON RODRÍGUEZ,19
09,CALDAS,052,LA MERCED,LUIS PÉREZ,3
09,CALDAS,052,LA MERCED,RODOLFO HERNÁNDEZ,1115
09,CALDAS,052,LA MERCED,SERGIO FAJARDO,91
09,CALDAS,052,LA MERCED,VOTOS EN BLANCO,64
09,CALDAS,052,LA MERCED,VOTOS NO MARCADOS,20
09,CALDAS,052,LA MERCED,VOTOS NULOS,44
09,CALDAS,055,MANZANARES,ENRIQUE GÓMEZ MARTÍNEZ,25
09,CALDAS,055,MANZANARES,FEDERICO GUTIÉRREZ,2632
09,CALDAS,055,MANZANARES,GUSTAVO PETRO,1119
09,CALDAS,055,MANZANARES,INGRID BETANCOURT,4
09,CALDAS,055,MANZANARES,JOHN MILTON RODRÍGUEZ,26
09,CALDAS,055,MANZANARES,LUIS PÉREZ,2
09,CALDAS,055,MANZANARES,RODOLFO HERNÁNDEZ,3624
09,CALDAS,055,MANZANARES,SERGIO FAJARDO,196
09,CALDAS,055,MANZANARES,VOTOS EN BLANCO,124
09,CALDAS,055,MANZANARES,VOTOS NO MARCADOS,32
09,CALDAS,055,MANZANARES,VOTOS NULOS,110
09,CALDAS,058,MARMATO,ENRIQUE GÓMEZ MARTÍNEZ,14
09,CALDAS,058,MARMATO,FEDERICO GUTIÉRREZ,597
09,CALDAS,058,MARMATO,GUSTAVO PETRO,750
09,CALDAS,058,MARMATO,INGRID BETANCOURT,7
09,CALDAS,058,MARMATO,JOHN MILTON RODRÍGUEZ,37
09,CALDAS,058,MARMATO,LUIS PÉREZ,1
09,CALDAS,058,MARMATO,RODOLFO HERNÁNDEZ,1350
09,CALDAS,058,MARMATO,SERGIO FAJARDO,123
09,CALDAS,058,MARMATO,VOTOS EN BLANCO,92
09,CALDAS,058,MARMATO,VOTOS NO MARCADOS,13
09,CALDAS,058,MARMATO,VOTOS NULOS,83
09,CALDAS,061,MARQUETALIA,ENRIQUE GÓMEZ MARTÍNEZ,21
09,CALDAS,061,MARQUETALIA,FEDERICO GUTIÉRREZ,1495
09,CALDAS,061,MARQUETALIA,GUSTAVO PETRO,689
09,CALDAS,061,MARQUETALIA,INGRID BETANCOURT,11
09,CALDAS,061,MARQUETALIA,JOHN MILTON RODRÍGUEZ,41
09,CALDAS,061,MARQUETALIA,RODOLFO HERNÁNDEZ,3470
09,CALDAS,061,MARQUETALIA,SERGIO FAJARDO,175
09,CALDAS,061,MARQUETALIA,VOTOS EN BLANCO,87
09,CALDAS,061,MARQUETALIA,VOTOS NO MARCADOS,30
09,CALDAS,061,MARQUETALIA,VOTOS NULOS,76
09,CALDAS,067,MARULANDA,ENRIQUE GÓMEZ MARTÍNEZ,5
09,CALDAS,067,MARULANDA,FEDERICO GUTIÉRREZ,373
09,CALDAS,067,MARULANDA,GUSTAVO PETRO,157
09,CALDAS,067,MARULANDA,INGRID BETANCOURT,1
09,CALDAS,067,MARULANDA,JOHN MILTON RODRÍGUEZ,4
09,CALDAS,067,MARULANDA,RODOLFO HERNÁNDEZ,454
09,CALDAS,067,MARULANDA,SERGIO FAJARDO,49
09,CALDAS,067,MARULANDA,VOTOS EN BLANCO,25
09,CALDAS,067,MARULANDA,VOTOS NO MARCADOS,11
09,CALDAS,067,MARULANDA,VOTOS NULOS,13
09,CALDAS,076,NEIRA,ENRIQUE GÓMEZ MARTÍNEZ,40
09,CALDAS,076,NEIRA,FEDERICO GUTIÉRREZ,3581
09,CALDAS,076,NEIRA,GUSTAVO PETRO,2138
09,CALDAS,076,NEIRA,INGRID BETANCOURT,12
09,CALDAS,076,NEIRA,JOHN MILTON RODRÍGUEZ,87
09,CALDAS,076,NEIRA,LUIS PÉREZ,3
09,CALDAS,076,NEIRA,RODOLFO HERNÁNDEZ,3790
09,CALDAS,076,NEIRA,SERGIO FAJARDO,628
09,CALDAS,076,NEIRA,VOTOS EN BLANCO,186
09,CALDAS,076,NEIRA,VOTOS NO MARCADOS,48
09,CALDAS,076,NEIRA,VOTOS NULOS,286
09,CALDAS,078,NORCASIA,ENRIQUE GÓMEZ MARTÍNEZ,18
09,CALDAS,078,NORCASIA,FEDERICO GUTIÉRREZ,458
09,CALDAS,078,NORCASIA,GUSTAVO PETRO,753
09,CALDAS,078,NORCASIA,INGRID BETANCOURT,2
09,CALDAS,078,NORCASIA,JOHN MILTON RODRÍGUEZ,22
09,CALDAS,078,NORCASIA,LUIS PÉREZ,1
09,CALDAS,078,NORCASIA,RODOLFO HERNÁNDEZ,1761
09,CALDAS,078,NORCASIA,SERGIO FAJARDO,60
09,CALDAS,078,NORCASIA,VOTOS EN BLANCO,48
09,CALDAS,078,NORCASIA,VOTOS NO MARCADOS,13
09,CALDAS,078,NORCASIA,VOTOS NULOS,52
09,CALDAS,079,PACORA,ENRIQUE GÓMEZ MARTÍNEZ,33
09,CALDAS,079,PACORA,FEDERICO GUTIÉRREZ,2868
09,CALDAS,079,PACORA,GUSTAVO PETRO,774
09,CALDAS,079,PACORA,INGRID BETANCOURT,14
09,CALDAS,079,PACORA,JOHN MILTON RODRÍGUEZ,49
09,CALDAS,079,PACORA,LUIS PÉREZ,7
09,CALDAS,079,PACORA,RODOLFO HERNÁNDEZ,2395
09,CALDAS,079,PACORA,SERGIO FAJARDO,311
09,CALDAS,079,PACORA,VOTOS EN BLANCO,144
09,CALDAS,079,PACORA,VOTOS NO MARCADOS,51
09,CALDAS,079,PACORA,VOTOS NULOS,210
09,CALDAS,082,PALESTINA,ENRIQUE GÓMEZ MARTÍNEZ,13
09,CALDAS,082,PALESTINA,FEDERICO GUTIÉRREZ,1964
09,CALDAS,082,PALESTINA,GUSTAVO PETRO,2937
09,CALDAS,082,PALESTINA,INGRID BETANCOURT,15
09,CALDAS,082,PALESTINA,JOHN MILTON RODRÍGUEZ,90
09,CALDAS,082,PALESTINA,LUIS PÉREZ,2
09,CALDAS,082,PALESTINA,RODOLFO HERNÁNDEZ,2300
09,CALDAS,082,PALESTINA,SERGIO FAJARDO,209
09,CALDAS,082,PALESTINA,VOTOS EN BLANCO,148
09,CALDAS,082,PALESTINA,VOTOS NO MARCADOS,26
09,CALDAS,082,PALESTINA,VOTOS NULOS,235
09,CALDAS,085,PENSILVANIA,ENRIQUE GÓMEZ MARTÍNEZ,20
09,CALDAS,085,PENSILVANIA,FEDERICO GUTIÉRREZ,3567
09,CALDAS,085,PENSILVANIA,GUSTAVO PETRO,1341
09,CALDAS,085,PENSILVANIA,INGRID BETANCOURT,8
09,CALDAS,085,PENSILVANIA,JOHN MILTON RODRÍGUEZ,35
09,CALDAS,085,PENSILVANIA,LUIS PÉREZ,6
09,CALDAS,085,PENSILVANIA,RODOLFO HERNÁNDEZ,3435
09,CALDAS,085,PENSILVANIA,SERGIO FAJARDO,252
09,CALDAS,085,PENSILVANIA,VOTOS EN BLANCO,238
09,CALDAS,085,PENSILVANIA,VOTOS NO MARCADOS,53
09,CALDAS,085,PENSILVANIA,VOTOS NULOS,145
09,CALDAS,103,RIOSUCIO,ENRIQUE GÓMEZ MARTÍNEZ,44
09,CALDAS,103,RIOSUCIO,FEDERICO GUTIÉRREZ,7496
09,CALDAS,103,RIOSUCIO,GUSTAVO PETRO,7472
09,CALDAS,103,RIOSUCIO,INGRID BETANCOURT,1
09,CALDAS,103,RIOSUCIO,JOHN MILTON RODRÍGUEZ,130
09,CALDAS,103,RIOSUCIO,RODOLFO HERNÁNDEZ,5262
09,CALDAS,103,RIOSUCIO,SERGIO FAJARDO,761
09,CALDAS,103,RIOSUCIO,VOTOS EN BLANCO,570
09,CALDAS,103,RIOSUCIO,VOTOS NO MARCADOS,163
09,CALDAS,103,RIOSUCIO,VOTOS NULOS,569
09,CALDAS,106,RISARALDA,ENRIQUE GÓMEZ MARTÍNEZ,12
09,CALDAS,106,RISARALDA,FEDERICO GUTIÉRREZ,1598
09,CALDAS,106,RISARALDA,GUSTAVO PETRO,1023
09,CALDAS,106,RISARALDA,INGRID BETANCOURT,3
09,CALDAS,106,RISARALDA,JOHN MILTON RODRÍGUEZ,41
09,CALDAS,106,RISARALDA,LUIS PÉREZ,5
09,CALDAS,106,RISARALDA,RODOLFO HERNÁNDEZ,2148
09,CALDAS,106,RISARALDA,SERGIO FAJARDO,147
09,CALDAS,106,RISARALDA,VOTOS EN BLANCO,95
09,CALDAS,106,RISARALDA,VOTOS NO MARCADOS,25
09,CALDAS,106,RISARALDA,VOTOS NULOS,121
09,CALDAS,109,SALAMINA,ENRIQUE GÓMEZ MARTÍNEZ,13
09,CALDAS,109,SALAMINA,FEDERICO GUTIÉRREZ,3066
09,CALDAS,109,SALAMINA,GUSTAVO PETRO,1522
09,CALDAS,109,SALAMINA,INGRID BETANCOURT,5
09,CALDAS,109,SALAMINA,JOHN MILTON RODRÍGUEZ,19
09,CALDAS,109,SALAMINA,LUIS PÉREZ,3
09,CALDAS,109,SALAMINA,RODOLFO HERNÁNDEZ,2025
09,CALDAS,109,SALAMINA,SERGIO FAJARDO,399
09,CALDAS,109,SALAMINA,VOTOS EN BLANCO,171
09,CALDAS,109,SALAMINA,VOTOS NO MARCADOS,31
09,CALDAS,109,SALAMINA,VOTOS NULOS,160
09,CALDAS,115,SAMANA,ENRIQUE GÓMEZ MARTÍNEZ,15
09,CALDAS,115,SAMANA,FEDERICO GUTIÉRREZ,1937
09,CALDAS,115,SAMANA,GUSTAVO PETRO,1354
09,CALDAS,115,SAMANA,INGRID BETANCOURT,11
09,CALDAS,115,SAMANA,JOHN MILTON RODRÍGUEZ,23
09,CALDAS,115,SAMANA,LUIS PÉREZ,2
09,CALDAS,115,SAMANA,RODOLFO HERNÁNDEZ,4331
09,CALDAS,115,SAMANA,SERGIO FAJARDO,187
09,CALDAS,115,SAMANA,VOTOS EN BLANCO,141
09,CALDAS,115,SAMANA,VOTOS NO MARCADOS,32
09,CALDAS,115,SAMANA,VOTOS NULOS,121
09,CALDAS,120,SAN JOSE,ENRIQUE GÓMEZ MARTÍNEZ,4
09,CALDAS,120,SAN JOSE,FEDERICO GUTIÉRREZ,770
09,CALDAS,120,SAN JOSE,GUSTAVO PETRO,538
09,CALDAS,120,SAN JOSE,INGRID BETANCOURT,1
09,CALDAS,120,SAN JOSE,JOHN MILTON RODRÍGUEZ,26
09,CALDAS,120,SAN JOSE,RODOLFO HERNÁNDEZ,1097
09,CALDAS,120,SAN JOSE,SERGIO FAJARDO,94
09,CALDAS,120,SAN JOSE,VOTOS EN BLANCO,35
09,CALDAS,120,SAN JOSE,VOTOS NO MARCADOS,6
09,CALDAS,120,SAN JOSE,VOTOS NULOS,36
09,CALDAS,124,SUPIA,ENRIQUE GÓMEZ MARTÍNEZ,33
09,CALDAS,124,SUPIA,FEDERICO GUTIÉRREZ,3700
09,CALDAS,124,SUPIA,GUSTAVO PETRO,2989
09,CALDAS,124,SUPIA,INGRID BETANCOURT,19
09,CALDAS,124,SUPIA,JOHN MILTON RODRÍGUEZ,71
09,CALDAS,124,SUPIA,LUIS PÉREZ,8
09,CALDAS,124,SUPIA,RODOLFO HERNÁNDEZ,3892
09,CALDAS,124,SUPIA,SERGIO FAJARDO,442
09,CALDAS,124,SUPIA,VOTOS EN BLANCO,321
09,CALDAS,124,SUPIA,VOTOS NO MARCADOS,66
09,CALDAS,124,SUPIA,VOTOS NULOS,675
09,CALDAS,127,VICTORIA,ENRIQUE GÓMEZ MARTÍNEZ,7
09,CALDAS,127,VICTORIA,FEDERICO GUTIÉRREZ,1233
09,CALDAS,127,VICTORIA,GUSTAVO PETRO,778
09,CALDAS,127,VICTORIA,INGRID BETANCOURT,3
09,CALDAS,127,VICTORIA,JOHN MILTON RODRÍGUEZ,56
09,CALDAS,127,VICTORIA,LUIS PÉREZ,2
09,CALDAS,127,VICTORIA,RODOLFO HERNÁNDEZ,2219
09,CALDAS,127,VICTORIA,SERGIO FAJARDO,128
09,CALDAS,127,VICTORIA,VOTOS EN BLANCO,51
09,CALDAS,127,VICTORIA,VOTOS NO MARCADOS,20
09,CALDAS,127,VICTORIA,VOTOS NULOS,62
09,CALDAS,130,VILLAMARIA,ENRIQUE GÓMEZ MARTÍNEZ,89
09,CALDAS,130,VILLAMARIA,FEDERICO GUTIÉRREZ,7181
09,CALDAS,130,VILLAMARIA,GUSTAVO PETRO,9042
09,CALDAS,130,VILLAMARIA,INGRID BETANCOURT,16
09,CALDAS,130,VILLAMARIA,JOHN MILTON RODRÍGUEZ,228
09,CALDAS,130,VILLAMARIA,LUIS PÉREZ,31
09,CALDAS,130,VILLAMARIA,RODOLFO HERNÁNDEZ,8729
09,CALDAS,130,VILLAMARIA,SERGIO FAJARDO,1859
09,CALDAS,130,VILLAMARIA,VOTOS EN BLANCO,633
09,CALDAS,130,VILLAMARIA,VOTOS NO MARCADOS,61
09,CALDAS,130,VILLAMARIA,VOTOS NULOS,637
09,CALDAS,133,VITERBO,ENRIQUE GÓMEZ MARTÍNEZ,9
09,CALDAS,133,VITERBO,FEDERICO GUTIÉRREZ,2853
09,CALDAS,133,VITERBO,GUSTAVO PETRO,1394
09,CALDAS,133,VITERBO,INGRID BETANCOURT,9
09,CALDAS,133,VITERBO,JOHN MILTON RODRÍGUEZ,55
09,CALDAS,133,VITERBO,LUIS PÉREZ,5
09,CALDAS,133,VITERBO,RODOLFO HERNÁNDEZ,2714
09,CALDAS,133,VITERBO,SERGIO FAJARDO,242
09,CALDAS,133,VITERBO,VOTOS EN BLANCO,151
09,CALDAS,133,VITERBO,VOTOS NO MARCADOS,17
09,CALDAS,133,VITERBO,VOTOS NULOS,141
11,CAUCA,001,POPAYAN,ENRIQUE GÓMEZ MARTÍNEZ,264
11,CAUCA,001,POPAYAN,FEDERICO GUTIÉRREZ,29631
11,CAUCA,001,POPAYAN,GUSTAVO PETRO,95455
11,CAUCA,001,POPAYAN,INGRID BETANCOURT,127
11,CAUCA,001,POPAYAN,JOHN MILTON RODRÍGUEZ,2041
11,CAUCA,001,POPAYAN,LUIS PÉREZ,75
11,CAUCA,001,POPAYAN,RODOLFO HERNÁNDEZ,19623
11,CAUCA,001,POPAYAN,SERGIO FAJARDO,5997
11,CAUCA,001,POPAYAN,VOTOS EN BLANCO,3176
11,CAUCA,001,POPAYAN,VOTOS NO MARCADOS,187
11,CAUCA,001,POPAYAN,VOTOS NULOS,2403
11,CAUCA,004,ALMAGUER,ENRIQUE GÓMEZ MARTÍNEZ,12
11,CAUCA,004,ALMAGUER,FEDERICO GUTIÉRREZ,263
11,CAUCA,004,ALMAGUER,GUSTAVO PETRO,5588
11,CAUCA,004,ALMAGUER,INGRID BETANCOURT,4
11,CAUCA,004,ALMAGUER,JOHN MILTON RODRÍGUEZ,11
11,CAUCA,004,ALMAGUER,LUIS PÉREZ,4
11,CAUCA,004,ALMAGUER,RODOLFO HERNÁNDEZ,145
11,CAUCA,004,ALMAGUER,SERGIO FAJARDO,36
11,CAUCA,004,ALMAGUER,VOTOS EN BLANCO,49
11,CAUCA,004,ALMAGUER,VOTOS NO MARCADOS,20
11,CAUCA,004,ALMAGUER,VOTOS NULOS,58
11,CAUCA,005,ARGELIA,ENRIQUE GÓMEZ MARTÍNEZ,16
11,CAUCA,005,ARGELIA,FEDERICO GUTIÉRREZ,361
11,CAUCA,005,ARGELIA,GUSTAVO PETRO,9999
11,CAUCA,005,ARGELIA,INGRID BETANCOURT,10
11,CAUCA,005,ARGELIA,JOHN MILTON RODRÍGUEZ,122
11,CAUCA,005,ARGELIA,RODOLFO HERNÁNDEZ,595
11,CAUCA,005,ARGELIA,SERGIO FAJARDO,92
11,CAUCA,005,ARGELIA,VOTOS EN BLANCO,264
11,CAUCA,005,ARGELIA,VOTOS NO MARCADOS,30
11,CAUCA,005,ARGELIA,VOTOS NULOS,231
11,CAUCA,006,BALBOA,ENRIQUE GÓMEZ MARTÍNEZ,24
11,CAUCA,006,BALBOA,FEDERICO GUTIÉRREZ,434
11,CAUCA,006,BALBOA,GUSTAVO PETRO,7015
11,CAUCA,006,BALBOA,INGRID BETANCOURT,7
11,CAUCA,006,BALBOA,JOHN MILTON RODRÍGUEZ,106
11,CAUCA,006,BALBOA,LUIS PÉREZ,1
11,CAUCA,006,BALBOA,RODOLFO HERNÁNDEZ,435
11,CAUCA,006,BALBOA,SERGIO FAJARDO,132
11,CAUCA,006,BALBOA,VOTOS EN BLANCO,148
11,CAUCA,006,BALBOA,VOTOS NO MARCADOS,33
11,CAUCA,006,BALBOA,VOTOS NULOS,123
11,CAUCA,007,BOLIVAR,ENRIQUE GÓMEZ MARTÍNEZ,23
11,CAUCA,007,BOLIVAR,FEDERICO GUTIÉRREZ,1147
11,CAUCA,007,BOLIVAR,GUSTAVO PETRO,11501
11,CAUCA,007,BOLIVAR,INGRID BETANCOURT,7
11,CAUCA,007,BOLIVAR,JOHN MILTON RODRÍGUEZ,90
11,CAUCA,007,BOLIVAR,LUIS PÉREZ,5
11,CAUCA,007,BOLIVAR,RODOLFO HERNÁNDEZ,520
11,CAUCA,007,BOLIVAR,SERGIO FAJARDO,155
11,CAUCA,007,BOLIVAR,VOTOS EN BLANCO,170
11,CAUCA,007,BOLIVAR,VOTOS NO MARCADOS,37
11,CAUCA,007,BOLIVAR,VOTOS NULOS,181
11,CAUCA,010,BUENOS AIRES,ENRIQUE GÓMEZ MARTÍNEZ,52
11,CAUCA,010,BUENOS AIRES,FEDERICO GUTIÉRREZ,1424
11,CAUCA,010,BUENOS AIRES,GUSTAVO PETRO,4396
11,CAUCA,010,BUENOS AIRES,INGRID BETANCOURT,12
11,CAUCA,010,BUENOS AIRES,JOHN MILTON RODRÍGUEZ,400
11,CAUCA,010,BUENOS AIRES,LUIS PÉREZ,19
11,CAUCA,010,BUENOS AIRES,RODOLFO HERNÁNDEZ,834
11,CAUCA,010,BUENOS AIRES,SERGIO FAJARDO,274
11,CAUCA,010,BUENOS AIRES,VOTOS EN BLANCO,339
11,CAUCA,010,BUENOS AIRES,VOTOS NO MARCADOS,123
11,CAUCA,010,BUENOS AIRES,VOTOS NULOS,564
11,CAUCA,013,CAJIBIO,ENRIQUE GÓMEZ MARTÍNEZ,56
11,CAUCA,013,CAJIBIO,FEDERICO GUTIÉRREZ,1948
11,CAUCA,013,CAJIBIO,GUSTAVO PETRO,5734
11,CAUCA,013,CAJIBIO,INGRID BETANCOURT,12
11,CAUCA,013,CAJIBIO,JOHN MILTON RODRÍGUEZ,423
11,CAUCA,013,CAJIBIO,LUIS PÉREZ,2
11,CAUCA,013,CAJIBIO,RODOLFO HERNÁNDEZ,1478
11,CAUCA,013,CAJIBIO,SERGIO FAJARDO,344
11,CAUCA,013,CAJIBIO,VOTOS EN BLANCO,270
11,CAUCA,013,CAJIBIO,VOTOS NO MARCADOS,87
11,CAUCA,013,CAJIBIO,VOTOS NULOS,260
11,CAUCA,016,CALDONO,ENRIQUE GÓMEZ MARTÍNEZ,46
11,CAUCA,016,CALDONO,FEDERICO GUTIÉRREZ,1251
11,CAUCA,016,CALDONO,GUSTAVO PETRO,10642
11,CAUCA,016,CALDONO,INGRID BETANCOURT,26
11,CAUCA,016,CALDONO,JOHN MILTON RODRÍGUEZ,218
11,CAUCA,016,CALDONO,LUIS PÉREZ,17
11,CAUCA,016,CALDONO,RODOLFO HERNÁNDEZ,1011
11,CAUCA,016,CALDONO,SERGIO FAJARDO,244
11,CAUCA,016,CALDONO,VOTOS EN BLANCO,214
11,CAUCA,016,CALDONO,VOTOS NO MARCADOS,103
11,CAUCA,016,CALDONO,VOTOS NULOS,197
11,CAUCA,019,CALOTO,ENRIQUE GÓMEZ MARTÍNEZ,26
11,CAUCA,019,CALOTO,FEDERICO GUTIÉRREZ,1523
11,CAUCA,019,CALOTO,GUSTAVO PETRO,8953
11,CAUCA,019,CALOTO,INGRID BETANCOURT,9
11,CAUCA,019,CALOTO,JOHN MILTON RODRÍGUEZ,157
11,CAUCA,019,CALOTO,LUIS PÉREZ,4
11,CAUCA,019,CALOTO,RODOLFO HERNÁNDEZ,1030
11,CAUCA,019,CALOTO,SERGIO FAJARDO,263
11,CAUCA,019,CALOTO,VOTOS EN BLANCO,200
11,CAUCA,019,CALOTO,VOTOS NO MARCADOS,29
11,CAUCA,019,CALOTO,VOTOS NULOS,307
11,CAUCA,022,CORINTO,ENRIQUE GÓMEZ MARTÍNEZ,25
11,CAUCA,022,CORINTO,FEDERICO GUTIÉRREZ,1002
11,CAUCA,022,CORINTO,GUSTAVO PETRO,8475
11,CAUCA,022,CORINTO,INGRID BETANCOURT,16
11,CAUCA,022,CORINTO,JOHN MILTON RODRÍGUEZ,400
11,CAUCA,022,CORINTO,LUIS PÉREZ,4
11,CAUCA,022,CORINTO,RODOLFO HERNÁNDEZ,891
11,CAUCA,022,CORINTO,SERGIO FAJARDO,190
11,CAUCA,022,CORINTO,VOTOS EN BLANCO,187
11,CAUCA,022,CORINTO,VOTOS NO MARCADOS,26
11,CAUCA,022,CORINTO,VOTOS NULOS,222
11,CAUCA,025,EL TAMBO,ENRIQUE GÓMEZ MARTÍNEZ,91
11,CAUCA,025,EL TAMBO,FEDERICO GUTIÉRREZ,3150
11,CAUCA,025,EL TAMBO,GUSTAVO PETRO,8096
11,CAUCA,025,EL TAMBO,INGRID BETANCOURT,40
11,CAUCA,025,EL TAMBO,JOHN MILTON RODRÍGUEZ,239
11,CAUCA,025,EL TAMBO,LUIS PÉREZ,13
11,CAUCA,025,EL TAMBO,RODOLFO HERNÁNDEZ,2304
11,CAUCA,025,EL TAMBO,SERGIO FAJARDO,576
11,CAUCA,025,EL TAMBO,VOTOS EN BLANCO,462
11,CAUCA,025,EL TAMBO,VOTOS NO MARCADOS,123
11,CAUCA,025,EL TAMBO,VOTOS NULOS,498
11,CAUCA,027,FLORENCIA,ENRIQUE GÓMEZ MARTÍNEZ,10
11,CAUCA,027,FLORENCIA,FEDERICO GUTIÉRREZ,253
11,CAUCA,027,FLORENCIA,GUSTAVO PETRO,2001
11,CAUCA,027,FLORENCIA,INGRID BETANCOURT,2
11,CAUCA,027,FLORENCIA,JOHN MILTON RODRÍGUEZ,7
11,CAUCA,027,FLORENCIA,RODOLFO HERNÁNDEZ,198
11,CAUCA,027,FLORENCIA,SERGIO FAJARDO,37
11,CAUCA,027,FLORENCIA,VOTOS EN BLANCO,63
11,CAUCA,027,FLORENCIA,VOTOS NO MARCADOS,19
11,CAUCA,027,FLORENCIA,VOTOS NULOS,48
11,CAUCA,028,GUAPI,ENRIQUE GÓMEZ MARTÍNEZ,13
11,CAUCA,028,GUAPI,FEDERICO GUTIÉRREZ,373
11,CAUCA,028,GUAPI,GUSTAVO PETRO,6632
11,CAUCA,028,GUAPI,INGRID BETANCOURT,3
11,CAUCA,028,GUAPI,JOHN MILTON RODRÍGUEZ,157
11,CAUCA,028,GUAPI,LUIS PÉREZ,2
11,CAUCA,028,GUAPI,RODOLFO HERNÁNDEZ,138
11,CAUCA,028,GUAPI,SERGIO FAJARDO,50
11,CAUCA,028,GUAPI,VOTOS EN BLANCO,60
11,CAUCA,028,GUAPI,VOTOS NO MARCADOS,13
11,CAUCA,028,GUAPI,VOTOS NULOS,101
11,CAUCA,029,GUACHENE,ENRIQUE GÓMEZ MARTÍNEZ,38
11,CAUCA,029,GUACHENE,FEDERICO GUTIÉRREZ,904
11,CAUCA,029,GUACHENE,GUSTAVO PETRO,7518
11,CAUCA,029,GUACHENE,INGRID BETANCOURT,6
11,CAUCA,029,GUACHENE,JOHN MILTON RODRÍGUEZ,175
11,CAUCA,029,GUACHENE,LUIS PÉREZ,5
11,CAUCA,029,GUACHENE,RODOLFO HERNÁNDEZ,423
11,CAUCA,029,GUACHENE,SERGIO FAJARDO,145
11,CAUCA,029,GUACHENE,VOTOS EN BLANCO,181
11,CAUCA,029,GUACHENE,VOTOS NO MARCADOS,30
11,CAUCA,029,GUACHENE,VOTOS NULOS,429
11,CAUCA,031,INZA,ENRIQUE GÓMEZ MARTÍNEZ,23
11,CAUCA,031,INZA,FEDERICO GUTIÉRREZ,1158
11,CAUCA,031,INZA,GUSTAVO PETRO,7390
11,CAUCA,031,INZA,INGRID BETANCOURT,9
11,CAUCA,031,INZA,JOHN MILTON RODRÍGUEZ,71
11,CAUCA,031,INZA,LUIS PÉREZ,6
11,CAUCA,031,INZA,RODOLFO HERNÁNDEZ,1151
11,CAUCA,031,INZA,SERGIO FAJARDO,163
11,CAUCA,031,INZA,VOTOS EN BLANCO,128
11,CAUCA,031,INZA,VOTOS NO MARCADOS,56
11,CAUCA,031,INZA,VOTOS NULOS,120
11,CAUCA,034,JAMBALO,ENRIQUE GÓMEZ MARTÍNEZ,10
11,CAUCA,034,JAMBALO,FEDERICO GUTIÉRREZ,102
11,CAUCA,034,JAMBALO,GUSTAVO PETRO,5896
11,CAUCA,034,JAMBALO,INGRID BETANCOURT,11
11,CAUCA,034,JAMBALO,JOHN MILTON RODRÍGUEZ,131
11,CAUCA,034,JAMBALO,LUIS PÉREZ,10
11,CAUCA,034,JAMBALO,RODOLFO HERNÁNDEZ,92
11,CAUCA,034,JAMBALO,SERGIO FAJARDO,29
11,CAUCA,034,JAMBALO,VOTOS EN BLANCO,50
11,CAUCA,034,JAMBALO,VOTOS NO MARCADOS,25
11,CAUCA,034,JAMBALO,VOTOS NULOS,82
11,CAUCA,037,LA SIERRA,ENRIQUE GÓMEZ MARTÍNEZ,12
11,CAUCA,037,LA SIERRA,FEDERICO GUTIÉRREZ,818
11,CAUCA,037,LA SIERRA,GUSTAVO PETRO,3012
11,CAUCA,037,LA SIERRA,INGRID BETANCOURT,3
11,CAUCA,037,LA SIERRA,JOHN MILTON RODRÍGUEZ,16
11,CAUCA,037,LA SIERRA,LUIS PÉREZ,3
11,CAUCA,037,LA SIERRA,RODOLFO HERNÁNDEZ,755
11,CAUCA,037,LA SIERRA,SERGIO FAJARDO,84
11,CAUCA,037,LA SIERRA,VOTOS EN BLANCO,88
11,CAUCA,037,LA SIERRA,VOTOS NO MARCADOS,23
11,CAUCA,037,LA SIERRA,VOTOS NULOS,109
11,CAUCA,040,LA VEGA,ENRIQUE GÓMEZ MARTÍNEZ,13
11,CAUCA,040,LA VEGA,FEDERICO GUTIÉRREZ,1022
11,CAUCA,040,LA VEGA,GUSTAVO PETRO,5451
11,CAUCA,040,LA VEGA,INGRID BETANCOURT,4
11,CAUCA,040,LA VEGA,JOHN MILTON RODRÍGUEZ,42
11,CAUCA,040,LA VEGA,LUIS PÉREZ,4
11,CAUCA,040,LA VEGA,RODOLFO HERNÁNDEZ,467
11,CAUCA,040,LA VEGA,SERGIO FAJARDO,87
11,CAUCA,040,LA VEGA,VOTOS EN BLANCO,77
11,CAUCA,040,LA VEGA,VOTOS NO MARCADOS,40
11,CAUCA,040,LA VEGA,VOTOS NULOS,96
11,CAUCA,043,LOPEZ (MICAY),ENRIQUE GÓMEZ MARTÍNEZ,35
11,CAUCA,043,LOPEZ (MICAY),FEDERICO GUTIÉRREZ,363
11,CAUCA,043,LOPEZ (MICAY),GUSTAVO PETRO,3778
11,CAUCA,043,LOPEZ (MICAY),INGRID BETANCOURT,3
11,CAUCA,043,LOPEZ (MICAY),JOHN MILTON RODRÍGUEZ,13
11,CAUCA,043,LOPEZ (MICAY),LUIS PÉREZ,7
11,CAUCA,043,LOPEZ (MICAY),RODOLFO HERNÁNDEZ,176
11,CAUCA,043,LOPEZ (MICAY),SERGIO FAJARDO,65
11,CAUCA,043,LOPEZ (MICAY),VOTOS EN BLANCO,64
11,CAUCA,043,LOPEZ (MICAY),VOTOS NO MARCADOS,34
11,CAUCA,043,LOPEZ (MICAY),VOTOS NULOS,35
11,CAUCA,046,MERCADERES,ENRIQUE GÓMEZ MARTÍNEZ,12
11,CAUCA,046,MERCADERES,FEDERICO GUTIÉRREZ,663
11,CAUCA,046,MERCADERES,GUSTAVO PETRO,5200
11,CAUCA,046,MERCADERES,INGRID BETANCOURT,4
11,CAUCA,046,MERCADERES,JOHN MILTON RODRÍGUEZ,85
11,CAUCA,046,MERCADERES,LUIS PÉREZ,1
11,CAUCA,046,MERCADERES,RODOLFO HERNÁNDEZ,349
11,CAUCA,046,MERCADERES,SERGIO FAJARDO,38
11,CAUCA,046,MERCADERES,VOTOS EN BLANCO,99
11,CAUCA,046,MERCADERES,VOTOS NO MARCADOS,32
11,CAUCA,046,MERCADERES,VOTOS NULOS,69
11,CAUCA,049,MIRANDA,ENRIQUE GÓMEZ MARTÍNEZ,17
11,CAUCA,049,MIRANDA,FEDERICO GUTIÉRREZ,1476
11,CAUCA,049,MIRANDA,GUSTAVO PETRO,10270
11,CAUCA,049,MIRANDA,INGRID BETANCOURT,12
11,CAUCA,049,MIRANDA,JOHN MILTON RODRÍGUEZ,182
11,CAUCA,049,MIRANDA,LUIS PÉREZ,7
11,CAUCA,049,MIRANDA,RODOLFO HERNÁNDEZ,1258
11,CAUCA,049,MIRANDA,SERGIO FAJARDO,250
11,CAUCA,049,MIRANDA,VOTOS EN BLANCO,259
11,CAUCA,049,MIRANDA,VOTOS NO MARCADOS,25
11,CAUCA,049,MIRANDA,VOTOS NULOS,295
11,CAUCA,052,MORALES,ENRIQUE GÓMEZ MARTÍNEZ,46
11,CAUCA,052,MORALES,FEDERICO GUTIÉRREZ,1561
11,CAUCA,052,MORALES,GUSTAVO PETRO,5526
11,CAUCA,052,MORALES,INGRID BETANCOURT,17
11,CAUCA,052,MORALES,JOHN MILTON RODRÍGUEZ,493
11,CAUCA,052,MORALES,LUIS PÉREZ,10
11,CAUCA,052,MORALES,RODOLFO HERNÁNDEZ,1297
11,CAUCA,052,MORALES,SERGIO FAJARDO,287
11,CAUCA,052,MORALES,VOTOS EN BLANCO,242
11,CAUCA,052,MORALES,VOTOS NO MARCADOS,52
11,CAUCA,052,MORALES,VOTOS NULOS,194
11,CAUCA,053,PADILLA,ENRIQUE GÓMEZ MARTÍNEZ,9
11,CAUCA,053,PADILLA,FEDERICO GUTIÉRREZ,375
11,CAUCA,053,PADILLA,GUSTAVO PETRO,3194
11,CAUCA,053,PADILLA,INGRID BETANCOURT,1
11,CAUCA,053,PADILLA,JOHN MILTON RODRÍGUEZ,74
11,CAUCA,053,PADILLA,LUIS PÉREZ,2
11,CAUCA,053,PADILLA,RODOLFO HERNÁNDEZ,223
11,CAUCA,053,PADILLA,SERGIO FAJARDO,74
11,CAUCA,053,PADILLA,VOTOS EN BLANCO,112
11,CAUCA,053,PADILLA,VOTOS NO MARCADOS,14
11,CAUCA,053,PADILLA,VOTOS NULOS,224
11,CAUCA,055,PAEZ (BELALCAZAR),ENRIQUE GÓMEZ MARTÍNEZ,28
11,CAUCA,055,PAEZ (BELALCAZAR),FEDERICO GUTIÉRREZ,876
11,CAUCA,055,PAEZ (BELALCAZAR),GUSTAVO PETRO,8853
11,CAUCA,055,PAEZ (BELALCAZAR),INGRID BETANCOURT,15
11,CAUCA,055,PAEZ (BELALCAZAR),JOHN MILTON RODRÍGUEZ,61
11,CAUCA,055,PAEZ (BELALCAZAR),LUIS PÉREZ,8
11,CAUCA,055,PAEZ (BELALCAZAR),RODOLFO HERNÁNDEZ,1168
11,CAUCA,055,PAEZ (BELALCAZAR),SERGIO FAJARDO,139
11,CAUCA,055,PAEZ (BELALCAZAR),VOTOS EN BLANCO,146
11,CAUCA,055,PAEZ (BELALCAZAR),VOTOS NO MARCADOS,65
11,CAUCA,055,PAEZ (BELALCAZAR),VOTOS NULOS,231
11,CAUCA,058,PATIA (EL BORDO),ENRIQUE GÓMEZ MARTÍNEZ,27
11,CAUCA,058,PATIA (EL BORDO),FEDERICO GUTIÉRREZ,1411
11,CAUCA,058,PATIA (EL BORDO),GUSTAVO PETRO,11081
11,CAUCA,058,PATIA (EL BORDO),INGRID BETANCOURT,13
11,CAUCA,058,PATIA (EL BORDO),JOHN MILTON RODRÍGUEZ,162
11,CAUCA,058,PATIA (EL BORDO),LUIS PÉREZ,4
11,CAUCA,058,PATIA (EL BORDO),RODOLFO HERNÁNDEZ,1144
11,CAUCA,058,PATIA (EL BORDO),SERGIO FAJARDO,215
11,CAUCA,058,PATIA (EL BORDO),VOTOS EN BLANCO,281
11,CAUCA,058,PATIA (EL BORDO),VOTOS NO MARCADOS,74
11,CAUCA,058,PATIA (EL BORDO),VOTOS NULOS,297
11,CAUCA,060,PIAMONTE,ENRIQUE GÓMEZ MARTÍNEZ,13
11,CAUCA,060,PIAMONTE,FEDERICO GUTIÉRREZ,215
11,CAUCA,060,PIAMONTE,GUSTAVO PETRO,1464
11,CAUCA,060,PIAMONTE,INGRID BETANCOURT,4
11,CAUCA,060,PIAMONTE,JOHN MILTON RODRÍGUEZ,18
11,CAUCA,060,PIAMONTE,RODOLFO HERNÁNDEZ,856
11,CAUCA,060,PIAMONTE,SERGIO FAJARDO,33
11,CAUCA,060,PIAMONTE,VOTOS EN BLANCO,57
11,CAUCA,060,PIAMONTE,VOTOS NO MARCADOS,7
11,CAUCA,060,PIAMONTE,VOTOS NULOS,40
11,CAUCA,061,PIENDAMO,ENRIQUE GÓMEZ MARTÍNEZ,41
11,CAUCA,061,PIENDAMO,FEDERICO GUTIÉRREZ,2762
11,CAUCA,061,PIENDAMO,GUSTAVO PETRO,7594
11,CAUCA,061,PIENDAMO,INGRID BETANCOURT,23
11,CAUCA,061,PIENDAMO,JOHN MILTON RODRÍGUEZ,730
11,CAUCA,061,PIENDAMO,LUIS PÉREZ,14
11,CAUCA,061,PIENDAMO,RODOLFO HERNÁNDEZ,3279
11,CAUCA,061,PIENDAMO,SERGIO FAJARDO,650
11,CAUCA,061,PIENDAMO,VOTOS EN BLANCO,374
11,CAUCA,061,PIENDAMO,VOTOS NO MARCADOS,63
11,CAUCA,061,PIENDAMO,VOTOS NULOS,336
11,CAUCA,064,PUERTO TEJADA,ENRIQUE GÓMEZ MARTÍNEZ,28
11,CAUCA,064,PUERTO TEJADA,FEDERICO GUTIÉRREZ,1361
11,CAUCA,064,PUERTO TEJADA,GUSTAVO PETRO,17105
11,CAUCA,064,PUERTO TEJADA,INGRID BETANCOURT,9
11,CAUCA,064,PUERTO TEJADA,JOHN MILTON RODRÍGUEZ,373
11,CAUCA,064,PUERTO TEJADA,LUIS PÉREZ,10
11,CAUCA,064,PUERTO TEJADA,RODOLFO HERNÁNDEZ,1002
11,CAUCA,064,PUERTO TEJADA,SERGIO FAJARDO,339
11,CAUCA,064,PUERTO TEJADA,VOTOS EN BLANCO,358
11,CAUCA,064,PUERTO TEJADA,VOTOS NO MARCADOS,42
11,CAUCA,064,PUERTO TEJADA,VOTOS NULOS,478
11,CAUCA,067,PURACE (COCONUCO),ENRIQUE GÓMEZ MARTÍNEZ,9
11,CAUCA,067,PURACE (COCONUCO),FEDERICO GUTIÉRREZ,816
11,CAUCA,067,PURACE (COCONUCO),GUSTAVO PETRO,3029
11,CAUCA,067,PURACE (COCONUCO),INGRID BETANCOURT,8
11,CAUCA,067,PURACE (COCONUCO),JOHN MILTON RODRÍGUEZ,22
11,CAUCA,067,PURACE (COCONUCO),LUIS PÉREZ,1
11,CAUCA,067,PURACE (COCONUCO),RODOLFO HERNÁNDEZ,499
11,CAUCA,067,PURACE (COCONUCO),SERGIO FAJARDO,91
11,CAUCA,067,PURACE (COCONUCO),VOTOS EN BLANCO,97
11,CAUCA,067,PURACE (COCONUCO),VOTOS NO MARCADOS,17
11,CAUCA,067,PURACE (COCONUCO),VOTOS NULOS,94
11,CAUCA,070,ROSAS,ENRIQUE GÓMEZ MARTÍNEZ,18
11,CAUCA,070,ROSAS,FEDERICO GUTIÉRREZ,933
11,CAUCA,070,ROSAS,GUSTAVO PETRO,2433
11,CAUCA,070,ROSAS,INGRID BETANCOURT,4
11,CAUCA,070,ROSAS,JOHN MILTON RODRÍGUEZ,11
11,CAUCA,070,ROSAS,LUIS PÉREZ,1
11,CAUCA,070,ROSAS,RODOLFO HERNÁNDEZ,770
11,CAUCA,070,ROSAS,SERGIO FAJARDO,93
11,CAUCA,070,ROSAS,VOTOS EN BLANCO,89
11,CAUCA,070,ROSAS,VOTOS NO MARCADOS,22
11,CAUCA,070,ROSAS,VOTOS NULOS,123
11,CAUCA,073,SAN SEBASTIAN,ENRIQUE GÓMEZ MARTÍNEZ,7
11,CAUCA,073,SAN SEBASTIAN,FEDERICO GUTIÉRREZ,495
11,CAUCA,073,SAN SEBASTIAN,GUSTAVO PETRO,2303
11,CAUCA,073,SAN SEBASTIAN,INGRID BETANCOURT,3
11,CAUCA,073,SAN SEBASTIAN,JOHN MILTON RODRÍGUEZ,12
11,CAUCA,073,SAN SEBASTIAN,LUIS PÉREZ,1
11,CAUCA,073,SAN SEBASTIAN,RODOLFO HERNÁNDEZ,164
11,CAUCA,073,SAN SEBASTIAN,SERGIO FAJARDO,39
11,CAUCA,073,SAN SEBASTIAN,VOTOS EN BLANCO,45
11,CAUCA,073,SAN SEBASTIAN,VOTOS NO MARCADOS,19
11,CAUCA,073,SAN SEBASTIAN,VOTOS NULOS,31
11,CAUCA,076,SANTANDER DE QUILICHAO,ENRIQUE GÓMEZ MARTÍNEZ,114
11,CAUCA,076,SANTANDER DE QUILICHAO,FEDERICO GUTIÉRREZ,6433
11,CAUCA,076,SANTANDER DE QUILICHAO,GUSTAVO PETRO,29465
11,CAUCA,076,SANTANDER DE QUILICHAO,INGRID BETANCOURT,66
11,CAUCA,076,SANTANDER DE QUILICHAO,JOHN MILTON RODRÍGUEZ,1851
11,CAUCA,076,SANTANDER DE QUILICHAO,LUIS PÉREZ,29
11,CAUCA,076,SANTANDER DE QUILICHAO,RODOLFO HERNÁNDEZ,5675
11,CAUCA,076,SANTANDER DE QUILICHAO,SERGIO FAJARDO,1280
11,CAUCA,076,SANTANDER DE QUILICHAO,VOTOS EN BLANCO,1088
11,CAUCA,076,SANTANDER DE QUILICHAO,VOTOS NO MARCADOS,131
11,CAUCA,076,SANTANDER DE QUILICHAO,VOTOS NULOS,1423
11,CAUCA,079,SANTA ROSA,ENRIQUE GÓMEZ MARTÍNEZ,1
11,CAUCA,079,SANTA ROSA,FEDERICO GUTIÉRREZ,234
11,CAUCA,079,SANTA ROSA,GUSTAVO PETRO,1369
11,CAUCA,079,SANTA ROSA,JOHN MILTON RODRÍGUEZ,6
11,CAUCA,079,SANTA ROSA,LUIS PÉREZ,2
11,CAUCA,079,SANTA ROSA,RODOLFO HERNÁNDEZ,257
11,CAUCA,079,SANTA ROSA,SERGIO FAJARDO,24
11,CAUCA,079,SANTA ROSA,VOTOS EN BLANCO,39
11,CAUCA,079,SANTA ROSA,VOTOS NO MARCADOS,1
11,CAUCA,079,SANTA ROSA,VOTOS NULOS,10
11,CAUCA,082,SILVIA,ENRIQUE GÓMEZ MARTÍNEZ,35
11,CAUCA,082,SILVIA,FEDERICO GUTIÉRREZ,1001
11,CAUCA,082,SILVIA,GUSTAVO PETRO,10638
11,CAUCA,082,SILVIA,INGRID BETANCOURT,15
11,CAUCA,082,SILVIA,JOHN MILTON RODRÍGUEZ,285
11,CAUCA,082,SILVIA,LUIS PÉREZ,11
11,CAUCA,082,SILVIA,RODOLFO HERNÁNDEZ,939
11,CAUCA,082,SILVIA,SERGIO FAJARDO,238
11,CAUCA,082,SILVIA,VOTOS EN BLANCO,251
11,CAUCA,082,SILVIA,VOTOS NO MARCADOS,49
11,CAUCA,082,SILVIA,VOTOS NULOS,223
11,CAUCA,085,SOTARA (PAISPAMBA),ENRIQUE GÓMEZ MARTÍNEZ,15
11,CAUCA,085,SOTARA (PAISPAMBA),FEDERICO GUTIÉRREZ,660
11,CAUCA,085,SOTARA (PAISPAMBA),GUSTAVO PETRO,2436
11,CAUCA,085,SOTARA (PAISPAMBA),INGRID BETANCOURT,3
11,CAUCA,085,SOTARA (PAISPAMBA),JOHN MILTON RODRÍGUEZ,16
11,CAUCA,085,SOTARA (PAISPAMBA),LUIS PÉREZ,2
11,CAUCA,085,SOTARA (PAISPAMBA),RODOLFO HERNÁNDEZ,513
11,CAUCA,085,SOTARA (PAISPAMBA),SERGIO FAJARDO,69
11,CAUCA,085,SOTARA (PAISPAMBA),VOTOS EN BLANCO,95
11,CAUCA,085,SOTARA (PAISPAMBA),VOTOS NO MARCADOS,23
11,CAUCA,085,SOTARA (PAISPAMBA),VOTOS NULOS,86
11,CAUCA,086,SUCRE,FEDERICO GUTIÉRREZ,145
11,CAUCA,086,SUCRE,GUSTAVO PETRO,2916
11,CAUCA,086,SUCRE,INGRID BETANCOURT,1
11,CAUCA,086,SUCRE,JOHN MILTON RODRÍGUEZ,5
11,CAUCA,086,SUCRE,RODOLFO HERNÁNDEZ,80
11,CAUCA,086,SUCRE,SERGIO FAJARDO,17
11,CAUCA,086,SUCRE,VOTOS EN BLANCO,24
11,CAUCA,086,SUCRE,VOTOS NO MARCADOS,2
11,CAUCA,086,SUCRE,VOTOS NULOS,20
11,CAUCA,087,SUAREZ,ENRIQUE GÓMEZ MARTÍNEZ,18
11,CAUCA,087,SUAREZ,FEDERICO GUTIÉRREZ,1006
11,CAUCA,087,SUAREZ,GUSTAVO PETRO,5240
11,CAUCA,087,SUAREZ,INGRID BETANCOURT,4
11,CAUCA,087,SUAREZ,JOHN MILTON RODRÍGUEZ,285
11,CAUCA,087,SUAREZ,LUIS PÉREZ,5
11,CAUCA,087,SUAREZ,RODOLFO HERNÁNDEZ,778
11,CAUCA,087,SUAREZ,SERGIO FAJARDO,144
11,CAUCA,087,SUAREZ,VOTOS EN BLANCO,186
11,CAUCA,087,SUAREZ,VOTOS NO MARCADOS,37
11,CAUCA,087,SUAREZ,VOTOS NULOS,339
11,CAUCA,088,TIMBIO,ENRIQUE GÓMEZ MARTÍNEZ,22
11,CAUCA,088,TIMBIO,FEDERICO GUTIÉRREZ,2892
11,CAUCA,088,TIMBIO,GUSTAVO PETRO,8676
11,CAUCA,088,TIMBIO,INGRID BETANCOURT,17
11,CAUCA,088,TIMBIO,JOHN MILTON RODRÍGUEZ,178
11,CAUCA,088,TIMBIO,LUIS PÉREZ,1
11,CAUCA,088,TIMBIO,RODOLFO HERNÁNDEZ,2931
11,CAUCA,088,TIMBIO,SERGIO FAJARDO,385
11,CAUCA,088,TIMBIO,VOTOS EN BLANCO,308
11,CAUCA,088,TIMBIO,VOTOS NO MARCADOS,52
11,CAUCA,088,TIMBIO,VOTOS NULOS,387
11,CAUCA,091,TIMBIQUI,ENRIQUE GÓMEZ MARTÍNEZ,8
11,CAUCA,091,TIMBIQUI,FEDERICO GUTIÉRREZ,125
11,CAUCA,091,TIMBIQUI,GUSTAVO PETRO,7076
11,CAUCA,091,TIMBIQUI,INGRID BETANCOURT,6
11,CAUCA,091,TIMBIQUI,JOHN MILTON RODRÍGUEZ,10
11,CAUCA,091,TIMBIQUI,RODOLFO HERNÁNDEZ,96
11,CAUCA,091,TIMBIQUI,SERGIO FAJARDO,34
11,CAUCA,091,TIMBIQUI,VOTOS EN BLANCO,31
11,CAUCA,091,TIMBIQUI,VOTOS NO MARCADOS,4
11,CAUCA,091,TIMBIQUI,VOTOS NULOS,47
11,CAUCA,094,TORIBIO,ENRIQUE GÓMEZ MARTÍNEZ,30
11,CAUCA,094,TORIBIO,FEDERICO GUTIÉRREZ,352
11,CAUCA,094,TORIBIO,GUSTAVO PETRO,12281
11,CAUCA,094,TORIBIO,INGRID BETANCOURT,12
11,CAUCA,094,TORIBIO,JOHN MILTON RODRÍGUEZ,182
11,CAUCA,094,TORIBIO,LUIS PÉREZ,7
11,CAUCA,094,TORIBIO,RODOLFO HERNÁNDEZ,305
11,CAUCA,094,TORIBIO,SERGIO FAJARDO,114
11,CAUCA,094,TORIBIO,VOTOS EN BLANCO,88
11,CAUCA,094,TORIBIO,VOTOS NO MARCADOS,25
11,CAUCA,094,TORIBIO,VOTOS NULOS,119
11,CAUCA,097,TOTORO,ENRIQUE GÓMEZ MARTÍNEZ,19
11,CAUCA,097,TOTORO,FEDERICO GUTIÉRREZ,563
11,CAUCA,097,TOTORO,GUSTAVO PETRO,4945
11,CAUCA,097,TOTORO,INGRID BETANCOURT,8
11,CAUCA,097,TOTORO,JOHN MILTON RODRÍGUEZ,67
11,CAUCA,097,TOTORO,LUIS PÉREZ,3
11,CAUCA,097,TOTORO,RODOLFO HERNÁNDEZ,396
11,CAUCA,097,TOTORO,SERGIO FAJARDO,110
11,CAUCA,097,TOTORO,VOTOS EN BLANCO,83
11,CAUCA,097,TOTORO,VOTOS NO MARCADOS,27
11,CAUCA,097,TOTORO,VOTOS NULOS,78
11,CAUCA,098,VILLA RICA,ENRIQUE GÓMEZ MARTÍNEZ,17
11,CAUCA,098,VILLA RICA,FEDERICO GUTIÉRREZ,616
11,CAUCA,098,VILLA RICA,GUSTAVO PETRO,7883
11,CAUCA,098,VILLA RICA,INGRID BETANCOURT,2
11,CAUCA,098,VILLA RICA,JOHN MILTON RODRÍGUEZ,179
11,CAUCA,098,VILLA RICA,LUIS PÉREZ,6
11,CAUCA,098,VILLA RICA,RODOLFO HERNÁNDEZ,440
11,CAUCA,098,VILLA RICA,SERGIO FAJARDO,134
11,CAUCA,098,VILLA RICA,VOTOS EN BLANCO,157
11,CAUCA,098,VILLA RICA,VOTOS NO MARCADOS,18
11,CAUCA,098,VILLA RICA,VOTOS NULOS,265
12,CESAR,001,VALLEDUPAR,ENRIQUE GÓMEZ MARTÍNEZ,231
12,CESAR,001,VALLEDUPAR,FEDERICO GUTIÉRREZ,37526
12,CESAR,001,VALLEDUPAR,GUSTAVO PETRO,81012
12,CESAR,001,VALLEDUPAR,INGRID BETANCOURT,87
12,CESAR,001,VALLEDUPAR,JOHN MILTON RODRÍGUEZ,2472
12,CESAR,001,VALLEDUPAR,LUIS PÉREZ,46
12,CESAR,001,VALLEDUPAR,RODOLFO HERNÁNDEZ,41159
12,CESAR,001,VALLEDUPAR,SERGIO FAJARDO,2965
12,CESAR,001,VALLEDUPAR,VOTOS EN BLANCO,2537
12,CESAR,001,VALLEDUPAR,VOTOS NO MARCADOS,106
12,CESAR,001,VALLEDUPAR,VOTOS NULOS,1886
12,CESAR,075,AGUACHICA,ENRIQUE GÓMEZ MARTÍNEZ,74
12,CESAR,075,AGUACHICA,FEDERICO GUTIÉRREZ,6093
12,CESAR,075,AGUACHICA,GUSTAVO PETRO,11139
12,CESAR,075,AGUACHICA,INGRID BETANCOURT,18
12,CESAR,075,AGUACHICA,JOHN MILTON RODRÍGUEZ,1281
12,CESAR,075,AGUACHICA,LUIS PÉREZ,12
12,CESAR,075,AGUACHICA,RODOLFO HERNÁNDEZ,22551
12,CESAR,075,AGUACHICA,SERGIO FAJARDO,621
12,CESAR,075,AGUACHICA,VOTOS EN BLANCO,502
12,CESAR,075,AGUACHICA,VOTOS NO MARCADOS,33
12,CESAR,075,AGUACHICA,VOTOS NULOS,544
12,CESAR,150,AGUSTIN CODAZZI,ENRIQUE GÓMEZ MARTÍNEZ,54
12,CESAR,150,AGUSTIN CODAZZI,FEDERICO GUTIÉRREZ,4522
12,CESAR,150,AGUSTIN CODAZZI,GUSTAVO PETRO,11070
12,CESAR,150,AGUSTIN CODAZZI,INGRID BETANCOURT,12
12,CESAR,150,AGUSTIN CODAZZI,JOHN MILTON RODRÍGUEZ,571
12,CESAR,150,AGUSTIN CODAZZI,LUIS PÉREZ,4
12,CESAR,150,AGUSTIN CODAZZI,RODOLFO HERNÁNDEZ,5439
12,CESAR,150,AGUSTIN CODAZZI,SERGIO FAJARDO,661
12,CESAR,150,AGUSTIN CODAZZI,VOTOS EN BLANCO,267
12,CESAR,150,AGUSTIN CODAZZI,VOTOS NO MARCADOS,29
12,CESAR,150,AGUSTIN CODAZZI,VOTOS NULOS,314
12,CESAR,170,ASTREA,ENRIQUE GÓMEZ MARTÍNEZ,15
12,CESAR,170,ASTREA,FEDERICO GUTIÉRREZ,2258
12,CESAR,170,ASTREA,GUSTAVO PETRO,2921
12,CESAR,170,ASTREA,INGRID BETANCOURT,2
12,CESAR,170,ASTREA,JOHN MILTON RODRÍGUEZ,68
12,CESAR,170,ASTREA,LUIS PÉREZ,3
12,CESAR,170,ASTREA,RODOLFO HERNÁNDEZ,1511
12,CESAR,170,ASTREA,SERGIO FAJARDO,81
12,CESAR,170,ASTREA,VOTOS EN BLANCO,75
12,CESAR,170,ASTREA,VOTOS NO MARCADOS,11
12,CESAR,170,ASTREA,VOTOS NULOS,49
12,CESAR,180,BECERRIL,ENRIQUE GÓMEZ MARTÍNEZ,12
12,CESAR,180,BECERRIL,FEDERICO GUTIÉRREZ,778
12,CESAR,180,BECERRIL,GUSTAVO PETRO,4486
12,CESAR,180,BECERRIL,INGRID BETANCOURT,4
12,CESAR,180,BECERRIL,JOHN MILTON RODRÍGUEZ,66
12,CESAR,180,BECERRIL,LUIS PÉREZ,1
12,CESAR,180,BECERRIL,RODOLFO HERNÁNDEZ,1676
12,CESAR,180,BECERRIL,SERGIO FAJARDO,86
12,CESAR,180,BECERRIL,VOTOS EN BLANCO,93
12,CESAR,180,BECERRIL,VOTOS NO MARCADOS,10
12,CESAR,180,BECERRIL,VOTOS NULOS,108
12,CESAR,200,BOSCONIA,ENRIQUE GÓMEZ MARTÍNEZ,34
12,CESAR,200,BOSCONIA,FEDERICO GUTIÉRREZ,2437
12,CESAR,200,BOSCONIA,GUSTAVO PETRO,6889
12,CESAR,200,BOSCONIA,INGRID BETANCOURT,8
12,CESAR,200,BOSCONIA,JOHN MILTON RODRÍGUEZ,125
12,CESAR,200,BOSCONIA,LUIS PÉREZ,3
12,CESAR,200,BOSCONIA,RODOLFO HERNÁNDEZ,4723
12,CESAR,200,BOSCONIA,SERGIO FAJARDO,155
12,CESAR,200,BOSCONIA,VOTOS EN BLANCO,168
12,CESAR,200,BOSCONIA,VOTOS NO MARCADOS,14
12,CESAR,200,BOSCONIA,VOTOS NULOS,148
12,CESAR,225,CURUMANI,ENRIQUE GÓMEZ MARTÍNEZ,39
12,CESAR,225,CURUMANI,FEDERICO GUTIÉRREZ,1943
12,CESAR,225,CURUMANI,GUSTAVO PETRO,6544
12,CESAR,225,CURUMANI,INGRID BETANCOURT,10
12,CESAR,225,CURUMANI,JOHN MILTON RODRÍGUEZ,246
12,CESAR,225,CURUMANI,LUIS PÉREZ,4
12,CESAR,225,CURUMANI,RODOLFO HERNÁNDEZ,4783
12,CESAR,225,CURUMANI,SERGIO FAJARDO,185
12,CESAR,225,CURUMANI,VOTOS EN BLANCO,171
12,CESAR,225,CURUMANI,VOTOS NO MARCADOS,28
12,CESAR,225,CURUMANI,VOTOS NULOS,171
12,CESAR,300,CHIMICHAGUA,ENRIQUE GÓMEZ MARTÍNEZ,25
12,CESAR,300,CHIMICHAGUA,FEDERICO GUTIÉRREZ,3334
12,CESAR,300,CHIMICHAGUA,GUSTAVO PETRO,4025
12,CESAR,300,CHIMICHAGUA,INGRID BETANCOURT,2
12,CESAR,300,CHIMICHAGUA,JOHN MILTON RODRÍGUEZ,232
12,CESAR,300,CHIMICHAGUA,LUIS PÉREZ,5
12,CESAR,300,CHIMICHAGUA,RODOLFO HERNÁNDEZ,2368
12,CESAR,300,CHIMICHAGUA,SERGIO FAJARDO,134
12,CESAR,300,CHIMICHAGUA,VOTOS EN BLANCO,75
12,CESAR,300,CHIMICHAGUA,VOTOS NO MARCADOS,18
12,CESAR,300,CHIMICHAGUA,VOTOS NULOS,76
12,CESAR,375,CHIRIGUANA,ENRIQUE GÓMEZ MARTÍNEZ,21
12,CESAR,375,CHIRIGUANA,FEDERICO GUTIÉRREZ,1997
12,CESAR,375,CHIRIGUANA,GUSTAVO PETRO,6096
12,CESAR,375,CHIRIGUANA,INGRID BETANCOURT,3
12,CESAR,375,CHIRIGUANA,JOHN MILTON RODRÍGUEZ,66
12,CESAR,375,CHIRIGUANA,LUIS PÉREZ,2
12,CESAR,375,CHIRIGUANA,RODOLFO HERNÁNDEZ,2547
12,CESAR,375,CHIRIGUANA,SERGIO FAJARDO,107
12,CESAR,375,CHIRIGUANA,VOTOS EN BLANCO,113
12,CESAR,375,CHIRIGUANA,VOTOS NO MARCADOS,12
12,CESAR,375,CHIRIGUANA,VOTOS NULOS,99
12,CESAR,410,EL COPEY,ENRIQUE GÓMEZ MARTÍNEZ,17
12,CESAR,410,EL COPEY,FEDERICO GUTIÉRREZ,2400
12,CESAR,410,EL COPEY,GUSTAVO PETRO,6939
12,CESAR,410,EL COPEY,INGRID BETANCOURT,5
12,CESAR,410,EL COPEY,JOHN MILTON RODRÍGUEZ,119
12,CESAR,410,EL COPEY,RODOLFO HERNÁNDEZ,1814
12,CESAR,410,EL COPEY,SERGIO FAJARDO,112
12,CESAR,410,EL COPEY,VOTOS EN BLANCO,125
12,CESAR,410,EL COPEY,VOTOS NO MARCADOS,22
12,CESAR,410,EL COPEY,VOTOS NULOS,97
12,CESAR,415,EL PASO,ENRIQUE GÓMEZ MARTÍNEZ,29
12,CESAR,415,EL PASO,FEDERICO GUTIÉRREZ,1420
12,CESAR,415,EL PASO,GUSTAVO PETRO,9131
12,CESAR,415,EL PASO,INGRID BETANCOURT,4
12,CESAR,415,EL PASO,JOHN MILTON RODRÍGUEZ,171
12,CESAR,415,EL PASO,LUIS PÉREZ,2
12,CESAR,415,EL PASO,RODOLFO HERNÁNDEZ,2432
12,CESAR,415,EL PASO,SERGIO FAJARDO,118
12,CESAR,415,EL PASO,VOTOS EN BLANCO,181
12,CESAR,415,EL PASO,VOTOS NO MARCADOS,18
12,CESAR,415,EL PASO,VOTOS NULOS,156
12,CESAR,450,GAMARRA,ENRIQUE GÓMEZ MARTÍNEZ,14
12,CESAR,450,GAMARRA,FEDERICO GUTIÉRREZ,926
12,CESAR,450,GAMARRA,GUSTAVO PETRO,1523
12,CESAR,450,GAMARRA,JOHN MILTON RODRÍGUEZ,82
12,CESAR,450,GAMARRA,LUIS PÉREZ,3
12,CESAR,450,GAMARRA,RODOLFO HERNÁNDEZ,3179
12,CESAR,450,GAMARRA,SERGIO FAJARDO,66
12,CESAR,450,GAMARRA,VOTOS EN BLANCO,45
12,CESAR,450,GAMARRA,VOTOS NO MARCADOS,11
12,CESAR,450,GAMARRA,VOTOS NULOS,30
12,CESAR,525,GONZALEZ,ENRIQUE GÓMEZ MARTÍNEZ,11
12,CESAR,525,GONZALEZ,FEDERICO GUTIÉRREZ,282
12,CESAR,525,GONZALEZ,GUSTAVO PETRO,427
12,CESAR,525,GONZALEZ,INGRID BETANCOURT,1
12,CESAR,525,GONZALEZ,JOHN MILTON RODRÍGUEZ,1
12,CESAR,525,GONZALEZ,RODOLFO HERNÁNDEZ,1558
12,CESAR,525,GONZALEZ,SERGIO FAJARDO,27
12,CESAR,525,GONZALEZ,VOTOS EN BLANCO,25
12,CESAR,525,GONZALEZ,VOTOS NO MARCADOS,5
12,CESAR,525,GONZALEZ,VOTOS NULOS,20
12,CESAR,600,LA GLORIA,ENRIQUE GÓMEZ MARTÍNEZ,8
12,CESAR,600,LA GLORIA,FEDERICO GUTIÉRREZ,1258
12,CESAR,600,LA GLORIA,GUSTAVO PETRO,2049
12,CESAR,600,LA GLORIA,INGRID BETANCOURT,2
12,CESAR,600,LA GLORIA,JOHN MILTON RODRÍGUEZ,113
12,CESAR,600,LA GLORIA,LUIS PÉREZ,4
12,CESAR,600,LA GLORIA,RODOLFO HERNÁNDEZ,2380
12,CESAR,600,LA GLORIA,SERGIO FAJARDO,49
12,CESAR,600,LA GLORIA,VOTOS EN BLANCO,57
12,CESAR,600,LA GLORIA,VOTOS NO MARCADOS,6
12,CESAR,600,LA GLORIA,VOTOS NULOS,50
12,CESAR,608,LA JAGUA DE IBIRICO,ENRIQUE GÓMEZ MARTÍNEZ,26
12,CESAR,608,LA JAGUA DE IBIRICO,FEDERICO GUTIÉRREZ,1613
12,CESAR,608,LA JAGUA DE IBIRICO,GUSTAVO PETRO,9583
12,CESAR,608,LA JAGUA DE IBIRICO,INGRID BETANCOURT,3
12,CESAR,608,LA JAGUA DE IBIRICO,JOHN MILTON RODRÍGUEZ,544
12,CESAR,608,LA JAGUA DE IBIRICO,LUIS PÉREZ,5
12,CESAR,608,LA JAGUA DE IBIRICO,RODOLFO HERNÁNDEZ,3594
12,CESAR,608,LA JAGUA DE IBIRICO,SERGIO FAJARDO,177
12,CESAR,608,LA JAGUA DE IBIRICO,VOTOS EN BLANCO,211
12,CESAR,608,LA JAGUA DE IBIRICO,VOTOS NO MARCADOS,18
12,CESAR,608,LA JAGUA DE IBIRICO,VOTOS NULOS,232
12,CESAR,625,MANAURE BALCON DEL CESAR (MANA,ENRIQUE GÓMEZ MARTÍNEZ,16
12,CESAR,625,MANAURE BALCON DEL CESAR (MANA,FEDERICO GUTIÉRREZ,934
12,CESAR,625,MANAURE BALCON DEL CESAR (MANA,GUSTAVO PETRO,2135
12,CESAR,625,MANAURE BALCON DEL CESAR (MANA,INGRID BETANCOURT,1
12,CESAR,625,MANAURE BALCON DEL CESAR (MANA,JOHN MILTON RODRÍGUEZ,44
12,CESAR,625,MANAURE BALCON DEL CESAR (MANA,LUIS PÉREZ,3
12,CESAR,625,MANAURE BALCON DEL CESAR (MANA,RODOLFO HERNÁNDEZ,1346
12,CESAR,625,MANAURE BALCON DEL CESAR (MANA,SERGIO FAJARDO,66
12,CESAR,625,MANAURE BALCON DEL CESAR (MANA,VOTOS EN BLANCO,54
12,CESAR,625,MANAURE BALCON DEL CESAR (MANA,VOTOS NO MARCADOS,1
12,CESAR,625,MANAURE BALCON DEL CESAR (MANA,VOTOS NULOS,52
12,CESAR,650,PAILITAS,ENRIQUE GÓMEZ MARTÍNEZ,10
12,CESAR,650,PAILITAS,FEDERICO GUTIÉRREZ,621
12,CESAR,650,PAILITAS,GUSTAVO PETRO,2690
12,CESAR,650,PAILITAS,INGRID BETANCOURT,5
12,CESAR,650,PAILITAS,JOHN MILTON RODRÍGUEZ,549
12,CESAR,650,PAILITAS,RODOLFO HERNÁNDEZ,3848
12,CESAR,650,PAILITAS,SERGIO FAJARDO,80
12,CESAR,650,PAILITAS,VOTOS EN BLANCO,48
12,CESAR,650,PAILITAS,VOTOS NO MARCADOS,11
12,CESAR,650,PAILITAS,VOTOS NULOS,80
12,CESAR,700,PELAYA,ENRIQUE GÓMEZ MARTÍNEZ,16
12,CESAR,700,PELAYA,FEDERICO GUTIÉRREZ,805
12,CESAR,700,PELAYA,GUSTAVO PETRO,1780
12,CESAR,700,PELAYA,INGRID BETANCOURT,4
12,CESAR,700,PELAYA,JOHN MILTON RODRÍGUEZ,127
12,CESAR,700,PELAYA,LUIS PÉREZ,5
12,CESAR,700,PELAYA,RODOLFO HERNÁNDEZ,5110
12,CESAR,700,PELAYA,SERGIO FAJARDO,50
12,CESAR,700,PELAYA,VOTOS EN BLANCO,72
12,CESAR,700,PELAYA,VOTOS NO MARCADOS,12
12,CESAR,700,PELAYA,VOTOS NULOS,52
12,CESAR,720,PUEBLO BELLO,ENRIQUE GÓMEZ MARTÍNEZ,23
12,CESAR,720,PUEBLO BELLO,FEDERICO GUTIÉRREZ,1054
12,CESAR,720,PUEBLO BELLO,GUSTAVO PETRO,3340
12,CESAR,720,PUEBLO BELLO,INGRID BETANCOURT,14
12,CESAR,720,PUEBLO BELLO,JOHN MILTON RODRÍGUEZ,146
12,CESAR,720,PUEBLO BELLO,LUIS PÉREZ,6
12,CESAR,720,PUEBLO BELLO,RODOLFO HERNÁNDEZ,2363
12,CESAR,720,PUEBLO BELLO,SERGIO FAJARDO,107
12,CESAR,720,PUEBLO BELLO,VOTOS EN BLANCO,78
12,CESAR,720,PUEBLO BELLO,VOTOS NO MARCADOS,16
12,CESAR,720,PUEBLO BELLO,VOTOS NULOS,78
12,CESAR,750,RIO DE ORO,ENRIQUE GÓMEZ MARTÍNEZ,22
12,CESAR,750,RIO DE ORO,FEDERICO GUTIÉRREZ,1263
12,CESAR,750,RIO DE ORO,GUSTAVO PETRO,1961
12,CESAR,750,RIO DE ORO,JOHN MILTON RODRÍGUEZ,91
12,CESAR,750,RIO DE ORO,LUIS PÉREZ,1
12,CESAR,750,RIO DE ORO,RODOLFO HERNÁNDEZ,5343
12,CESAR,750,RIO DE ORO,SERGIO FAJARDO,117
12,CESAR,750,RIO DE ORO,VOTOS EN BLANCO,98
12,CESAR,750,RIO DE ORO,VOTOS NO MARCADOS,22
12,CESAR,750,RIO DE ORO,VOTOS NULOS,71
12,CESAR,800,SAN ALBERTO,ENRIQUE GÓMEZ MARTÍNEZ,25
12,CESAR,800,SAN ALBERTO,FEDERICO GUTIÉRREZ,674
12,CESAR,800,SAN ALBERTO,GUSTAVO PETRO,3241
12,CESAR,800,SAN ALBERTO,INGRID BETANCOURT,3
12,CESAR,800,SAN ALBERTO,JOHN MILTON RODRÍGUEZ,153
12,CESAR,800,SAN ALBERTO,LUIS PÉREZ,1
12,CESAR,800,SAN ALBERTO,RODOLFO HERNÁNDEZ,7111
12,CESAR,800,SAN ALBERTO,SERGIO FAJARDO,72
12,CESAR,800,SAN ALBERTO,VOTOS EN BLANCO,89
12,CESAR,800,SAN ALBERTO,VOTOS NO MARCADOS,8
12,CESAR,800,SAN ALBERTO,VOTOS NULOS,114
12,CESAR,825,LA PAZ,ENRIQUE GÓMEZ MARTÍNEZ,18
12,CESAR,825,LA PAZ,FEDERICO GUTIÉRREZ,2906
12,CESAR,825,LA PAZ,GUSTAVO PETRO,3397
12,CESAR,825,LA PAZ,INGRID BETANCOURT,5
12,CESAR,825,LA PAZ,JOHN MILTON RODRÍGUEZ,144
12,CESAR,825,LA PAZ,LUIS PÉREZ,4
12,CESAR,825,LA PAZ,RODOLFO HERNÁNDEZ,3365
12,CESAR,825,LA PAZ,SERGIO FAJARDO,137
12,CESAR,825,LA PAZ,VOTOS EN BLANCO,118
12,CESAR,825,LA PAZ,VOTOS NO MARCADOS,10
12,CESAR,825,LA PAZ,VOTOS NULOS,65
12,CESAR,850,SAN DIEGO,ENRIQUE GÓMEZ MARTÍNEZ,7
12,CESAR,850,SAN DIEGO,FEDERICO GUTIÉRREZ,2191
12,CESAR,850,SAN DIEGO,GUSTAVO PETRO,3053
12,CESAR,850,SAN DIEGO,INGRID BETANCOURT,1
12,CESAR,850,SAN DIEGO,JOHN MILTON RODRÍGUEZ,87
12,CESAR,850,SAN DIEGO,LUIS PÉREZ,2
12,CESAR,850,SAN DIEGO,RODOLFO HERNÁNDEZ,2032
12,CESAR,850,SAN DIEGO,SERGIO FAJARDO,93
12,CESAR,850,SAN DIEGO,VOTOS EN BLANCO,110
12,CESAR,850,SAN DIEGO,VOTOS NO MARCADOS,12
12,CESAR,850,SAN DIEGO,VOTOS NULOS,67
12,CESAR,875,SAN MARTIN,ENRIQUE GÓMEZ MARTÍNEZ,19
12,CESAR,875,SAN MARTIN,FEDERICO GUTIÉRREZ,806
12,CESAR,875,SAN MARTIN,GUSTAVO PETRO,3041
12,CESAR,875,SAN MARTIN,INGRID BETANCOURT,3
12,CESAR,875,SAN MARTIN,JOHN MILTON RODRÍGUEZ,219
12,CESAR,875,SAN MARTIN,LUIS PÉREZ,2
12,CESAR,875,SAN MARTIN,RODOLFO HERNÁNDEZ,7182
12,CESAR,875,SAN MARTIN,SERGIO FAJARDO,100
12,CESAR,875,SAN MARTIN,VOTOS EN BLANCO,97
12,CESAR,875,SAN MARTIN,VOTOS NO MARCADOS,32
12,CESAR,875,SAN MARTIN,VOTOS NULOS,188
12,CESAR,900,TAMALAMEQUE,ENRIQUE GÓMEZ MARTÍNEZ,11
12,CESAR,900,TAMALAMEQUE,FEDERICO GUTIÉRREZ,881
12,CESAR,900,TAMALAMEQUE,GUSTAVO PETRO,2285
12,CESAR,900,TAMALAMEQUE,INGRID BETANCOURT,2
12,CESAR,900,TAMALAMEQUE,JOHN MILTON RODRÍGUEZ,84
12,CESAR,900,TAMALAMEQUE,LUIS PÉREZ,1
12,CESAR,900,TAMALAMEQUE,RODOLFO HERNÁNDEZ,1424
12,CESAR,900,TAMALAMEQUE,SERGIO FAJARDO,60
12,CESAR,900,TAMALAMEQUE,VOTOS EN BLANCO,38
12,CESAR,900,TAMALAMEQUE,VOTOS NO MARCADOS,4
12,CESAR,900,TAMALAMEQUE,VOTOS NULOS,28
13,CORDOBA,001,MONTERIA,ENRIQUE GÓMEZ MARTÍNEZ,232
13,CORDOBA,001,MONTERIA,FEDERICO GUTIÉRREZ,52702
13,CORDOBA,001,MONTERIA,GUSTAVO PETRO,81202
13,CORDOBA,001,MONTERIA,INGRID BETANCOURT,53
13,CORDOBA,001,MONTERIA,JOHN MILTON RODRÍGUEZ,1844
13,CORDOBA,001,MONTERIA,LUIS PÉREZ,36
13,CORDOBA,001,MONTERIA,RODOLFO HERNÁNDEZ,29798
13,CORDOBA,001,MONTERIA,SERGIO FAJARDO,3371
13,CORDOBA,001,MONTERIA,VOTOS EN BLANCO,2591
13,CORDOBA,001,MONTERIA,VOTOS NO MARCADOS,167
13,CORDOBA,001,MONTERIA,VOTOS NULOS,1368
13,CORDOBA,004,AYAPEL,ENRIQUE GÓMEZ MARTÍNEZ,31
13,CORDOBA,004,AYAPEL,FEDERICO GUTIÉRREZ,4333
13,CORDOBA,004,AYAPEL,GUSTAVO PETRO,5940
13,CORDOBA,004,AYAPEL,INGRID BETANCOURT,4
13,CORDOBA,004,AYAPEL,JOHN MILTON RODRÍGUEZ,143
13,CORDOBA,004,AYAPEL,LUIS PÉREZ,7
13,CORDOBA,004,AYAPEL,RODOLFO HERNÁNDEZ,2017
13,CORDOBA,004,AYAPEL,SERGIO FAJARDO,202
13,CORDOBA,004,AYAPEL,VOTOS EN BLANCO,163
13,CORDOBA,004,AYAPEL,VOTOS NO MARCADOS,27
13,CORDOBA,004,AYAPEL,VOTOS NULOS,133
13,CORDOBA,007,BUENAVISTA,ENRIQUE GÓMEZ MARTÍNEZ,7
13,CORDOBA,007,BUENAVISTA,FEDERICO GUTIÉRREZ,1917
13,CORDOBA,007,BUENAVISTA,GUSTAVO PETRO,4438
13,CORDOBA,007,BUENAVISTA,INGRID BETANCOURT,5
13,CORDOBA,007,BUENAVISTA,JOHN MILTON RODRÍGUEZ,84
13,CORDOBA,007,BUENAVISTA,LUIS PÉREZ,3
13,CORDOBA,007,BUENAVISTA,RODOLFO HERNÁNDEZ,1390
13,CORDOBA,007,BUENAVISTA,SERGIO FAJARDO,154
13,CORDOBA,007,BUENAVISTA,VOTOS EN BLANCO,125
13,CORDOBA,007,BUENAVISTA,VOTOS NO MARCADOS,28
13,CORDOBA,007,BUENAVISTA,VOTOS NULOS,43
13,CORDOBA,009,CANALETE,ENRIQUE GÓMEZ MARTÍNEZ,22
13,CORDOBA,009,CANALETE,FEDERICO GUTIÉRREZ,1866
13,CORDOBA,009,CANALETE,GUSTAVO PETRO,3461
13,CORDOBA,009,CANALETE,INGRID BETANCOURT,6
13,CORDOBA,009,CANALETE,JOHN MILTON RODRÍGUEZ,41
13,CORDOBA,009,CANALETE,LUIS PÉREZ,4
13,CORDOBA,009,CANALETE,RODOLFO HERNÁNDEZ,682
13,CORDOBA,009,CANALETE,SERGIO FAJARDO,119
13,CORDOBA,009,CANALETE,VOTOS EN BLANCO,77
13,CORDOBA,009,CANALETE,VOTOS NO MARCADOS,14
13,CORDOBA,009,CANALETE,VOTOS NULOS,37
13,CORDOBA,010,CERETE,ENRIQUE GÓMEZ MARTÍNEZ,52
13,CORDOBA,010,CERETE,FEDERICO GUTIÉRREZ,9948
13,CORDOBA,010,CERETE,GUSTAVO PETRO,20651
13,CORDOBA,010,CERETE,INGRID BETANCOURT,8
13,CORDOBA,010,CERETE,JOHN MILTON RODRÍGUEZ,341
13,CORDOBA,010,CERETE,LUIS PÉREZ,7
13,CORDOBA,010,CERETE,RODOLFO HERNÁNDEZ,5755
13,CORDOBA,010,CERETE,SERGIO FAJARDO,559
13,CORDOBA,010,CERETE,VOTOS EN BLANCO,606
13,CORDOBA,010,CERETE,VOTOS NO MARCADOS,50
13,CORDOBA,010,CERETE,VOTOS NULOS,320
13,CORDOBA,013,CIENAGA DE ORO,ENRIQUE GÓMEZ MARTÍNEZ,20
13,CORDOBA,013,CIENAGA DE ORO,FEDERICO GUTIÉRREZ,6675
13,CORDOBA,013,CIENAGA DE ORO,GUSTAVO PETRO,15144
13,CORDOBA,013,CIENAGA DE ORO,INGRID BETANCOURT,4
13,CORDOBA,013,CIENAGA DE ORO,JOHN MILTON RODRÍGUEZ,256
13,CORDOBA,013,CIENAGA DE ORO,LUIS PÉREZ,5
13,CORDOBA,013,CIENAGA DE ORO,RODOLFO HERNÁNDEZ,1766
13,CORDOBA,013,CIENAGA DE ORO,SERGIO FAJARDO,259
13,CORDOBA,013,CIENAGA DE ORO,VOTOS EN BLANCO,276
13,CORDOBA,013,CIENAGA DE ORO,VOTOS NO MARCADOS,40
13,CORDOBA,013,CIENAGA DE ORO,VOTOS NULOS,203
13,CORDOBA,014,COTORRA (BONGO),ENRIQUE GÓMEZ MARTÍNEZ,14
13,CORDOBA,014,COTORRA (BONGO),FEDERICO GUTIÉRREZ,2016
13,CORDOBA,014,COTORRA (BONGO),GUSTAVO PETRO,4270
13,CORDOBA,014,COTORRA (BONGO),JOHN MILTON RODRÍGUEZ,85
13,CORDOBA,014,COTORRA (BONGO),LUIS PÉREZ,1
13,CORDOBA,014,COTORRA (BONGO),RODOLFO HERNÁNDEZ,1131
13,CORDOBA,014,COTORRA (BONGO),SERGIO FAJARDO,63
13,CORDOBA,014,COTORRA (BONGO),VOTOS EN BLANCO,69
13,CORDOBA,014,COTORRA (BONGO),VOTOS NO MARCADOS,14
13,CORDOBA,014,COTORRA (BONGO),VOTOS NULOS,28
13,CORDOBA,016,CHIMA,ENRIQUE GÓMEZ MARTÍNEZ,11
13,CORDOBA,016,CHIMA,FEDERICO GUTIÉRREZ,2141
13,CORDOBA,016,CHIMA,GUSTAVO PETRO,3240
13,CORDOBA,016,CHIMA,INGRID BETANCOURT,1
13,CORDOBA,016,CHIMA,JOHN MILTON RODRÍGUEZ,66
13,CORDOBA,016,CHIMA,LUIS PÉREZ,3
13,CORDOBA,016,CHIMA,RODOLFO HERNÁNDEZ,605
13,CORDOBA,016,CHIMA,SERGIO FAJARDO,69
13,CORDOBA,016,CHIMA,VOTOS EN BLANCO,54
13,CORDOBA,016,CHIMA,VOTOS NO MARCADOS,7
13,CORDOBA,016,CHIMA,VOTOS NULOS,29
13,CORDOBA,019,CHINU,ENRIQUE GÓMEZ MARTÍNEZ,36
13,CORDOBA,019,CHINU,FEDERICO GUTIÉRREZ,8507
13,CORDOBA,019,CHINU,GUSTAVO PETRO,8313
13,CORDOBA,019,CHINU,INGRID BETANCOURT,7
13,CORDOBA,019,CHINU,JOHN MILTON RODRÍGUEZ,345
13,CORDOBA,019,CHINU,LUIS PÉREZ,6
13,CORDOBA,019,CHINU,RODOLFO HERNÁNDEZ,4033
13,CORDOBA,019,CHINU,SERGIO FAJARDO,356
13,CORDOBA,019,CHINU,VOTOS EN BLANCO,265
13,CORDOBA,019,CHINU,VOTOS NO MARCADOS,34
13,CORDOBA,019,CHINU,VOTOS NULOS,205
13,CORDOBA,020,LA APARTADA (FRONTERA),ENRIQUE GÓMEZ MARTÍNEZ,10
13,CORDOBA,020,LA APARTADA (FRONTERA),FEDERICO GUTIÉRREZ,1028
13,CORDOBA,020,LA APARTADA (FRONTERA),GUSTAVO PETRO,3425
13,CORDOBA,020,LA APARTADA (FRONTERA),INGRID BETANCOURT,1
13,CORDOBA,020,LA APARTADA (FRONTERA),JOHN MILTON RODRÍGUEZ,52
13,CORDOBA,020,LA APARTADA (FRONTERA),LUIS PÉREZ,1
13,CORDOBA,020,LA APARTADA (FRONTERA),RODOLFO HERNÁNDEZ,857
13,CORDOBA,020,LA APARTADA (FRONTERA),SERGIO FAJARDO,70
13,CORDOBA,020,LA APARTADA (FRONTERA),VOTOS EN BLANCO,87
13,CORDOBA,020,LA APARTADA (FRONTERA),VOTOS NO MARCADOS,18
13,CORDOBA,020,LA APARTADA (FRONTERA),VOTOS NULOS,63
13,CORDOBA,022,LORICA,ENRIQUE GÓMEZ MARTÍNEZ,84
13,CORDOBA,022,LORICA,FEDERICO GUTIÉRREZ,11195
13,CORDOBA,022,LORICA,GUSTAVO PETRO,23591
13,CORDOBA,022,LORICA,INGRID BETANCOURT,19
13,CORDOBA,022,LORICA,JOHN MILTON RODRÍGUEZ,446
13,CORDOBA,022,LORICA,LUIS PÉREZ,15
13,CORDOBA,022,LORICA,RODOLFO HERNÁNDEZ,5524
13,CORDOBA,022,LORICA,SERGIO FAJARDO,590
13,CORDOBA,022,LORICA,VOTOS EN BLANCO,535
13,CORDOBA,022,LORICA,VOTOS NO MARCADOS,65
13,CORDOBA,022,LORICA,VOTOS NULOS,298
13,CORDOBA,023,LOS CORDOBAS,ENRIQUE GÓMEZ MARTÍNEZ,6
13,CORDOBA,023,LOS CORDOBAS,FEDERICO GUTIÉRREZ,2121
13,CORDOBA,023,LOS CORDOBAS,GUSTAVO PETRO,2719
13,CORDOBA,023,LOS CORDOBAS,INGRID BETANCOURT,5
13,CORDOBA,023,LOS CORDOBAS,JOHN MILTON RODRÍGUEZ,49
13,CORDOBA,023,LOS CORDOBAS,LUIS PÉREZ,2
13,CORDOBA,023,LOS CORDOBAS,RODOLFO HERNÁNDEZ,930
13,CORDOBA,023,LOS CORDOBAS,SERGIO FAJARDO,104
13,CORDOBA,023,LOS CORDOBAS,VOTOS EN BLANCO,94
13,CORDOBA,023,LOS CORDOBAS,VOTOS NO MARCADOS,13
13,CORDOBA,023,LOS CORDOBAS,VOTOS NULOS,30
13,CORDOBA,024,MOMIL,ENRIQUE GÓMEZ MARTÍNEZ,15
13,CORDOBA,024,MOMIL,FEDERICO GUTIÉRREZ,2590
13,CORDOBA,024,MOMIL,GUSTAVO PETRO,3533
13,CORDOBA,024,MOMIL,INGRID BETANCOURT,4
13,CORDOBA,024,MOMIL,JOHN MILTON RODRÍGUEZ,66
13,CORDOBA,024,MOMIL,LUIS PÉREZ,2
13,CORDOBA,024,MOMIL,RODOLFO HERNÁNDEZ,1186
13,CORDOBA,024,MOMIL,SERGIO FAJARDO,73
13,CORDOBA,024,MOMIL,VOTOS EN BLANCO,108
13,CORDOBA,024,MOMIL,VOTOS NO MARCADOS,8
13,CORDOBA,024,MOMIL,VOTOS NULOS,33
13,CORDOBA,025,MONTELIBANO,ENRIQUE GÓMEZ MARTÍNEZ,42
13,CORDOBA,025,MONTELIBANO,FEDERICO GUTIÉRREZ,4168
13,CORDOBA,025,MONTELIBANO,GUSTAVO PETRO,21928
13,CORDOBA,025,MONTELIBANO,INGRID BETANCOURT,16
13,CORDOBA,025,MONTELIBANO,JOHN MILTON RODRÍGUEZ,578
13,CORDOBA,025,MONTELIBANO,LUIS PÉREZ,11
13,CORDOBA,025,MONTELIBANO,RODOLFO HERNÁNDEZ,3058
13,CORDOBA,025,MONTELIBANO,SERGIO FAJARDO,341
13,CORDOBA,025,MONTELIBANO,VOTOS EN BLANCO,470
13,CORDOBA,025,MONTELIBANO,VOTOS NO MARCADOS,44
13,CORDOBA,025,MONTELIBANO,VOTOS NULOS,311
13,CORDOBA,027,MOÑITOS,ENRIQUE GÓMEZ MARTÍNEZ,21
13,CORDOBA,027,MOÑITOS,FEDERICO GUTIÉRREZ,3027
13,CORDOBA,027,MOÑITOS,GUSTAVO PETRO,3629
13,CORDOBA,027,MOÑITOS,INGRID BETANCOURT,4
13,CORDOBA,027,MOÑITOS,JOHN MILTON RODRÍGUEZ,72
13,CORDOBA,027,MOÑITOS,LUIS PÉREZ,4
13,CORDOBA,027,MOÑITOS,RODOLFO HERNÁNDEZ,886
13,CORDOBA,027,MOÑITOS,SERGIO FAJARDO,170
13,CORDOBA,027,MOÑITOS,VOTOS EN BLANCO,101
13,CORDOBA,027,MOÑITOS,VOTOS NO MARCADOS,21
13,CORDOBA,027,MOÑITOS,VOTOS NULOS,33
13,CORDOBA,028,PLANETA RICA,ENRIQUE GÓMEZ MARTÍNEZ,31
13,CORDOBA,028,PLANETA RICA,FEDERICO GUTIÉRREZ,6358
13,CORDOBA,028,PLANETA RICA,GUSTAVO PETRO,11993
13,CORDOBA,028,PLANETA RICA,INGRID BETANCOURT,9
13,CORDOBA,028,PLANETA RICA,JOHN MILTON RODRÍGUEZ,341
13,CORDOBA,028,PLANETA RICA,LUIS PÉREZ,8
13,CORDOBA,028,PLANETA RICA,RODOLFO HERNÁNDEZ,5216
13,CORDOBA,028,PLANETA RICA,SERGIO FAJARDO,376
13,CORDOBA,028,PLANETA RICA,VOTOS EN BLANCO,327
13,CORDOBA,028,PLANETA RICA,VOTOS NO MARCADOS,43
13,CORDOBA,028,PLANETA RICA,VOTOS NULOS,201
13,CORDOBA,031,PUEBLO NUEVO,ENRIQUE GÓMEZ MARTÍNEZ,21
13,CORDOBA,031,PUEBLO NUEVO,FEDERICO GUTIÉRREZ,3805
13,CORDOBA,031,PUEBLO NUEVO,GUSTAVO PETRO,5404
13,CORDOBA,031,PUEBLO NUEVO,INGRID BETANCOURT,4
13,CORDOBA,031,PUEBLO NUEVO,JOHN MILTON RODRÍGUEZ,111
13,CORDOBA,031,PUEBLO NUEVO,LUIS PÉREZ,1
13,CORDOBA,031,PUEBLO NUEVO,RODOLFO HERNÁNDEZ,2628
13,CORDOBA,031,PUEBLO NUEVO,SERGIO FAJARDO,231
13,CORDOBA,031,PUEBLO NUEVO,VOTOS EN BLANCO,112
13,CORDOBA,031,PUEBLO NUEVO,VOTOS NO MARCADOS,34
13,CORDOBA,031,PUEBLO NUEVO,VOTOS NULOS,74
13,CORDOBA,032,PUERTO LIBERTADOR,ENRIQUE GÓMEZ MARTÍNEZ,23
13,CORDOBA,032,PUERTO LIBERTADOR,FEDERICO GUTIÉRREZ,1716
13,CORDOBA,032,PUERTO LIBERTADOR,GUSTAVO PETRO,9650
13,CORDOBA,032,PUERTO LIBERTADOR,INGRID BETANCOURT,9
13,CORDOBA,032,PUERTO LIBERTADOR,JOHN MILTON RODRÍGUEZ,229
13,CORDOBA,032,PUERTO LIBERTADOR,LUIS PÉREZ,9
13,CORDOBA,032,PUERTO LIBERTADOR,RODOLFO HERNÁNDEZ,1994
13,CORDOBA,032,PUERTO LIBERTADOR,SERGIO FAJARDO,202
13,CORDOBA,032,PUERTO LIBERTADOR,VOTOS EN BLANCO,221
13,CORDOBA,032,PUERTO LIBERTADOR,VOTOS NO MARCADOS,29
13,CORDOBA,032,PUERTO LIBERTADOR,VOTOS NULOS,133
13,CORDOBA,033,PUERTO ESCONDIDO,ENRIQUE GÓMEZ MARTÍNEZ,37
13,CORDOBA,033,PUERTO ESCONDIDO,FEDERICO GUTIÉRREZ,2708
13,CORDOBA,033,PUERTO ESCONDIDO,GUSTAVO PETRO,3463
13,CORDOBA,033,PUERTO ESCONDIDO,INGRID BETANCOURT,1
13,CORDOBA,033,PUERTO ESCONDIDO,JOHN MILTON RODRÍGUEZ,84
13,CORDOBA,033,PUERTO ESCONDIDO,LUIS PÉREZ,3
13,CORDOBA,033,PUERTO ESCONDIDO,RODOLFO HERNÁNDEZ,1070
13,CORDOBA,033,PUERTO ESCONDIDO,SERGIO FAJARDO,168
13,CORDOBA,033,PUERTO ESCONDIDO,VOTOS EN BLANCO,86
13,CORDOBA,033,PUERTO ESCONDIDO,VOTOS NO MARCADOS,16
13,CORDOBA,033,PUERTO ESCONDIDO,VOTOS NULOS,28
13,CORDOBA,034,PURISIMA,ENRIQUE GÓMEZ MARTÍNEZ,20
13,CORDOBA,034,PURISIMA,FEDERICO GUTIÉRREZ,2279
13,CORDOBA,034,PURISIMA,GUSTAVO PETRO,2512
13,CORDOBA,034,PURISIMA,INGRID BETANCOURT,1
13,CORDOBA,034,PURISIMA,JOHN MILTON RODRÍGUEZ,84
13,CORDOBA,034,PURISIMA,LUIS PÉREZ,1
13,CORDOBA,034,PURISIMA,RODOLFO HERNÁNDEZ,1291
13,CORDOBA,034,PURISIMA,SERGIO FAJARDO,83
13,CORDOBA,034,PURISIMA,VOTOS EN BLANCO,75
13,CORDOBA,034,PURISIMA,VOTOS NO MARCADOS,12
13,CORDOBA,034,PURISIMA,VOTOS NULOS,48
13,CORDOBA,037,SAHAGUN,ENRIQUE GÓMEZ MARTÍNEZ,68
13,CORDOBA,037,SAHAGUN,FEDERICO GUTIÉRREZ,9460
13,CORDOBA,037,SAHAGUN,GUSTAVO PETRO,22932
13,CORDOBA,037,SAHAGUN,INGRID BETANCOURT,14
13,CORDOBA,037,SAHAGUN,JOHN MILTON RODRÍGUEZ,603
13,CORDOBA,037,SAHAGUN,LUIS PÉREZ,12
13,CORDOBA,037,SAHAGUN,RODOLFO HERNÁNDEZ,6734
13,CORDOBA,037,SAHAGUN,SERGIO FAJARDO,527
13,CORDOBA,037,SAHAGUN,VOTOS EN BLANCO,436
13,CORDOBA,037,SAHAGUN,VOTOS NO MARCADOS,60
13,CORDOBA,037,SAHAGUN,VOTOS NULOS,337
13,CORDOBA,040,SAN ANDRES DE SOTAVENTO,ENRIQUE GÓMEZ MARTÍNEZ,66
13,CORDOBA,040,SAN ANDRES DE SOTAVENTO,FEDERICO GUTIÉRREZ,4385
13,CORDOBA,040,SAN ANDRES DE SOTAVENTO,GUSTAVO PETRO,8343
13,CORDOBA,040,SAN ANDRES DE SOTAVENTO,INGRID BETANCOURT,11
13,CORDOBA,040,SAN ANDRES DE SOTAVENTO,JOHN MILTON RODRÍGUEZ,282
13,CORDOBA,040,SAN ANDRES DE SOTAVENTO,LUIS PÉREZ,11
13,CORDOBA,040,SAN ANDRES DE SOTAVENTO,RODOLFO HERNÁNDEZ,1335
13,CORDOBA,040,SAN ANDRES DE SOTAVENTO,SERGIO FAJARDO,253
13,CORDOBA,040,SAN ANDRES DE SOTAVENTO,VOTOS EN BLANCO,135
13,CORDOBA,040,SAN ANDRES DE SOTAVENTO,VOTOS NO MARCADOS,33
13,CORDOBA,040,SAN ANDRES DE SOTAVENTO,VOTOS NULOS,120
13,CORDOBA,043,SAN ANTERO,ENRIQUE GÓMEZ MARTÍNEZ,25
13,CORDOBA,043,SAN ANTERO,FEDERICO GUTIÉRREZ,4798
13,CORDOBA,043,SAN ANTERO,GUSTAVO PETRO,4902
13,CORDOBA,043,SAN ANTERO,INGRID BETANCOURT,1
13,CORDOBA,043,SAN ANTERO,JOHN MILTON RODRÍGUEZ,121
13,CORDOBA,043,SAN ANTERO,LUIS PÉREZ,7
13,CORDOBA,043,SAN ANTERO,RODOLFO HERNÁNDEZ,1148
13,CORDOBA,043,SAN ANTERO,SERGIO FAJARDO,196
13,CORDOBA,043,SAN ANTERO,VOTOS EN BLANCO,166
13,CORDOBA,043,SAN ANTERO,VOTOS NO MARCADOS,29
13,CORDOBA,043,SAN ANTERO,VOTOS NULOS,97
13,CORDOBA,046,SAN BERNARDO DEL VIENTO,ENRIQUE GÓMEZ MARTÍNEZ,26
13,CORDOBA,046,SAN BERNARDO DEL VIENTO,FEDERICO GUTIÉRREZ,2829
13,CORDOBA,046,SAN BERNARDO DEL VIENTO,GUSTAVO PETRO,6931
13,CORDOBA,046,SAN BERNARDO DEL VIENTO,INGRID BETANCOURT,9
13,CORDOBA,046,SAN BERNARDO DEL VIENTO,JOHN MILTON RODRÍGUEZ,127
13,CORDOBA,046,SAN BERNARDO DEL VIENTO,LUIS PÉREZ,1
13,CORDOBA,046,SAN BERNARDO DEL VIENTO,RODOLFO HERNÁNDEZ,960
13,CORDOBA,046,SAN BERNARDO DEL VIENTO,SERGIO FAJARDO,174
13,CORDOBA,046,SAN BERNARDO DEL VIENTO,VOTOS EN BLANCO,156
13,CORDOBA,046,SAN BERNARDO DEL VIENTO,VOTOS NO MARCADOS,21
13,CORDOBA,046,SAN BERNARDO DEL VIENTO,VOTOS NULOS,57
13,CORDOBA,049,SAN CARLOS,ENRIQUE GÓMEZ MARTÍNEZ,13
13,CORDOBA,049,SAN CARLOS,FEDERICO GUTIÉRREZ,2755
13,CORDOBA,049,SAN CARLOS,GUSTAVO PETRO,3266
13,CORDOBA,049,SAN CARLOS,INGRID BETANCOURT,4
13,CORDOBA,049,SAN CARLOS,JOHN MILTON RODRÍGUEZ,43
13,CORDOBA,049,SAN CARLOS,LUIS PÉREZ,3
13,CORDOBA,049,SAN CARLOS,RODOLFO HERNÁNDEZ,1128
13,CORDOBA,049,SAN CARLOS,SERGIO FAJARDO,109
13,CORDOBA,049,SAN CARLOS,VOTOS EN BLANCO,96
13,CORDOBA,049,SAN CARLOS,VOTOS NO MARCADOS,15
13,CORDOBA,049,SAN CARLOS,VOTOS NULOS,52
13,CORDOBA,052,SAN JOSE DE URE,ENRIQUE GÓMEZ MARTÍNEZ,6
13,CORDOBA,052,SAN JOSE DE URE,FEDERICO GUTIÉRREZ,495
13,CORDOBA,052,SAN JOSE DE URE,GUSTAVO PETRO,2536
13,CORDOBA,052,SAN JOSE DE URE,INGRID BETANCOURT,3
13,CORDOBA,052,SAN JOSE DE URE,JOHN MILTON RODRÍGUEZ,64
13,CORDOBA,052,SAN JOSE DE URE,LUIS PÉREZ,1
13,CORDOBA,052,SAN JOSE DE URE,RODOLFO HERNÁNDEZ,279
13,CORDOBA,052,SAN JOSE DE URE,SERGIO FAJARDO,45
13,CORDOBA,052,SAN JOSE DE URE,VOTOS EN BLANCO,44
13,CORDOBA,052,SAN JOSE DE URE,VOTOS NO MARCADOS,12
13,CORDOBA,052,SAN JOSE DE URE,VOTOS NULOS,24
13,CORDOBA,055,SAN PELAYO,ENRIQUE GÓMEZ MARTÍNEZ,28
13,CORDOBA,055,SAN PELAYO,FEDERICO GUTIÉRREZ,4913
13,CORDOBA,055,SAN PELAYO,GUSTAVO PETRO,9314
13,CORDOBA,055,SAN PELAYO,INGRID BETANCOURT,2
13,CORDOBA,055,SAN PELAYO,JOHN MILTON RODRÍGUEZ,129
13,CORDOBA,055,SAN PELAYO,LUIS PÉREZ,4
13,CORDOBA,055,SAN PELAYO,RODOLFO HERNÁNDEZ,2245
13,CORDOBA,055,SAN PELAYO,SERGIO FAJARDO,217
13,CORDOBA,055,SAN PELAYO,VOTOS EN BLANCO,213
13,CORDOBA,055,SAN PELAYO,VOTOS NO MARCADOS,14
13,CORDOBA,055,SAN PELAYO,VOTOS NULOS,84
13,CORDOBA,058,TIERRALTA,ENRIQUE GÓMEZ MARTÍNEZ,63
13,CORDOBA,058,TIERRALTA,FEDERICO GUTIÉRREZ,5614
13,CORDOBA,058,TIERRALTA,GUSTAVO PETRO,12104
13,CORDOBA,058,TIERRALTA,INGRID BETANCOURT,17
13,CORDOBA,058,TIERRALTA,JOHN MILTON RODRÍGUEZ,243
13,CORDOBA,058,TIERRALTA,LUIS PÉREZ,4
13,CORDOBA,058,TIERRALTA,RODOLFO HERNÁNDEZ,5390
13,CORDOBA,058,TIERRALTA,SERGIO FAJARDO,301
13,CORDOBA,058,TIERRALTA,VOTOS EN BLANCO,385
13,CORDOBA,058,TIERRALTA,VOTOS NO MARCADOS,65
13,CORDOBA,058,TIERRALTA,VOTOS NULOS,261
13,CORDOBA,060,TUCHIN,ENRIQUE GÓMEZ MARTÍNEZ,48
13,CORDOBA,060,TUCHIN,FEDERICO GUTIÉRREZ,4306
13,CORDOBA,060,TUCHIN,GUSTAVO PETRO,5347
13,CORDOBA,060,TUCHIN,INGRID BETANCOURT,12
13,CORDOBA,060,TUCHIN,JOHN MILTON RODRÍGUEZ,360
13,CORDOBA,060,TUCHIN,LUIS PÉREZ,12
13,CORDOBA,060,TUCHIN,RODOLFO HERNÁNDEZ,1680
13,CORDOBA,060,TUCHIN,SERGIO FAJARDO,154
13,CORDOBA,060,TUCHIN,VOTOS EN BLANCO,113
13,CORDOBA,060,TUCHIN,VOTOS NO MARCADOS,48
13,CORDOBA,060,TUCHIN,VOTOS NULOS,123
13,CORDOBA,061,VALENCIA,ENRIQUE GÓMEZ MARTÍNEZ,22
13,CORDOBA,061,VALENCIA,FEDERICO GUTIÉRREZ,2763
13,CORDOBA,061,VALENCIA,GUSTAVO PETRO,4621
13,CORDOBA,061,VALENCIA,INGRID BETANCOURT,7
13,CORDOBA,061,VALENCIA,JOHN MILTON RODRÍGUEZ,107
13,CORDOBA,061,VALENCIA,LUIS PÉREZ,6
13,CORDOBA,061,VALENCIA,RODOLFO HERNÁNDEZ,2483
13,CORDOBA,061,VALENCIA,SERGIO FAJARDO,220
13,CORDOBA,061,VALENCIA,VOTOS EN BLANCO,169
13,CORDOBA,061,VALENCIA,VOTOS NO MARCADOS,29
13,CORDOBA,061,VALENCIA,VOTOS NULOS,71
15,CUNDINAMARCA,004,AGUA DE DIOS,ENRIQUE GÓMEZ MARTÍNEZ,5
15,CUNDINAMARCA,004,AGUA DE DIOS,FEDERICO GUTIÉRREZ,1287
15,CUNDINAMARCA,004,AGUA DE DIOS,GUSTAVO PETRO,1869
15,CUNDINAMARCA,004,AGUA DE DIOS,INGRID BETANCOURT,3
15,CUNDINAMARCA,004,AGUA DE DIOS,JOHN MILTON RODRÍGUEZ,62
15,CUNDINAMARCA,004,AGUA DE DIOS,RODOLFO HERNÁNDEZ,2180
15,CUNDINAMARCA,004,AGUA DE DIOS,SERGIO FAJARDO,187
15,CUNDINAMARCA,004,AGUA DE DIOS,VOTOS EN BLANCO,101
15,CUNDINAMARCA,004,AGUA DE DIOS,VOTOS NO MARCADOS,11
15,CUNDINAMARCA,004,AGUA DE DIOS,VOTOS NULOS,70
15,CUNDINAMARCA,007,ALBAN,ENRIQUE GÓMEZ MARTÍNEZ,2
15,CUNDINAMARCA,007,ALBAN,FEDERICO GUTIÉRREZ,456
15,CUNDINAMARCA,007,ALBAN,GUSTAVO PETRO,670
15,CUNDINAMARCA,007,ALBAN,JOHN MILTON RODRÍGUEZ,20
15,CUNDINAMARCA,007,ALBAN,RODOLFO HERNÁNDEZ,1802
15,CUNDINAMARCA,007,ALBAN,SERGIO FAJARDO,100
15,CUNDINAMARCA,007,ALBAN,VOTOS EN BLANCO,35
15,CUNDINAMARCA,007,ALBAN,VOTOS NO MARCADOS,1
15,CUNDINAMARCA,007,ALBAN,VOTOS NULOS,37
15,CUNDINAMARCA,010,ANAPOIMA,ENRIQUE GÓMEZ MARTÍNEZ,11
15,CUNDINAMARCA,010,ANAPOIMA,FEDERICO GUTIÉRREZ,1636
15,CUNDINAMARCA,010,ANAPOIMA,GUSTAVO PETRO,1764
15,CUNDINAMARCA,010,ANAPOIMA,INGRID BETANCOURT,3
15,CUNDINAMARCA,010,ANAPOIMA,JOHN MILTON RODRÍGUEZ,123
15,CUNDINAMARCA,010,ANAPOIMA,LUIS PÉREZ,2
15,CUNDINAMARCA,010,ANAPOIMA,RODOLFO HERNÁNDEZ,4162
15,CUNDINAMARCA,010,ANAPOIMA,SERGIO FAJARDO,255
15,CUNDINAMARCA,010,ANAPOIMA,VOTOS EN BLANCO,85
15,CUNDINAMARCA,010,ANAPOIMA,VOTOS NO MARCADOS,3
15,CUNDINAMARCA,010,ANAPOIMA,VOTOS NULOS,58
15,CUNDINAMARCA,013,ANOLAIMA,ENRIQUE GÓMEZ MARTÍNEZ,16
15,CUNDINAMARCA,013,ANOLAIMA,FEDERICO GUTIÉRREZ,1398
15,CUNDINAMARCA,013,ANOLAIMA,GUSTAVO PETRO,1480
15,CUNDINAMARCA,013,ANOLAIMA,INGRID BETANCOURT,5
15,CUNDINAMARCA,013,ANOLAIMA,JOHN MILTON RODRÍGUEZ,120
15,CUNDINAMARCA,013,ANOLAIMA,LUIS PÉREZ,3
15,CUNDINAMARCA,013,ANOLAIMA,RODOLFO HERNÁNDEZ,3721
15,CUNDINAMARCA,013,ANOLAIMA,SERGIO FAJARDO,251
15,CUNDINAMARCA,013,ANOLAIMA,VOTOS EN BLANCO,105
15,CUNDINAMARCA,013,ANOLAIMA,VOTOS NO MARCADOS,6
15,CUNDINAMARCA,013,ANOLAIMA,VOTOS NULOS,70
15,CUNDINAMARCA,016,ARBELAEZ,ENRIQUE GÓMEZ MARTÍNEZ,18
15,CUNDINAMARCA,016,ARBELAEZ,FEDERICO GUTIÉRREZ,1508
15,CUNDINAMARCA,016,ARBELAEZ,GUSTAVO PETRO,1406
15,CUNDINAMARCA,016,ARBELAEZ,INGRID BETANCOURT,3
15,CUNDINAMARCA,016,ARBELAEZ,JOHN MILTON RODRÍGUEZ,34
15,CUNDINAMARCA,016,ARBELAEZ,LUIS PÉREZ,2
15,CUNDINAMARCA,016,ARBELAEZ,RODOLFO HERNÁNDEZ,2858
15,CUNDINAMARCA,016,ARBELAEZ,SERGIO FAJARDO,231
15,CUNDINAMARCA,016,ARBELAEZ,VOTOS EN BLANCO,93
15,CUNDINAMARCA,016,ARBELAEZ,VOTOS NO MARCADOS,3
15,CUNDINAMARCA,016,ARBELAEZ,VOTOS NULOS,57
15,CUNDINAMARCA,019,BELTRAN,ENRIQUE GÓMEZ MARTÍNEZ,4
15,CUNDINAMARCA,019,BELTRAN,FEDERICO GUTIÉRREZ,242
15,CUNDINAMARCA,019,BELTRAN,GUSTAVO PETRO,285
15,CUNDINAMARCA,019,BELTRAN,JOHN MILTON RODRÍGUEZ,1
15,CUNDINAMARCA,019,BELTRAN,RODOLFO HERNÁNDEZ,688
15,CUNDINAMARCA,019,BELTRAN,SERGIO FAJARDO,9
15,CUNDINAMARCA,019,BELTRAN,VOTOS EN BLANCO,10
15,CUNDINAMARCA,019,BELTRAN,VOTOS NULOS,6
15,CUNDINAMARCA,022,BITUIMA,ENRIQUE GÓMEZ MARTÍNEZ,1
15,CUNDINAMARCA,022,BITUIMA,FEDERICO GUTIÉRREZ,227
15,CUNDINAMARCA,022,BITUIMA,GUSTAVO PETRO,259
15,CUNDINAMARCA,022,BITUIMA,INGRID BETANCOURT,1
15,CUNDINAMARCA,022,BITUIMA,JOHN MILTON RODRÍGUEZ,9
15,CUNDINAMARCA,022,BITUIMA,LUIS PÉREZ,1
15,CUNDINAMARCA,022,BITUIMA,RODOLFO HERNÁNDEZ,799
15,CUNDINAMARCA,022,BITUIMA,SERGIO FAJARDO,42
15,CUNDINAMARCA,022,BITUIMA,VOTOS EN BLANCO,13
15,CUNDINAMARCA,022,BITUIMA,VOTOS NO MARCADOS,2
15,CUNDINAMARCA,022,BITUIMA,VOTOS NULOS,11
15,CUNDINAMARCA,025,BOJACA,ENRIQUE GÓMEZ MARTÍNEZ,15
15,CUNDINAMARCA,025,BOJACA,FEDERICO GUTIÉRREZ,397
15,CUNDINAMARCA,025,BOJACA,GUSTAVO PETRO,1635
15,CUNDINAMARCA,025,BOJACA,INGRID BETANCOURT,3
15,CUNDINAMARCA,025,BOJACA,JOHN MILTON RODRÍGUEZ,64
15,CUNDINAMARCA,025,BOJACA,LUIS PÉREZ,5
15,CUNDINAMARCA,025,BOJACA,RODOLFO HERNÁNDEZ,2574
15,CUNDINAMARCA,025,BOJACA,SERGIO FAJARDO,166
15,CUNDINAMARCA,025,BOJACA,VOTOS EN BLANCO,70
15,CUNDINAMARCA,025,BOJACA,VOTOS NO MARCADOS,1
15,CUNDINAMARCA,025,BOJACA,VOTOS NULOS,128
15,CUNDINAMARCA,029,CABRERA,ENRIQUE GÓMEZ MARTÍNEZ,3
15,CUNDINAMARCA,029,CABRERA,FEDERICO GUTIÉRREZ,89
15,CUNDINAMARCA,029,CABRERA,GUSTAVO PETRO,1139
15,CUNDINAMARCA,029,CABRERA,JOHN MILTON RODRÍGUEZ,19
15,CUNDINAMARCA,029,CABRERA,RODOLFO HERNÁNDEZ,782
15,CUNDINAMARCA,029,CABRERA,SERGIO FAJARDO,25
15,CUNDINAMARCA,029,CABRERA,VOTOS EN BLANCO,15
15,CUNDINAMARCA,029,CABRERA,VOTOS NO MARCADOS,3
15,CUNDINAMARCA,029,CABRERA,VOTOS NULOS,12
15,CUNDINAMARCA,030,CACHIPAY,ENRIQUE GÓMEZ MARTÍNEZ,9
15,CUNDINAMARCA,030,CACHIPAY,FEDERICO GUTIÉRREZ,1023
15,CUNDINAMARCA,030,CACHIPAY,GUSTAVO PETRO,1300
15,CUNDINAMARCA,030,CACHIPAY,INGRID BETANCOURT,2
15,CUNDINAMARCA,030,CACHIPAY,JOHN MILTON RODRÍGUEZ,71
15,CUNDINAMARCA,030,CACHIPAY,LUIS PÉREZ,3
15,CUNDINAMARCA,030,CACHIPAY,RODOLFO HERNÁNDEZ,3328
15,CUNDINAMARCA,030,CACHIPAY,SERGIO FAJARDO,174
15,CUNDINAMARCA,030,CACHIPAY,VOTOS EN BLANCO,87
15,CUNDINAMARCA,030,CACHIPAY,VOTOS NO MARCADOS,11
15,CUNDINAMARCA,030,CACHIPAY,VOTOS NULOS,45
15,CUNDINAMARCA,031,CAJICA,ENRIQUE GÓMEZ MARTÍNEZ,141
15,CUNDINAMARCA,031,CAJICA,FEDERICO GUTIÉRREZ,8625
15,CUNDINAMARCA,031,CAJICA,GUSTAVO PETRO,13522
15,CUNDINAMARCA,031,CAJICA,INGRID BETANCOURT,28
15,CUNDINAMARCA,031,CAJICA,JOHN MILTON RODRÍGUEZ,380
15,CUNDINAMARCA,031,CAJICA,LUIS PÉREZ,17
15,CUNDINAMARCA,031,CAJICA,RODOLFO HERNÁNDEZ,16702
15,CUNDINAMARCA,031,CAJICA,SERGIO FAJARDO,2948
15,CUNDINAMARCA,031,CAJICA,VOTOS EN BLANCO,789
15,CUNDINAMARCA,031,CAJICA,VOTOS NO MARCADOS,17
15,CUNDINAMARCA,031,CAJICA,VOTOS NULOS,396
15,CUNDINAMARCA,034,CAPARRAPI,ENRIQUE GÓMEZ MARTÍNEZ,13
15,CUNDINAMARCA,034,CAPARRAPI,FEDERICO GUTIÉRREZ,720
15,CUNDINAMARCA,034,CAPARRAPI,GUSTAVO PETRO,505
15,CUNDINAMARCA,034,CAPARRAPI,INGRID BETANCOURT,4
15,CUNDINAMARCA,034,CAPARRAPI,JOHN MILTON RODRÍGUEZ,99
15,CUNDINAMARCA,034,CAPARRAPI,LUIS PÉREZ,1
15,CUNDINAMARCA,034,CAPARRAPI,RODOLFO HERNÁNDEZ,3856
15,CUNDINAMARCA,034,CAPARRAPI,SERGIO FAJARDO,63
15,CUNDINAMARCA,034,CAPARRAPI,VOTOS EN BLANCO,45
15,CUNDINAMARCA,034,CAPARRAPI,VOTOS NO MARCADOS,11
15,CUNDINAMARCA,034,CAPARRAPI,VOTOS NULOS,34
15,CUNDINAMARCA,037,CAQUEZA,ENRIQUE GÓMEZ MARTÍNEZ,21
15,CUNDINAMARCA,037,CAQUEZA,FEDERICO GUTIÉRREZ,943
15,CUNDINAMARCA,037,CAQUEZA,GUSTAVO PETRO,2391
15,CUNDINAMARCA,037,CAQUEZA,INGRID BETANCOURT,2
15,CUNDINAMARCA,037,CAQUEZA,JOHN MILTON RODRÍGUEZ,79
15,CUNDINAMARCA,037,CAQUEZA,LUIS PÉREZ,3
15,CUNDINAMARCA,037,CAQUEZA,RODOLFO HERNÁNDEZ,5568
15,CUNDINAMARCA,037,CAQUEZA,SERGIO FAJARDO,212
15,CUNDINAMARCA,037,CAQUEZA,VOTOS EN BLANCO,140
15,CUNDINAMARCA,037,CAQUEZA,VOTOS NO MARCADOS,11
15,CUNDINAMARCA,037,CAQUEZA,VOTOS NULOS,106
15,CUNDINAMARCA,040,CARMEN DE CARUPA,ENRIQUE GÓMEZ MARTÍNEZ,6
15,CUNDINAMARCA,040,CARMEN DE CARUPA,FEDERICO GUTIÉRREZ,263
15,CUNDINAMARCA,040,CARMEN DE CARUPA,GUSTAVO PETRO,611
15,CUNDINAMARCA,040,CARMEN DE CARUPA,INGRID BETANCOURT,3
15,CUNDINAMARCA,040,CARMEN DE CARUPA,JOHN MILTON RODRÍGUEZ,13
15,CUNDINAMARCA,040,CARMEN DE CARUPA,LUIS PÉREZ,2
15,CUNDINAMARCA,040,CARMEN DE CARUPA,RODOLFO HERNÁNDEZ,2871
15,CUNDINAMARCA,040,CARMEN DE CARUPA,SERGIO FAJARDO,75
15,CUNDINAMARCA,040,CARMEN DE CARUPA,VOTOS EN BLANCO,57
15,CUNDINAMARCA,040,CARMEN DE CARUPA,VOTOS NO MARCADOS,6
15,CUNDINAMARCA,040,CARMEN DE CARUPA,VOTOS NULOS,33
15,CUNDINAMARCA,043,COGUA,ENRIQUE GÓMEZ MARTÍNEZ,40
15,CUNDINAMARCA,043,COGUA,FEDERICO GUTIÉRREZ,995
15,CUNDINAMARCA,043,COGUA,GUSTAVO PETRO,3832
15,CUNDINAMARCA,043,COGUA,INGRID BETANCOURT,11
15,CUNDINAMARCA,043,COGUA,JOHN MILTON RODRÍGUEZ,51
15,CUNDINAMARCA,043,COGUA,LUIS PÉREZ,3
15,CUNDINAMARCA,043,COGUA,RODOLFO HERNÁNDEZ,6045
15,CUNDINAMARCA,043,COGUA,SERGIO FAJARDO,379
15,CUNDINAMARCA,043,COGUA,VOTOS EN BLANCO,203
15,CUNDINAMARCA,043,COGUA,VOTOS NO MARCADOS,6
15,CUNDINAMARCA,043,COGUA,VOTOS NULOS,150
15,CUNDINAMARCA,046,COTA,ENRIQUE GÓMEZ MARTÍNEZ,38
15,CUNDINAMARCA,046,COTA,FEDERICO GUTIÉRREZ,3361
15,CUNDINAMARCA,046,COTA,GUSTAVO PETRO,5587
15,CUNDINAMARCA,046,COTA,INGRID BETANCOURT,8
15,CUNDINAMARCA,046,COTA,JOHN MILTON RODRÍGUEZ,122
15,CUNDINAMARCA,046,COTA,LUIS PÉREZ,7
15,CUNDINAMARCA,046,COTA,RODOLFO HERNÁNDEZ,8596
15,CUNDINAMARCA,046,COTA,SERGIO FAJARDO,1177
15,CUNDINAMARCA,046,COTA,VOTOS EN BLANCO,351
15,CUNDINAMARCA,046,COTA,VOTOS NO MARCADOS,5
15,CUNDINAMARCA,046,COTA,VOTOS NULOS,170
15,CUNDINAMARCA,049,CUCUNUBA,ENRIQUE GÓMEZ MARTÍNEZ,13
15,CUNDINAMARCA,049,CUCUNUBA,FEDERICO GUTIÉRREZ,311
15,CUNDINAMARCA,049,CUCUNUBA,GUSTAVO PETRO,440
15,CUNDINAMARCA,049,CUCUNUBA,INGRID BETANCOURT,1
15,CUNDINAMARCA,049,CUCUNUBA,JOHN MILTON RODRÍGUEZ,9
15,CUNDINAMARCA,049,CUCUNUBA,RODOLFO HERNÁNDEZ,2625
15,CUNDINAMARCA,049,CUCUNUBA,SERGIO FAJARDO,77
15,CUNDINAMARCA,049,CUCUNUBA,VOTOS EN BLANCO,69
15,CUNDINAMARCA,049,CUCUNUBA,VOTOS NO MARCADOS,10
15,CUNDINAMARCA,049,CUCUNUBA,VOTOS NULOS,37
15,CUNDINAMARCA,052,CHAGUANI,ENRIQUE GÓMEZ MARTÍNEZ,2
15,CUNDINAMARCA,052,CHAGUANI,FEDERICO GUTIÉRREZ,373
15,CUNDINAMARCA,052,CHAGUANI,GUSTAVO PETRO,377
15,CUNDINAMARCA,052,CHAGUANI,JOHN MILTON RODRÍGUEZ,13
15,CUNDINAMARCA,052,CHAGUANI,LUIS PÉREZ,1
15,CUNDINAMARCA,052,CHAGUANI,RODOLFO HERNÁNDEZ,1260
15,CUNDINAMARCA,052,CHAGUANI,SERGIO FAJARDO,50
15,CUNDINAMARCA,052,CHAGUANI,VOTOS EN BLANCO,14
15,CUNDINAMARCA,052,CHAGUANI,VOTOS NO MARCADOS,2
15,CUNDINAMARCA,052,CHAGUANI,VOTOS NULOS,5
15,CUNDINAMARCA,055,CHIA,ENRIQUE GÓMEZ MARTÍNEZ,204
15,CUNDINAMARCA,055,CHIA,FEDERICO GUTIÉRREZ,17645
15,CUNDINAMARCA,055,CHIA,GUSTAVO PETRO,22507
15,CUNDINAMARCA,055,CHIA,INGRID BETANCOURT,39
15,CUNDINAMARCA,055,CHIA,JOHN MILTON RODRÍGUEZ,744
15,CUNDINAMARCA,055,CHIA,LUIS PÉREZ,34
15,CUNDINAMARCA,055,CHIA,RODOLFO HERNÁNDEZ,30095
15,CUNDINAMARCA,055,CHIA,SERGIO FAJARDO,6239
15,CUNDINAMARCA,055,CHIA,VOTOS EN BLANCO,1511
15,CUNDINAMARCA,055,CHIA,VOTOS NO MARCADOS,25
15,CUNDINAMARCA,055,CHIA,VOTOS NULOS,610
15,CUNDINAMARCA,058,CHIPAQUE,ENRIQUE GÓMEZ MARTÍNEZ,10
15,CUNDINAMARCA,058,CHIPAQUE,FEDERICO GUTIÉRREZ,447
15,CUNDINAMARCA,058,CHIPAQUE,GUSTAVO PETRO,1318
15,CUNDINAMARCA,058,CHIPAQUE,JOHN MILTON RODRÍGUEZ,32
15,CUNDINAMARCA,058,CHIPAQUE,RODOLFO HERNÁNDEZ,3454
15,CUNDINAMARCA,058,CHIPAQUE,SERGIO FAJARDO,96
15,CUNDINAMARCA,058,CHIPAQUE,VOTOS EN BLANCO,70
15,CUNDINAMARCA,058,CHIPAQUE,VOTOS NO MARCADOS,5
15,CUNDINAMARCA,058,CHIPAQUE,VOTOS NULOS,41
15,CUNDINAMARCA,061,CHOACHI,ENRIQUE GÓMEZ MARTÍNEZ,16
15,CUNDINAMARCA,061,CHOACHI,FEDERICO GUTIÉRREZ,1306
15,CUNDINAMARCA,061,CHOACHI,GUSTAVO PETRO,1511
15,CUNDINAMARCA,061,CHOACHI,INGRID BETANCOURT,4
15,CUNDINAMARCA,061,CHOACHI,JOHN MILTON RODRÍGUEZ,18
15,CUNDINAMARCA,061,CHOACHI,LUIS PÉREZ,3
15,CUNDINAMARCA,061,CHOACHI,RODOLFO HERNÁNDEZ,4397
15,CUNDINAMARCA,061,CHOACHI,SERGIO FAJARDO,221
15,CUNDINAMARCA,061,CHOACHI,VOTOS EN BLANCO,106
15,CUNDINAMARCA,061,CHOACHI,VOTOS NO MARCADOS,4
15,CUNDINAMARCA,061,CHOACHI,VOTOS NULOS,43
15,CUNDINAMARCA,064,CHOCONTA,ENRIQUE GÓMEZ MARTÍNEZ,17
15,CUNDINAMARCA,064,CHOCONTA,FEDERICO GUTIÉRREZ,797
15,CUNDINAMARCA,064,CHOCONTA,GUSTAVO PETRO,2073
15,CUNDINAMARCA,064,CHOCONTA,INGRID BETANCOURT,11
15,CUNDINAMARCA,064,CHOCONTA,JOHN MILTON RODRÍGUEZ,61
15,CUNDINAMARCA,064,CHOCONTA,LUIS PÉREZ,5
15,CUNDINAMARCA,064,CHOCONTA,RODOLFO HERNÁNDEZ,7191
15,CUNDINAMARCA,064,CHOCONTA,SERGIO FAJARDO,216
15,CUNDINAMARCA,064,CHOCONTA,VOTOS EN BLANCO,155
15,CUNDINAMARCA,064,CHOCONTA,VOTOS NO MARCADOS,12
15,CUNDINAMARCA,064,CHOCONTA,VOTOS NULOS,155
15,CUNDINAMARCA,067,EL COLEGIO,ENRIQUE GÓMEZ MARTÍNEZ,17
15,CUNDINAMARCA,067,EL COLEGIO,FEDERICO GUTIÉRREZ,1854
15,CUNDINAMARCA,067,EL COLEGIO,GUSTAVO PETRO,3931
15,CUNDINAMARCA,067,EL COLEGIO,INGRID BETANCOURT,9
15,CUNDINAMARCA,067,EL COLEGIO,JOHN MILTON RODRÍGUEZ,118
15,CUNDINAMARCA,067,EL COLEGIO,LUIS PÉREZ,5
15,CUNDINAMARCA,067,EL COLEGIO,RODOLFO HERNÁNDEZ,6934
15,CUNDINAMARCA,067,EL COLEGIO,SERGIO FAJARDO,344
15,CUNDINAMARCA,067,EL COLEGIO,VOTOS EN BLANCO,142
15,CUNDINAMARCA,067,EL COLEGIO,VOTOS NO MARCADOS,13
15,CUNDINAMARCA,067,EL COLEGIO,VOTOS NULOS,108
15,CUNDINAMARCA,070,EL PEÑON,ENRIQUE GÓMEZ MARTÍNEZ,3
15,CUNDINAMARCA,070,EL PEÑON,FEDERICO GUTIÉRREZ,575
15,CUNDINAMARCA,070,EL PEÑON,GUSTAVO PETRO,256
15,CUNDINAMARCA,070,EL PEÑON,INGRID BETANCOURT,2
15,CUNDINAMARCA,070,EL PEÑON,JOHN MILTON RODRÍGUEZ,8
15,CUNDINAMARCA,070,EL PEÑON,LUIS PÉREZ,2
15,CUNDINAMARCA,070,EL PEÑON,RODOLFO HERNÁNDEZ,1397
15,CUNDINAMARCA,070,EL PEÑON,SERGIO FAJARDO,54
15,CUNDINAMARCA,070,EL PEÑON,VOTOS EN BLANCO,18
15,CUNDINAMARCA,070,EL PEÑON,VOTOS NO MARCADOS,3
15,CUNDINAMARCA,070,EL PEÑON,VOTOS NULOS,18
15,CUNDINAMARCA,072,EL ROSAL,ENRIQUE GÓMEZ MARTÍNEZ,20
15,CUNDINAMARCA,072,EL ROSAL,FEDERICO GUTIÉRREZ,934
15,CUNDINAMARCA,072,EL ROSAL,GUSTAVO PETRO,3373
15,CUNDINAMARCA,072,EL ROSAL,INGRID BETANCOURT,6
15,CUNDINAMARCA,072,EL ROSAL,JOHN MILTON RODRÍGUEZ,106
15,CUNDINAMARCA,072,EL ROSAL,LUIS PÉREZ,7
15,CUNDINAMARCA,072,EL ROSAL,RODOLFO HERNÁNDEZ,8279
15,CUNDINAMARCA,072,EL ROSAL,SERGIO FAJARDO,266
15,CUNDINAMARCA,072,EL ROSAL,VOTOS EN BLANCO,276
15,CUNDINAMARCA,072,EL ROSAL,VOTOS NO MARCADOS,16
15,CUNDINAMARCA,072,EL ROSAL,VOTOS NULOS,295
15,CUNDINAMARCA,076,FACATATIVA,ENRIQUE GÓMEZ MARTÍNEZ,123
15,CUNDINAMARCA,076,FACATATIVA,FEDERICO GUTIÉRREZ,7135
15,CUNDINAMARCA,076,FACATATIVA,GUSTAVO PETRO,27205
15,CUNDINAMARCA,076,FACATATIVA,INGRID BETANCOURT,83
15,CUNDINAMARCA,076,FACATATIVA,JOHN MILTON RODRÍGUEZ,952
15,CUNDINAMARCA,076,FACATATIVA,LUIS PÉREZ,53
15,CUNDINAMARCA,076,FACATATIVA,RODOLFO HERNÁNDEZ,27060
15,CUNDINAMARCA,076,FACATATIVA,SERGIO FAJARDO,2492
15,CUNDINAMARCA,076,FACATATIVA,VOTOS EN BLANCO,1470
15,CUNDINAMARCA,076,FACATATIVA,VOTOS NO MARCADOS,43
15,CUNDINAMARCA,076,FACATATIVA,VOTOS NULOS,1678
15,CUNDINAMARCA,079,FOMEQUE,ENRIQUE GÓMEZ MARTÍNEZ,12
15,CUNDINAMARCA,079,FOMEQUE,FEDERICO GUTIÉRREZ,762
15,CUNDINAMARCA,079,FOMEQUE,GUSTAVO PETRO,854
15,CUNDINAMARCA,079,FOMEQUE,INGRID BETANCOURT,3
15,CUNDINAMARCA,079,FOMEQUE,JOHN MILTON RODRÍGUEZ,12
15,CUNDINAMARCA,079,FOMEQUE,LUIS PÉREZ,1
15,CUNDINAMARCA,079,FOMEQUE,RODOLFO HERNÁNDEZ,4624
15,CUNDINAMARCA,079,FOMEQUE,SERGIO FAJARDO,125
15,CUNDINAMARCA,079,FOMEQUE,VOTOS EN BLANCO,40
15,CUNDINAMARCA,079,FOMEQUE,VOTOS NO MARCADOS,7
15,CUNDINAMARCA,079,FOMEQUE,VOTOS NULOS,33
15,CUNDINAMARCA,085,FOSCA,ENRIQUE GÓMEZ MARTÍNEZ,3
15,CUNDINAMARCA,085,FOSCA,FEDERICO GUTIÉRREZ,270
15,CUNDINAMARCA,085,FOSCA,GUSTAVO PETRO,423
15,CUNDINAMARCA,085,FOSCA,JOHN MILTON RODRÍGUEZ,6
15,CUNDINAMARCA,085,FOSCA,LUIS PÉREZ,2
15,CUNDINAMARCA,085,FOSCA,RODOLFO HERNÁNDEZ,2420
15,CUNDINAMARCA,085,FOSCA,SERGIO FAJARDO,30
15,CUNDINAMARCA,085,FOSCA,VOTOS EN BLANCO,16
15,CUNDINAMARCA,085,FOSCA,VOTOS NO MARCADOS,1
15,CUNDINAMARCA,085,FOSCA,VOTOS NULOS,8
15,CUNDINAMARCA,088,FUNZA,ENRIQUE GÓMEZ MARTÍNEZ,111
15,CUNDINAMARCA,088,FUNZA,FEDERICO GUTIÉRREZ,5824
15,CUNDINAMARCA,088,FUNZA,GUSTAVO PETRO,21103
15,CUNDINAMARCA,088,FUNZA,INGRID BETANCOURT,37
15,CUNDINAMARCA,088,FUNZA,JOHN MILTON RODRÍGUEZ,714
15,CUNDINAMARCA,088,FUNZA,LUIS PÉREZ,40
15,CUNDINAMARCA,088,FUNZA,RODOLFO HERNÁNDEZ,19498
15,CUNDINAMARCA,088,FUNZA,SERGIO FAJARDO,2440
15,CUNDINAMARCA,088,FUNZA,VOTOS EN BLANCO,1114
15,CUNDINAMARCA,088,FUNZA,VOTOS NO MARCADOS,19
15,CUNDINAMARCA,088,FUNZA,VOTOS NULOS,874
15,CUNDINAMARCA,091,FUQUENE,ENRIQUE GÓMEZ MARTÍNEZ,3
15,CUNDINAMARCA,091,FUQUENE,FEDERICO GUTIÉRREZ,168
15,CUNDINAMARCA,091,FUQUENE,GUSTAVO PETRO,687
15,CUNDINAMARCA,091,FUQUENE,INGRID BETANCOURT,1
15,CUNDINAMARCA,091,FUQUENE,JOHN MILTON RODRÍGUEZ,12
15,CUNDINAMARCA,091,FUQUENE,LUIS PÉREZ,1
15,CUNDINAMARCA,091,FUQUENE,RODOLFO HERNÁNDEZ,1761
15,CUNDINAMARCA,091,FUQUENE,SERGIO FAJARDO,66
15,CUNDINAMARCA,091,FUQUENE,VOTOS EN BLANCO,37
15,CUNDINAMARCA,091,FUQUENE,VOTOS NO MARCADOS,4
15,CUNDINAMARCA,091,FUQUENE,VOTOS NULOS,26
15,CUNDINAMARCA,094,FUSAGASUGA,ENRIQUE GÓMEZ MARTÍNEZ,201
15,CUNDINAMARCA,094,FUSAGASUGA,FEDERICO GUTIÉRREZ,14961
15,CUNDINAMARCA,094,FUSAGASUGA,GUSTAVO PETRO,22271
15,CUNDINAMARCA,094,FUSAGASUGA,INGRID BETANCOURT,37
15,CUNDINAMARCA,094,FUSAGASUGA,JOHN MILTON RODRÍGUEZ,852
15,CUNDINAMARCA,094,FUSAGASUGA,LUIS PÉREZ,30
15,CUNDINAMARCA,094,FUSAGASUGA,RODOLFO HERNÁNDEZ,28480
15,CUNDINAMARCA,094,FUSAGASUGA,SERGIO FAJARDO,2862
15,CUNDINAMARCA,094,FUSAGASUGA,VOTOS EN BLANCO,1193
15,CUNDINAMARCA,094,FUSAGASUGA,VOTOS NO MARCADOS,43
15,CUNDINAMARCA,094,FUSAGASUGA,VOTOS NULOS,715
15,CUNDINAMARCA,097,GACHALA,ENRIQUE GÓMEZ MARTÍNEZ,2
15,CUNDINAMARCA,097,GACHALA,FEDERICO GUTIÉRREZ,294
15,CUNDINAMARCA,097,GACHALA,GUSTAVO PETRO,605
15,CUNDINAMARCA,097,GACHALA,JOHN MILTON RODRÍGUEZ,14
15,CUNDINAMARCA,097,GACHALA,RODOLFO HERNÁNDEZ,1628
15,CUNDINAMARCA,097,GACHALA,SERGIO FAJARDO,58
15,CUNDINAMARCA,097,GACHALA,VOTOS EN BLANCO,23
15,CUNDINAMARCA,097,GACHALA,VOTOS NO MARCADOS,7
15,CUNDINAMARCA,097,GACHALA,VOTOS NULOS,17
15,CUNDINAMARCA,100,GACHANCIPA,ENRIQUE GÓMEZ MARTÍNEZ,17
15,CUNDINAMARCA,100,GACHANCIPA,FEDERICO GUTIÉRREZ,517
15,CUNDINAMARCA,100,GACHANCIPA,GUSTAVO PETRO,3119
15,CUNDINAMARCA,100,GACHANCIPA,INGRID BETANCOURT,9
15,CUNDINAMARCA,100,GACHANCIPA,JOHN MILTON RODRÍGUEZ,111
15,CUNDINAMARCA,100,GACHANCIPA,LUIS PÉREZ,4
15,CUNDINAMARCA,100,GACHANCIPA,RODOLFO HERNÁNDEZ,4259
15,CUNDINAMARCA,100,GACHANCIPA,SERGIO FAJARDO,203
15,CUNDINAMARCA,100,GACHANCIPA,VOTOS EN BLANCO,165
15,CUNDINAMARCA,100,GACHANCIPA,VOTOS NO MARCADOS,7
15,CUNDINAMARCA,100,GACHANCIPA,VOTOS NULOS,149
15,CUNDINAMARCA,103,GACHETA,ENRIQUE GÓMEZ MARTÍNEZ,9
15,CUNDINAMARCA,103,GACHETA,FEDERICO GUTIÉRREZ,599
15,CUNDINAMARCA,103,GACHETA,GUSTAVO PETRO,975
15,CUNDINAMARCA,103,GACHETA,INGRID BETANCOURT,4
15,CUNDINAMARCA,103,GACHETA,JOHN MILTON RODRÍGUEZ,29
15,CUNDINAMARCA,103,GACHETA,LUIS PÉREZ,1
15,CUNDINAMARCA,103,GACHETA,RODOLFO HERNÁNDEZ,3099
15,CUNDINAMARCA,103,GACHETA,SERGIO FAJARDO,121
15,CUNDINAMARCA,103,GACHETA,VOTOS EN BLANCO,80
15,CUNDINAMARCA,103,GACHETA,VOTOS NO MARCADOS,14
15,CUNDINAMARCA,103,GACHETA,VOTOS NULOS,40
15,CUNDINAMARCA,106,GAMA,ENRIQUE GÓMEZ MARTÍNEZ,8
15,CUNDINAMARCA,106,GAMA,FEDERICO GUTIÉRREZ,235
15,CUNDINAMARCA,106,GAMA,GUSTAVO PETRO,252
15,CUNDINAMARCA,106,GAMA,INGRID BETANCOURT,3
15,CUNDINAMARCA,106,GAMA,JOHN MILTON RODRÍGUEZ,5
15,CUNDINAMARCA,106,GAMA,RODOLFO HERNÁNDEZ,1182
15,CUNDINAMARCA,106,GAMA,SERGIO FAJARDO,69
15,CUNDINAMARCA,106,GAMA,VOTOS EN BLANCO,19
15,CUNDINAMARCA,106,GAMA,VOTOS NO MARCADOS,1
15,CUNDINAMARCA,106,GAMA,VOTOS NULOS,17
15,CUNDINAMARCA,109,GIRARDOT,ENRIQUE GÓMEZ MARTÍNEZ,123
15,CUNDINAMARCA,109,GIRARDOT,FEDERICO GUTIÉRREZ,11327
15,CUNDINAMARCA,109,GIRARDOT,GUSTAVO PETRO,15667
15,CUNDINAMARCA,109,GIRARDOT,INGRID BETANCOURT,27
15,CUNDINAMARCA,109,GIRARDOT,JOHN MILTON RODRÍGUEZ,867
15,CUNDINAMARCA,109,GIRARDOT,LUIS PÉREZ,23
15,CUNDINAMARCA,109,GIRARDOT,RODOLFO HERNÁNDEZ,22844
15,CUNDINAMARCA,109,GIRARDOT,SERGIO FAJARDO,1550
15,CUNDINAMARCA,109,GIRARDOT,VOTOS EN BLANCO,727
15,CUNDINAMARCA,109,GIRARDOT,VOTOS NO MARCADOS,38
15,CUNDINAMARCA,109,GIRARDOT,VOTOS NULOS,602
15,CUNDINAMARCA,112,GUACHETA,ENRIQUE GÓMEZ MARTÍNEZ,12
15,CUNDINAMARCA,112,GUACHETA,FEDERICO GUTIÉRREZ,354
15,CUNDINAMARCA,112,GUACHETA,GUSTAVO PETRO,867
15,CUNDINAMARCA,112,GUACHETA,INGRID BETANCOURT,7
15,CUNDINAMARCA,112,GUACHETA,JOHN MILTON RODRÍGUEZ,21
15,CUNDINAMARCA,112,GUACHETA,LUIS PÉREZ,1
15,CUNDINAMARCA,112,GUACHETA,RODOLFO HERNÁNDEZ,3878
15,CUNDINAMARCA,112,GUACHETA,SERGIO FAJARDO,152
15,CUNDINAMARCA,112,GUACHETA,VOTOS EN BLANCO,123
15,CUNDINAMARCA,112,GUACHETA,VOTOS NO MARCADOS,7
15,CUNDINAMARCA,112,GUACHETA,VOTOS NULOS,116
15,CUNDINAMARCA,115,GUADUAS,ENRIQUE GÓMEZ MARTÍNEZ,25
15,CUNDINAMARCA,115,GUADUAS,FEDERICO GUTIÉRREZ,2170
15,CUNDINAMARCA,115,GUADUAS,GUSTAVO PETRO,2965
15,CUNDINAMARCA,115,GUADUAS,INGRID BETANCOURT,3
15,CUNDINAMARCA,115,GUADUAS,JOHN MILTON RODRÍGUEZ,195
15,CUNDINAMARCA,115,GUADUAS,LUIS PÉREZ,3
15,CUNDINAMARCA,115,GUADUAS,RODOLFO HERNÁNDEZ,7345
15,CUNDINAMARCA,115,GUADUAS,SERGIO FAJARDO,307
15,CUNDINAMARCA,115,GUADUAS,VOTOS EN BLANCO,183
15,CUNDINAMARCA,115,GUADUAS,VOTOS NO MARCADOS,23
15,CUNDINAMARCA,115,GUADUAS,VOTOS NULOS,145
15,CUNDINAMARCA,118,GUASCA,ENRIQUE GÓMEZ MARTÍNEZ,16
15,CUNDINAMARCA,118,GUASCA,FEDERICO GUTIÉRREZ,779
15,CUNDINAMARCA,118,GUASCA,GUSTAVO PETRO,2172
15,CUNDINAMARCA,118,GUASCA,INGRID BETANCOURT,11
15,CUNDINAMARCA,118,GUASCA,JOHN MILTON RODRÍGUEZ,32
15,CUNDINAMARCA,118,GUASCA,LUIS PÉREZ,6
15,CUNDINAMARCA,118,GUASCA,RODOLFO HERNÁNDEZ,4407
15,CUNDINAMARCA,118,GUASCA,SERGIO FAJARDO,285
15,CUNDINAMARCA,118,GUASCA,VOTOS EN BLANCO,191
15,CUNDINAMARCA,118,GUASCA,VOTOS NO MARCADOS,11
15,CUNDINAMARCA,118,GUASCA,VOTOS NULOS,154
15,CUNDINAMARCA,121,GUATAQUI,ENRIQUE GÓMEZ MARTÍNEZ,7
15,CUNDINAMARCA,121,GUATAQUI,FEDERICO GUTIÉRREZ,319
15,CUNDINAMARCA,121,GUATAQUI,GUSTAVO PETRO,444
15,CUNDINAMARCA,121,GUATAQUI,JOHN MILTON RODRÍGUEZ,10
15,CUNDINAMARCA,121,GUATAQUI,RODOLFO HERNÁNDEZ,419
15,CUNDINAMARCA,121,GUATAQUI,SERGIO FAJARDO,20
15,CUNDINAMARCA,121,GUATAQUI,VOTOS EN BLANCO,15
15,CUNDINAMARCA,121,GUATAQUI,VOTOS NO MARCADOS,4
15,CUNDINAMARCA,121,GUATAQUI,VOTOS NULOS,17
15,CUNDINAMARCA,124,GUATAVITA,ENRIQUE GÓMEZ MARTÍNEZ,11
15,CUNDINAMARCA,124,GUATAVITA,FEDERICO GUTIÉRREZ,338
15,CUNDINAMARCA,124,GUATAVITA,GUSTAVO PETRO,734
15,CUNDINAMARCA,124,GUATAVITA,INGRID BETANCOURT,3
15,CUNDINAMARCA,124,GUATAVITA,JOHN MILTON RODRÍGUEZ,15
15,CUNDINAMARCA,124,GUATAVITA,RODOLFO HERNÁNDEZ,2541
15,CUNDINAMARCA,124,GUATAVITA,SERGIO FAJARDO,145
15,CUNDINAMARCA,124,GUATAVITA,VOTOS EN BLANCO,71
15,CUNDINAMARCA,124,GUATAVITA,VOTOS NO MARCADOS,7
15,CUNDINAMARCA,124,GUATAVITA,VOTOS NULOS,34
15,CUNDINAMARCA,127,GUAYABAL DE SIQUIMA,ENRIQUE GÓMEZ MARTÍNEZ,5
15,CUNDINAMARCA,127,GUAYABAL DE SIQUIMA,FEDERICO GUTIÉRREZ,467
15,CUNDINAMARCA,127,GUAYABAL DE SIQUIMA,GUSTAVO PETRO,618
15,CUNDINAMARCA,127,GUAYABAL DE SIQUIMA,INGRID BETANCOURT,1
15,CUNDINAMARCA,127,GUAYABAL DE SIQUIMA,JOHN MILTON RODRÍGUEZ,23
15,CUNDINAMARCA,127,GUAYABAL DE SIQUIMA,RODOLFO HERNÁNDEZ,1355
15,CUNDINAMARCA,127,GUAYABAL DE SIQUIMA,SERGIO FAJARDO,94
15,CUNDINAMARCA,127,GUAYABAL DE SIQUIMA,VOTOS EN BLANCO,53
15,CUNDINAMARCA,127,GUAYABAL DE SIQUIMA,VOTOS NO MARCADOS,4
15,CUNDINAMARCA,127,GUAYABAL DE SIQUIMA,VOTOS NULOS,22
15,CUNDINAMARCA,128,GUAYABETAL,ENRIQUE GÓMEZ MARTÍNEZ,1
15,CUNDINAMARCA,128,GUAYABETAL,FEDERICO GUTIÉRREZ,251
15,CUNDINAMARCA,128,GUAYABETAL,GUSTAVO PETRO,530
15,CUNDINAMARCA,128,GUAYABETAL,INGRID BETANCOURT,4
15,CUNDINAMARCA,128,GUAYABETAL,JOHN MILTON RODRÍGUEZ,13
15,CUNDINAMARCA,128,GUAYABETAL,RODOLFO HERNÁNDEZ,2270
15,CUNDINAMARCA,128,GUAYABETAL,SERGIO FAJARDO,29
15,CUNDINAMARCA,128,GUAYABETAL,VOTOS EN BLANCO,22
15,CUNDINAMARCA,128,GUAYABETAL,VOTOS NO MARCADOS,5
15,CUNDINAMARCA,128,GUAYABETAL,VOTOS NULOS,27
15,CUNDINAMARCA,130,GUTIERREZ,ENRIQUE GÓMEZ MARTÍNEZ,6
15,CUNDINAMARCA,130,GUTIERREZ,FEDERICO GUTIÉRREZ,182
15,CUNDINAMARCA,130,GUTIERREZ,GUSTAVO PETRO,217
15,CUNDINAMARCA,130,GUTIERREZ,INGRID BETANCOURT,1
15,CUNDINAMARCA,130,GUTIERREZ,JOHN MILTON RODRÍGUEZ,2
15,CUNDINAMARCA,130,GUTIERREZ,RODOLFO HERNÁNDEZ,1471
15,CUNDINAMARCA,130,GUTIERREZ,SERGIO FAJARDO,20
15,CUNDINAMARCA,130,GUTIERREZ,VOTOS EN BLANCO,6
15,CUNDINAMARCA,130,GUTIERREZ,VOTOS NO MARCADOS,4
15,CUNDINAMARCA,130,GUTIERREZ,VOTOS NULOS,1
15,CUNDINAMARCA,132,GRANADA,ENRIQUE GÓMEZ MARTÍNEZ,4
15,CUNDINAMARCA,132,GRANADA,FEDERICO GUTIÉRREZ,314
15,CUNDINAMARCA,132,GRANADA,GUSTAVO PETRO,1539
15,CUNDINAMARCA,132,GRANADA,INGRID BETANCOURT,1
15,CUNDINAMARCA,132,GRANADA,JOHN MILTON RODRÍGUEZ,21
15,CUNDINAMARCA,132,GRANADA,LUIS PÉREZ,1
15,CUNDINAMARCA,132,GRANADA,RODOLFO HERNÁNDEZ,2008
15,CUNDINAMARCA,132,GRANADA,SERGIO FAJARDO,74
15,CUNDINAMARCA,132,GRANADA,VOTOS EN BLANCO,49
15,CUNDINAMARCA,132,GRANADA,VOTOS NO MARCADOS,7
15,CUNDINAMARCA,132,GRANADA,VOTOS NULOS,68
15,CUNDINAMARCA,133,JERUSALEN,ENRIQUE GÓMEZ MARTÍNEZ,3
15,CUNDINAMARCA,133,JERUSALEN,FEDERICO GUTIÉRREZ,380
15,CUNDINAMARCA,133,JERUSALEN,GUSTAVO PETRO,310
15,CUNDINAMARCA,133,JERUSALEN,JOHN MILTON RODRÍGUEZ,7
15,CUNDINAMARCA,133,JERUSALEN,RODOLFO HERNÁNDEZ,567
15,CUNDINAMARCA,133,JERUSALEN,SERGIO FAJARDO,22
15,CUNDINAMARCA,133,JERUSALEN,VOTOS EN BLANCO,13
15,CUNDINAMARCA,133,JERUSALEN,VOTOS NO MARCADOS,4
15,CUNDINAMARCA,133,JERUSALEN,VOTOS NULOS,5
15,CUNDINAMARCA,136,JUNIN,ENRIQUE GÓMEZ MARTÍNEZ,8
15,CUNDINAMARCA,136,JUNIN,FEDERICO GUTIÉRREZ,445
15,CUNDINAMARCA,136,JUNIN,GUSTAVO PETRO,543
15,CUNDINAMARCA,136,JUNIN,JOHN MILTON RODRÍGUEZ,18
15,CUNDINAMARCA,136,JUNIN,LUIS PÉREZ,1
15,CUNDINAMARCA,136,JUNIN,RODOLFO HERNÁNDEZ,1612
15,CUNDINAMARCA,136,JUNIN,SERGIO FAJARDO,72
15,CUNDINAMARCA,136,JUNIN,VOTOS EN BLANCO,36
15,CUNDINAMARCA,136,JUNIN,VOTOS NO MARCADOS,9
15,CUNDINAMARCA,136,JUNIN,VOTOS NULOS,34
15,CUNDINAMARCA,139,LA CALERA,ENRIQUE GÓMEZ MARTÍNEZ,39
15,CUNDINAMARCA,139,LA CALERA,FEDERICO GUTIÉRREZ,2400
15,CUNDINAMARCA,139,LA CALERA,GUSTAVO PETRO,5961
15,CUNDINAMARCA,139,LA CALERA,INGRID BETANCOURT,7
15,CUNDINAMARCA,139,LA CALERA,JOHN MILTON RODRÍGUEZ,207
15,CUNDINAMARCA,139,LA CALERA,LUIS PÉREZ,8
15,CUNDINAMARCA,139,LA CALERA,RODOLFO HERNÁNDEZ,6225
15,CUNDINAMARCA,139,LA CALERA,SERGIO FAJARDO,1047
15,CUNDINAMARCA,139,LA CALERA,VOTOS EN BLANCO,325
15,CUNDINAMARCA,139,LA CALERA,VOTOS NO MARCADOS,8
15,CUNDINAMARCA,139,LA CALERA,VOTOS NULOS,133
15,CUNDINAMARCA,142,LA MESA,ENRIQUE GÓMEZ MARTÍNEZ,40
15,CUNDINAMARCA,142,LA MESA,FEDERICO GUTIÉRREZ,3045
15,CUNDINAMARCA,142,LA MESA,GUSTAVO PETRO,4294
15,CUNDINAMARCA,142,LA MESA,INGRID BETANCOURT,6
15,CUNDINAMARCA,142,LA MESA,JOHN MILTON RODRÍGUEZ,171
15,CUNDINAMARCA,142,LA MESA,LUIS PÉREZ,4
15,CUNDINAMARCA,142,LA MESA,RODOLFO HERNÁNDEZ,7470
15,CUNDINAMARCA,142,LA MESA,SERGIO FAJARDO,627
15,CUNDINAMARCA,142,LA MESA,VOTOS EN BLANCO,235
15,CUNDINAMARCA,142,LA MESA,VOTOS NO MARCADOS,18
15,CUNDINAMARCA,142,LA MESA,VOTOS NULOS,169
15,CUNDINAMARCA,145,LA PALMA,ENRIQUE GÓMEZ MARTÍNEZ,12
15,CUNDINAMARCA,145,LA PALMA,FEDERICO GUTIÉRREZ,654
15,CUNDINAMARCA,145,LA PALMA,GUSTAVO PETRO,923
15,CUNDINAMARCA,145,LA PALMA,INGRID BETANCOURT,2
15,CUNDINAMARCA,145,LA PALMA,JOHN MILTON RODRÍGUEZ,46
15,CUNDINAMARCA,145,LA PALMA,LUIS PÉREZ,1
15,CUNDINAMARCA,145,LA PALMA,RODOLFO HERNÁNDEZ,2005
15,CUNDINAMARCA,145,LA PALMA,SERGIO FAJARDO,68
15,CUNDINAMARCA,145,LA PALMA,VOTOS EN BLANCO,62
15,CUNDINAMARCA,145,LA PALMA,VOTOS NO MARCADOS,16
15,CUNDINAMARCA,145,LA PALMA,VOTOS NULOS,45
15,CUNDINAMARCA,148,LA PEÑA,ENRIQUE GÓMEZ MARTÍNEZ,16
15,CUNDINAMARCA,148,LA PEÑA,FEDERICO GUTIÉRREZ,457
15,CUNDINAMARCA,148,LA PEÑA,GUSTAVO PETRO,365
15,CUNDINAMARCA,148,LA PEÑA,INGRID BETANCOURT,7
15,CUNDINAMARCA,148,LA PEÑA,JOHN MILTON RODRÍGUEZ,11
15,CUNDINAMARCA,148,LA PEÑA,LUIS PÉREZ,2
15,CUNDINAMARCA,148,LA PEÑA,RODOLFO HERNÁNDEZ,2426
15,CUNDINAMARCA,148,LA PEÑA,SERGIO FAJARDO,49
15,CUNDINAMARCA,148,LA PEÑA,VOTOS EN BLANCO,34
15,CUNDINAMARCA,148,LA PEÑA,VOTOS NO MARCADOS,14
15,CUNDINAMARCA,148,LA PEÑA,VOTOS NULOS,31
15,CUNDINAMARCA,151,LA VEGA,ENRIQUE GÓMEZ MARTÍNEZ,7
15,CUNDINAMARCA,151,LA VEGA,FEDERICO GUTIÉRREZ,1561
15,CUNDINAMARCA,151,LA VEGA,GUSTAVO PETRO,1764
15,CUNDINAMARCA,151,LA VEGA,INGRID BETANCOURT,4
15,CUNDINAMARCA,151,LA VEGA,JOHN MILTON RODRÍGUEZ,66
15,CUNDINAMARCA,151,LA VEGA,LUIS PÉREZ,1
15,CUNDINAMARCA,151,LA VEGA,RODOLFO HERNÁNDEZ,5302
15,CUNDINAMARCA,151,LA VEGA,SERGIO FAJARDO,284
15,CUNDINAMARCA,151,LA VEGA,VOTOS EN BLANCO,121
15,CUNDINAMARCA,151,LA VEGA,VOTOS NO MARCADOS,7
15,CUNDINAMARCA,151,LA VEGA,VOTOS NULOS,65
15,CUNDINAMARCA,154,LENGUAZAQUE,ENRIQUE GÓMEZ MARTÍNEZ,8
15,CUNDINAMARCA,154,LENGUAZAQUE,FEDERICO GUTIÉRREZ,274
15,CUNDINAMARCA,154,LENGUAZAQUE,GUSTAVO PETRO,420
15,CUNDINAMARCA,154,LENGUAZAQUE,INGRID BETANCOURT,4
15,CUNDINAMARCA,154,LENGUAZAQUE,JOHN MILTON RODRÍGUEZ,4
15,CUNDINAMARCA,154,LENGUAZAQUE,LUIS PÉREZ,1
15,CUNDINAMARCA,154,LENGUAZAQUE,RODOLFO HERNÁNDEZ,4020
15,CUNDINAMARCA,154,LENGUAZAQUE,SERGIO FAJARDO,82
15,CUNDINAMARCA,154,LENGUAZAQUE,VOTOS EN BLANCO,64
15,CUNDINAMARCA,154,LENGUAZAQUE,VOTOS NO MARCADOS,6
15,CUNDINAMARCA,154,LENGUAZAQUE,VOTOS NULOS,56
15,CUNDINAMARCA,157,MACHETA,ENRIQUE GÓMEZ MARTÍNEZ,19
15,CUNDINAMARCA,157,MACHETA,FEDERICO GUTIÉRREZ,701
15,CUNDINAMARCA,157,MACHETA,GUSTAVO PETRO,512
15,CUNDINAMARCA,157,MACHETA,INGRID BETANCOURT,5
15,CUNDINAMARCA,157,MACHETA,JOHN MILTON RODRÍGUEZ,16
15,CUNDINAMARCA,157,MACHETA,LUIS PÉREZ,3
15,CUNDINAMARCA,157,MACHETA,RODOLFO HERNÁNDEZ,2566
15,CUNDINAMARCA,157,MACHETA,SERGIO FAJARDO,98
15,CUNDINAMARCA,157,MACHETA,VOTOS EN BLANCO,33
15,CUNDINAMARCA,157,MACHETA,VOTOS NO MARCADOS,4
15,CUNDINAMARCA,157,MACHETA,VOTOS NULOS,40
15,CUNDINAMARCA,160,MADRID,ENRIQUE GÓMEZ MARTÍNEZ,113
15,CUNDINAMARCA,160,MADRID,FEDERICO GUTIÉRREZ,5231
15,CUNDINAMARCA,160,MADRID,GUSTAVO PETRO,22098
15,CUNDINAMARCA,160,MADRID,INGRID BETANCOURT,50
15,CUNDINAMARCA,160,MADRID,JOHN MILTON RODRÍGUEZ,729
15,CUNDINAMARCA,160,MADRID,LUIS PÉREZ,33
15,CUNDINAMARCA,160,MADRID,RODOLFO HERNÁNDEZ,22476
15,CUNDINAMARCA,160,MADRID,SERGIO FAJARDO,2207
15,CUNDINAMARCA,160,MADRID,VOTOS EN BLANCO,1083
15,CUNDINAMARCA,160,MADRID,VOTOS NO MARCADOS,29
15,CUNDINAMARCA,160,MADRID,VOTOS NULOS,1155
15,CUNDINAMARCA,163,MANTA,ENRIQUE GÓMEZ MARTÍNEZ,7
15,CUNDINAMARCA,163,MANTA,FEDERICO GUTIÉRREZ,609
15,CUNDINAMARCA,163,MANTA,GUSTAVO PETRO,394
15,CUNDINAMARCA,163,MANTA,INGRID BETANCOURT,3
15,CUNDINAMARCA,163,MANTA,JOHN MILTON RODRÍGUEZ,10
15,CUNDINAMARCA,163,MANTA,LUIS PÉREZ,3
15,CUNDINAMARCA,163,MANTA,RODOLFO HERNÁNDEZ,1482
15,CUNDINAMARCA,163,MANTA,SERGIO FAJARDO,86
15,CUNDINAMARCA,163,MANTA,VOTOS EN BLANCO,33
15,CUNDINAMARCA,163,MANTA,VOTOS NO MARCADOS,7
15,CUNDINAMARCA,163,MANTA,VOTOS NULOS,10
15,CUNDINAMARCA,166,MEDINA,ENRIQUE GÓMEZ MARTÍNEZ,3
15,CUNDINAMARCA,166,MEDINA,FEDERICO GUTIÉRREZ,502
15,CUNDINAMARCA,166,MEDINA,GUSTAVO PETRO,495
15,CUNDINAMARCA,166,MEDINA,INGRID BETANCOURT,1
15,CUNDINAMARCA,166,MEDINA,JOHN MILTON RODRÍGUEZ,12
15,CUNDINAMARCA,166,MEDINA,RODOLFO HERNÁNDEZ,2846
15,CUNDINAMARCA,166,MEDINA,SERGIO FAJARDO,41
15,CUNDINAMARCA,166,MEDINA,VOTOS EN BLANCO,21
15,CUNDINAMARCA,166,MEDINA,VOTOS NO MARCADOS,4
15,CUNDINAMARCA,166,MEDINA,VOTOS NULOS,21
15,CUNDINAMARCA,169,MOSQUERA,ENRIQUE GÓMEZ MARTÍNEZ,148
15,CUNDINAMARCA,169,MOSQUERA,FEDERICO GUTIÉRREZ,7721
15,CUNDINAMARCA,169,MOSQUERA,GUSTAVO PETRO,26073
15,CUNDINAMARCA,169,MOSQUERA,INGRID BETANCOURT,42
15,CUNDINAMARCA,169,MOSQUERA,JOHN MILTON RODRÍGUEZ,1036
15,CUNDINAMARCA,169,MOSQUERA,LUIS PÉREZ,44
15,CUNDINAMARCA,169,MOSQUERA,RODOLFO HERNÁNDEZ,21196
15,CUNDINAMARCA,169,MOSQUERA,SERGIO FAJARDO,3316
15,CUNDINAMARCA,169,MOSQUERA,VOTOS EN BLANCO,1346
15,CUNDINAMARCA,169,MOSQUERA,VOTOS NO MARCADOS,28
15,CUNDINAMARCA,169,MOSQUERA,VOTOS NULOS,870
15,CUNDINAMARCA,172,NARIÑO,ENRIQUE GÓMEZ MARTÍNEZ,3
15,CUNDINAMARCA,172,NARIÑO,FEDERICO GUTIÉRREZ,374
15,CUNDINAMARCA,172,NARIÑO,GUSTAVO PETRO,499
15,CUNDINAMARCA,172,NARIÑO,INGRID BETANCOURT,1
15,CUNDINAMARCA,172,NARIÑO,JOHN MILTON RODRÍGUEZ,8
15,CUNDINAMARCA,172,NARIÑO,RODOLFO HERNÁNDEZ,486
15,CUNDINAMARCA,172,NARIÑO,SERGIO FAJARDO,42
15,CUNDINAMARCA,172,NARIÑO,VOTOS EN BLANCO,14
15,CUNDINAMARCA,172,NARIÑO,VOTOS NULOS,7
15,CUNDINAMARCA,175,NEMOCON,ENRIQUE GÓMEZ MARTÍNEZ,17
15,CUNDINAMARCA,175,NEMOCON,FEDERICO GUTIÉRREZ,509
15,CUNDINAMARCA,175,NEMOCON,GUSTAVO PETRO,2318
15,CUNDINAMARCA,175,NEMOCON,INGRID BETANCOURT,5
15,CUNDINAMARCA,175,NEMOCON,JOHN MILTON RODRÍGUEZ,72
15,CUNDINAMARCA,175,NEMOCON,LUIS PÉREZ,3
15,CUNDINAMARCA,175,NEMOCON,RODOLFO HERNÁNDEZ,4422
15,CUNDINAMARCA,175,NEMOCON,SERGIO FAJARDO,206
15,CUNDINAMARCA,175,NEMOCON,VOTOS EN BLANCO,113
15,CUNDINAMARCA,175,NEMOCON,VOTOS NO MARCADOS,8
15,CUNDINAMARCA,175,NEMOCON,VOTOS NULOS,170
15,CUNDINAMARCA,178,NILO,ENRIQUE GÓMEZ MARTÍNEZ,9
15,CUNDINAMARCA,178,NILO,FEDERICO GUTIÉRREZ,732
15,CUNDINAMARCA,178,NILO,GUSTAVO PETRO,792
15,CUNDINAMARCA,178,NILO,INGRID BETANCOURT,1
15,CUNDINAMARCA,178,NILO,JOHN MILTON RODRÍGUEZ,68
15,CUNDINAMARCA,178,NILO,RODOLFO HERNÁNDEZ,1656
15,CUNDINAMARCA,178,NILO,SERGIO FAJARDO,95
15,CUNDINAMARCA,178,NILO,VOTOS EN BLANCO,44
15,CUNDINAMARCA,178,NILO,VOTOS NO MARCADOS,4
15,CUNDINAMARCA,178,NILO,VOTOS NULOS,34
15,CUNDINAMARCA,181,NIMAIMA,ENRIQUE GÓMEZ MARTÍNEZ,11
15,CUNDINAMARCA,181,NIMAIMA,FEDERICO GUTIÉRREZ,315
15,CUNDINAMARCA,181,NIMAIMA,GUSTAVO PETRO,304
15,CUNDINAMARCA,181,NIMAIMA,INGRID BETANCOURT,2
15,CUNDINAMARCA,181,NIMAIMA,JOHN MILTON RODRÍGUEZ,9
15,CUNDINAMARCA,181,NIMAIMA,RODOLFO HERNÁNDEZ,1406
15,CUNDINAMARCA,181,NIMAIMA,SERGIO FAJARDO,69
15,CUNDINAMARCA,181,NIMAIMA,VOTOS EN BLANCO,17
15,CUNDINAMARCA,181,NIMAIMA,VOTOS NO MARCADOS,3
15,CUNDINAMARCA,181,NIMAIMA,VOTOS NULOS,13
15,CUNDINAMARCA,184,NOCAIMA,ENRIQUE GÓMEZ MARTÍNEZ,7
15,CUNDINAMARCA,184,NOCAIMA,FEDERICO GUTIÉRREZ,473
15,CUNDINAMARCA,184,NOCAIMA,GUSTAVO PETRO,894
15,CUNDINAMARCA,184,NOCAIMA,INGRID BETANCOURT,1
15,CUNDINAMARCA,184,NOCAIMA,JOHN MILTON RODRÍGUEZ,11
15,CUNDINAMARCA,184,NOCAIMA,LUIS PÉREZ,1
15,CUNDINAMARCA,184,NOCAIMA,RODOLFO HERNÁNDEZ,1786
15,CUNDINAMARCA,184,NOCAIMA,SERGIO FAJARDO,95
15,CUNDINAMARCA,184,NOCAIMA,VOTOS EN BLANCO,46
15,CUNDINAMARCA,184,NOCAIMA,VOTOS NO MARCADOS,4
15,CUNDINAMARCA,184,NOCAIMA,VOTOS NULOS,27
15,CUNDINAMARCA,190,PACHO,ENRIQUE GÓMEZ MARTÍNEZ,30
15,CUNDINAMARCA,190,PACHO,FEDERICO GUTIÉRREZ,2895
15,CUNDINAMARCA,190,PACHO,GUSTAVO PETRO,2235
15,CUNDINAMARCA,190,PACHO,INGRID BETANCOURT,7
15,CUNDINAMARCA,190,PACHO,JOHN MILTON RODRÍGUEZ,35
15,CUNDINAMARCA,190,PACHO,LUIS PÉREZ,1
15,CUNDINAMARCA,190,PACHO,RODOLFO HERNÁNDEZ,7749
15,CUNDINAMARCA,190,PACHO,SERGIO FAJARDO,308
15,CUNDINAMARCA,190,PACHO,VOTOS EN BLANCO,200
15,CUNDINAMARCA,190,PACHO,VOTOS NO MARCADOS,12
15,CUNDINAMARCA,190,PACHO,VOTOS NULOS,85
15,CUNDINAMARCA,193,PAIME,ENRIQUE GÓMEZ MARTÍNEZ,8
15,CUNDINAMARCA,193,PAIME,FEDERICO GUTIÉRREZ,550
15,CUNDINAMARCA,193,PAIME,GUSTAVO PETRO,360
15,CUNDINAMARCA,193,PAIME,INGRID BETANCOURT,2
15,CUNDINAMARCA,193,PAIME,JOHN MILTON RODRÍGUEZ,12
15,CUNDINAMARCA,193,PAIME,RODOLFO HERNÁNDEZ,1273
15,CUNDINAMARCA,193,PAIME,SERGIO FAJARDO,38
15,CUNDINAMARCA,193,PAIME,VOTOS EN BLANCO,15
15,CUNDINAMARCA,193,PAIME,VOTOS NO MARCADOS,3
15,CUNDINAMARCA,193,PAIME,VOTOS NULOS,18
15,CUNDINAMARCA,196,PANDI,ENRIQUE GÓMEZ MARTÍNEZ,1
15,CUNDINAMARCA,196,PANDI,FEDERICO GUTIÉRREZ,266
15,CUNDINAMARCA,196,PANDI,GUSTAVO PETRO,744
15,CUNDINAMARCA,196,PANDI,INGRID BETANCOURT,3
15,CUNDINAMARCA,196,PANDI,JOHN MILTON RODRÍGUEZ,12
15,CUNDINAMARCA,196,PANDI,RODOLFO HERNÁNDEZ,1373
15,CUNDINAMARCA,196,PANDI,SERGIO FAJARDO,64
15,CUNDINAMARCA,196,PANDI,VOTOS EN BLANCO,23
15,CUNDINAMARCA,196,PANDI,VOTOS NO MARCADOS,7
15,CUNDINAMARCA,196,PANDI,VOTOS NULOS,22
15,CUNDINAMARCA,198,PARATEBUENO (LA NAGUAYA),ENRIQUE GÓMEZ MARTÍNEZ,7
15,CUNDINAMARCA,198,PARATEBUENO (LA NAGUAYA),FEDERICO GUTIÉRREZ,338
15,CUNDINAMARCA,198,PARATEBUENO (LA NAGUAYA),GUSTAVO PETRO,575
15,CUNDINAMARCA,198,PARATEBUENO (LA NAGUAYA),INGRID BETANCOURT,1
15,CUNDINAMARCA,198,PARATEBUENO (LA NAGUAYA),JOHN MILTON RODRÍGUEZ,42
15,CUNDINAMARCA,198,PARATEBUENO (LA NAGUAYA),RODOLFO HERNÁNDEZ,3408
15,CUNDINAMARCA,198,PARATEBUENO (LA NAGUAYA),SERGIO FAJARDO,44
15,CUNDINAMARCA,198,PARATEBUENO (LA NAGUAYA),VOTOS EN BLANCO,26
15,CUNDINAMARCA,198,PARATEBUENO (LA NAGUAYA),VOTOS NO MARCADOS,3
15,CUNDINAMARCA,198,PARATEBUENO (LA NAGUAYA),VOTOS NULOS,32
15,CUNDINAMARCA,199,PASCA,ENRIQUE GÓMEZ MARTÍNEZ,21
15,CUNDINAMARCA,199,PASCA,FEDERICO GUTIÉRREZ,389
15,CUNDINAMARCA,199,PASCA,GUSTAVO PETRO,2104
15,CUNDINAMARCA,199,PASCA,INGRID BETANCOURT,4
15,CUNDINAMARCA,199,PASCA,JOHN MILTON RODRÍGUEZ,22
15,CUNDINAMARCA,199,PASCA,LUIS PÉREZ,1
15,CUNDINAMARCA,199,PASCA,RODOLFO HERNÁNDEZ,2110
15,CUNDINAMARCA,199,PASCA,SERGIO FAJARDO,104
15,CUNDINAMARCA,199,PASCA,VOTOS EN BLANCO,74
15,CUNDINAMARCA,199,PASCA,VOTOS NO MARCADOS,5
15,CUNDINAMARCA,199,PASCA,VOTOS NULOS,53
15,CUNDINAMARCA,202,PUERTO SALGAR,ENRIQUE GÓMEZ MARTÍNEZ,9
15,CUNDINAMARCA,202,PUERTO SALGAR,FEDERICO GUTIÉRREZ,1487
15,CUNDINAMARCA,202,PUERTO SALGAR,GUSTAVO PETRO,1810
15,CUNDINAMARCA,202,PUERTO SALGAR,INGRID BETANCOURT,3
15,CUNDINAMARCA,202,PUERTO SALGAR,JOHN MILTON RODRÍGUEZ,91
15,CUNDINAMARCA,202,PUERTO SALGAR,LUIS PÉREZ,1
15,CUNDINAMARCA,202,PUERTO SALGAR,RODOLFO HERNÁNDEZ,3176
15,CUNDINAMARCA,202,PUERTO SALGAR,SERGIO FAJARDO,116
15,CUNDINAMARCA,202,PUERTO SALGAR,VOTOS EN BLANCO,101
15,CUNDINAMARCA,202,PUERTO SALGAR,VOTOS NO MARCADOS,8
15,CUNDINAMARCA,202,PUERTO SALGAR,VOTOS NULOS,141
15,CUNDINAMARCA,205,PULI,ENRIQUE GÓMEZ MARTÍNEZ,1
15,CUNDINAMARCA,205,PULI,FEDERICO GUTIÉRREZ,225
15,CUNDINAMARCA,205,PULI,GUSTAVO PETRO,244
15,CUNDINAMARCA,205,PULI,INGRID BETANCOURT,1
15,CUNDINAMARCA,205,PULI,JOHN MILTON RODRÍGUEZ,12
15,CUNDINAMARCA,205,PULI,RODOLFO HERNÁNDEZ,800
15,CUNDINAMARCA,205,PULI,SERGIO FAJARDO,21
15,CUNDINAMARCA,205,PULI,VOTOS EN BLANCO,13
15,CUNDINAMARCA,205,PULI,VOTOS NO MARCADOS,3
15,CUNDINAMARCA,205,PULI,VOTOS NULOS,8
15,CUNDINAMARCA,208,QUEBRADANEGRA,ENRIQUE GÓMEZ MARTÍNEZ,4
15,CUNDINAMARCA,208,QUEBRADANEGRA,FEDERICO GUTIÉRREZ,613
15,CUNDINAMARCA,208,QUEBRADANEGRA,GUSTAVO PETRO,290
15,CUNDINAMARCA,208,QUEBRADANEGRA,JOHN MILTON RODRÍGUEZ,48
15,CUNDINAMARCA,208,QUEBRADANEGRA,RODOLFO HERNÁNDEZ,1691
15,CUNDINAMARCA,208,QUEBRADANEGRA,SERGIO FAJARDO,50
15,CUNDINAMARCA,208,QUEBRADANEGRA,VOTOS EN BLANCO,26
15,CUNDINAMARCA,208,QUEBRADANEGRA,VOTOS NO MARCADOS,5
15,CUNDINAMARCA,208,QUEBRADANEGRA,VOTOS NULOS,11
15,CUNDINAMARCA,211,QUETAME,ENRIQUE GÓMEZ MARTÍNEZ,9
15,CUNDINAMARCA,211,QUETAME,FEDERICO GUTIÉRREZ,368
15,CUNDINAMARCA,211,QUETAME,GUSTAVO PETRO,1032
15,CUNDINAMARCA,211,QUETAME,JOHN MILTON RODRÍGUEZ,17
15,CUNDINAMARCA,211,QUETAME,LUIS PÉREZ,3
15,CUNDINAMARCA,211,QUETAME,RODOLFO HERNÁNDEZ,2240
15,CUNDINAMARCA,211,QUETAME,SERGIO FAJARDO,49
15,CUNDINAMARCA,211,QUETAME,VOTOS EN BLANCO,43
15,CUNDINAMARCA,211,QUETAME,VOTOS NO MARCADOS,4
15,CUNDINAMARCA,211,QUETAME,VOTOS NULOS,36
15,CUNDINAMARCA,214,QUIPILE,ENRIQUE GÓMEZ MARTÍNEZ,12
15,CUNDINAMARCA,214,QUIPILE,FEDERICO GUTIÉRREZ,740
15,CUNDINAMARCA,214,QUIPILE,GUSTAVO PETRO,479
15,CUNDINAMARCA,214,QUIPILE,INGRID BETANCOURT,2
15,CUNDINAMARCA,214,QUIPILE,JOHN MILTON RODRÍGUEZ,49
15,CUNDINAMARCA,214,QUIPILE,LUIS PÉREZ,2
15,CUNDINAMARCA,214,QUIPILE,RODOLFO HERNÁNDEZ,1814
15,CUNDINAMARCA,214,QUIPILE,SERGIO FAJARDO,74
15,CUNDINAMARCA,214,QUIPILE,VOTOS EN BLANCO,34
15,CUNDINAMARCA,214,QUIPILE,VOTOS NO MARCADOS,9
15,CUNDINAMARCA,214,QUIPILE,VOTOS NULOS,22
15,CUNDINAMARCA,217,APULO,ENRIQUE GÓMEZ MARTÍNEZ,4
15,CUNDINAMARCA,217,APULO,FEDERICO GUTIÉRREZ,703
15,CUNDINAMARCA,217,APULO,GUSTAVO PETRO,902
15,CUNDINAMARCA,217,APULO,INGRID BETANCOURT,2
15,CUNDINAMARCA,217,APULO,JOHN MILTON RODRÍGUEZ,34
15,CUNDINAMARCA,217,APULO,LUIS PÉREZ,2
15,CUNDINAMARCA,217,APULO,RODOLFO HERNÁNDEZ,2424
15,CUNDINAMARCA,217,APULO,SERGIO FAJARDO,116
15,CUNDINAMARCA,217,APULO,VOTOS EN BLANCO,40
15,CUNDINAMARCA,217,APULO,VOTOS NO MARCADOS,9
15,CUNDINAMARCA,217,APULO,VOTOS NULOS,36
15,CUNDINAMARCA,218,RICAURTE,ENRIQUE GÓMEZ MARTÍNEZ,11
15,CUNDINAMARCA,218,RICAURTE,FEDERICO GUTIÉRREZ,1341
15,CUNDINAMARCA,218,RICAURTE,GUSTAVO PETRO,1583
15,CUNDINAMARCA,218,RICAURTE,INGRID BETANCOURT,1
15,CUNDINAMARCA,218,RICAURTE,JOHN MILTON RODRÍGUEZ,52
15,CUNDINAMARCA,218,RICAURTE,LUIS PÉREZ,1
15,CUNDINAMARCA,218,RICAURTE,RODOLFO HERNÁNDEZ,2963
15,CUNDINAMARCA,218,RICAURTE,SERGIO FAJARDO,180
15,CUNDINAMARCA,218,RICAURTE,VOTOS EN BLANCO,85
15,CUNDINAMARCA,218,RICAURTE,VOTOS NO MARCADOS,5
15,CUNDINAMARCA,218,RICAURTE,VOTOS NULOS,59
15,CUNDINAMARCA,220,SAN ANTONIO DEL TEQUENDAMA,ENRIQUE GÓMEZ MARTÍNEZ,12
15,CUNDINAMARCA,220,SAN ANTONIO DEL TEQUENDAMA,FEDERICO GUTIÉRREZ,736
15,CUNDINAMARCA,220,SAN ANTONIO DEL TEQUENDAMA,GUSTAVO PETRO,1512
15,CUNDINAMARCA,220,SAN ANTONIO DEL TEQUENDAMA,INGRID BETANCOURT,2
15,CUNDINAMARCA,220,SAN ANTONIO DEL TEQUENDAMA,JOHN MILTON RODRÍGUEZ,22
15,CUNDINAMARCA,220,SAN ANTONIO DEL TEQUENDAMA,RODOLFO HERNÁNDEZ,3381
15,CUNDINAMARCA,220,SAN ANTONIO DEL TEQUENDAMA,SERGIO FAJARDO,196
15,CUNDINAMARCA,220,SAN ANTONIO DEL TEQUENDAMA,VOTOS EN BLANCO,66
15,CUNDINAMARCA,220,SAN ANTONIO DEL TEQUENDAMA,VOTOS NO MARCADOS,8
15,CUNDINAMARCA,220,SAN ANTONIO DEL TEQUENDAMA,VOTOS NULOS,26
15,CUNDINAMARCA,223,SAN BERNARDO,ENRIQUE GÓMEZ MARTÍNEZ,5
15,CUNDINAMARCA,223,SAN BERNARDO,FEDERICO GUTIÉRREZ,468
15,CUNDINAMARCA,223,SAN BERNARDO,GUSTAVO PETRO,1146
15,CUNDINAMARCA,223,SAN BERNARDO,INGRID BETANCOURT,1
15,CUNDINAMARCA,223,SAN BERNARDO,JOHN MILTON RODRÍGUEZ,12
15,CUNDINAMARCA,223,SAN BERNARDO,LUIS PÉREZ,1
15,CUNDINAMARCA,223,SAN BERNARDO,RODOLFO HERNÁNDEZ,2740
15,CUNDINAMARCA,223,SAN BERNARDO,SERGIO FAJARDO,99
15,CUNDINAMARCA,223,SAN BERNARDO,VOTOS EN BLANCO,40
15,CUNDINAMARCA,223,SAN BERNARDO,VOTOS NO MARCADOS,3
15,CUNDINAMARCA,223,SAN BERNARDO,VOTOS NULOS,35
15,CUNDINAMARCA,226,SAN CAYETANO,ENRIQUE GÓMEZ MARTÍNEZ,5
15,CUNDINAMARCA,226,SAN CAYETANO,FEDERICO GUTIÉRREZ,349
15,CUNDINAMARCA,226,SAN CAYETANO,GUSTAVO PETRO,280
15,CUNDINAMARCA,226,SAN CAYETANO,JOHN MILTON RODRÍGUEZ,29
15,CUNDINAMARCA,226,SAN CAYETANO,LUIS PÉREZ,1
15,CUNDINAMARCA,226,SAN CAYETANO,RODOLFO HERNÁNDEZ,1552
15,CUNDINAMARCA,226,SAN CAYETANO,SERGIO FAJARDO,30
15,CUNDINAMARCA,226,SAN CAYETANO,VOTOS EN BLANCO,12
15,CUNDINAMARCA,226,SAN CAYETANO,VOTOS NO MARCADOS,5
15,CUNDINAMARCA,226,SAN CAYETANO,VOTOS NULOS,11
15,CUNDINAMARCA,229,SAN FRANCISCO,ENRIQUE GÓMEZ MARTÍNEZ,15
15,CUNDINAMARCA,229,SAN FRANCISCO,FEDERICO GUTIÉRREZ,1094
15,CUNDINAMARCA,229,SAN FRANCISCO,GUSTAVO PETRO,1130
15,CUNDINAMARCA,229,SAN FRANCISCO,INGRID BETANCOURT,4
15,CUNDINAMARCA,229,SAN FRANCISCO,JOHN MILTON RODRÍGUEZ,52
15,CUNDINAMARCA,229,SAN FRANCISCO,LUIS PÉREZ,3
15,CUNDINAMARCA,229,SAN FRANCISCO,RODOLFO HERNÁNDEZ,3084
15,CUNDINAMARCA,229,SAN FRANCISCO,SERGIO FAJARDO,207
15,CUNDINAMARCA,229,SAN FRANCISCO,VOTOS EN BLANCO,77
15,CUNDINAMARCA,229,SAN FRANCISCO,VOTOS NO MARCADOS,8
15,CUNDINAMARCA,229,SAN FRANCISCO,VOTOS NULOS,38
15,CUNDINAMARCA,232,SAN JUAN DE RIOSECO,ENRIQUE GÓMEZ MARTÍNEZ,8
15,CUNDINAMARCA,232,SAN JUAN DE RIOSECO,FEDERICO GUTIÉRREZ,995
15,CUNDINAMARCA,232,SAN JUAN DE RIOSECO,GUSTAVO PETRO,1152
15,CUNDINAMARCA,232,SAN JUAN DE RIOSECO,JOHN MILTON RODRÍGUEZ,56
15,CUNDINAMARCA,232,SAN JUAN DE RIOSECO,LUIS PÉREZ,1
15,CUNDINAMARCA,232,SAN JUAN DE RIOSECO,RODOLFO HERNÁNDEZ,2651
15,CUNDINAMARCA,232,SAN JUAN DE RIOSECO,SERGIO FAJARDO,100
15,CUNDINAMARCA,232,SAN JUAN DE RIOSECO,VOTOS EN BLANCO,61
15,CUNDINAMARCA,232,SAN JUAN DE RIOSECO,VOTOS NO MARCADOS,7
15,CUNDINAMARCA,232,SAN JUAN DE RIOSECO,VOTOS NULOS,42
15,CUNDINAMARCA,235,SASAIMA,ENRIQUE GÓMEZ MARTÍNEZ,15
15,CUNDINAMARCA,235,SASAIMA,FEDERICO GUTIÉRREZ,1072
15,CUNDINAMARCA,235,SASAIMA,GUSTAVO PETRO,974
15,CUNDINAMARCA,235,SASAIMA,INGRID BETANCOURT,1
15,CUNDINAMARCA,235,SASAIMA,JOHN MILTON RODRÍGUEZ,48
15,CUNDINAMARCA,235,SASAIMA,RODOLFO HERNÁNDEZ,3218
15,CUNDINAMARCA,235,SASAIMA,SERGIO FAJARDO,161
15,CUNDINAMARCA,235,SASAIMA,VOTOS EN BLANCO,73
15,CUNDINAMARCA,235,SASAIMA,VOTOS NO MARCADOS,6
15,CUNDINAMARCA,235,SASAIMA,VOTOS NULOS,46
15,CUNDINAMARCA,238,SESQUILE,ENRIQUE GÓMEZ MARTÍNEZ,11
15,CUNDINAMARCA,238,SESQUILE,FEDERICO GUTIÉRREZ,526
15,CUNDINAMARCA,238,SESQUILE,GUSTAVO PETRO,1971
15,CUNDINAMARCA,238,SESQUILE,INGRID BETANCOURT,9
15,CUNDINAMARCA,238,SESQUILE,JOHN MILTON RODRÍGUEZ,87
15,CUNDINAMARCA,238,SESQUILE,LUIS PÉREZ,3
15,CUNDINAMARCA,238,SESQUILE,RODOLFO HERNÁNDEZ,3482
15,CUNDINAMARCA,238,SESQUILE,SERGIO FAJARDO,219
15,CUNDINAMARCA,238,SESQUILE,VOTOS EN BLANCO,120
15,CUNDINAMARCA,238,SESQUILE,VOTOS NO MARCADOS,10
15,CUNDINAMARCA,238,SESQUILE,VOTOS NULOS,138
15,CUNDINAMARCA,239,SIBATE,ENRIQUE GÓMEZ MARTÍNEZ,41
15,CUNDINAMARCA,239,SIBATE,FEDERICO GUTIÉRREZ,2114
15,CUNDINAMARCA,239,SIBATE,GUSTAVO PETRO,7316
15,CUNDINAMARCA,239,SIBATE,INGRID BETANCOURT,16
15,CUNDINAMARCA,239,SIBATE,JOHN MILTON RODRÍGUEZ,144
15,CUNDINAMARCA,239,SIBATE,LUIS PÉREZ,7
15,CUNDINAMARCA,239,SIBATE,RODOLFO HERNÁNDEZ,6516
15,CUNDINAMARCA,239,SIBATE,SERGIO FAJARDO,617
15,CUNDINAMARCA,239,SIBATE,VOTOS EN BLANCO,352
15,CUNDINAMARCA,239,SIBATE,VOTOS NO MARCADOS,16
15,CUNDINAMARCA,239,SIBATE,VOTOS NULOS,354
15,CUNDINAMARCA,241,SILVANIA,ENRIQUE GÓMEZ MARTÍNEZ,17
15,CUNDINAMARCA,241,SILVANIA,FEDERICO GUTIÉRREZ,2078
15,CUNDINAMARCA,241,SILVANIA,GUSTAVO PETRO,2958
15,CUNDINAMARCA,241,SILVANIA,INGRID BETANCOURT,7
15,CUNDINAMARCA,241,SILVANIA,JOHN MILTON RODRÍGUEZ,87
15,CUNDINAMARCA,241,SILVANIA,LUIS PÉREZ,4
15,CUNDINAMARCA,241,SILVANIA,RODOLFO HERNÁNDEZ,5887
15,CUNDINAMARCA,241,SILVANIA,SERGIO FAJARDO,351
15,CUNDINAMARCA,241,SILVANIA,VOTOS EN BLANCO,125
15,CUNDINAMARCA,241,SILVANIA,VOTOS NO MARCADOS,9
15,CUNDINAMARCA,241,SILVANIA,VOTOS NULOS,121
15,CUNDINAMARCA,244,SIMIJACA,ENRIQUE GÓMEZ MARTÍNEZ,13
15,CUNDINAMARCA,244,SIMIJACA,FEDERICO GUTIÉRREZ,592
15,CUNDINAMARCA,244,SIMIJACA,GUSTAVO PETRO,1403
15,CUNDINAMARCA,244,SIMIJACA,INGRID BETANCOURT,1
15,CUNDINAMARCA,244,SIMIJACA,JOHN MILTON RODRÍGUEZ,42
15,CUNDINAMARCA,244,SIMIJACA,LUIS PÉREZ,3
15,CUNDINAMARCA,244,SIMIJACA,RODOLFO HERNÁNDEZ,4038
15,CUNDINAMARCA,244,SIMIJACA,SERGIO FAJARDO,124
15,CUNDINAMARCA,244,SIMIJACA,VOTOS EN BLANCO,80
15,CUNDINAMARCA,244,SIMIJACA,VOTOS NO MARCADOS,6
15,CUNDINAMARCA,244,SIMIJACA,VOTOS NULOS,66
15,CUNDINAMARCA,247,SOACHA,ENRIQUE GÓMEZ MARTÍNEZ,469
15,CUNDINAMARCA,247,SOACHA,FEDERICO GUTIÉRREZ,22284
15,CUNDINAMARCA,247,SOACHA,GUSTAVO PETRO,110045
15,CUNDINAMARCA,247,SOACHA,INGRID BETANCOURT,209
15,CUNDINAMARCA,247,SOACHA,JOHN MILTON RODRÍGUEZ,3676
15,CUNDINAMARCA,247,SOACHA,LUIS PÉREZ,201
15,CUNDINAMARCA,247,SOACHA,RODOLFO HERNÁNDEZ,50773
15,CUNDINAMARCA,247,SOACHA,SERGIO FAJARDO,7563
15,CUNDINAMARCA,247,SOACHA,VOTOS EN BLANCO,4011
15,CUNDINAMARCA,247,SOACHA,VOTOS NO MARCADOS,152
15,CUNDINAMARCA,247,SOACHA,VOTOS NULOS,3559
15,CUNDINAMARCA,250,SOPO,ENRIQUE GÓMEZ MARTÍNEZ,26
15,CUNDINAMARCA,250,SOPO,FEDERICO GUTIÉRREZ,1899
15,CUNDINAMARCA,250,SOPO,GUSTAVO PETRO,6284
15,CUNDINAMARCA,250,SOPO,INGRID BETANCOURT,12
15,CUNDINAMARCA,250,SOPO,JOHN MILTON RODRÍGUEZ,126
15,CUNDINAMARCA,250,SOPO,LUIS PÉREZ,3
15,CUNDINAMARCA,250,SOPO,RODOLFO HERNÁNDEZ,5439
15,CUNDINAMARCA,250,SOPO,SERGIO FAJARDO,655
15,CUNDINAMARCA,250,SOPO,VOTOS EN BLANCO,340
15,CUNDINAMARCA,250,SOPO,VOTOS NO MARCADOS,9
15,CUNDINAMARCA,250,SOPO,VOTOS NULOS,203
15,CUNDINAMARCA,256,SUBACHOQUE,ENRIQUE GÓMEZ MARTÍNEZ,17
15,CUNDINAMARCA,256,SUBACHOQUE,FEDERICO GUTIÉRREZ,1274
15,CUNDINAMARCA,256,SUBACHOQUE,GUSTAVO PETRO,1688
15,CUNDINAMARCA,256,SUBACHOQUE,INGRID BETANCOURT,3
15,CUNDINAMARCA,256,SUBACHOQUE,JOHN MILTON RODRÍGUEZ,54
15,CUNDINAMARCA,256,SUBACHOQUE,LUIS PÉREZ,2
15,CUNDINAMARCA,256,SUBACHOQUE,RODOLFO HERNÁNDEZ,5503
15,CUNDINAMARCA,256,SUBACHOQUE,SERGIO FAJARDO,309
15,CUNDINAMARCA,256,SUBACHOQUE,VOTOS EN BLANCO,149
15,CUNDINAMARCA,256,SUBACHOQUE,VOTOS NO MARCADOS,3
15,CUNDINAMARCA,256,SUBACHOQUE,VOTOS NULOS,124
15,CUNDINAMARCA,259,SUESCA,ENRIQUE GÓMEZ MARTÍNEZ,15
15,CUNDINAMARCA,259,SUESCA,FEDERICO GUTIÉRREZ,447
15,CUNDINAMARCA,259,SUESCA,GUSTAVO PETRO,2640
15,CUNDINAMARCA,259,SUESCA,INGRID BETANCOURT,10
15,CUNDINAMARCA,259,SUESCA,JOHN MILTON RODRÍGUEZ,33
15,CUNDINAMARCA,259,SUESCA,LUIS PÉREZ,4
15,CUNDINAMARCA,259,SUESCA,RODOLFO HERNÁNDEZ,4415
15,CUNDINAMARCA,259,SUESCA,SERGIO FAJARDO,256
15,CUNDINAMARCA,259,SUESCA,VOTOS EN BLANCO,157
15,CUNDINAMARCA,259,SUESCA,VOTOS NO MARCADOS,6
15,CUNDINAMARCA,259,SUESCA,VOTOS NULOS,205
15,CUNDINAMARCA,262,SUPATA,ENRIQUE GÓMEZ MARTÍNEZ,6
15,CUNDINAMARCA,262,SUPATA,FEDERICO GUTIÉRREZ,436
15,CUNDINAMARCA,262,SUPATA,GUSTAVO PETRO,381
15,CUNDINAMARCA,262,SUPATA,INGRID BETANCOURT,3
15,CUNDINAMARCA,262,SUPATA,JOHN MILTON RODRÍGUEZ,6
15,CUNDINAMARCA,262,SUPATA,LUIS PÉREZ,3
15,CUNDINAMARCA,262,SUPATA,RODOLFO HERNÁNDEZ,1887
15,CUNDINAMARCA,262,SUPATA,SERGIO FAJARDO,73
15,CUNDINAMARCA,262,SUPATA,VOTOS EN BLANCO,40
15,CUNDINAMARCA,262,SUPATA,VOTOS NO MARCADOS,1
15,CUNDINAMARCA,262,SUPATA,VOTOS NULOS,20
15,CUNDINAMARCA,265,SUSA,ENRIQUE GÓMEZ MARTÍNEZ,12
15,CUNDINAMARCA,265,SUSA,FEDERICO GUTIÉRREZ,221
15,CUNDINAMARCA,265,SUSA,GUSTAVO PETRO,636
15,CUNDINAMARCA,265,SUSA,INGRID BETANCOURT,1
15,CUNDINAMARCA,265,SUSA,JOHN MILTON RODRÍGUEZ,11
15,CUNDINAMARCA,265,SUSA,LUIS PÉREZ,1
15,CUNDINAMARCA,265,SUSA,RODOLFO HERNÁNDEZ,2246
15,CUNDINAMARCA,265,SUSA,SERGIO FAJARDO,80
15,CUNDINAMARCA,265,SUSA,VOTOS EN BLANCO,48
15,CUNDINAMARCA,265,SUSA,VOTOS NO MARCADOS,2
15,CUNDINAMARCA,265,SUSA,VOTOS NULOS,16
15,CUNDINAMARCA,268,SUTATAUSA,ENRIQUE GÓMEZ MARTÍNEZ,5
15,CUNDINAMARCA,268,SUTATAUSA,FEDERICO GUTIÉRREZ,151
15,CUNDINAMARCA,268,SUTATAUSA,GUSTAVO PETRO,600
15,CUNDINAMARCA,268,SUTATAUSA,INGRID BETANCOURT,4
15,CUNDINAMARCA,268,SUTATAUSA,JOHN MILTON RODRÍGUEZ,13
15,CUNDINAMARCA,268,SUTATAUSA,RODOLFO HERNÁNDEZ,1877
15,CUNDINAMARCA,268,SUTATAUSA,SERGIO FAJARDO,56
15,CUNDINAMARCA,268,SUTATAUSA,VOTOS EN BLANCO,63
15,CUNDINAMARCA,268,SUTATAUSA,VOTOS NO MARCADOS,10
15,CUNDINAMARCA,268,SUTATAUSA,VOTOS NULOS,44
15,CUNDINAMARCA,271,TABIO,ENRIQUE GÓMEZ MARTÍNEZ,38
15,CUNDINAMARCA,271,TABIO,FEDERICO GUTIÉRREZ,1592
15,CUNDINAMARCA,271,TABIO,GUSTAVO PETRO,3421
15,CUNDINAMARCA,271,TABIO,INGRID BETANCOURT,9
15,CUNDINAMARCA,271,TABIO,JOHN MILTON RODRÍGUEZ,63
15,CUNDINAMARCA,271,TABIO,LUIS PÉREZ,4
15,CUNDINAMARCA,271,TABIO,RODOLFO HERNÁNDEZ,6682
15,CUNDINAMARCA,271,TABIO,SERGIO FAJARDO,558
15,CUNDINAMARCA,271,TABIO,VOTOS EN BLANCO,256
15,CUNDINAMARCA,271,TABIO,VOTOS NO MARCADOS,7
15,CUNDINAMARCA,271,TABIO,VOTOS NULOS,151
15,CUNDINAMARCA,274,TAUSA,ENRIQUE GÓMEZ MARTÍNEZ,11
15,CUNDINAMARCA,274,TAUSA,FEDERICO GUTIÉRREZ,263
15,CUNDINAMARCA,274,TAUSA,GUSTAVO PETRO,532
15,CUNDINAMARCA,274,TAUSA,INGRID BETANCOURT,4
15,CUNDINAMARCA,274,TAUSA,JOHN MILTON RODRÍGUEZ,23
15,CUNDINAMARCA,274,TAUSA,RODOLFO HERNÁNDEZ,3033
15,CUNDINAMARCA,274,TAUSA,SERGIO FAJARDO,85
15,CUNDINAMARCA,274,TAUSA,VOTOS EN BLANCO,91
15,CUNDINAMARCA,274,TAUSA,VOTOS NO MARCADOS,8
15,CUNDINAMARCA,274,TAUSA,VOTOS NULOS,70
15,CUNDINAMARCA,277,TENA,ENRIQUE GÓMEZ MARTÍNEZ,8
15,CUNDINAMARCA,277,TENA,FEDERICO GUTIÉRREZ,681
15,CUNDINAMARCA,277,TENA,GUSTAVO PETRO,1212
15,CUNDINAMARCA,277,TENA,INGRID BETANCOURT,3
15,CUNDINAMARCA,277,TENA,JOHN MILTON RODRÍGUEZ,17
15,CUNDINAMARCA,277,TENA,LUIS PÉREZ,2
15,CUNDINAMARCA,277,TENA,RODOLFO HERNÁNDEZ,2687
15,CUNDINAMARCA,277,TENA,SERGIO FAJARDO,111
15,CUNDINAMARCA,277,TENA,VOTOS EN BLANCO,42
15,CUNDINAMARCA,277,TENA,VOTOS NO MARCADOS,6
15,CUNDINAMARCA,277,TENA,VOTOS NULOS,41
15,CUNDINAMARCA,280,TENJO,ENRIQUE GÓMEZ MARTÍNEZ,16
15,CUNDINAMARCA,280,TENJO,FEDERICO GUTIÉRREZ,1778
15,CUNDINAMARCA,280,TENJO,GUSTAVO PETRO,3249
15,CUNDINAMARCA,280,TENJO,INGRID BETANCOURT,7
15,CUNDINAMARCA,280,TENJO,JOHN MILTON RODRÍGUEZ,61
15,CUNDINAMARCA,280,TENJO,LUIS PÉREZ,9
15,CUNDINAMARCA,280,TENJO,RODOLFO HERNÁNDEZ,6300
15,CUNDINAMARCA,280,TENJO,SERGIO FAJARDO,662
15,CUNDINAMARCA,280,TENJO,VOTOS EN BLANCO,282
15,CUNDINAMARCA,280,TENJO,VOTOS NO MARCADOS,9
15,CUNDINAMARCA,280,TENJO,VOTOS NULOS,193
15,CUNDINAMARCA,283,TIBACUY,ENRIQUE GÓMEZ MARTÍNEZ,2
15,CUNDINAMARCA,283,TIBACUY,FEDERICO GUTIÉRREZ,456
15,CUNDINAMARCA,283,TIBACUY,GUSTAVO PETRO,808
15,CUNDINAMARCA,283,TIBACUY,INGRID BETANCOURT,1
15,CUNDINAMARCA,283,TIBACUY,JOHN MILTON RODRÍGUEZ,8
15,CUNDINAMARCA,283,TIBACUY,LUIS PÉREZ,1
15,CUNDINAMARCA,283,TIBACUY,RODOLFO HERNÁNDEZ,1054
15,CUNDINAMARCA,283,TIBACUY,SERGIO FAJARDO,60
15,CUNDINAMARCA,283,TIBACUY,VOTOS EN BLANCO,20
15,CUNDINAMARCA,283,TIBACUY,VOTOS NULOS,23
15,CUNDINAMARCA,286,TIBIRITA,ENRIQUE GÓMEZ MARTÍNEZ,9
15,CUNDINAMARCA,286,TIBIRITA,FEDERICO GUTIÉRREZ,160
15,CUNDINAMARCA,286,TIBIRITA,GUSTAVO PETRO,413
15,CUNDINAMARCA,286,TIBIRITA,JOHN MILTON RODRÍGUEZ,5
15,CUNDINAMARCA,286,TIBIRITA,LUIS PÉREZ,1
15,CUNDINAMARCA,286,TIBIRITA,RODOLFO HERNÁNDEZ,1031
15,CUNDINAMARCA,286,TIBIRITA,SERGIO FAJARDO,48
15,CUNDINAMARCA,286,TIBIRITA,VOTOS EN BLANCO,14
15,CUNDINAMARCA,286,TIBIRITA,VOTOS NO MARCADOS,3
15,CUNDINAMARCA,286,TIBIRITA,VOTOS NULOS,8
15,CUNDINAMARCA,289,TOCAIMA,ENRIQUE GÓMEZ MARTÍNEZ,17
15,CUNDINAMARCA,289,TOCAIMA,FEDERICO GUTIÉRREZ,1473
15,CUNDINAMARCA,289,TOCAIMA,GUSTAVO PETRO,1678
15,CUNDINAMARCA,289,TOCAIMA,INGRID BETANCOURT,2
15,CUNDINAMARCA,289,TOCAIMA,JOHN MILTON RODRÍGUEZ,66
15,CUNDINAMARCA,289,TOCAIMA,LUIS PÉREZ,3
15,CUNDINAMARCA,289,TOCAIMA,RODOLFO HERNÁNDEZ,3463
15,CUNDINAMARCA,289,TOCAIMA,SERGIO FAJARDO,189
15,CUNDINAMARCA,289,TOCAIMA,VOTOS EN BLANCO,102
15,CUNDINAMARCA,289,TOCAIMA,VOTOS NO MARCADOS,14
15,CUNDINAMARCA,289,TOCAIMA,VOTOS NULOS,74
15,CUNDINAMARCA,292,TOCANCIPA,ENRIQUE GÓMEZ MARTÍNEZ,33
15,CUNDINAMARCA,292,TOCANCIPA,FEDERICO GUTIÉRREZ,1727
15,CUNDINAMARCA,292,TOCANCIPA,GUSTAVO PETRO,10148
15,CUNDINAMARCA,292,TOCANCIPA,INGRID BETANCOURT,18
15,CUNDINAMARCA,292,TOCANCIPA,JOHN MILTON RODRÍGUEZ,323
15,CUNDINAMARCA,292,TOCANCIPA,LUIS PÉREZ,12
15,CUNDINAMARCA,292,TOCANCIPA,RODOLFO HERNÁNDEZ,10468
15,CUNDINAMARCA,292,TOCANCIPA,SERGIO FAJARDO,739
15,CUNDINAMARCA,292,TOCANCIPA,VOTOS EN BLANCO,465
15,CUNDINAMARCA,292,TOCANCIPA,VOTOS NO MARCADOS,15
15,CUNDINAMARCA,292,TOCANCIPA,VOTOS NULOS,429
15,CUNDINAMARCA,295,TOPAIPI,ENRIQUE GÓMEZ MARTÍNEZ,4
15,CUNDINAMARCA,295,TOPAIPI,FEDERICO GUTIÉRREZ,335
15,CUNDINAMARCA,295,TOPAIPI,GUSTAVO PETRO,268
15,CUNDINAMARCA,295,TOPAIPI,INGRID BETANCOURT,3
15,CUNDINAMARCA,295,TOPAIPI,JOHN MILTON RODRÍGUEZ,11
15,CUNDINAMARCA,295,TOPAIPI,LUIS PÉREZ,4
15,CUNDINAMARCA,295,TOPAIPI,RODOLFO HERNÁNDEZ,1249
15,CUNDINAMARCA,295,TOPAIPI,SERGIO FAJARDO,38
15,CUNDINAMARCA,295,TOPAIPI,VOTOS EN BLANCO,16
15,CUNDINAMARCA,295,TOPAIPI,VOTOS NO MARCADOS,5
15,CUNDINAMARCA,295,TOPAIPI,VOTOS NULOS,10
15,CUNDINAMARCA,298,UBALA,ENRIQUE GÓMEZ MARTÍNEZ,13
15,CUNDINAMARCA,298,UBALA,FEDERICO GUTIÉRREZ,458
15,CUNDINAMARCA,298,UBALA,GUSTAVO PETRO,606
15,CUNDINAMARCA,298,UBALA,INGRID BETANCOURT,8
15,CUNDINAMARCA,298,UBALA,JOHN MILTON RODRÍGUEZ,15
15,CUNDINAMARCA,298,UBALA,LUIS PÉREZ,2
15,CUNDINAMARCA,298,UBALA,RODOLFO HERNÁNDEZ,2798
15,CUNDINAMARCA,298,UBALA,SERGIO FAJARDO,87
15,CUNDINAMARCA,298,UBALA,VOTOS EN BLANCO,45
15,CUNDINAMARCA,298,UBALA,VOTOS NO MARCADOS,9
15,CUNDINAMARCA,298,UBALA,VOTOS NULOS,32
15,CUNDINAMARCA,301,UBAQUE,ENRIQUE GÓMEZ MARTÍNEZ,5
15,CUNDINAMARCA,301,UBAQUE,FEDERICO GUTIÉRREZ,357
15,CUNDINAMARCA,301,UBAQUE,GUSTAVO PETRO,837
15,CUNDINAMARCA,301,UBAQUE,INGRID BETANCOURT,3
15,CUNDINAMARCA,301,UBAQUE,JOHN MILTON RODRÍGUEZ,6
15,CUNDINAMARCA,301,UBAQUE,LUIS PÉREZ,1
15,CUNDINAMARCA,301,UBAQUE,RODOLFO HERNÁNDEZ,2734
15,CUNDINAMARCA,301,UBAQUE,SERGIO FAJARDO,66
15,CUNDINAMARCA,301,UBAQUE,VOTOS EN BLANCO,45
15,CUNDINAMARCA,301,UBAQUE,VOTOS NO MARCADOS,4
15,CUNDINAMARCA,301,UBAQUE,VOTOS NULOS,33
15,CUNDINAMARCA,304,UBATE,ENRIQUE GÓMEZ MARTÍNEZ,41
15,CUNDINAMARCA,304,UBATE,FEDERICO GUTIÉRREZ,1841
15,CUNDINAMARCA,304,UBATE,GUSTAVO PETRO,5686
15,CUNDINAMARCA,304,UBATE,INGRID BETANCOURT,15
15,CUNDINAMARCA,304,UBATE,JOHN MILTON RODRÍGUEZ,171
15,CUNDINAMARCA,304,UBATE,LUIS PÉREZ,7
15,CUNDINAMARCA,304,UBATE,RODOLFO HERNÁNDEZ,13887
15,CUNDINAMARCA,304,UBATE,SERGIO FAJARDO,756
15,CUNDINAMARCA,304,UBATE,VOTOS EN BLANCO,491
15,CUNDINAMARCA,304,UBATE,VOTOS NO MARCADOS,14
15,CUNDINAMARCA,304,UBATE,VOTOS NULOS,310
15,CUNDINAMARCA,307,UNE,ENRIQUE GÓMEZ MARTÍNEZ,13
15,CUNDINAMARCA,307,UNE,FEDERICO GUTIÉRREZ,319
15,CUNDINAMARCA,307,UNE,GUSTAVO PETRO,1009
15,CUNDINAMARCA,307,UNE,INGRID BETANCOURT,1
15,CUNDINAMARCA,307,UNE,JOHN MILTON RODRÍGUEZ,14
15,CUNDINAMARCA,307,UNE,LUIS PÉREZ,2
15,CUNDINAMARCA,307,UNE,RODOLFO HERNÁNDEZ,2816
15,CUNDINAMARCA,307,UNE,SERGIO FAJARDO,99
15,CUNDINAMARCA,307,UNE,VOTOS EN BLANCO,58
15,CUNDINAMARCA,307,UNE,VOTOS NO MARCADOS,8
15,CUNDINAMARCA,307,UNE,VOTOS NULOS,33
15,CUNDINAMARCA,316,UTICA,ENRIQUE GÓMEZ MARTÍNEZ,6
15,CUNDINAMARCA,316,UTICA,FEDERICO GUTIÉRREZ,915
15,CUNDINAMARCA,316,UTICA,GUSTAVO PETRO,311
15,CUNDINAMARCA,316,UTICA,JOHN MILTON RODRÍGUEZ,15
15,CUNDINAMARCA,316,UTICA,LUIS PÉREZ,2
15,CUNDINAMARCA,316,UTICA,RODOLFO HERNÁNDEZ,1496
15,CUNDINAMARCA,316,UTICA,SERGIO FAJARDO,69
15,CUNDINAMARCA,316,UTICA,VOTOS EN BLANCO,26
15,CUNDINAMARCA,316,UTICA,VOTOS NO MARCADOS,6
15,CUNDINAMARCA,316,UTICA,VOTOS NULOS,15
15,CUNDINAMARCA,318,VENECIA,ENRIQUE GÓMEZ MARTÍNEZ,7
15,CUNDINAMARCA,318,VENECIA,FEDERICO GUTIÉRREZ,203
15,CUNDINAMARCA,318,VENECIA,GUSTAVO PETRO,746
15,CUNDINAMARCA,318,VENECIA,JOHN MILTON RODRÍGUEZ,25
15,CUNDINAMARCA,318,VENECIA,RODOLFO HERNÁNDEZ,1091
15,CUNDINAMARCA,318,VENECIA,SERGIO FAJARDO,28
15,CUNDINAMARCA,318,VENECIA,VOTOS EN BLANCO,20
15,CUNDINAMARCA,318,VENECIA,VOTOS NO MARCADOS,6
15,CUNDINAMARCA,318,VENECIA,VOTOS NULOS,20
15,CUNDINAMARCA,319,VERGARA,ENRIQUE GÓMEZ MARTÍNEZ,8
15,CUNDINAMARCA,319,VERGARA,FEDERICO GUTIÉRREZ,607
15,CUNDINAMARCA,319,VERGARA,GUSTAVO PETRO,598
15,CUNDINAMARCA,319,VERGARA,INGRID BETANCOURT,2
15,CUNDINAMARCA,319,VERGARA,JOHN MILTON RODRÍGUEZ,12
15,CUNDINAMARCA,319,VERGARA,LUIS PÉREZ,4
15,CUNDINAMARCA,319,VERGARA,RODOLFO HERNÁNDEZ,2495
15,CUNDINAMARCA,319,VERGARA,SERGIO FAJARDO,112
15,CUNDINAMARCA,319,VERGARA,VOTOS EN BLANCO,42
15,CUNDINAMARCA,319,VERGARA,VOTOS NO MARCADOS,11
15,CUNDINAMARCA,319,VERGARA,VOTOS NULOS,30
15,CUNDINAMARCA,322,VIANI,ENRIQUE GÓMEZ MARTÍNEZ,6
15,CUNDINAMARCA,322,VIANI,FEDERICO GUTIÉRREZ,440
15,CUNDINAMARCA,322,VIANI,GUSTAVO PETRO,474
15,CUNDINAMARCA,322,VIANI,INGRID BETANCOURT,2
15,CUNDINAMARCA,322,VIANI,JOHN MILTON RODRÍGUEZ,12
15,CUNDINAMARCA,322,VIANI,RODOLFO HERNÁNDEZ,1329
15,CUNDINAMARCA,322,VIANI,SERGIO FAJARDO,53
15,CUNDINAMARCA,322,VIANI,VOTOS EN BLANCO,19
15,CUNDINAMARCA,322,VIANI,VOTOS NO MARCADOS,6
15,CUNDINAMARCA,322,VIANI,VOTOS NULOS,15
15,CUNDINAMARCA,323,VILLAGOMEZ,ENRIQUE GÓMEZ MARTÍNEZ,3
15,CUNDINAMARCA,323,VILLAGOMEZ,FEDERICO GUTIÉRREZ,268
15,CUNDINAMARCA,323,VILLAGOMEZ,GUSTAVO PETRO,199
15,CUNDINAMARCA,323,VILLAGOMEZ,JOHN MILTON RODRÍGUEZ,2
15,CUNDINAMARCA,323,VILLAGOMEZ,RODOLFO HERNÁNDEZ,712
15,CUNDINAMARCA,323,VILLAGOMEZ,SERGIO FAJARDO,18
15,CUNDINAMARCA,323,VILLAGOMEZ,VOTOS EN BLANCO,5
15,CUNDINAMARCA,323,VILLAGOMEZ,VOTOS NO MARCADOS,2
15,CUNDINAMARCA,323,VILLAGOMEZ,VOTOS NULOS,6
15,CUNDINAMARCA,325,VILLAPINZON,ENRIQUE GÓMEZ MARTÍNEZ,22
15,CUNDINAMARCA,325,VILLAPINZON,FEDERICO GUTIÉRREZ,635
15,CUNDINAMARCA,325,VILLAPINZON,GUSTAVO PETRO,1316
15,CUNDINAMARCA,325,VILLAPINZON,INGRID BETANCOURT,6
15,CUNDINAMARCA,325,VILLAPINZON,JOHN MILTON RODRÍGUEZ,12
15,CUNDINAMARCA,325,VILLAPINZON,LUIS PÉREZ,1
15,CUNDINAMARCA,325,VILLAPINZON,RODOLFO HERNÁNDEZ,7435
15,CUNDINAMARCA,325,VILLAPINZON,SERGIO FAJARDO,232
15,CUNDINAMARCA,325,VILLAPINZON,VOTOS EN BLANCO,145
15,CUNDINAMARCA,325,VILLAPINZON,VOTOS NO MARCADOS,5
15,CUNDINAMARCA,325,VILLAPINZON,VOTOS NULOS,57
15,CUNDINAMARCA,328,VILLETA,ENRIQUE GÓMEZ MARTÍNEZ,21
15,CUNDINAMARCA,328,VILLETA,FEDERICO GUTIÉRREZ,2933
15,CUNDINAMARCA,328,VILLETA,GUSTAVO PETRO,2689
15,CUNDINAMARCA,328,VILLETA,INGRID BETANCOURT,8
15,CUNDINAMARCA,328,VILLETA,JOHN MILTON RODRÍGUEZ,179
15,CUNDINAMARCA,328,VILLETA,LUIS PÉREZ,3
15,CUNDINAMARCA,328,VILLETA,RODOLFO HERNÁNDEZ,8797
15,CUNDINAMARCA,328,VILLETA,SERGIO FAJARDO,358
15,CUNDINAMARCA,328,VILLETA,VOTOS EN BLANCO,163
15,CUNDINAMARCA,328,VILLETA,VOTOS NO MARCADOS,23
15,CUNDINAMARCA,328,VILLETA,VOTOS NULOS,118
15,CUNDINAMARCA,331,VIOTA,ENRIQUE GÓMEZ MARTÍNEZ,12
15,CUNDINAMARCA,331,VIOTA,FEDERICO GUTIÉRREZ,1028
15,CUNDINAMARCA,331,VIOTA,GUSTAVO PETRO,1783
15,CUNDINAMARCA,331,VIOTA,INGRID BETANCOURT,2
15,CUNDINAMARCA,331,VIOTA,JOHN MILTON RODRÍGUEZ,33
15,CUNDINAMARCA,331,VIOTA,LUIS PÉREZ,2
15,CUNDINAMARCA,331,VIOTA,RODOLFO HERNÁNDEZ,3074
15,CUNDINAMARCA,331,VIOTA,SERGIO FAJARDO,109
15,CUNDINAMARCA,331,VIOTA,VOTOS EN BLANCO,59
15,CUNDINAMARCA,331,VIOTA,VOTOS NO MARCADOS,9
15,CUNDINAMARCA,331,VIOTA,VOTOS NULOS,48
15,CUNDINAMARCA,334,YACOPI,ENRIQUE GÓMEZ MARTÍNEZ,10
15,CUNDINAMARCA,334,YACOPI,FEDERICO GUTIÉRREZ,1181
15,CUNDINAMARCA,334,YACOPI,GUSTAVO PETRO,473
15,CUNDINAMARCA,334,YACOPI,INGRID BETANCOURT,2
15,CUNDINAMARCA,334,YACOPI,JOHN MILTON RODRÍGUEZ,73
15,CUNDINAMARCA,334,YACOPI,LUIS PÉREZ,4
15,CUNDINAMARCA,334,YACOPI,RODOLFO HERNÁNDEZ,2973
15,CUNDINAMARCA,334,YACOPI,SERGIO FAJARDO,83
15,CUNDINAMARCA,334,YACOPI,VOTOS EN BLANCO,35
15,CUNDINAMARCA,334,YACOPI,VOTOS NO MARCADOS,21
15,CUNDINAMARCA,334,YACOPI,VOTOS NULOS,30
15,CUNDINAMARCA,337,ZIPACON,ENRIQUE GÓMEZ MARTÍNEZ,10
15,CUNDINAMARCA,337,ZIPACON,FEDERICO GUTIÉRREZ,455
15,CUNDINAMARCA,337,ZIPACON,GUSTAVO PETRO,685
15,CUNDINAMARCA,337,ZIPACON,INGRID BETANCOURT,1
15,CUNDINAMARCA,337,ZIPACON,JOHN MILTON RODRÍGUEZ,13
15,CUNDINAMARCA,337,ZIPACON,RODOLFO HERNÁNDEZ,1557
15,CUNDINAMARCA,337,ZIPACON,SERGIO FAJARDO,91
15,CUNDINAMARCA,337,ZIPACON,VOTOS EN BLANCO,22
15,CUNDINAMARCA,337,ZIPACON,VOTOS NO MARCADOS,1
15,CUNDINAMARCA,337,ZIPACON,VOTOS NULOS,36
15,CUNDINAMARCA,340,ZIPAQUIRA,ENRIQUE GÓMEZ MARTÍNEZ,222
15,CUNDINAMARCA,340,ZIPAQUIRA,FEDERICO GUTIÉRREZ,7406
15,CUNDINAMARCA,340,ZIPAQUIRA,GUSTAVO PETRO,33198
15,CUNDINAMARCA,340,ZIPAQUIRA,INGRID BETANCOURT,68
15,CUNDINAMARCA,340,ZIPAQUIRA,JOHN MILTON RODRÍGUEZ,713
15,CUNDINAMARCA,340,ZIPAQUIRA,LUIS PÉREZ,42
15,CUNDINAMARCA,340,ZIPAQUIRA,RODOLFO HERNÁNDEZ,24930
15,CUNDINAMARCA,340,ZIPAQUIRA,SERGIO FAJARDO,3123
15,CUNDINAMARCA,340,ZIPAQUIRA,VOTOS EN BLANCO,1453
15,CUNDINAMARCA,340,ZIPAQUIRA,VOTOS NO MARCADOS,38
15,CUNDINAMARCA,340,ZIPAQUIRA,VOTOS NULOS,1091
16,BOGOTA D.C.,001,BOGOTA. D.C.,ENRIQUE GÓMEZ MARTÍNEZ,9835
16,BOGOTA D.C.,001,BOGOTA. D.C.,FEDERICO GUTIÉRREZ,725861
16,BOGOTA D.C.,001,BOGOTA. D.C.,GUSTAVO PETRO,1772001
16,BOGOTA D.C.,001,BOGOTA. D.C.,INGRID BETANCOURT,2374
16,BOGOTA D.C.,001,BOGOTA. D.C.,JOHN MILTON RODRÍGUEZ,46913
16,BOGOTA D.C.,001,BOGOTA. D.C.,LUIS PÉREZ,2340
16,BOGOTA D.C.,001,BOGOTA. D.C.,RODOLFO HERNÁNDEZ,833770
16,BOGOTA D.C.,001,BOGOTA. D.C.,SERGIO FAJARDO,299050
16,BOGOTA D.C.,001,BOGOTA. D.C.,VOTOS EN BLANCO,73445
16,BOGOTA D.C.,001,BOGOTA. D.C.,VOTOS NO MARCADOS,1410
16,BOGOTA D.C.,001,BOGOTA. D.C.,VOTOS NULOS,34014
17,CHOCO,001,QUIBDO,ENRIQUE GÓMEZ MARTÍNEZ,104
17,CHOCO,001,QUIBDO,FEDERICO GUTIÉRREZ,5781
17,CHOCO,001,QUIBDO,GUSTAVO PETRO,28369
17,CHOCO,001,QUIBDO,INGRID BETANCOURT,34
17,CHOCO,001,QUIBDO,JOHN MILTON RODRÍGUEZ,368
17,CHOCO,001,QUIBDO,LUIS PÉREZ,33
17,CHOCO,001,QUIBDO,RODOLFO HERNÁNDEZ,2427
17,CHOCO,001,QUIBDO,SERGIO FAJARDO,1230
17,CHOCO,001,QUIBDO,VOTOS EN BLANCO,792
17,CHOCO,001,QUIBDO,VOTOS NO MARCADOS,122
17,CHOCO,001,QUIBDO,VOTOS NULOS,1186
17,CHOCO,002,ATRATO (YUTO),ENRIQUE GÓMEZ MARTÍNEZ,15
17,CHOCO,002,ATRATO (YUTO),FEDERICO GUTIÉRREZ,477
17,CHOCO,002,ATRATO (YUTO),GUSTAVO PETRO,2758
17,CHOCO,002,ATRATO (YUTO),INGRID BETANCOURT,4
17,CHOCO,002,ATRATO (YUTO),JOHN MILTON RODRÍGUEZ,14
17,CHOCO,002,ATRATO (YUTO),LUIS PÉREZ,2
17,CHOCO,002,ATRATO (YUTO),RODOLFO HERNÁNDEZ,137
17,CHOCO,002,ATRATO (YUTO),SERGIO FAJARDO,74
17,CHOCO,002,ATRATO (YUTO),VOTOS EN BLANCO,50
17,CHOCO,002,ATRATO (YUTO),VOTOS NO MARCADOS,11
17,CHOCO,002,ATRATO (YUTO),VOTOS NULOS,69
17,CHOCO,004,ACANDI,ENRIQUE GÓMEZ MARTÍNEZ,10
17,CHOCO,004,ACANDI,FEDERICO GUTIÉRREZ,1219
17,CHOCO,004,ACANDI,GUSTAVO PETRO,2073
17,CHOCO,004,ACANDI,INGRID BETANCOURT,4
17,CHOCO,004,ACANDI,JOHN MILTON RODRÍGUEZ,11
17,CHOCO,004,ACANDI,LUIS PÉREZ,2
17,CHOCO,004,ACANDI,RODOLFO HERNÁNDEZ,391
17,CHOCO,004,ACANDI,SERGIO FAJARDO,74
17,CHOCO,004,ACANDI,VOTOS EN BLANCO,95
17,CHOCO,004,ACANDI,VOTOS NO MARCADOS,19
17,CHOCO,004,ACANDI,VOTOS NULOS,45
17,CHOCO,006,ALTO BAUDO (PIE DE PATO),ENRIQUE GÓMEZ MARTÍNEZ,4
17,CHOCO,006,ALTO BAUDO (PIE DE PATO),FEDERICO GUTIÉRREZ,114
17,CHOCO,006,ALTO BAUDO (PIE DE PATO),GUSTAVO PETRO,4607
17,CHOCO,006,ALTO BAUDO (PIE DE PATO),INGRID BETANCOURT,1
17,CHOCO,006,ALTO BAUDO (PIE DE PATO),JOHN MILTON RODRÍGUEZ,4
17,CHOCO,006,ALTO BAUDO (PIE DE PATO),LUIS PÉREZ,1
17,CHOCO,006,ALTO BAUDO (PIE DE PATO),RODOLFO HERNÁNDEZ,67
17,CHOCO,006,ALTO BAUDO (PIE DE PATO),SERGIO FAJARDO,35
17,CHOCO,006,ALTO BAUDO (PIE DE PATO),VOTOS EN BLANCO,23
17,CHOCO,006,ALTO BAUDO (PIE DE PATO),VOTOS NO MARCADOS,14
17,CHOCO,006,ALTO BAUDO (PIE DE PATO),VOTOS NULOS,7
17,CHOCO,007,BAGADO,ENRIQUE GÓMEZ MARTÍNEZ,9
17,CHOCO,007,BAGADO,FEDERICO GUTIÉRREZ,458
17,CHOCO,007,BAGADO,GUSTAVO PETRO,1686
17,CHOCO,007,BAGADO,INGRID BETANCOURT,1
17,CHOCO,007,BAGADO,JOHN MILTON RODRÍGUEZ,4
17,CHOCO,007,BAGADO,LUIS PÉREZ,2
17,CHOCO,007,BAGADO,RODOLFO HERNÁNDEZ,79
17,CHOCO,007,BAGADO,SERGIO FAJARDO,61
17,CHOCO,007,BAGADO,VOTOS EN BLANCO,28
17,CHOCO,007,BAGADO,VOTOS NO MARCADOS,13
17,CHOCO,007,BAGADO,VOTOS NULOS,37
17,CHOCO,008,BAHIA SOLANO (MUTIS),ENRIQUE GÓMEZ MARTÍNEZ,13
17,CHOCO,008,BAHIA SOLANO (MUTIS),FEDERICO GUTIÉRREZ,405
17,CHOCO,008,BAHIA SOLANO (MUTIS),GUSTAVO PETRO,2045
17,CHOCO,008,BAHIA SOLANO (MUTIS),INGRID BETANCOURT,5
17,CHOCO,008,BAHIA SOLANO (MUTIS),JOHN MILTON RODRÍGUEZ,33
17,CHOCO,008,BAHIA SOLANO (MUTIS),LUIS PÉREZ,3
17,CHOCO,008,BAHIA SOLANO (MUTIS),RODOLFO HERNÁNDEZ,261
17,CHOCO,008,BAHIA SOLANO (MUTIS),SERGIO FAJARDO,96
17,CHOCO,008,BAHIA SOLANO (MUTIS),VOTOS EN BLANCO,64
17,CHOCO,008,BAHIA SOLANO (MUTIS),VOTOS NO MARCADOS,16
17,CHOCO,008,BAHIA SOLANO (MUTIS),VOTOS NULOS,60
17,CHOCO,010,BAJO BAUDO (PIZARRO),ENRIQUE GÓMEZ MARTÍNEZ,26
17,CHOCO,010,BAJO BAUDO (PIZARRO),FEDERICO GUTIÉRREZ,290
17,CHOCO,010,BAJO BAUDO (PIZARRO),GUSTAVO PETRO,3118
17,CHOCO,010,BAJO BAUDO (PIZARRO),INGRID BETANCOURT,13
17,CHOCO,010,BAJO BAUDO (PIZARRO),JOHN MILTON RODRÍGUEZ,14
17,CHOCO,010,BAJO BAUDO (PIZARRO),LUIS PÉREZ,6
17,CHOCO,010,BAJO BAUDO (PIZARRO),RODOLFO HERNÁNDEZ,184
17,CHOCO,010,BAJO BAUDO (PIZARRO),SERGIO FAJARDO,88
17,CHOCO,010,BAJO BAUDO (PIZARRO),VOTOS EN BLANCO,40
17,CHOCO,010,BAJO BAUDO (PIZARRO),VOTOS NO MARCADOS,10
17,CHOCO,010,BAJO BAUDO (PIZARRO),VOTOS NULOS,39
17,CHOCO,011,BOJAYA (BELLAVISTA),ENRIQUE GÓMEZ MARTÍNEZ,8
17,CHOCO,011,BOJAYA (BELLAVISTA),FEDERICO GUTIÉRREZ,244
17,CHOCO,011,BOJAYA (BELLAVISTA),GUSTAVO PETRO,1979
17,CHOCO,011,BOJAYA (BELLAVISTA),INGRID BETANCOURT,3
17,CHOCO,011,BOJAYA (BELLAVISTA),JOHN MILTON RODRÍGUEZ,13
17,CHOCO,011,BOJAYA (BELLAVISTA),RODOLFO HERNÁNDEZ,79
17,CHOCO,011,BOJAYA (BELLAVISTA),SERGIO FAJARDO,40
17,CHOCO,011,BOJAYA (BELLAVISTA),VOTOS EN BLANCO,18
17,CHOCO,011,BOJAYA (BELLAVISTA),VOTOS NO MARCADOS,2
17,CHOCO,011,BOJAYA (BELLAVISTA),VOTOS NULOS,12
17,CHOCO,012,MEDIO ATRATO (BETE),ENRIQUE GÓMEZ MARTÍNEZ,10
17,CHOCO,012,MEDIO ATRATO (BETE),FEDERICO GUTIÉRREZ,263
17,CHOCO,012,MEDIO ATRATO (BETE),GUSTAVO PETRO,2052
17,CHOCO,012,MEDIO ATRATO (BETE),INGRID BETANCOURT,3
17,CHOCO,012,MEDIO ATRATO (BETE),JOHN MILTON RODRÍGUEZ,6
17,CHOCO,012,MEDIO ATRATO (BETE),RODOLFO HERNÁNDEZ,141
17,CHOCO,012,MEDIO ATRATO (BETE),SERGIO FAJARDO,56
17,CHOCO,012,MEDIO ATRATO (BETE),VOTOS EN BLANCO,23
17,CHOCO,012,MEDIO ATRATO (BETE),VOTOS NO MARCADOS,5
17,CHOCO,012,MEDIO ATRATO (BETE),VOTOS NULOS,53
17,CHOCO,013,CONDOTO,ENRIQUE GÓMEZ MARTÍNEZ,25
17,CHOCO,013,CONDOTO,FEDERICO GUTIÉRREZ,574
17,CHOCO,013,CONDOTO,GUSTAVO PETRO,3112
17,CHOCO,013,CONDOTO,INGRID BETANCOURT,7
17,CHOCO,013,CONDOTO,JOHN MILTON RODRÍGUEZ,24
17,CHOCO,013,CONDOTO,LUIS PÉREZ,2
17,CHOCO,013,CONDOTO,RODOLFO HERNÁNDEZ,208
17,CHOCO,013,CONDOTO,SERGIO FAJARDO,168
17,CHOCO,013,CONDOTO,VOTOS EN BLANCO,104
17,CHOCO,013,CONDOTO,VOTOS NO MARCADOS,19
17,CHOCO,013,CONDOTO,VOTOS NULOS,161
17,CHOCO,014,CERTEGUI,ENRIQUE GÓMEZ MARTÍNEZ,11
17,CHOCO,014,CERTEGUI,FEDERICO GUTIÉRREZ,463
17,CHOCO,014,CERTEGUI,GUSTAVO PETRO,1430
17,CHOCO,014,CERTEGUI,INGRID BETANCOURT,4
17,CHOCO,014,CERTEGUI,JOHN MILTON RODRÍGUEZ,3
17,CHOCO,014,CERTEGUI,LUIS PÉREZ,3
17,CHOCO,014,CERTEGUI,RODOLFO HERNÁNDEZ,91
17,CHOCO,014,CERTEGUI,SERGIO FAJARDO,65
17,CHOCO,014,CERTEGUI,VOTOS EN BLANCO,26
17,CHOCO,014,CERTEGUI,VOTOS NO MARCADOS,10
17,CHOCO,014,CERTEGUI,VOTOS NULOS,63
17,CHOCO,015,CARMEN DEL DARIEN,ENRIQUE GÓMEZ MARTÍNEZ,14
17,CHOCO,015,CARMEN DEL DARIEN,FEDERICO GUTIÉRREZ,173
17,CHOCO,015,CARMEN DEL DARIEN,GUSTAVO PETRO,2544
17,CHOCO,015,CARMEN DEL DARIEN,INGRID BETANCOURT,2
17,CHOCO,015,CARMEN DEL DARIEN,JOHN MILTON RODRÍGUEZ,50
17,CHOCO,015,CARMEN DEL DARIEN,LUIS PÉREZ,6
17,CHOCO,015,CARMEN DEL DARIEN,RODOLFO HERNÁNDEZ,185
17,CHOCO,015,CARMEN DEL DARIEN,SERGIO FAJARDO,44
17,CHOCO,015,CARMEN DEL DARIEN,VOTOS EN BLANCO,70
17,CHOCO,015,CARMEN DEL DARIEN,VOTOS NO MARCADOS,13
17,CHOCO,015,CARMEN DEL DARIEN,VOTOS NULOS,46
17,CHOCO,016,EL CARMEN,ENRIQUE GÓMEZ MARTÍNEZ,7
17,CHOCO,016,EL CARMEN,FEDERICO GUTIÉRREZ,1054
17,CHOCO,016,EL CARMEN,GUSTAVO PETRO,908
17,CHOCO,016,EL CARMEN,INGRID BETANCOURT,7
17,CHOCO,016,EL CARMEN,JOHN MILTON RODRÍGUEZ,21
17,CHOCO,016,EL CARMEN,RODOLFO HERNÁNDEZ,1251
17,CHOCO,016,EL CARMEN,SERGIO FAJARDO,93
17,CHOCO,016,EL CARMEN,VOTOS EN BLANCO,48
17,CHOCO,016,EL CARMEN,VOTOS NO MARCADOS,10
17,CHOCO,016,EL CARMEN,VOTOS NULOS,41
17,CHOCO,017,EL CANTON DEL SAN PABLO (MAN.,ENRIQUE GÓMEZ MARTÍNEZ,17
17,CHOCO,017,EL CANTON DEL SAN PABLO (MAN.,FEDERICO GUTIÉRREZ,299
17,CHOCO,017,EL CANTON DEL SAN PABLO (MAN.,GUSTAVO PETRO,1512
17,CHOCO,017,EL CANTON DEL SAN PABLO (MAN.,JOHN MILTON RODRÍGUEZ,20
17,CHOCO,017,EL CANTON DEL SAN PABLO (MAN.,RODOLFO HERNÁNDEZ,236
17,CHOCO,017,EL CANTON DEL SAN PABLO (MAN.,SERGIO FAJARDO,66
17,CHOCO,017,EL CANTON DEL SAN PABLO (MAN.,VOTOS EN BLANCO,32
17,CHOCO,017,EL CANTON DEL SAN PABLO (MAN.,VOTOS NO MARCADOS,18
17,CHOCO,017,EL CANTON DEL SAN PABLO (MAN.,VOTOS NULOS,42
17,CHOCO,019,ISTMINA,ENRIQUE GÓMEZ MARTÍNEZ,40
17,CHOCO,019,ISTMINA,FEDERICO GUTIÉRREZ,1007
17,CHOCO,019,ISTMINA,GUSTAVO PETRO,6188
17,CHOCO,019,ISTMINA,INGRID BETANCOURT,9
17,CHOCO,019,ISTMINA,JOHN MILTON RODRÍGUEZ,101
17,CHOCO,019,ISTMINA,LUIS PÉREZ,4
17,CHOCO,019,ISTMINA,RODOLFO HERNÁNDEZ,622
17,CHOCO,019,ISTMINA,SERGIO FAJARDO,245
17,CHOCO,019,ISTMINA,VOTOS EN BLANCO,227
17,CHOCO,019,ISTMINA,VOTOS NO MARCADOS,45
17,CHOCO,019,ISTMINA,VOTOS NULOS,251
17,CHOCO,022,JURADO,ENRIQUE GÓMEZ MARTÍNEZ,6
17,CHOCO,022,JURADO,FEDERICO GUTIÉRREZ,104
17,CHOCO,022,JURADO,GUSTAVO PETRO,881
17,CHOCO,022,JURADO,INGRID BETANCOURT,3
17,CHOCO,022,JURADO,JOHN MILTON RODRÍGUEZ,5
17,CHOCO,022,JURADO,RODOLFO HERNÁNDEZ,65
17,CHOCO,022,JURADO,SERGIO FAJARDO,17
17,CHOCO,022,JURADO,VOTOS EN BLANCO,23
17,CHOCO,022,JURADO,VOTOS NO MARCADOS,8
17,CHOCO,022,JURADO,VOTOS NULOS,12
17,CHOCO,025,LLORO,ENRIQUE GÓMEZ MARTÍNEZ,18
17,CHOCO,025,LLORO,FEDERICO GUTIÉRREZ,725
17,CHOCO,025,LLORO,GUSTAVO PETRO,2107
17,CHOCO,025,LLORO,INGRID BETANCOURT,8
17,CHOCO,025,LLORO,JOHN MILTON RODRÍGUEZ,24
17,CHOCO,025,LLORO,LUIS PÉREZ,3
17,CHOCO,025,LLORO,RODOLFO HERNÁNDEZ,248
17,CHOCO,025,LLORO,SERGIO FAJARDO,104
17,CHOCO,025,LLORO,VOTOS EN BLANCO,45
17,CHOCO,025,LLORO,VOTOS NO MARCADOS,37
17,CHOCO,025,LLORO,VOTOS NULOS,123
17,CHOCO,026,MEDIO BAUDO (PUERTO MELUK),ENRIQUE GÓMEZ MARTÍNEZ,13
17,CHOCO,026,MEDIO BAUDO (PUERTO MELUK),FEDERICO GUTIÉRREZ,378
17,CHOCO,026,MEDIO BAUDO (PUERTO MELUK),GUSTAVO PETRO,2485
17,CHOCO,026,MEDIO BAUDO (PUERTO MELUK),INGRID BETANCOURT,6
17,CHOCO,026,MEDIO BAUDO (PUERTO MELUK),JOHN MILTON RODRÍGUEZ,9
17,CHOCO,026,MEDIO BAUDO (PUERTO MELUK),LUIS PÉREZ,1
17,CHOCO,026,MEDIO BAUDO (PUERTO MELUK),RODOLFO HERNÁNDEZ,99
17,CHOCO,026,MEDIO BAUDO (PUERTO MELUK),SERGIO FAJARDO,35
17,CHOCO,026,MEDIO BAUDO (PUERTO MELUK),VOTOS EN BLANCO,19
17,CHOCO,026,MEDIO BAUDO (PUERTO MELUK),VOTOS NO MARCADOS,7
17,CHOCO,026,MEDIO BAUDO (PUERTO MELUK),VOTOS NULOS,22
17,CHOCO,027,MEDIO SAN JUAN,ENRIQUE GÓMEZ MARTÍNEZ,12
17,CHOCO,027,MEDIO SAN JUAN,FEDERICO GUTIÉRREZ,255
17,CHOCO,027,MEDIO SAN JUAN,GUSTAVO PETRO,2749
17,CHOCO,027,MEDIO SAN JUAN,INGRID BETANCOURT,3
17,CHOCO,027,MEDIO SAN JUAN,JOHN MILTON RODRÍGUEZ,17
17,CHOCO,027,MEDIO SAN JUAN,LUIS PÉREZ,8
17,CHOCO,027,MEDIO SAN JUAN,RODOLFO HERNÁNDEZ,96
17,CHOCO,027,MEDIO SAN JUAN,SERGIO FAJARDO,163
17,CHOCO,027,MEDIO SAN JUAN,VOTOS EN BLANCO,57
17,CHOCO,027,MEDIO SAN JUAN,VOTOS NO MARCADOS,13
17,CHOCO,027,MEDIO SAN JUAN,VOTOS NULOS,75
17,CHOCO,028,NOVITA,ENRIQUE GÓMEZ MARTÍNEZ,17
17,CHOCO,028,NOVITA,FEDERICO GUTIÉRREZ,275
17,CHOCO,028,NOVITA,GUSTAVO PETRO,1209
17,CHOCO,028,NOVITA,INGRID BETANCOURT,2
17,CHOCO,028,NOVITA,JOHN MILTON RODRÍGUEZ,32
17,CHOCO,028,NOVITA,LUIS PÉREZ,7
17,CHOCO,028,NOVITA,RODOLFO HERNÁNDEZ,133
17,CHOCO,028,NOVITA,SERGIO FAJARDO,132
17,CHOCO,028,NOVITA,VOTOS EN BLANCO,54
17,CHOCO,028,NOVITA,VOTOS NO MARCADOS,25
17,CHOCO,028,NOVITA,VOTOS NULOS,69
17,CHOCO,031,NUQUI,ENRIQUE GÓMEZ MARTÍNEZ,8
17,CHOCO,031,NUQUI,FEDERICO GUTIÉRREZ,148
17,CHOCO,031,NUQUI,GUSTAVO PETRO,2014
17,CHOCO,031,NUQUI,INGRID BETANCOURT,6
17,CHOCO,031,NUQUI,JOHN MILTON RODRÍGUEZ,4
17,CHOCO,031,NUQUI,RODOLFO HERNÁNDEZ,135
17,CHOCO,031,NUQUI,SERGIO FAJARDO,44
17,CHOCO,031,NUQUI,VOTOS EN BLANCO,29
17,CHOCO,031,NUQUI,VOTOS NO MARCADOS,12
17,CHOCO,031,NUQUI,VOTOS NULOS,10
17,CHOCO,032,RIO IRO,ENRIQUE GÓMEZ MARTÍNEZ,12
17,CHOCO,032,RIO IRO,FEDERICO GUTIÉRREZ,442
17,CHOCO,032,RIO IRO,GUSTAVO PETRO,1068
17,CHOCO,032,RIO IRO,INGRID BETANCOURT,4
17,CHOCO,032,RIO IRO,JOHN MILTON RODRÍGUEZ,11
17,CHOCO,032,RIO IRO,LUIS PÉREZ,7
17,CHOCO,032,RIO IRO,RODOLFO HERNÁNDEZ,65
17,CHOCO,032,RIO IRO,SERGIO FAJARDO,76
17,CHOCO,032,RIO IRO,VOTOS EN BLANCO,31
17,CHOCO,032,RIO IRO,VOTOS NO MARCADOS,13
17,CHOCO,032,RIO IRO,VOTOS NULOS,51
17,CHOCO,034,RIOSUCIO,ENRIQUE GÓMEZ MARTÍNEZ,25
17,CHOCO,034,RIOSUCIO,FEDERICO GUTIÉRREZ,713
17,CHOCO,034,RIOSUCIO,GUSTAVO PETRO,6037
17,CHOCO,034,RIOSUCIO,INGRID BETANCOURT,10
17,CHOCO,034,RIOSUCIO,JOHN MILTON RODRÍGUEZ,146
17,CHOCO,034,RIOSUCIO,LUIS PÉREZ,14
17,CHOCO,034,RIOSUCIO,RODOLFO HERNÁNDEZ,758
17,CHOCO,034,RIOSUCIO,SERGIO FAJARDO,179
17,CHOCO,034,RIOSUCIO,VOTOS EN BLANCO,93
17,CHOCO,034,RIOSUCIO,VOTOS NO MARCADOS,22
17,CHOCO,034,RIOSUCIO,VOTOS NULOS,139
17,CHOCO,035,RIO QUITO (PAIMADO),ENRIQUE GÓMEZ MARTÍNEZ,47
17,CHOCO,035,RIO QUITO (PAIMADO),FEDERICO GUTIÉRREZ,647
17,CHOCO,035,RIO QUITO (PAIMADO),GUSTAVO PETRO,2410
17,CHOCO,035,RIO QUITO (PAIMADO),INGRID BETANCOURT,11
17,CHOCO,035,RIO QUITO (PAIMADO),JOHN MILTON RODRÍGUEZ,26
17,CHOCO,035,RIO QUITO (PAIMADO),LUIS PÉREZ,1
17,CHOCO,035,RIO QUITO (PAIMADO),RODOLFO HERNÁNDEZ,173
17,CHOCO,035,RIO QUITO (PAIMADO),SERGIO FAJARDO,120
17,CHOCO,035,RIO QUITO (PAIMADO),VOTOS EN BLANCO,62
17,CHOCO,035,RIO QUITO (PAIMADO),VOTOS NO MARCADOS,21
17,CHOCO,035,RIO QUITO (PAIMADO),VOTOS NULOS,124
17,CHOCO,037,SAN JOSE DEL PALMAR,ENRIQUE GÓMEZ MARTÍNEZ,10
17,CHOCO,037,SAN JOSE DEL PALMAR,FEDERICO GUTIÉRREZ,129
17,CHOCO,037,SAN JOSE DEL PALMAR,GUSTAVO PETRO,658
17,CHOCO,037,SAN JOSE DEL PALMAR,INGRID BETANCOURT,1
17,CHOCO,037,SAN JOSE DEL PALMAR,JOHN MILTON RODRÍGUEZ,4
17,CHOCO,037,SAN JOSE DEL PALMAR,LUIS PÉREZ,1
17,CHOCO,037,SAN JOSE DEL PALMAR,RODOLFO HERNÁNDEZ,397
17,CHOCO,037,SAN JOSE DEL PALMAR,SERGIO FAJARDO,25
17,CHOCO,037,SAN JOSE DEL PALMAR,VOTOS EN BLANCO,28
17,CHOCO,037,SAN JOSE DEL PALMAR,VOTOS NO MARCADOS,14
17,CHOCO,037,SAN JOSE DEL PALMAR,VOTOS NULOS,43
17,CHOCO,038,EL LITORAL DEL SAN JUAN,ENRIQUE GÓMEZ MARTÍNEZ,15
17,CHOCO,038,EL LITORAL DEL SAN JUAN,FEDERICO GUTIÉRREZ,76
17,CHOCO,038,EL LITORAL DEL SAN JUAN,GUSTAVO PETRO,3362
17,CHOCO,038,EL LITORAL DEL SAN JUAN,INGRID BETANCOURT,5
17,CHOCO,038,EL LITORAL DEL SAN JUAN,JOHN MILTON RODRÍGUEZ,21
17,CHOCO,038,EL LITORAL DEL SAN JUAN,LUIS PÉREZ,2
17,CHOCO,038,EL LITORAL DEL SAN JUAN,RODOLFO HERNÁNDEZ,73
17,CHOCO,038,EL LITORAL DEL SAN JUAN,SERGIO FAJARDO,32
17,CHOCO,038,EL LITORAL DEL SAN JUAN,VOTOS EN BLANCO,10
17,CHOCO,038,EL LITORAL DEL SAN JUAN,VOTOS NO MARCADOS,2
17,CHOCO,038,EL LITORAL DEL SAN JUAN,VOTOS NULOS,29
17,CHOCO,040,SIPI,ENRIQUE GÓMEZ MARTÍNEZ,6
17,CHOCO,040,SIPI,FEDERICO GUTIÉRREZ,66
17,CHOCO,040,SIPI,GUSTAVO PETRO,775
17,CHOCO,040,SIPI,INGRID BETANCOURT,1
17,CHOCO,040,SIPI,JOHN MILTON RODRÍGUEZ,11
17,CHOCO,040,SIPI,LUIS PÉREZ,1
17,CHOCO,040,SIPI,RODOLFO HERNÁNDEZ,51
17,CHOCO,040,SIPI,SERGIO FAJARDO,23
17,CHOCO,040,SIPI,VOTOS EN BLANCO,7
17,CHOCO,040,SIPI,VOTOS NO MARCADOS,1
17,CHOCO,040,SIPI,VOTOS NULOS,19
17,CHOCO,043,TADO,ENRIQUE GÓMEZ MARTÍNEZ,48
17,CHOCO,043,TADO,FEDERICO GUTIÉRREZ,1245
17,CHOCO,043,TADO,GUSTAVO PETRO,3330
17,CHOCO,043,TADO,INGRID BETANCOURT,9
17,CHOCO,043,TADO,JOHN MILTON RODRÍGUEZ,76
17,CHOCO,043,TADO,LUIS PÉREZ,8
17,CHOCO,043,TADO,RODOLFO HERNÁNDEZ,345
17,CHOCO,043,TADO,SERGIO FAJARDO,174
17,CHOCO,043,TADO,VOTOS EN BLANCO,106
17,CHOCO,043,TADO,VOTOS NO MARCADOS,55
17,CHOCO,043,TADO,VOTOS NULOS,305
17,CHOCO,048,UNGUIA,ENRIQUE GÓMEZ MARTÍNEZ,14
17,CHOCO,048,UNGUIA,FEDERICO GUTIÉRREZ,439
17,CHOCO,048,UNGUIA,GUSTAVO PETRO,2090
17,CHOCO,048,UNGUIA,INGRID BETANCOURT,5
17,CHOCO,048,UNGUIA,JOHN MILTON RODRÍGUEZ,63
17,CHOCO,048,UNGUIA,LUIS PÉREZ,3
17,CHOCO,048,UNGUIA,RODOLFO HERNÁNDEZ,560
17,CHOCO,048,UNGUIA,SERGIO FAJARDO,100
17,CHOCO,048,UNGUIA,VOTOS EN BLANCO,60
17,CHOCO,048,UNGUIA,VOTOS NO MARCADOS,8
17,CHOCO,048,UNGUIA,VOTOS NULOS,27
17,CHOCO,060,UNION PANAMERICANA (LAS ANIMAS,ENRIQUE GÓMEZ MARTÍNEZ,14
17,CHOCO,060,UNION PANAMERICANA (LAS ANIMAS,FEDERICO GUTIÉRREZ,425
17,CHOCO,060,UNION PANAMERICANA (LAS ANIMAS,GUSTAVO PETRO,1358
17,CHOCO,060,UNION PANAMERICANA (LAS ANIMAS,INGRID BETANCOURT,5
17,CHOCO,060,UNION PANAMERICANA (LAS ANIMAS,JOHN MILTON RODRÍGUEZ,25
17,CHOCO,060,UNION PANAMERICANA (LAS ANIMAS,LUIS PÉREZ,6
17,CHOCO,060,UNION PANAMERICANA (LAS ANIMAS,RODOLFO HERNÁNDEZ,259
17,CHOCO,060,UNION PANAMERICANA (LAS ANIMAS,SERGIO FAJARDO,82
17,CHOCO,060,UNION PANAMERICANA (LAS ANIMAS,VOTOS EN BLANCO,52
17,CHOCO,060,UNION PANAMERICANA (LAS ANIMAS,VOTOS NO MARCADOS,10
17,CHOCO,060,UNION PANAMERICANA (LAS ANIMAS,VOTOS NULOS,77
19,HUILA,001,NEIVA,ENRIQUE GÓMEZ MARTÍNEZ,308
19,HUILA,001,NEIVA,FEDERICO GUTIÉRREZ,36642
19,HUILA,001,NEIVA,GUSTAVO PETRO,68729
19,HUILA,001,NEIVA,INGRID BETANCOURT,71
19,HUILA,001,NEIVA,JOHN MILTON RODRÍGUEZ,2586
19,HUILA,001,NEIVA,LUIS PÉREZ,59
19,HUILA,001,NEIVA,RODOLFO HERNÁNDEZ,56352
19,HUILA,001,NEIVA,SERGIO FAJARDO,4560
19,HUILA,001,NEIVA,VOTOS EN BLANCO,2686
19,HUILA,001,NEIVA,VOTOS NO MARCADOS,109
19,HUILA,001,NEIVA,VOTOS NULOS,1812
19,HUILA,004,ACEVEDO,ENRIQUE GÓMEZ MARTÍNEZ,20
19,HUILA,004,ACEVEDO,FEDERICO GUTIÉRREZ,1551
19,HUILA,004,ACEVEDO,GUSTAVO PETRO,1686
19,HUILA,004,ACEVEDO,INGRID BETANCOURT,8
19,HUILA,004,ACEVEDO,JOHN MILTON RODRÍGUEZ,153
19,HUILA,004,ACEVEDO,LUIS PÉREZ,2
19,HUILA,004,ACEVEDO,RODOLFO HERNÁNDEZ,7908
19,HUILA,004,ACEVEDO,SERGIO FAJARDO,106
19,HUILA,004,ACEVEDO,VOTOS EN BLANCO,107
19,HUILA,004,ACEVEDO,VOTOS NO MARCADOS,12
19,HUILA,004,ACEVEDO,VOTOS NULOS,82
19,HUILA,007,AGRADO,ENRIQUE GÓMEZ MARTÍNEZ,6
19,HUILA,007,AGRADO,FEDERICO GUTIÉRREZ,1139
19,HUILA,007,AGRADO,GUSTAVO PETRO,998
19,HUILA,007,AGRADO,INGRID BETANCOURT,1
19,HUILA,007,AGRADO,JOHN MILTON RODRÍGUEZ,88
19,HUILA,007,AGRADO,LUIS PÉREZ,1
19,HUILA,007,AGRADO,RODOLFO HERNÁNDEZ,2229
19,HUILA,007,AGRADO,SERGIO FAJARDO,52
19,HUILA,007,AGRADO,VOTOS EN BLANCO,56
19,HUILA,007,AGRADO,VOTOS NO MARCADOS,4
19,HUILA,007,AGRADO,VOTOS NULOS,34
19,HUILA,010,AIPE,ENRIQUE GÓMEZ MARTÍNEZ,8
19,HUILA,010,AIPE,FEDERICO GUTIÉRREZ,1595
19,HUILA,010,AIPE,GUSTAVO PETRO,2326
19,HUILA,010,AIPE,INGRID BETANCOURT,6
19,HUILA,010,AIPE,JOHN MILTON RODRÍGUEZ,64
19,HUILA,010,AIPE,LUIS PÉREZ,2
19,HUILA,010,AIPE,RODOLFO HERNÁNDEZ,4603
19,HUILA,010,AIPE,SERGIO FAJARDO,141
19,HUILA,010,AIPE,VOTOS EN BLANCO,85
19,HUILA,010,AIPE,VOTOS NO MARCADOS,10
19,HUILA,010,AIPE,VOTOS NULOS,74
19,HUILA,013,ALGECIRAS,ENRIQUE GÓMEZ MARTÍNEZ,13
19,HUILA,013,ALGECIRAS,FEDERICO GUTIÉRREZ,1062
19,HUILA,013,ALGECIRAS,GUSTAVO PETRO,2738
19,HUILA,013,ALGECIRAS,INGRID BETANCOURT,9
19,HUILA,013,ALGECIRAS,JOHN MILTON RODRÍGUEZ,411
19,HUILA,013,ALGECIRAS,LUIS PÉREZ,2
19,HUILA,013,ALGECIRAS,RODOLFO HERNÁNDEZ,3725
19,HUILA,013,ALGECIRAS,SERGIO FAJARDO,114
19,HUILA,013,ALGECIRAS,VOTOS EN BLANCO,117
19,HUILA,013,ALGECIRAS,VOTOS NO MARCADOS,23
19,HUILA,013,ALGECIRAS,VOTOS NULOS,112
19,HUILA,016,ALTAMIRA,ENRIQUE GÓMEZ MARTÍNEZ,3
19,HUILA,016,ALTAMIRA,FEDERICO GUTIÉRREZ,305
19,HUILA,016,ALTAMIRA,GUSTAVO PETRO,767
19,HUILA,016,ALTAMIRA,INGRID BETANCOURT,1
19,HUILA,016,ALTAMIRA,JOHN MILTON RODRÍGUEZ,17
19,HUILA,016,ALTAMIRA,RODOLFO HERNÁNDEZ,737
19,HUILA,016,ALTAMIRA,SERGIO FAJARDO,30
19,HUILA,016,ALTAMIRA,VOTOS EN BLANCO,32
19,HUILA,016,ALTAMIRA,VOTOS NO MARCADOS,6
19,HUILA,016,ALTAMIRA,VOTOS NULOS,11
19,HUILA,019,BARAYA,ENRIQUE GÓMEZ MARTÍNEZ,6
19,HUILA,019,BARAYA,FEDERICO GUTIÉRREZ,859
19,HUILA,019,BARAYA,GUSTAVO PETRO,922
19,HUILA,019,BARAYA,JOHN MILTON RODRÍGUEZ,28
19,HUILA,019,BARAYA,RODOLFO HERNÁNDEZ,1178
19,HUILA,019,BARAYA,SERGIO FAJARDO,55
19,HUILA,019,BARAYA,VOTOS EN BLANCO,35
19,HUILA,019,BARAYA,VOTOS NO MARCADOS,6
19,HUILA,019,BARAYA,VOTOS NULOS,34
19,HUILA,022,CAMPOALEGRE,ENRIQUE GÓMEZ MARTÍNEZ,26
19,HUILA,022,CAMPOALEGRE,FEDERICO GUTIÉRREZ,2108
19,HUILA,022,CAMPOALEGRE,GUSTAVO PETRO,4741
19,HUILA,022,CAMPOALEGRE,INGRID BETANCOURT,6
19,HUILA,022,CAMPOALEGRE,JOHN MILTON RODRÍGUEZ,216
19,HUILA,022,CAMPOALEGRE,LUIS PÉREZ,4
19,HUILA,022,CAMPOALEGRE,RODOLFO HERNÁNDEZ,6724
19,HUILA,022,CAMPOALEGRE,SERGIO FAJARDO,180
19,HUILA,022,CAMPOALEGRE,VOTOS EN BLANCO,228
19,HUILA,022,CAMPOALEGRE,VOTOS NO MARCADOS,19
19,HUILA,022,CAMPOALEGRE,VOTOS NULOS,288
19,HUILA,025,TESALIA (CARNICERIAS),ENRIQUE GÓMEZ MARTÍNEZ,1
19,HUILA,025,TESALIA (CARNICERIAS),FEDERICO GUTIÉRREZ,989
19,HUILA,025,TESALIA (CARNICERIAS),GUSTAVO PETRO,1070
19,HUILA,025,TESALIA (CARNICERIAS),INGRID BETANCOURT,3
19,HUILA,025,TESALIA (CARNICERIAS),JOHN MILTON RODRÍGUEZ,12
19,HUILA,025,TESALIA (CARNICERIAS),LUIS PÉREZ,2
19,HUILA,025,TESALIA (CARNICERIAS),RODOLFO HERNÁNDEZ,2775
19,HUILA,025,TESALIA (CARNICERIAS),SERGIO FAJARDO,53
19,HUILA,025,TESALIA (CARNICERIAS),VOTOS EN BLANCO,64
19,HUILA,025,TESALIA (CARNICERIAS),VOTOS NO MARCADOS,5
19,HUILA,025,TESALIA (CARNICERIAS),VOTOS NULOS,64
19,HUILA,028,COLOMBIA,ENRIQUE GÓMEZ MARTÍNEZ,8
19,HUILA,028,COLOMBIA,FEDERICO GUTIÉRREZ,733
19,HUILA,028,COLOMBIA,GUSTAVO PETRO,549
19,HUILA,028,COLOMBIA,INGRID BETANCOURT,1
19,HUILA,028,COLOMBIA,JOHN MILTON RODRÍGUEZ,14
19,HUILA,028,COLOMBIA,LUIS PÉREZ,2
19,HUILA,028,COLOMBIA,RODOLFO HERNÁNDEZ,2048
19,HUILA,028,COLOMBIA,SERGIO FAJARDO,44
19,HUILA,028,COLOMBIA,VOTOS EN BLANCO,24
19,HUILA,028,COLOMBIA,VOTOS NO MARCADOS,2
19,HUILA,028,COLOMBIA,VOTOS NULOS,31
19,HUILA,031,ELIAS,ENRIQUE GÓMEZ MARTÍNEZ,4
19,HUILA,031,ELIAS,FEDERICO GUTIÉRREZ,281
19,HUILA,031,ELIAS,GUSTAVO PETRO,459
19,HUILA,031,ELIAS,INGRID BETANCOURT,1
19,HUILA,031,ELIAS,JOHN MILTON RODRÍGUEZ,14
19,HUILA,031,ELIAS,RODOLFO HERNÁNDEZ,1273
19,HUILA,031,ELIAS,SERGIO FAJARDO,29
19,HUILA,031,ELIAS,VOTOS EN BLANCO,23
19,HUILA,031,ELIAS,VOTOS NO MARCADOS,2
19,HUILA,031,ELIAS,VOTOS NULOS,17
19,HUILA,034,GARZON,ENRIQUE GÓMEZ MARTÍNEZ,66
19,HUILA,034,GARZON,FEDERICO GUTIÉRREZ,5301
19,HUILA,034,GARZON,GUSTAVO PETRO,8534
19,HUILA,034,GARZON,INGRID BETANCOURT,21
19,HUILA,034,GARZON,JOHN MILTON RODRÍGUEZ,511
19,HUILA,034,GARZON,LUIS PÉREZ,12
19,HUILA,034,GARZON,RODOLFO HERNÁNDEZ,15861
19,HUILA,034,GARZON,SERGIO FAJARDO,691
19,HUILA,034,GARZON,VOTOS EN BLANCO,472
19,HUILA,034,GARZON,VOTOS NO MARCADOS,46
19,HUILA,034,GARZON,VOTOS NULOS,348
19,HUILA,037,GIGANTE,ENRIQUE GÓMEZ MARTÍNEZ,16
19,HUILA,037,GIGANTE,FEDERICO GUTIÉRREZ,1876
19,HUILA,037,GIGANTE,GUSTAVO PETRO,2787
19,HUILA,037,GIGANTE,INGRID BETANCOURT,4
19,HUILA,037,GIGANTE,JOHN MILTON RODRÍGUEZ,456
19,HUILA,037,GIGANTE,LUIS PÉREZ,4
19,HUILA,037,GIGANTE,RODOLFO HERNÁNDEZ,5056
19,HUILA,037,GIGANTE,SERGIO FAJARDO,157
19,HUILA,037,GIGANTE,VOTOS EN BLANCO,170
19,HUILA,037,GIGANTE,VOTOS NO MARCADOS,14
19,HUILA,037,GIGANTE,VOTOS NULOS,136
19,HUILA,040,GUADALUPE,ENRIQUE GÓMEZ MARTÍNEZ,8
19,HUILA,040,GUADALUPE,FEDERICO GUTIÉRREZ,826
19,HUILA,040,GUADALUPE,GUSTAVO PETRO,1988
19,HUILA,040,GUADALUPE,INGRID BETANCOURT,5
19,HUILA,040,GUADALUPE,JOHN MILTON RODRÍGUEZ,50
19,HUILA,040,GUADALUPE,LUIS PÉREZ,3
19,HUILA,040,GUADALUPE,RODOLFO HERNÁNDEZ,4327
19,HUILA,040,GUADALUPE,SERGIO FAJARDO,104
19,HUILA,040,GUADALUPE,VOTOS EN BLANCO,100
19,HUILA,040,GUADALUPE,VOTOS NO MARCADOS,12
19,HUILA,040,GUADALUPE,VOTOS NULOS,96
19,HUILA,043,HOBO,ENRIQUE GÓMEZ MARTÍNEZ,1
19,HUILA,043,HOBO,FEDERICO GUTIÉRREZ,385
19,HUILA,043,HOBO,GUSTAVO PETRO,983
19,HUILA,043,HOBO,JOHN MILTON RODRÍGUEZ,90
19,HUILA,043,HOBO,RODOLFO HERNÁNDEZ,1826
19,HUILA,043,HOBO,SERGIO FAJARDO,24
19,HUILA,043,HOBO,VOTOS EN BLANCO,36
19,HUILA,043,HOBO,VOTOS NO MARCADOS,4
19,HUILA,043,HOBO,VOTOS NULOS,36
19,HUILA,044,ISNOS,ENRIQUE GÓMEZ MARTÍNEZ,17
19,HUILA,044,ISNOS,FEDERICO GUTIÉRREZ,720
19,HUILA,044,ISNOS,GUSTAVO PETRO,4478
19,HUILA,044,ISNOS,INGRID BETANCOURT,9
19,HUILA,044,ISNOS,JOHN MILTON RODRÍGUEZ,77
19,HUILA,044,ISNOS,LUIS PÉREZ,2
19,HUILA,044,ISNOS,RODOLFO HERNÁNDEZ,6795
19,HUILA,044,ISNOS,SERGIO FAJARDO,131
19,HUILA,044,ISNOS,VOTOS EN BLANCO,195
19,HUILA,044,ISNOS,VOTOS NO MARCADOS,24
19,HUILA,044,ISNOS,VOTOS NULOS,149
19,HUILA,046,IQUIRA,ENRIQUE GÓMEZ MARTÍNEZ,12
19,HUILA,046,IQUIRA,FEDERICO GUTIÉRREZ,857
19,HUILA,046,IQUIRA,GUSTAVO PETRO,1584
19,HUILA,046,IQUIRA,INGRID BETANCOURT,3
19,HUILA,046,IQUIRA,JOHN MILTON RODRÍGUEZ,47
19,HUILA,046,IQUIRA,LUIS PÉREZ,1
19,HUILA,046,IQUIRA,RODOLFO HERNÁNDEZ,1518
19,HUILA,046,IQUIRA,SERGIO FAJARDO,91
19,HUILA,046,IQUIRA,VOTOS EN BLANCO,52
19,HUILA,046,IQUIRA,VOTOS NO MARCADOS,10
19,HUILA,046,IQUIRA,VOTOS NULOS,54
19,HUILA,047,LA ARGENTINA (PLATA VIEJA),ENRIQUE GÓMEZ MARTÍNEZ,3
19,HUILA,047,LA ARGENTINA (PLATA VIEJA),FEDERICO GUTIÉRREZ,989
19,HUILA,047,LA ARGENTINA (PLATA VIEJA),GUSTAVO PETRO,2268
19,HUILA,047,LA ARGENTINA (PLATA VIEJA),INGRID BETANCOURT,1
19,HUILA,047,LA ARGENTINA (PLATA VIEJA),JOHN MILTON RODRÍGUEZ,21
19,HUILA,047,LA ARGENTINA (PLATA VIEJA),RODOLFO HERNÁNDEZ,2580
19,HUILA,047,LA ARGENTINA (PLATA VIEJA),SERGIO FAJARDO,56
19,HUILA,047,LA ARGENTINA (PLATA VIEJA),VOTOS EN BLANCO,177
19,HUILA,047,LA ARGENTINA (PLATA VIEJA),VOTOS NO MARCADOS,21
19,HUILA,047,LA ARGENTINA (PLATA VIEJA),VOTOS NULOS,77
19,HUILA,049,LA PLATA,ENRIQUE GÓMEZ MARTÍNEZ,33
19,HUILA,049,LA PLATA,FEDERICO GUTIÉRREZ,4182
19,HUILA,049,LA PLATA,GUSTAVO PETRO,7025
19,HUILA,049,LA PLATA,INGRID BETANCOURT,9
19,HUILA,049,LA PLATA,JOHN MILTON RODRÍGUEZ,183
19,HUILA,049,LA PLATA,LUIS PÉREZ,7
19,HUILA,049,LA PLATA,RODOLFO HERNÁNDEZ,10615
19,HUILA,049,LA PLATA,SERGIO FAJARDO,402
19,HUILA,049,LA PLATA,VOTOS EN BLANCO,384
19,HUILA,049,LA PLATA,VOTOS NO MARCADOS,46
19,HUILA,049,LA PLATA,VOTOS NULOS,285
19,HUILA,050,NATAGA,FEDERICO GUTIÉRREZ,633
19,HUILA,050,NATAGA,GUSTAVO PETRO,765
19,HUILA,050,NATAGA,INGRID BETANCOURT,3
19,HUILA,050,NATAGA,JOHN MILTON RODRÍGUEZ,9
19,HUILA,050,NATAGA,RODOLFO HERNÁNDEZ,1101
19,HUILA,050,NATAGA,SERGIO FAJARDO,40
19,HUILA,050,NATAGA,VOTOS EN BLANCO,50
19,HUILA,050,NATAGA,VOTOS NO MARCADOS,6
19,HUILA,050,NATAGA,VOTOS NULOS,39
19,HUILA,051,OPORAPA,ENRIQUE GÓMEZ MARTÍNEZ,12
19,HUILA,051,OPORAPA,FEDERICO GUTIÉRREZ,806
19,HUILA,051,OPORAPA,GUSTAVO PETRO,667
19,HUILA,051,OPORAPA,INGRID BETANCOURT,5
19,HUILA,051,OPORAPA,JOHN MILTON RODRÍGUEZ,12
19,HUILA,051,OPORAPA,LUIS PÉREZ,2
19,HUILA,051,OPORAPA,RODOLFO HERNÁNDEZ,3378
19,HUILA,051,OPORAPA,SERGIO FAJARDO,72
19,HUILA,051,OPORAPA,VOTOS EN BLANCO,50
19,HUILA,051,OPORAPA,VOTOS NO MARCADOS,4
19,HUILA,051,OPORAPA,VOTOS NULOS,41
19,HUILA,052,PAICOL,ENRIQUE GÓMEZ MARTÍNEZ,2
19,HUILA,052,PAICOL,FEDERICO GUTIÉRREZ,693
19,HUILA,052,PAICOL,GUSTAVO PETRO,559
19,HUILA,052,PAICOL,JOHN MILTON RODRÍGUEZ,11
19,HUILA,052,PAICOL,RODOLFO HERNÁNDEZ,1887
19,HUILA,052,PAICOL,SERGIO FAJARDO,58
19,HUILA,052,PAICOL,VOTOS EN BLANCO,36
19,HUILA,052,PAICOL,VOTOS NO MARCADOS,1
19,HUILA,052,PAICOL,VOTOS NULOS,15
19,HUILA,055,PALERMO,ENRIQUE GÓMEZ MARTÍNEZ,19
19,HUILA,055,PALERMO,FEDERICO GUTIÉRREZ,2168
19,HUILA,055,PALERMO,GUSTAVO PETRO,3401
19,HUILA,055,PALERMO,INGRID BETANCOURT,3
19,HUILA,055,PALERMO,JOHN MILTON RODRÍGUEZ,92
19,HUILA,055,PALERMO,LUIS PÉREZ,1
19,HUILA,055,PALERMO,RODOLFO HERNÁNDEZ,6009
19,HUILA,055,PALERMO,SERGIO FAJARDO,171
19,HUILA,055,PALERMO,VOTOS EN BLANCO,137
19,HUILA,055,PALERMO,VOTOS NO MARCADOS,8
19,HUILA,055,PALERMO,VOTOS NULOS,89
19,HUILA,056,PALESTINA,ENRIQUE GÓMEZ MARTÍNEZ,9
19,HUILA,056,PALESTINA,FEDERICO GUTIÉRREZ,690
19,HUILA,056,PALESTINA,GUSTAVO PETRO,1364
19,HUILA,056,PALESTINA,INGRID BETANCOURT,6
19,HUILA,056,PALESTINA,JOHN MILTON RODRÍGUEZ,25
19,HUILA,056,PALESTINA,LUIS PÉREZ,3
19,HUILA,056,PALESTINA,RODOLFO HERNÁNDEZ,3137
19,HUILA,056,PALESTINA,SERGIO FAJARDO,55
19,HUILA,056,PALESTINA,VOTOS EN BLANCO,69
19,HUILA,056,PALESTINA,VOTOS NO MARCADOS,13
19,HUILA,056,PALESTINA,VOTOS NULOS,59
19,HUILA,058,PITAL,ENRIQUE GÓMEZ MARTÍNEZ,6
19,HUILA,058,PITAL,FEDERICO GUTIÉRREZ,944
19,HUILA,058,PITAL,GUSTAVO PETRO,1294
19,HUILA,058,PITAL,INGRID BETANCOURT,3
19,HUILA,058,PITAL,JOHN MILTON RODRÍGUEZ,21
19,HUILA,058,PITAL,LUIS PÉREZ,2
19,HUILA,058,PITAL,RODOLFO HERNÁNDEZ,3517
19,HUILA,058,PITAL,SERGIO FAJARDO,68
19,HUILA,058,PITAL,VOTOS EN BLANCO,57
19,HUILA,058,PITAL,VOTOS NO MARCADOS,8
19,HUILA,058,PITAL,VOTOS NULOS,22
19,HUILA,061,PITALITO,ENRIQUE GÓMEZ MARTÍNEZ,104
19,HUILA,061,PITALITO,FEDERICO GUTIÉRREZ,7493
19,HUILA,061,PITALITO,GUSTAVO PETRO,19211
19,HUILA,061,PITALITO,INGRID BETANCOURT,35
19,HUILA,061,PITALITO,JOHN MILTON RODRÍGUEZ,928
19,HUILA,061,PITALITO,LUIS PÉREZ,23
19,HUILA,061,PITALITO,RODOLFO HERNÁNDEZ,27133
19,HUILA,061,PITALITO,SERGIO FAJARDO,1009
19,HUILA,061,PITALITO,VOTOS EN BLANCO,882
19,HUILA,061,PITALITO,VOTOS NO MARCADOS,63
19,HUILA,061,PITALITO,VOTOS NULOS,580
19,HUILA,064,RIVERA,ENRIQUE GÓMEZ MARTÍNEZ,15
19,HUILA,064,RIVERA,FEDERICO GUTIÉRREZ,1935
19,HUILA,064,RIVERA,GUSTAVO PETRO,3879
19,HUILA,064,RIVERA,INGRID BETANCOURT,4
19,HUILA,064,RIVERA,JOHN MILTON RODRÍGUEZ,241
19,HUILA,064,RIVERA,LUIS PÉREZ,1
19,HUILA,064,RIVERA,RODOLFO HERNÁNDEZ,4213
19,HUILA,064,RIVERA,SERGIO FAJARDO,213
19,HUILA,064,RIVERA,VOTOS EN BLANCO,155
19,HUILA,064,RIVERA,VOTOS NO MARCADOS,13
19,HUILA,064,RIVERA,VOTOS NULOS,150
19,HUILA,067,SALADOBLANCO,ENRIQUE GÓMEZ MARTÍNEZ,10
19,HUILA,067,SALADOBLANCO,FEDERICO GUTIÉRREZ,956
19,HUILA,067,SALADOBLANCO,GUSTAVO PETRO,823
19,HUILA,067,SALADOBLANCO,INGRID BETANCOURT,2
19,HUILA,067,SALADOBLANCO,JOHN MILTON RODRÍGUEZ,27
19,HUILA,067,SALADOBLANCO,LUIS PÉREZ,1
19,HUILA,067,SALADOBLANCO,RODOLFO HERNÁNDEZ,3726
19,HUILA,067,SALADOBLANCO,SERGIO FAJARDO,64
19,HUILA,067,SALADOBLANCO,VOTOS EN BLANCO,50
19,HUILA,067,SALADOBLANCO,VOTOS NO MARCADOS,9
19,HUILA,067,SALADOBLANCO,VOTOS NULOS,28
19,HUILA,070,SAN AGUSTIN,ENRIQUE GÓMEZ MARTÍNEZ,25
19,HUILA,070,SAN AGUSTIN,FEDERICO GUTIÉRREZ,1473
19,HUILA,070,SAN AGUSTIN,GUSTAVO PETRO,4597
19,HUILA,070,SAN AGUSTIN,INGRID BETANCOURT,11
19,HUILA,070,SAN AGUSTIN,JOHN MILTON RODRÍGUEZ,186
19,HUILA,070,SAN AGUSTIN,LUIS PÉREZ,8
19,HUILA,070,SAN AGUSTIN,RODOLFO HERNÁNDEZ,7172
19,HUILA,070,SAN AGUSTIN,SERGIO FAJARDO,207
19,HUILA,070,SAN AGUSTIN,VOTOS EN BLANCO,289
19,HUILA,070,SAN AGUSTIN,VOTOS NO MARCADOS,25
19,HUILA,070,SAN AGUSTIN,VOTOS NULOS,142
19,HUILA,074,SANTA MARIA,ENRIQUE GÓMEZ MARTÍNEZ,9
19,HUILA,074,SANTA MARIA,FEDERICO GUTIÉRREZ,862
19,HUILA,074,SANTA MARIA,GUSTAVO PETRO,856
19,HUILA,074,SANTA MARIA,INGRID BETANCOURT,2
19,HUILA,074,SANTA MARIA,JOHN MILTON RODRÍGUEZ,23
19,HUILA,074,SANTA MARIA,LUIS PÉREZ,1
19,HUILA,074,SANTA MARIA,RODOLFO HERNÁNDEZ,3151
19,HUILA,074,SANTA MARIA,SERGIO FAJARDO,93
19,HUILA,074,SANTA MARIA,VOTOS EN BLANCO,49
19,HUILA,074,SANTA MARIA,VOTOS NO MARCADOS,5
19,HUILA,074,SANTA MARIA,VOTOS NULOS,35
19,HUILA,076,SUAZA,ENRIQUE GÓMEZ MARTÍNEZ,9
19,HUILA,076,SUAZA,FEDERICO GUTIÉRREZ,630
19,HUILA,076,SUAZA,GUSTAVO PETRO,2126
19,HUILA,076,SUAZA,INGRID BETANCOURT,3
19,HUILA,076,SUAZA,JOHN MILTON RODRÍGUEZ,60
19,HUILA,076,SUAZA,LUIS PÉREZ,3
19,HUILA,076,SUAZA,RODOLFO HERNÁNDEZ,4903
19,HUILA,076,SUAZA,SERGIO FAJARDO,76
19,HUILA,076,SUAZA,VOTOS EN BLANCO,102
19,HUILA,076,SUAZA,VOTOS NO MARCADOS,21
19,HUILA,076,SUAZA,VOTOS NULOS,69
19,HUILA,079,TARQUI,ENRIQUE GÓMEZ MARTÍNEZ,9
19,HUILA,079,TARQUI,FEDERICO GUTIÉRREZ,1160
19,HUILA,079,TARQUI,GUSTAVO PETRO,1751
19,HUILA,079,TARQUI,INGRID BETANCOURT,1
19,HUILA,079,TARQUI,JOHN MILTON RODRÍGUEZ,23
19,HUILA,079,TARQUI,LUIS PÉREZ,1
19,HUILA,079,TARQUI,RODOLFO HERNÁNDEZ,4025
19,HUILA,079,TARQUI,SERGIO FAJARDO,63
19,HUILA,079,TARQUI,VOTOS EN BLANCO,77
19,HUILA,079,TARQUI,VOTOS NO MARCADOS,10
19,HUILA,079,TARQUI,VOTOS NULOS,50
19,HUILA,082,TELLO,ENRIQUE GÓMEZ MARTÍNEZ,13
19,HUILA,082,TELLO,FEDERICO GUTIÉRREZ,1314
19,HUILA,082,TELLO,GUSTAVO PETRO,1261
19,HUILA,082,TELLO,INGRID BETANCOURT,3
19,HUILA,082,TELLO,JOHN MILTON RODRÍGUEZ,158
19,HUILA,082,TELLO,RODOLFO HERNÁNDEZ,2534
19,HUILA,082,TELLO,SERGIO FAJARDO,75
19,HUILA,082,TELLO,VOTOS EN BLANCO,56
19,HUILA,082,TELLO,VOTOS NO MARCADOS,12
19,HUILA,082,TELLO,VOTOS NULOS,41
19,HUILA,085,TERUEL,ENRIQUE GÓMEZ MARTÍNEZ,3
19,HUILA,085,TERUEL,FEDERICO GUTIÉRREZ,1199
19,HUILA,085,TERUEL,GUSTAVO PETRO,611
19,HUILA,085,TERUEL,INGRID BETANCOURT,1
19,HUILA,085,TERUEL,JOHN MILTON RODRÍGUEZ,9
19,HUILA,085,TERUEL,RODOLFO HERNÁNDEZ,1729
19,HUILA,085,TERUEL,SERGIO FAJARDO,41
19,HUILA,085,TERUEL,VOTOS EN BLANCO,40
19,HUILA,085,TERUEL,VOTOS NO MARCADOS,4
19,HUILA,085,TERUEL,VOTOS NULOS,19
19,HUILA,088,TIMANA,ENRIQUE GÓMEZ MARTÍNEZ,10
19,HUILA,088,TIMANA,FEDERICO GUTIÉRREZ,1599
19,HUILA,088,TIMANA,GUSTAVO PETRO,1912
19,HUILA,088,TIMANA,INGRID BETANCOURT,6
19,HUILA,088,TIMANA,JOHN MILTON RODRÍGUEZ,103
19,HUILA,088,TIMANA,LUIS PÉREZ,1
19,HUILA,088,TIMANA,RODOLFO HERNÁNDEZ,6042
19,HUILA,088,TIMANA,SERGIO FAJARDO,136
19,HUILA,088,TIMANA,VOTOS EN BLANCO,142
19,HUILA,088,TIMANA,VOTOS NO MARCADOS,16
19,HUILA,088,TIMANA,VOTOS NULOS,81
19,HUILA,091,VILLAVIEJA,ENRIQUE GÓMEZ MARTÍNEZ,6
19,HUILA,091,VILLAVIEJA,FEDERICO GUTIÉRREZ,729
19,HUILA,091,VILLAVIEJA,GUSTAVO PETRO,1730
19,HUILA,091,VILLAVIEJA,INGRID BETANCOURT,3
19,HUILA,091,VILLAVIEJA,JOHN MILTON RODRÍGUEZ,16
19,HUILA,091,VILLAVIEJA,RODOLFO HERNÁNDEZ,1223
19,HUILA,091,VILLAVIEJA,SERGIO FAJARDO,48
19,HUILA,091,VILLAVIEJA,VOTOS EN BLANCO,38
19,HUILA,091,VILLAVIEJA,VOTOS NO MARCADOS,8
19,HUILA,091,VILLAVIEJA,VOTOS NULOS,54
19,HUILA,094,YAGUARA,ENRIQUE GÓMEZ MARTÍNEZ,6
19,HUILA,094,YAGUARA,FEDERICO GUTIÉRREZ,667
19,HUILA,094,YAGUARA,GUSTAVO PETRO,1377
19,HUILA,094,YAGUARA,JOHN MILTON RODRÍGUEZ,25
19,HUILA,094,YAGUARA,LUIS PÉREZ,1
19,HUILA,094,YAGUARA,RODOLFO HERNÁNDEZ,2126
19,HUILA,094,YAGUARA,SERGIO FAJARDO,77
19,HUILA,094,YAGUARA,VOTOS EN BLANCO,87
19,HUILA,094,YAGUARA,VOTOS NO MARCADOS,5
19,HUILA,094,YAGUARA,VOTOS NULOS,72
21,MAGDALENA,001,SANTA MARTA,ENRIQUE GÓMEZ MARTÍNEZ,346
21,MAGDALENA,001,SANTA MARTA,FEDERICO GUTIÉRREZ,43645
21,MAGDALENA,001,SANTA MARTA,GUSTAVO PETRO,98532
21,MAGDALENA,001,SANTA MARTA,INGRID BETANCOURT,120
21,MAGDALENA,001,SANTA MARTA,JOHN MILTON RODRÍGUEZ,3437
21,MAGDALENA,001,SANTA MARTA,LUIS PÉREZ,77
21,MAGDALENA,001,SANTA MARTA,RODOLFO HERNÁNDEZ,36992
21,MAGDALENA,001,SANTA MARTA,SERGIO FAJARDO,4985
21,MAGDALENA,001,SANTA MARTA,VOTOS EN BLANCO,3418
21,MAGDALENA,001,SANTA MARTA,VOTOS NO MARCADOS,86
21,MAGDALENA,001,SANTA MARTA,VOTOS NULOS,1707
21,MAGDALENA,008,ALGARROBO,ENRIQUE GÓMEZ MARTÍNEZ,13
21,MAGDALENA,008,ALGARROBO,FEDERICO GUTIÉRREZ,871
21,MAGDALENA,008,ALGARROBO,GUSTAVO PETRO,3513
21,MAGDALENA,008,ALGARROBO,INGRID BETANCOURT,2
21,MAGDALENA,008,ALGARROBO,JOHN MILTON RODRÍGUEZ,42
21,MAGDALENA,008,ALGARROBO,LUIS PÉREZ,1
21,MAGDALENA,008,ALGARROBO,RODOLFO HERNÁNDEZ,429
21,MAGDALENA,008,ALGARROBO,SERGIO FAJARDO,52
21,MAGDALENA,008,ALGARROBO,VOTOS EN BLANCO,55
21,MAGDALENA,008,ALGARROBO,VOTOS NO MARCADOS,13
21,MAGDALENA,008,ALGARROBO,VOTOS NULOS,35
21,MAGDALENA,010,ARACATACA,ENRIQUE GÓMEZ MARTÍNEZ,24
21,MAGDALENA,010,ARACATACA,FEDERICO GUTIÉRREZ,2292
21,MAGDALENA,010,ARACATACA,GUSTAVO PETRO,6927
21,MAGDALENA,010,ARACATACA,INGRID BETANCOURT,8
21,MAGDALENA,010,ARACATACA,JOHN MILTON RODRÍGUEZ,170
21,MAGDALENA,010,ARACATACA,LUIS PÉREZ,1
21,MAGDALENA,010,ARACATACA,RODOLFO HERNÁNDEZ,2033
21,MAGDALENA,010,ARACATACA,SERGIO FAJARDO,154
21,MAGDALENA,010,ARACATACA,VOTOS EN BLANCO,190
21,MAGDALENA,010,ARACATACA,VOTOS NO MARCADOS,20
21,MAGDALENA,010,ARACATACA,VOTOS NULOS,132
21,MAGDALENA,012,ARIGUANI (EL DIFICIL),ENRIQUE GÓMEZ MARTÍNEZ,24
21,MAGDALENA,012,ARIGUANI (EL DIFICIL),FEDERICO GUTIÉRREZ,3128
21,MAGDALENA,012,ARIGUANI (EL DIFICIL),GUSTAVO PETRO,4171
21,MAGDALENA,012,ARIGUANI (EL DIFICIL),INGRID BETANCOURT,6
21,MAGDALENA,012,ARIGUANI (EL DIFICIL),JOHN MILTON RODRÍGUEZ,53
21,MAGDALENA,012,ARIGUANI (EL DIFICIL),LUIS PÉREZ,2
21,MAGDALENA,012,ARIGUANI (EL DIFICIL),RODOLFO HERNÁNDEZ,2582
21,MAGDALENA,012,ARIGUANI (EL DIFICIL),SERGIO FAJARDO,91
21,MAGDALENA,012,ARIGUANI (EL DIFICIL),VOTOS EN BLANCO,106
21,MAGDALENA,012,ARIGUANI (EL DIFICIL),VOTOS NO MARCADOS,18
21,MAGDALENA,012,ARIGUANI (EL DIFICIL),VOTOS NULOS,84
21,MAGDALENA,013,CERRO DE SAN ANTONIO,ENRIQUE GÓMEZ MARTÍNEZ,10
21,MAGDALENA,013,CERRO DE SAN ANTONIO,FEDERICO GUTIÉRREZ,1778
21,MAGDALENA,013,CERRO DE SAN ANTONIO,GUSTAVO PETRO,1120
21,MAGDALENA,013,CERRO DE SAN ANTONIO,INGRID BETANCOURT,1
21,MAGDALENA,013,CERRO DE SAN ANTONIO,JOHN MILTON RODRÍGUEZ,9
21,MAGDALENA,013,CERRO DE SAN ANTONIO,LUIS PÉREZ,1
21,MAGDALENA,013,CERRO DE SAN ANTONIO,RODOLFO HERNÁNDEZ,183
21,MAGDALENA,013,CERRO DE SAN ANTONIO,SERGIO FAJARDO,86
21,MAGDALENA,013,CERRO DE SAN ANTONIO,VOTOS EN BLANCO,16
21,MAGDALENA,013,CERRO DE SAN ANTONIO,VOTOS NO MARCADOS,2
21,MAGDALENA,013,CERRO DE SAN ANTONIO,VOTOS NULOS,22
21,MAGDALENA,015,CHIVOLO,ENRIQUE GÓMEZ MARTÍNEZ,15
21,MAGDALENA,015,CHIVOLO,FEDERICO GUTIÉRREZ,1817
21,MAGDALENA,015,CHIVOLO,GUSTAVO PETRO,2788
21,MAGDALENA,015,CHIVOLO,INGRID BETANCOURT,6
21,MAGDALENA,015,CHIVOLO,JOHN MILTON RODRÍGUEZ,23
21,MAGDALENA,015,CHIVOLO,LUIS PÉREZ,1
21,MAGDALENA,015,CHIVOLO,RODOLFO HERNÁNDEZ,991
21,MAGDALENA,015,CHIVOLO,SERGIO FAJARDO,85
21,MAGDALENA,015,CHIVOLO,VOTOS EN BLANCO,69
21,MAGDALENA,015,CHIVOLO,VOTOS NO MARCADOS,9
21,MAGDALENA,015,CHIVOLO,VOTOS NULOS,27
21,MAGDALENA,016,CIENAGA,ENRIQUE GÓMEZ MARTÍNEZ,84
21,MAGDALENA,016,CIENAGA,FEDERICO GUTIÉRREZ,6789
21,MAGDALENA,016,CIENAGA,GUSTAVO PETRO,21137
21,MAGDALENA,016,CIENAGA,INGRID BETANCOURT,42
21,MAGDALENA,016,CIENAGA,JOHN MILTON RODRÍGUEZ,952
21,MAGDALENA,016,CIENAGA,LUIS PÉREZ,15
21,MAGDALENA,016,CIENAGA,RODOLFO HERNÁNDEZ,8042
21,MAGDALENA,016,CIENAGA,SERGIO FAJARDO,641
21,MAGDALENA,016,CIENAGA,VOTOS EN BLANCO,804
21,MAGDALENA,016,CIENAGA,VOTOS NO MARCADOS,48
21,MAGDALENA,016,CIENAGA,VOTOS NULOS,539
21,MAGDALENA,020,CONCORDIA,ENRIQUE GÓMEZ MARTÍNEZ,13
21,MAGDALENA,020,CONCORDIA,FEDERICO GUTIÉRREZ,1814
21,MAGDALENA,020,CONCORDIA,GUSTAVO PETRO,2025
21,MAGDALENA,020,CONCORDIA,INGRID BETANCOURT,2
21,MAGDALENA,020,CONCORDIA,JOHN MILTON RODRÍGUEZ,12
21,MAGDALENA,020,CONCORDIA,LUIS PÉREZ,2
21,MAGDALENA,020,CONCORDIA,RODOLFO HERNÁNDEZ,234
21,MAGDALENA,020,CONCORDIA,SERGIO FAJARDO,81
21,MAGDALENA,020,CONCORDIA,VOTOS EN BLANCO,27
21,MAGDALENA,020,CONCORDIA,VOTOS NO MARCADOS,6
21,MAGDALENA,020,CONCORDIA,VOTOS NULOS,21
21,MAGDALENA,025,EL BANCO,ENRIQUE GÓMEZ MARTÍNEZ,39
21,MAGDALENA,025,EL BANCO,FEDERICO GUTIÉRREZ,9404
21,MAGDALENA,025,EL BANCO,GUSTAVO PETRO,7393
21,MAGDALENA,025,EL BANCO,INGRID BETANCOURT,5
21,MAGDALENA,025,EL BANCO,JOHN MILTON RODRÍGUEZ,300
21,MAGDALENA,025,EL BANCO,LUIS PÉREZ,11
21,MAGDALENA,025,EL BANCO,RODOLFO HERNÁNDEZ,4161
21,MAGDALENA,025,EL BANCO,SERGIO FAJARDO,286
21,MAGDALENA,025,EL BANCO,VOTOS EN BLANCO,158
21,MAGDALENA,025,EL BANCO,VOTOS NO MARCADOS,35
21,MAGDALENA,025,EL BANCO,VOTOS NULOS,195
21,MAGDALENA,028,EL PIÑON,ENRIQUE GÓMEZ MARTÍNEZ,4
21,MAGDALENA,028,EL PIÑON,FEDERICO GUTIÉRREZ,2977
21,MAGDALENA,028,EL PIÑON,GUSTAVO PETRO,2366
21,MAGDALENA,028,EL PIÑON,INGRID BETANCOURT,1
21,MAGDALENA,028,EL PIÑON,JOHN MILTON RODRÍGUEZ,33
21,MAGDALENA,028,EL PIÑON,LUIS PÉREZ,1
21,MAGDALENA,028,EL PIÑON,RODOLFO HERNÁNDEZ,294
21,MAGDALENA,028,EL PIÑON,SERGIO FAJARDO,86
21,MAGDALENA,028,EL PIÑON,VOTOS EN BLANCO,77
21,MAGDALENA,028,EL PIÑON,VOTOS NO MARCADOS,9
21,MAGDALENA,028,EL PIÑON,VOTOS NULOS,40
21,MAGDALENA,030,EL RETEN,ENRIQUE GÓMEZ MARTÍNEZ,8
21,MAGDALENA,030,EL RETEN,FEDERICO GUTIÉRREZ,1495
21,MAGDALENA,030,EL RETEN,GUSTAVO PETRO,4503
21,MAGDALENA,030,EL RETEN,INGRID BETANCOURT,1
21,MAGDALENA,030,EL RETEN,JOHN MILTON RODRÍGUEZ,52
21,MAGDALENA,030,EL RETEN,LUIS PÉREZ,3
21,MAGDALENA,030,EL RETEN,RODOLFO HERNÁNDEZ,565
21,MAGDALENA,030,EL RETEN,SERGIO FAJARDO,68
21,MAGDALENA,030,EL RETEN,VOTOS EN BLANCO,116
21,MAGDALENA,030,EL RETEN,VOTOS NO MARCADOS,13
21,MAGDALENA,030,EL RETEN,VOTOS NULOS,61
21,MAGDALENA,031,FUNDACION,ENRIQUE GÓMEZ MARTÍNEZ,41
21,MAGDALENA,031,FUNDACION,FEDERICO GUTIÉRREZ,6027
21,MAGDALENA,031,FUNDACION,GUSTAVO PETRO,10587
21,MAGDALENA,031,FUNDACION,INGRID BETANCOURT,11
21,MAGDALENA,031,FUNDACION,JOHN MILTON RODRÍGUEZ,268
21,MAGDALENA,031,FUNDACION,LUIS PÉREZ,6
21,MAGDALENA,031,FUNDACION,RODOLFO HERNÁNDEZ,5632
21,MAGDALENA,031,FUNDACION,SERGIO FAJARDO,284
21,MAGDALENA,031,FUNDACION,VOTOS EN BLANCO,365
21,MAGDALENA,031,FUNDACION,VOTOS NO MARCADOS,26
21,MAGDALENA,031,FUNDACION,VOTOS NULOS,227
21,MAGDALENA,040,GUAMAL,ENRIQUE GÓMEZ MARTÍNEZ,23
21,MAGDALENA,040,GUAMAL,FEDERICO GUTIÉRREZ,3862
21,MAGDALENA,040,GUAMAL,GUSTAVO PETRO,3093
21,MAGDALENA,040,GUAMAL,INGRID BETANCOURT,2
21,MAGDALENA,040,GUAMAL,JOHN MILTON RODRÍGUEZ,97
21,MAGDALENA,040,GUAMAL,LUIS PÉREZ,4
21,MAGDALENA,040,GUAMAL,RODOLFO HERNÁNDEZ,1816
21,MAGDALENA,040,GUAMAL,SERGIO FAJARDO,132
21,MAGDALENA,040,GUAMAL,VOTOS EN BLANCO,68
21,MAGDALENA,040,GUAMAL,VOTOS NO MARCADOS,12
21,MAGDALENA,040,GUAMAL,VOTOS NULOS,45
21,MAGDALENA,042,NUEVA GRANADA,ENRIQUE GÓMEZ MARTÍNEZ,22
21,MAGDALENA,042,NUEVA GRANADA,FEDERICO GUTIÉRREZ,2535
21,MAGDALENA,042,NUEVA GRANADA,GUSTAVO PETRO,2343
21,MAGDALENA,042,NUEVA GRANADA,INGRID BETANCOURT,1
21,MAGDALENA,042,NUEVA GRANADA,JOHN MILTON RODRÍGUEZ,58
21,MAGDALENA,042,NUEVA GRANADA,LUIS PÉREZ,5
21,MAGDALENA,042,NUEVA GRANADA,RODOLFO HERNÁNDEZ,1288
21,MAGDALENA,042,NUEVA GRANADA,SERGIO FAJARDO,95
21,MAGDALENA,042,NUEVA GRANADA,VOTOS EN BLANCO,82
21,MAGDALENA,042,NUEVA GRANADA,VOTOS NO MARCADOS,7
21,MAGDALENA,042,NUEVA GRANADA,VOTOS NULOS,45
21,MAGDALENA,046,PEDRAZA,ENRIQUE GÓMEZ MARTÍNEZ,18
21,MAGDALENA,046,PEDRAZA,FEDERICO GUTIÉRREZ,1913
21,MAGDALENA,046,PEDRAZA,GUSTAVO PETRO,1481
21,MAGDALENA,046,PEDRAZA,INGRID BETANCOURT,4
21,MAGDALENA,046,PEDRAZA,JOHN MILTON RODRÍGUEZ,12
21,MAGDALENA,046,PEDRAZA,LUIS PÉREZ,5
21,MAGDALENA,046,PEDRAZA,RODOLFO HERNÁNDEZ,176
21,MAGDALENA,046,PEDRAZA,SERGIO FAJARDO,72
21,MAGDALENA,046,PEDRAZA,VOTOS EN BLANCO,30
21,MAGDALENA,046,PEDRAZA,VOTOS NO MARCADOS,9
21,MAGDALENA,046,PEDRAZA,VOTOS NULOS,31
21,MAGDALENA,048,PIJIÑO DEL CARMEN,ENRIQUE GÓMEZ MARTÍNEZ,9
21,MAGDALENA,048,PIJIÑO DEL CARMEN,FEDERICO GUTIÉRREZ,1577
21,MAGDALENA,048,PIJIÑO DEL CARMEN,GUSTAVO PETRO,1534
21,MAGDALENA,048,PIJIÑO DEL CARMEN,INGRID BETANCOURT,3
21,MAGDALENA,048,PIJIÑO DEL CARMEN,JOHN MILTON RODRÍGUEZ,53
21,MAGDALENA,048,PIJIÑO DEL CARMEN,LUIS PÉREZ,3
21,MAGDALENA,048,PIJIÑO DEL CARMEN,RODOLFO HERNÁNDEZ,1077
21,MAGDALENA,048,PIJIÑO DEL CARMEN,SERGIO FAJARDO,62
21,MAGDALENA,048,PIJIÑO DEL CARMEN,VOTOS EN BLANCO,56
21,MAGDALENA,048,PIJIÑO DEL CARMEN,VOTOS NO MARCADOS,10
21,MAGDALENA,048,PIJIÑO DEL CARMEN,VOTOS NULOS,32
21,MAGDALENA,049,PIVIJAY,ENRIQUE GÓMEZ MARTÍNEZ,28
21,MAGDALENA,049,PIVIJAY,FEDERICO GUTIÉRREZ,3207
21,MAGDALENA,049,PIVIJAY,GUSTAVO PETRO,7175
21,MAGDALENA,049,PIVIJAY,INGRID BETANCOURT,9
21,MAGDALENA,049,PIVIJAY,JOHN MILTON RODRÍGUEZ,269
21,MAGDALENA,049,PIVIJAY,LUIS PÉREZ,3
21,MAGDALENA,049,PIVIJAY,RODOLFO HERNÁNDEZ,1098
21,MAGDALENA,049,PIVIJAY,SERGIO FAJARDO,125
21,MAGDALENA,049,PIVIJAY,VOTOS EN BLANCO,161
21,MAGDALENA,049,PIVIJAY,VOTOS NO MARCADOS,18
21,MAGDALENA,049,PIVIJAY,VOTOS NULOS,97
21,MAGDALENA,052,PLATO,ENRIQUE GÓMEZ MARTÍNEZ,31
21,MAGDALENA,052,PLATO,FEDERICO GUTIÉRREZ,5392
21,MAGDALENA,052,PLATO,GUSTAVO PETRO,9612
21,MAGDALENA,052,PLATO,INGRID BETANCOURT,10
21,MAGDALENA,052,PLATO,JOHN MILTON RODRÍGUEZ,160
21,MAGDALENA,052,PLATO,LUIS PÉREZ,3
21,MAGDALENA,052,PLATO,RODOLFO HERNÁNDEZ,2306
21,MAGDALENA,052,PLATO,SERGIO FAJARDO,217
21,MAGDALENA,052,PLATO,VOTOS EN BLANCO,213
21,MAGDALENA,052,PLATO,VOTOS NO MARCADOS,36
21,MAGDALENA,052,PLATO,VOTOS NULOS,151
21,MAGDALENA,055,PUEBLOVIEJO,ENRIQUE GÓMEZ MARTÍNEZ,30
21,MAGDALENA,055,PUEBLOVIEJO,FEDERICO GUTIÉRREZ,2355
21,MAGDALENA,055,PUEBLOVIEJO,GUSTAVO PETRO,3649
21,MAGDALENA,055,PUEBLOVIEJO,INGRID BETANCOURT,6
21,MAGDALENA,055,PUEBLOVIEJO,JOHN MILTON RODRÍGUEZ,240
21,MAGDALENA,055,PUEBLOVIEJO,LUIS PÉREZ,1
21,MAGDALENA,055,PUEBLOVIEJO,RODOLFO HERNÁNDEZ,1086
21,MAGDALENA,055,PUEBLOVIEJO,SERGIO FAJARDO,152
21,MAGDALENA,055,PUEBLOVIEJO,VOTOS EN BLANCO,107
21,MAGDALENA,055,PUEBLOVIEJO,VOTOS NO MARCADOS,26
21,MAGDALENA,055,PUEBLOVIEJO,VOTOS NULOS,94
21,MAGDALENA,058,REMOLINO,ENRIQUE GÓMEZ MARTÍNEZ,11
21,MAGDALENA,058,REMOLINO,FEDERICO GUTIÉRREZ,674
21,MAGDALENA,058,REMOLINO,GUSTAVO PETRO,1414
21,MAGDALENA,058,REMOLINO,JOHN MILTON RODRÍGUEZ,24
21,MAGDALENA,058,REMOLINO,LUIS PÉREZ,3
21,MAGDALENA,058,REMOLINO,RODOLFO HERNÁNDEZ,237
21,MAGDALENA,058,REMOLINO,SERGIO FAJARDO,52
21,MAGDALENA,058,REMOLINO,VOTOS EN BLANCO,31
21,MAGDALENA,058,REMOLINO,VOTOS NO MARCADOS,4
21,MAGDALENA,058,REMOLINO,VOTOS NULOS,22
21,MAGDALENA,060,SABANAS DE SAN ANGEL,ENRIQUE GÓMEZ MARTÍNEZ,13
21,MAGDALENA,060,SABANAS DE SAN ANGEL,FEDERICO GUTIÉRREZ,2512
21,MAGDALENA,060,SABANAS DE SAN ANGEL,GUSTAVO PETRO,1457
21,MAGDALENA,060,SABANAS DE SAN ANGEL,INGRID BETANCOURT,3
21,MAGDALENA,060,SABANAS DE SAN ANGEL,JOHN MILTON RODRÍGUEZ,25
21,MAGDALENA,060,SABANAS DE SAN ANGEL,LUIS PÉREZ,3
21,MAGDALENA,060,SABANAS DE SAN ANGEL,RODOLFO HERNÁNDEZ,681
21,MAGDALENA,060,SABANAS DE SAN ANGEL,SERGIO FAJARDO,86
21,MAGDALENA,060,SABANAS DE SAN ANGEL,VOTOS EN BLANCO,65
21,MAGDALENA,060,SABANAS DE SAN ANGEL,VOTOS NO MARCADOS,13
21,MAGDALENA,060,SABANAS DE SAN ANGEL,VOTOS NULOS,25
21,MAGDALENA,067,SALAMINA,ENRIQUE GÓMEZ MARTÍNEZ,3
21,MAGDALENA,067,SALAMINA,FEDERICO GUTIÉRREZ,1657
21,MAGDALENA,067,SALAMINA,GUSTAVO PETRO,1391
21,MAGDALENA,067,SALAMINA,INGRID BETANCOURT,2
21,MAGDALENA,067,SALAMINA,JOHN MILTON RODRÍGUEZ,24
21,MAGDALENA,067,SALAMINA,LUIS PÉREZ,1
21,MAGDALENA,067,SALAMINA,RODOLFO HERNÁNDEZ,322
21,MAGDALENA,067,SALAMINA,SERGIO FAJARDO,50
21,MAGDALENA,067,SALAMINA,VOTOS EN BLANCO,47
21,MAGDALENA,067,SALAMINA,VOTOS NO MARCADOS,4
21,MAGDALENA,067,SALAMINA,VOTOS NULOS,18
21,MAGDALENA,070,SAN SEBASTIAN DE BUENAVISTA,ENRIQUE GÓMEZ MARTÍNEZ,8
21,MAGDALENA,070,SAN SEBASTIAN DE BUENAVISTA,FEDERICO GUTIÉRREZ,3459
21,MAGDALENA,070,SAN SEBASTIAN DE BUENAVISTA,GUSTAVO PETRO,3206
21,MAGDALENA,070,SAN SEBASTIAN DE BUENAVISTA,INGRID BETANCOURT,5
21,MAGDALENA,070,SAN SEBASTIAN DE BUENAVISTA,JOHN MILTON RODRÍGUEZ,76
21,MAGDALENA,070,SAN SEBASTIAN DE BUENAVISTA,LUIS PÉREZ,2
21,MAGDALENA,070,SAN SEBASTIAN DE BUENAVISTA,RODOLFO HERNÁNDEZ,1027
21,MAGDALENA,070,SAN SEBASTIAN DE BUENAVISTA,SERGIO FAJARDO,102
21,MAGDALENA,070,SAN SEBASTIAN DE BUENAVISTA,VOTOS EN BLANCO,60
21,MAGDALENA,070,SAN SEBASTIAN DE BUENAVISTA,VOTOS NO MARCADOS,17
21,MAGDALENA,070,SAN SEBASTIAN DE BUENAVISTA,VOTOS NULOS,26
21,MAGDALENA,073,SAN ZENON,ENRIQUE GÓMEZ MARTÍNEZ,6
21,MAGDALENA,073,SAN ZENON,FEDERICO GUTIÉRREZ,2183
21,MAGDALENA,073,SAN ZENON,GUSTAVO PETRO,1626
21,MAGDALENA,073,SAN ZENON,INGRID BETANCOURT,2
21,MAGDALENA,073,SAN ZENON,JOHN MILTON RODRÍGUEZ,66
21,MAGDALENA,073,SAN ZENON,LUIS PÉREZ,2
21,MAGDALENA,073,SAN ZENON,RODOLFO HERNÁNDEZ,469
21,MAGDALENA,073,SAN ZENON,SERGIO FAJARDO,70
21,MAGDALENA,073,SAN ZENON,VOTOS EN BLANCO,28
21,MAGDALENA,073,SAN ZENON,VOTOS NO MARCADOS,6
21,MAGDALENA,073,SAN ZENON,VOTOS NULOS,21
21,MAGDALENA,076,SANTA ANA,ENRIQUE GÓMEZ MARTÍNEZ,11
21,MAGDALENA,076,SANTA ANA,FEDERICO GUTIÉRREZ,3919
21,MAGDALENA,076,SANTA ANA,GUSTAVO PETRO,1972
21,MAGDALENA,076,SANTA ANA,INGRID BETANCOURT,2
21,MAGDALENA,076,SANTA ANA,JOHN MILTON RODRÍGUEZ,148
21,MAGDALENA,076,SANTA ANA,LUIS PÉREZ,1
21,MAGDALENA,076,SANTA ANA,RODOLFO HERNÁNDEZ,1255
21,MAGDALENA,076,SANTA ANA,SERGIO FAJARDO,104
21,MAGDALENA,076,SANTA ANA,VOTOS EN BLANCO,69
21,MAGDALENA,076,SANTA ANA,VOTOS NO MARCADOS,7
21,MAGDALENA,076,SANTA ANA,VOTOS NULOS,27
21,MAGDALENA,078,SANTA BARBARA DE PINTO,ENRIQUE GÓMEZ MARTÍNEZ,2
21,MAGDALENA,078,SANTA BARBARA DE PINTO,FEDERICO GUTIÉRREZ,1490
21,MAGDALENA,078,SANTA BARBARA DE PINTO,GUSTAVO PETRO,2162
21,MAGDALENA,078,SANTA BARBARA DE PINTO,INGRID BETANCOURT,1
21,MAGDALENA,078,SANTA BARBARA DE PINTO,JOHN MILTON RODRÍGUEZ,14
21,MAGDALENA,078,SANTA BARBARA DE PINTO,LUIS PÉREZ,1
21,MAGDALENA,078,SANTA BARBARA DE PINTO,RODOLFO HERNÁNDEZ,256
21,MAGDALENA,078,SANTA BARBARA DE PINTO,SERGIO FAJARDO,30
21,MAGDALENA,078,SANTA BARBARA DE PINTO,VOTOS EN BLANCO,32
21,MAGDALENA,078,SANTA BARBARA DE PINTO,VOTOS NO MARCADOS,7
21,MAGDALENA,078,SANTA BARBARA DE PINTO,VOTOS NULOS,25
21,MAGDALENA,079,SITIONUEVO,ENRIQUE GÓMEZ MARTÍNEZ,36
21,MAGDALENA,079,SITIONUEVO,FEDERICO GUTIÉRREZ,2031
21,MAGDALENA,079,SITIONUEVO,GUSTAVO PETRO,3798
21,MAGDALENA,079,SITIONUEVO,INGRID BETANCOURT,4
21,MAGDALENA,079,SITIONUEVO,JOHN MILTON RODRÍGUEZ,31
21,MAGDALENA,079,SITIONUEVO,LUIS PÉREZ,3
21,MAGDALENA,079,SITIONUEVO,RODOLFO HERNÁNDEZ,749
21,MAGDALENA,079,SITIONUEVO,SERGIO FAJARDO,155
21,MAGDALENA,079,SITIONUEVO,VOTOS EN BLANCO,92
21,MAGDALENA,079,SITIONUEVO,VOTOS NO MARCADOS,23
21,MAGDALENA,079,SITIONUEVO,VOTOS NULOS,85
21,MAGDALENA,085,TENERIFE,ENRIQUE GÓMEZ MARTÍNEZ,15
21,MAGDALENA,085,TENERIFE,FEDERICO GUTIÉRREZ,1992
21,MAGDALENA,085,TENERIFE,GUSTAVO PETRO,2224
21,MAGDALENA,085,TENERIFE,JOHN MILTON RODRÍGUEZ,27
21,MAGDALENA,085,TENERIFE,LUIS PÉREZ,2
21,MAGDALENA,085,TENERIFE,RODOLFO HERNÁNDEZ,360
21,MAGDALENA,085,TENERIFE,SERGIO FAJARDO,74
21,MAGDALENA,085,TENERIFE,VOTOS EN BLANCO,76
21,MAGDALENA,085,TENERIFE,VOTOS NO MARCADOS,12
21,MAGDALENA,085,TENERIFE,VOTOS NULOS,20
21,MAGDALENA,090,ZAPAYAN,ENRIQUE GÓMEZ MARTÍNEZ,9
21,MAGDALENA,090,ZAPAYAN,FEDERICO GUTIÉRREZ,1998
21,MAGDALENA,090,ZAPAYAN,GUSTAVO PETRO,1064
21,MAGDALENA,090,ZAPAYAN,INGRID BETANCOURT,1
21,MAGDALENA,090,ZAPAYAN,JOHN MILTON RODRÍGUEZ,9
21,MAGDALENA,090,ZAPAYAN,RODOLFO HERNÁNDEZ,374
21,MAGDALENA,090,ZAPAYAN,SERGIO FAJARDO,54
21,MAGDALENA,090,ZAPAYAN,VOTOS EN BLANCO,36
21,MAGDALENA,090,ZAPAYAN,VOTOS NO MARCADOS,11
21,MAGDALENA,090,ZAPAYAN,VOTOS NULOS,24
21,MAGDALENA,095,ZONA BANANERA (SEVILLA),ENRIQUE GÓMEZ MARTÍNEZ,33
21,MAGDALENA,095,ZONA BANANERA (SEVILLA),FEDERICO GUTIÉRREZ,3769
21,MAGDALENA,095,ZONA BANANERA (SEVILLA),GUSTAVO PETRO,12518
21,MAGDALENA,095,ZONA BANANERA (SEVILLA),INGRID BETANCOURT,22
21,MAGDALENA,095,ZONA BANANERA (SEVILLA),JOHN MILTON RODRÍGUEZ,473
21,MAGDALENA,095,ZONA BANANERA (SEVILLA),LUIS PÉREZ,16
21,MAGDALENA,095,ZONA BANANERA (SEVILLA),RODOLFO HERNÁNDEZ,1714
21,MAGDALENA,095,ZONA BANANERA (SEVILLA),SERGIO FAJARDO,246
21,MAGDALENA,095,ZONA BANANERA (SEVILLA),VOTOS EN BLANCO,341
21,MAGDALENA,095,ZONA BANANERA (SEVILLA),VOTOS NO MARCADOS,46
21,MAGDALENA,095,ZONA BANANERA (SEVILLA),VOTOS NULOS,313
23,NARIÑO,001,PASTO,ENRIQUE GÓMEZ MARTÍNEZ,449
23,NARIÑO,001,PASTO,FEDERICO GUTIÉRREZ,26638
23,NARIÑO,001,PASTO,GUSTAVO PETRO,138616
23,NARIÑO,001,PASTO,INGRID BETANCOURT,205
23,NARIÑO,001,PASTO,JOHN MILTON RODRÍGUEZ,1705
23,NARIÑO,001,PASTO,LUIS PÉREZ,106
23,NARIÑO,001,PASTO,RODOLFO HERNÁNDEZ,17485
23,NARIÑO,001,PASTO,SERGIO FAJARDO,6770
23,NARIÑO,001,PASTO,VOTOS EN BLANCO,3685
23,NARIÑO,001,PASTO,VOTOS NO MARCADOS,177
23,NARIÑO,001,PASTO,VOTOS NULOS,2692
23,NARIÑO,004,ALBAN (SAN JOSE),ENRIQUE GÓMEZ MARTÍNEZ,13
23,NARIÑO,004,ALBAN (SAN JOSE),FEDERICO GUTIÉRREZ,908
23,NARIÑO,004,ALBAN (SAN JOSE),GUSTAVO PETRO,1563
23,NARIÑO,004,ALBAN (SAN JOSE),JOHN MILTON RODRÍGUEZ,4
23,NARIÑO,004,ALBAN (SAN JOSE),RODOLFO HERNÁNDEZ,1283
23,NARIÑO,004,ALBAN (SAN JOSE),SERGIO FAJARDO,77
23,NARIÑO,004,ALBAN (SAN JOSE),VOTOS EN BLANCO,73
23,NARIÑO,004,ALBAN (SAN JOSE),VOTOS NO MARCADOS,15
23,NARIÑO,004,ALBAN (SAN JOSE),VOTOS NULOS,39
23,NARIÑO,007,ALDANA,ENRIQUE GÓMEZ MARTÍNEZ,8
23,NARIÑO,007,ALDANA,FEDERICO GUTIÉRREZ,274
23,NARIÑO,007,ALDANA,GUSTAVO PETRO,2288
23,NARIÑO,007,ALDANA,INGRID BETANCOURT,4
23,NARIÑO,007,ALDANA,JOHN MILTON RODRÍGUEZ,19
23,NARIÑO,007,ALDANA,LUIS PÉREZ,3
23,NARIÑO,007,ALDANA,RODOLFO HERNÁNDEZ,656
23,NARIÑO,007,ALDANA,SERGIO FAJARDO,54
23,NARIÑO,007,ALDANA,VOTOS EN BLANCO,94
23,NARIÑO,007,ALDANA,VOTOS NO MARCADOS,12
23,NARIÑO,007,ALDANA,VOTOS NULOS,57
23,NARIÑO,010,ANCUYA,ENRIQUE GÓMEZ MARTÍNEZ,9
23,NARIÑO,010,ANCUYA,FEDERICO GUTIÉRREZ,326
23,NARIÑO,010,ANCUYA,GUSTAVO PETRO,2658
23,NARIÑO,010,ANCUYA,INGRID BETANCOURT,1
23,NARIÑO,010,ANCUYA,JOHN MILTON RODRÍGUEZ,4
23,NARIÑO,010,ANCUYA,LUIS PÉREZ,1
23,NARIÑO,010,ANCUYA,RODOLFO HERNÁNDEZ,284
23,NARIÑO,010,ANCUYA,SERGIO FAJARDO,63
23,NARIÑO,010,ANCUYA,VOTOS EN BLANCO,53
23,NARIÑO,010,ANCUYA,VOTOS NO MARCADOS,4
23,NARIÑO,010,ANCUYA,VOTOS NULOS,36
23,NARIÑO,013,ARBOLEDA (BERRUECOS),ENRIQUE GÓMEZ MARTÍNEZ,10
23,NARIÑO,013,ARBOLEDA (BERRUECOS),FEDERICO GUTIÉRREZ,577
23,NARIÑO,013,ARBOLEDA (BERRUECOS),GUSTAVO PETRO,1414
23,NARIÑO,013,ARBOLEDA (BERRUECOS),INGRID BETANCOURT,2
23,NARIÑO,013,ARBOLEDA (BERRUECOS),JOHN MILTON RODRÍGUEZ,10
23,NARIÑO,013,ARBOLEDA (BERRUECOS),LUIS PÉREZ,2
23,NARIÑO,013,ARBOLEDA (BERRUECOS),RODOLFO HERNÁNDEZ,636
23,NARIÑO,013,ARBOLEDA (BERRUECOS),SERGIO FAJARDO,46
23,NARIÑO,013,ARBOLEDA (BERRUECOS),VOTOS EN BLANCO,66
23,NARIÑO,013,ARBOLEDA (BERRUECOS),VOTOS NO MARCADOS,7
23,NARIÑO,013,ARBOLEDA (BERRUECOS),VOTOS NULOS,67
23,NARIÑO,016,BARBACOAS,ENRIQUE GÓMEZ MARTÍNEZ,54
23,NARIÑO,016,BARBACOAS,FEDERICO GUTIÉRREZ,973
23,NARIÑO,016,BARBACOAS,GUSTAVO PETRO,4587
23,NARIÑO,016,BARBACOAS,INGRID BETANCOURT,16
23,NARIÑO,016,BARBACOAS,JOHN MILTON RODRÍGUEZ,40
23,NARIÑO,016,BARBACOAS,LUIS PÉREZ,6
23,NARIÑO,016,BARBACOAS,RODOLFO HERNÁNDEZ,532
23,NARIÑO,016,BARBACOAS,SERGIO FAJARDO,198
23,NARIÑO,016,BARBACOAS,VOTOS EN BLANCO,203
23,NARIÑO,016,BARBACOAS,VOTOS NO MARCADOS,30
23,NARIÑO,016,BARBACOAS,VOTOS NULOS,182
23,NARIÑO,017,BELEN,ENRIQUE GÓMEZ MARTÍNEZ,6
23,NARIÑO,017,BELEN,FEDERICO GUTIÉRREZ,339
23,NARIÑO,017,BELEN,GUSTAVO PETRO,2100
23,NARIÑO,017,BELEN,JOHN MILTON RODRÍGUEZ,28
23,NARIÑO,017,BELEN,RODOLFO HERNÁNDEZ,437
23,NARIÑO,017,BELEN,SERGIO FAJARDO,61
23,NARIÑO,017,BELEN,VOTOS EN BLANCO,130
23,NARIÑO,017,BELEN,VOTOS NO MARCADOS,9
23,NARIÑO,017,BELEN,VOTOS NULOS,28
23,NARIÑO,019,BUESACO,ENRIQUE GÓMEZ MARTÍNEZ,53
23,NARIÑO,019,BUESACO,FEDERICO GUTIÉRREZ,2286
23,NARIÑO,019,BUESACO,GUSTAVO PETRO,4363
23,NARIÑO,019,BUESACO,INGRID BETANCOURT,7
23,NARIÑO,019,BUESACO,JOHN MILTON RODRÍGUEZ,13
23,NARIÑO,019,BUESACO,LUIS PÉREZ,7
23,NARIÑO,019,BUESACO,RODOLFO HERNÁNDEZ,1994
23,NARIÑO,019,BUESACO,SERGIO FAJARDO,226
23,NARIÑO,019,BUESACO,VOTOS EN BLANCO,201
23,NARIÑO,019,BUESACO,VOTOS NO MARCADOS,33
23,NARIÑO,019,BUESACO,VOTOS NULOS,194
23,NARIÑO,022,COLON (GENOVA),ENRIQUE GÓMEZ MARTÍNEZ,11
23,NARIÑO,022,COLON (GENOVA),FEDERICO GUTIÉRREZ,363
23,NARIÑO,022,COLON (GENOVA),GUSTAVO PETRO,2525
23,NARIÑO,022,COLON (GENOVA),INGRID BETANCOURT,3
23,NARIÑO,022,COLON (GENOVA),JOHN MILTON RODRÍGUEZ,6
23,NARIÑO,022,COLON (GENOVA),LUIS PÉREZ,2
23,NARIÑO,022,COLON (GENOVA),RODOLFO HERNÁNDEZ,400
23,NARIÑO,022,COLON (GENOVA),SERGIO FAJARDO,58
23,NARIÑO,022,COLON (GENOVA),VOTOS EN BLANCO,105
23,NARIÑO,022,COLON (GENOVA),VOTOS NO MARCADOS,10
23,NARIÑO,022,COLON (GENOVA),VOTOS NULOS,83
23,NARIÑO,025,CONSACA,ENRIQUE GÓMEZ MARTÍNEZ,8
23,NARIÑO,025,CONSACA,FEDERICO GUTIÉRREZ,1441
23,NARIÑO,025,CONSACA,GUSTAVO PETRO,3134
23,NARIÑO,025,CONSACA,INGRID BETANCOURT,1
23,NARIÑO,025,CONSACA,JOHN MILTON RODRÍGUEZ,5
23,NARIÑO,025,CONSACA,LUIS PÉREZ,1
23,NARIÑO,025,CONSACA,RODOLFO HERNÁNDEZ,488
23,NARIÑO,025,CONSACA,SERGIO FAJARDO,117
23,NARIÑO,025,CONSACA,VOTOS EN BLANCO,99
23,NARIÑO,025,CONSACA,VOTOS NO MARCADOS,14
23,NARIÑO,025,CONSACA,VOTOS NULOS,97
23,NARIÑO,028,CONTADERO,ENRIQUE GÓMEZ MARTÍNEZ,8
23,NARIÑO,028,CONTADERO,FEDERICO GUTIÉRREZ,584
23,NARIÑO,028,CONTADERO,GUSTAVO PETRO,2077
23,NARIÑO,028,CONTADERO,INGRID BETANCOURT,1
23,NARIÑO,028,CONTADERO,JOHN MILTON RODRÍGUEZ,4
23,NARIÑO,028,CONTADERO,LUIS PÉREZ,1
23,NARIÑO,028,CONTADERO,RODOLFO HERNÁNDEZ,578
23,NARIÑO,028,CONTADERO,SERGIO FAJARDO,35
23,NARIÑO,028,CONTADERO,VOTOS EN BLANCO,41
23,NARIÑO,028,CONTADERO,VOTOS NO MARCADOS,9
23,NARIÑO,028,CONTADERO,VOTOS NULOS,20
23,NARIÑO,031,CORDOBA,ENRIQUE GÓMEZ MARTÍNEZ,9
23,NARIÑO,031,CORDOBA,FEDERICO GUTIÉRREZ,488
23,NARIÑO,031,CORDOBA,GUSTAVO PETRO,4526
23,NARIÑO,031,CORDOBA,INGRID BETANCOURT,1
23,NARIÑO,031,CORDOBA,JOHN MILTON RODRÍGUEZ,10
23,NARIÑO,031,CORDOBA,RODOLFO HERNÁNDEZ,500
23,NARIÑO,031,CORDOBA,SERGIO FAJARDO,78
23,NARIÑO,031,CORDOBA,VOTOS EN BLANCO,99
23,NARIÑO,031,CORDOBA,VOTOS NO MARCADOS,15
23,NARIÑO,031,CORDOBA,VOTOS NULOS,32
23,NARIÑO,034,CUASPUD (CARLOSAMA),ENRIQUE GÓMEZ MARTÍNEZ,18
23,NARIÑO,034,CUASPUD (CARLOSAMA),FEDERICO GUTIÉRREZ,344
23,NARIÑO,034,CUASPUD (CARLOSAMA),GUSTAVO PETRO,2640
23,NARIÑO,034,CUASPUD (CARLOSAMA),INGRID BETANCOURT,1
23,NARIÑO,034,CUASPUD (CARLOSAMA),JOHN MILTON RODRÍGUEZ,11
23,NARIÑO,034,CUASPUD (CARLOSAMA),RODOLFO HERNÁNDEZ,693
23,NARIÑO,034,CUASPUD (CARLOSAMA),SERGIO FAJARDO,62
23,NARIÑO,034,CUASPUD (CARLOSAMA),VOTOS EN BLANCO,87
23,NARIÑO,034,CUASPUD (CARLOSAMA),VOTOS NO MARCADOS,24
23,NARIÑO,034,CUASPUD (CARLOSAMA),VOTOS NULOS,47
23,NARIÑO,037,CUMBAL,ENRIQUE GÓMEZ MARTÍNEZ,31
23,NARIÑO,037,CUMBAL,FEDERICO GUTIÉRREZ,1324
23,NARIÑO,037,CUMBAL,GUSTAVO PETRO,11280
23,NARIÑO,037,CUMBAL,INGRID BETANCOURT,15
23,NARIÑO,037,CUMBAL,JOHN MILTON RODRÍGUEZ,35
23,NARIÑO,037,CUMBAL,LUIS PÉREZ,6
23,NARIÑO,037,CUMBAL,RODOLFO HERNÁNDEZ,1220
23,NARIÑO,037,CUMBAL,SERGIO FAJARDO,153
23,NARIÑO,037,CUMBAL,VOTOS EN BLANCO,152
23,NARIÑO,037,CUMBAL,VOTOS NO MARCADOS,22
23,NARIÑO,037,CUMBAL,VOTOS NULOS,89
23,NARIÑO,038,CHACHAGUI,ENRIQUE GÓMEZ MARTÍNEZ,16
23,NARIÑO,038,CHACHAGUI,FEDERICO GUTIÉRREZ,864
23,NARIÑO,038,CHACHAGUI,GUSTAVO PETRO,4642
23,NARIÑO,038,CHACHAGUI,INGRID BETANCOURT,3
23,NARIÑO,038,CHACHAGUI,JOHN MILTON RODRÍGUEZ,13
23,NARIÑO,038,CHACHAGUI,LUIS PÉREZ,3
23,NARIÑO,038,CHACHAGUI,RODOLFO HERNÁNDEZ,762
23,NARIÑO,038,CHACHAGUI,SERGIO FAJARDO,126
23,NARIÑO,038,CHACHAGUI,VOTOS EN BLANCO,96
23,NARIÑO,038,CHACHAGUI,VOTOS NO MARCADOS,12
23,NARIÑO,038,CHACHAGUI,VOTOS NULOS,82
23,NARIÑO,039,CUMBITARA,ENRIQUE GÓMEZ MARTÍNEZ,5
23,NARIÑO,039,CUMBITARA,FEDERICO GUTIÉRREZ,62
23,NARIÑO,039,CUMBITARA,GUSTAVO PETRO,2715
23,NARIÑO,039,CUMBITARA,JOHN MILTON RODRÍGUEZ,1
23,NARIÑO,039,CUMBITARA,LUIS PÉREZ,1
23,NARIÑO,039,CUMBITARA,RODOLFO HERNÁNDEZ,140
23,NARIÑO,039,CUMBITARA,SERGIO FAJARDO,16
23,NARIÑO,039,CUMBITARA,VOTOS EN BLANCO,63
23,NARIÑO,039,CUMBITARA,VOTOS NO MARCADOS,7
23,NARIÑO,039,CUMBITARA,VOTOS NULOS,29
23,NARIÑO,040,EL ROSARIO,ENRIQUE GÓMEZ MARTÍNEZ,7
23,NARIÑO,040,EL ROSARIO,FEDERICO GUTIÉRREZ,196
23,NARIÑO,040,EL ROSARIO,GUSTAVO PETRO,3856
23,NARIÑO,040,EL ROSARIO,INGRID BETANCOURT,1
23,NARIÑO,040,EL ROSARIO,JOHN MILTON RODRÍGUEZ,12
23,NARIÑO,040,EL ROSARIO,RODOLFO HERNÁNDEZ,90
23,NARIÑO,040,EL ROSARIO,SERGIO FAJARDO,23
23,NARIÑO,040,EL ROSARIO,VOTOS EN BLANCO,48
23,NARIÑO,040,EL ROSARIO,VOTOS NO MARCADOS,6
23,NARIÑO,040,EL ROSARIO,VOTOS NULOS,31
23,NARIÑO,041,EL CHARCO,ENRIQUE GÓMEZ MARTÍNEZ,46
23,NARIÑO,041,EL CHARCO,FEDERICO GUTIÉRREZ,432
23,NARIÑO,041,EL CHARCO,GUSTAVO PETRO,5322
23,NARIÑO,041,EL CHARCO,INGRID BETANCOURT,11
23,NARIÑO,041,EL CHARCO,JOHN MILTON RODRÍGUEZ,140
23,NARIÑO,041,EL CHARCO,LUIS PÉREZ,7
23,NARIÑO,041,EL CHARCO,RODOLFO HERNÁNDEZ,227
23,NARIÑO,041,EL CHARCO,SERGIO FAJARDO,100
23,NARIÑO,041,EL CHARCO,VOTOS EN BLANCO,79
23,NARIÑO,041,EL CHARCO,VOTOS NO MARCADOS,34
23,NARIÑO,041,EL CHARCO,VOTOS NULOS,104
23,NARIÑO,043,EL TABLON,ENRIQUE GÓMEZ MARTÍNEZ,17
23,NARIÑO,043,EL TABLON,FEDERICO GUTIÉRREZ,1043
23,NARIÑO,043,EL TABLON,GUSTAVO PETRO,3789
23,NARIÑO,043,EL TABLON,INGRID BETANCOURT,2
23,NARIÑO,043,EL TABLON,JOHN MILTON RODRÍGUEZ,13
23,NARIÑO,043,EL TABLON,RODOLFO HERNÁNDEZ,977
23,NARIÑO,043,EL TABLON,SERGIO FAJARDO,90
23,NARIÑO,043,EL TABLON,VOTOS EN BLANCO,145
23,NARIÑO,043,EL TABLON,VOTOS NO MARCADOS,16
23,NARIÑO,043,EL TABLON,VOTOS NULOS,74
23,NARIÑO,044,EL PEÑOL,ENRIQUE GÓMEZ MARTÍNEZ,13
23,NARIÑO,044,EL PEÑOL,FEDERICO GUTIÉRREZ,435
23,NARIÑO,044,EL PEÑOL,GUSTAVO PETRO,2578
23,NARIÑO,044,EL PEÑOL,INGRID BETANCOURT,1
23,NARIÑO,044,EL PEÑOL,JOHN MILTON RODRÍGUEZ,19
23,NARIÑO,044,EL PEÑOL,RODOLFO HERNÁNDEZ,181
23,NARIÑO,044,EL PEÑOL,SERGIO FAJARDO,20
23,NARIÑO,044,EL PEÑOL,VOTOS EN BLANCO,38
23,NARIÑO,044,EL PEÑOL,VOTOS NO MARCADOS,5
23,NARIÑO,044,EL PEÑOL,VOTOS NULOS,32
23,NARIÑO,046,EL TAMBO,ENRIQUE GÓMEZ MARTÍNEZ,13
23,NARIÑO,046,EL TAMBO,FEDERICO GUTIÉRREZ,1582
23,NARIÑO,046,EL TAMBO,GUSTAVO PETRO,3783
23,NARIÑO,046,EL TAMBO,INGRID BETANCOURT,10
23,NARIÑO,046,EL TAMBO,JOHN MILTON RODRÍGUEZ,25
23,NARIÑO,046,EL TAMBO,RODOLFO HERNÁNDEZ,1009
23,NARIÑO,046,EL TAMBO,SERGIO FAJARDO,146
23,NARIÑO,046,EL TAMBO,VOTOS EN BLANCO,124
23,NARIÑO,046,EL TAMBO,VOTOS NO MARCADOS,20
23,NARIÑO,046,EL TAMBO,VOTOS NULOS,149
23,NARIÑO,047,FRANCISCO PIZARRO (SALAHONDA),ENRIQUE GÓMEZ MARTÍNEZ,13
23,NARIÑO,047,FRANCISCO PIZARRO (SALAHONDA),FEDERICO GUTIÉRREZ,208
23,NARIÑO,047,FRANCISCO PIZARRO (SALAHONDA),GUSTAVO PETRO,2320
23,NARIÑO,047,FRANCISCO PIZARRO (SALAHONDA),INGRID BETANCOURT,1
23,NARIÑO,047,FRANCISCO PIZARRO (SALAHONDA),JOHN MILTON RODRÍGUEZ,20
23,NARIÑO,047,FRANCISCO PIZARRO (SALAHONDA),LUIS PÉREZ,1
23,NARIÑO,047,FRANCISCO PIZARRO (SALAHONDA),RODOLFO HERNÁNDEZ,86
23,NARIÑO,047,FRANCISCO PIZARRO (SALAHONDA),SERGIO FAJARDO,23
23,NARIÑO,047,FRANCISCO PIZARRO (SALAHONDA),VOTOS EN BLANCO,39
23,NARIÑO,047,FRANCISCO PIZARRO (SALAHONDA),VOTOS NO MARCADOS,4
23,NARIÑO,047,FRANCISCO PIZARRO (SALAHONDA),VOTOS NULOS,35
23,NARIÑO,049,FUNES,ENRIQUE GÓMEZ MARTÍNEZ,2
23,NARIÑO,049,FUNES,FEDERICO GUTIÉRREZ,1059
23,NARIÑO,049,FUNES,GUSTAVO PETRO,1796
23,NARIÑO,049,FUNES,INGRID BETANCOURT,2
23,NARIÑO,049,FUNES,JOHN MILTON RODRÍGUEZ,6
23,NARIÑO,049,FUNES,RODOLFO HERNÁNDEZ,262
23,NARIÑO,049,FUNES,SERGIO FAJARDO,23
23,NARIÑO,049,FUNES,VOTOS EN BLANCO,36
23,NARIÑO,049,FUNES,VOTOS NO MARCADOS,10
23,NARIÑO,049,FUNES,VOTOS NULOS,36
23,NARIÑO,052,GUACHUCAL,ENRIQUE GÓMEZ MARTÍNEZ,14
23,NARIÑO,052,GUACHUCAL,FEDERICO GUTIÉRREZ,852
23,NARIÑO,052,GUACHUCAL,GUSTAVO PETRO,6803
23,NARIÑO,052,GUACHUCAL,INGRID BETANCOURT,7
23,NARIÑO,052,GUACHUCAL,JOHN MILTON RODRÍGUEZ,10
23,NARIÑO,052,GUACHUCAL,LUIS PÉREZ,2
23,NARIÑO,052,GUACHUCAL,RODOLFO HERNÁNDEZ,825
23,NARIÑO,052,GUACHUCAL,SERGIO FAJARDO,108
23,NARIÑO,052,GUACHUCAL,VOTOS EN BLANCO,120
23,NARIÑO,052,GUACHUCAL,VOTOS NO MARCADOS,10
23,NARIÑO,052,GUACHUCAL,VOTOS NULOS,98
23,NARIÑO,055,GUAITARILLA,ENRIQUE GÓMEZ MARTÍNEZ,14
23,NARIÑO,055,GUAITARILLA,FEDERICO GUTIÉRREZ,619
23,NARIÑO,055,GUAITARILLA,GUSTAVO PETRO,4463
23,NARIÑO,055,GUAITARILLA,INGRID BETANCOURT,4
23,NARIÑO,055,GUAITARILLA,JOHN MILTON RODRÍGUEZ,22
23,NARIÑO,055,GUAITARILLA,LUIS PÉREZ,1
23,NARIÑO,055,GUAITARILLA,RODOLFO HERNÁNDEZ,552
23,NARIÑO,055,GUAITARILLA,SERGIO FAJARDO,82
23,NARIÑO,055,GUAITARILLA,VOTOS EN BLANCO,67
23,NARIÑO,055,GUAITARILLA,VOTOS NO MARCADOS,8
23,NARIÑO,055,GUAITARILLA,VOTOS NULOS,68
23,NARIÑO,058,GUALMATAN,ENRIQUE GÓMEZ MARTÍNEZ,5
23,NARIÑO,058,GUALMATAN,FEDERICO GUTIÉRREZ,377
23,NARIÑO,058,GUALMATAN,GUSTAVO PETRO,2169
23,NARIÑO,058,GUALMATAN,INGRID BETANCOURT,5
23,NARIÑO,058,GUALMATAN,JOHN MILTON RODRÍGUEZ,7
23,NARIÑO,058,GUALMATAN,LUIS PÉREZ,1
23,NARIÑO,058,GUALMATAN,RODOLFO HERNÁNDEZ,571
23,NARIÑO,058,GUALMATAN,SERGIO FAJARDO,60
23,NARIÑO,058,GUALMATAN,VOTOS EN BLANCO,92
23,NARIÑO,058,GUALMATAN,VOTOS NO MARCADOS,5
23,NARIÑO,058,GUALMATAN,VOTOS NULOS,48
23,NARIÑO,061,ILES,ENRIQUE GÓMEZ MARTÍNEZ,5
23,NARIÑO,061,ILES,FEDERICO GUTIÉRREZ,362
23,NARIÑO,061,ILES,GUSTAVO PETRO,2685
23,NARIÑO,061,ILES,INGRID BETANCOURT,1
23,NARIÑO,061,ILES,JOHN MILTON RODRÍGUEZ,6
23,NARIÑO,061,ILES,LUIS PÉREZ,1
23,NARIÑO,061,ILES,RODOLFO HERNÁNDEZ,481
23,NARIÑO,061,ILES,SERGIO FAJARDO,59
23,NARIÑO,061,ILES,VOTOS EN BLANCO,27
23,NARIÑO,061,ILES,VOTOS NO MARCADOS,10
23,NARIÑO,061,ILES,VOTOS NULOS,25
23,NARIÑO,064,IMUES,ENRIQUE GÓMEZ MARTÍNEZ,9
23,NARIÑO,064,IMUES,FEDERICO GUTIÉRREZ,544
23,NARIÑO,064,IMUES,GUSTAVO PETRO,2302
23,NARIÑO,064,IMUES,INGRID BETANCOURT,3
23,NARIÑO,064,IMUES,JOHN MILTON RODRÍGUEZ,18
23,NARIÑO,064,IMUES,RODOLFO HERNÁNDEZ,456
23,NARIÑO,064,IMUES,SERGIO FAJARDO,58
23,NARIÑO,064,IMUES,VOTOS EN BLANCO,64
23,NARIÑO,064,IMUES,VOTOS NO MARCADOS,9
23,NARIÑO,064,IMUES,VOTOS NULOS,34
23,NARIÑO,067,IPIALES,ENRIQUE GÓMEZ MARTÍNEZ,140
23,NARIÑO,067,IPIALES,FEDERICO GUTIÉRREZ,5396
23,NARIÑO,067,IPIALES,GUSTAVO PETRO,30477
23,NARIÑO,067,IPIALES,INGRID BETANCOURT,86
23,NARIÑO,067,IPIALES,JOHN MILTON RODRÍGUEZ,494
23,NARIÑO,067,IPIALES,LUIS PÉREZ,26
23,NARIÑO,067,IPIALES,RODOLFO HERNÁNDEZ,8389
23,NARIÑO,067,IPIALES,SERGIO FAJARDO,1406
23,NARIÑO,067,IPIALES,VOTOS EN BLANCO,1060
23,NARIÑO,067,IPIALES,VOTOS NO MARCADOS,107
23,NARIÑO,067,IPIALES,VOTOS NULOS,968
23,NARIÑO,073,LA CRUZ,ENRIQUE GÓMEZ MARTÍNEZ,15
23,NARIÑO,073,LA CRUZ,FEDERICO GUTIÉRREZ,918
23,NARIÑO,073,LA CRUZ,GUSTAVO PETRO,5447
23,NARIÑO,073,LA CRUZ,INGRID BETANCOURT,7
23,NARIÑO,073,LA CRUZ,JOHN MILTON RODRÍGUEZ,50
23,NARIÑO,073,LA CRUZ,LUIS PÉREZ,1
23,NARIÑO,073,LA CRUZ,RODOLFO HERNÁNDEZ,1098
23,NARIÑO,073,LA CRUZ,SERGIO FAJARDO,149
23,NARIÑO,073,LA CRUZ,VOTOS EN BLANCO,160
23,NARIÑO,073,LA CRUZ,VOTOS NO MARCADOS,18
23,NARIÑO,073,LA CRUZ,VOTOS NULOS,106
23,NARIÑO,076,LA FLORIDA,ENRIQUE GÓMEZ MARTÍNEZ,11
23,NARIÑO,076,LA FLORIDA,FEDERICO GUTIÉRREZ,910
23,NARIÑO,076,LA FLORIDA,GUSTAVO PETRO,3988
23,NARIÑO,076,LA FLORIDA,INGRID BETANCOURT,2
23,NARIÑO,076,LA FLORIDA,JOHN MILTON RODRÍGUEZ,19
23,NARIÑO,076,LA FLORIDA,RODOLFO HERNÁNDEZ,382
23,NARIÑO,076,LA FLORIDA,SERGIO FAJARDO,98
23,NARIÑO,076,LA FLORIDA,VOTOS EN BLANCO,62
23,NARIÑO,076,LA FLORIDA,VOTOS NO MARCADOS,13
23,NARIÑO,076,LA FLORIDA,VOTOS NULOS,50
23,NARIÑO,077,LA LLANADA,ENRIQUE GÓMEZ MARTÍNEZ,4
23,NARIÑO,077,LA LLANADA,FEDERICO GUTIÉRREZ,282
23,NARIÑO,077,LA LLANADA,GUSTAVO PETRO,1642
23,NARIÑO,077,LA LLANADA,INGRID BETANCOURT,1
23,NARIÑO,077,LA LLANADA,JOHN MILTON RODRÍGUEZ,52
23,NARIÑO,077,LA LLANADA,LUIS PÉREZ,1
23,NARIÑO,077,LA LLANADA,RODOLFO HERNÁNDEZ,274
23,NARIÑO,077,LA LLANADA,SERGIO FAJARDO,37
23,NARIÑO,077,LA LLANADA,VOTOS EN BLANCO,60
23,NARIÑO,077,LA LLANADA,VOTOS NO MARCADOS,7
23,NARIÑO,077,LA LLANADA,VOTOS NULOS,36
23,NARIÑO,078,LA TOLA,ENRIQUE GÓMEZ MARTÍNEZ,14
23,NARIÑO,078,LA TOLA,FEDERICO GUTIÉRREZ,209
23,NARIÑO,078,LA TOLA,GUSTAVO PETRO,1447
23,NARIÑO,078,LA TOLA,INGRID BETANCOURT,2
23,NARIÑO,078,LA TOLA,JOHN MILTON RODRÍGUEZ,44
23,NARIÑO,078,LA TOLA,LUIS PÉREZ,1
23,NARIÑO,078,LA TOLA,RODOLFO HERNÁNDEZ,140
23,NARIÑO,078,LA TOLA,SERGIO FAJARDO,26
23,NARIÑO,078,LA TOLA,VOTOS EN BLANCO,29
23,NARIÑO,078,LA TOLA,VOTOS NO MARCADOS,8
23,NARIÑO,078,LA TOLA,VOTOS NULOS,23
23,NARIÑO,079,LA UNION,ENRIQUE GÓMEZ MARTÍNEZ,43
23,NARIÑO,079,LA UNION,FEDERICO GUTIÉRREZ,2458
23,NARIÑO,079,LA UNION,GUSTAVO PETRO,6498
23,NARIÑO,079,LA UNION,INGRID BETANCOURT,9
23,NARIÑO,079,LA UNION,JOHN MILTON RODRÍGUEZ,135
23,NARIÑO,079,LA UNION,LUIS PÉREZ,3
23,NARIÑO,079,LA UNION,RODOLFO HERNÁNDEZ,2549
23,NARIÑO,079,LA UNION,SERGIO FAJARDO,211
23,NARIÑO,079,LA UNION,VOTOS EN BLANCO,296
23,NARIÑO,079,LA UNION,VOTOS NO MARCADOS,43
23,NARIÑO,079,LA UNION,VOTOS NULOS,283
23,NARIÑO,080,LEIVA,ENRIQUE GÓMEZ MARTÍNEZ,19
23,NARIÑO,080,LEIVA,FEDERICO GUTIÉRREZ,253
23,NARIÑO,080,LEIVA,GUSTAVO PETRO,4760
23,NARIÑO,080,LEIVA,INGRID BETANCOURT,2
23,NARIÑO,080,LEIVA,JOHN MILTON RODRÍGUEZ,31
23,NARIÑO,080,LEIVA,RODOLFO HERNÁNDEZ,311
23,NARIÑO,080,LEIVA,SERGIO FAJARDO,47
23,NARIÑO,080,LEIVA,VOTOS EN BLANCO,81
23,NARIÑO,080,LEIVA,VOTOS NO MARCADOS,18
23,NARIÑO,080,LEIVA,VOTOS NULOS,39
23,NARIÑO,082,LINARES,ENRIQUE GÓMEZ MARTÍNEZ,11
23,NARIÑO,082,LINARES,FEDERICO GUTIÉRREZ,481
23,NARIÑO,082,LINARES,GUSTAVO PETRO,3711
23,NARIÑO,082,LINARES,INGRID BETANCOURT,1
23,NARIÑO,082,LINARES,JOHN MILTON RODRÍGUEZ,51
23,NARIÑO,082,LINARES,LUIS PÉREZ,1
23,NARIÑO,082,LINARES,RODOLFO HERNÁNDEZ,272
23,NARIÑO,082,LINARES,SERGIO FAJARDO,64
23,NARIÑO,082,LINARES,VOTOS EN BLANCO,83
23,NARIÑO,082,LINARES,VOTOS NO MARCADOS,7
23,NARIÑO,082,LINARES,VOTOS NULOS,51
23,NARIÑO,085,LOS ANDES (SOTOMAYOR),ENRIQUE GÓMEZ MARTÍNEZ,11
23,NARIÑO,085,LOS ANDES (SOTOMAYOR),FEDERICO GUTIÉRREZ,354
23,NARIÑO,085,LOS ANDES (SOTOMAYOR),GUSTAVO PETRO,3554
23,NARIÑO,085,LOS ANDES (SOTOMAYOR),INGRID BETANCOURT,7
23,NARIÑO,085,LOS ANDES (SOTOMAYOR),JOHN MILTON RODRÍGUEZ,41
23,NARIÑO,085,LOS ANDES (SOTOMAYOR),RODOLFO HERNÁNDEZ,394
23,NARIÑO,085,LOS ANDES (SOTOMAYOR),SERGIO FAJARDO,66
23,NARIÑO,085,LOS ANDES (SOTOMAYOR),VOTOS EN BLANCO,85
23,NARIÑO,085,LOS ANDES (SOTOMAYOR),VOTOS NO MARCADOS,6
23,NARIÑO,085,LOS ANDES (SOTOMAYOR),VOTOS NULOS,67
23,NARIÑO,088,MAGUI (PAYAN),ENRIQUE GÓMEZ MARTÍNEZ,9
23,NARIÑO,088,MAGUI (PAYAN),FEDERICO GUTIÉRREZ,84
23,NARIÑO,088,MAGUI (PAYAN),GUSTAVO PETRO,2584
23,NARIÑO,088,MAGUI (PAYAN),INGRID BETANCOURT,10
23,NARIÑO,088,MAGUI (PAYAN),JOHN MILTON RODRÍGUEZ,16
23,NARIÑO,088,MAGUI (PAYAN),LUIS PÉREZ,2
23,NARIÑO,088,MAGUI (PAYAN),RODOLFO HERNÁNDEZ,58
23,NARIÑO,088,MAGUI (PAYAN),SERGIO FAJARDO,28
23,NARIÑO,088,MAGUI (PAYAN),VOTOS EN BLANCO,26
23,NARIÑO,088,MAGUI (PAYAN),VOTOS NO MARCADOS,5
23,NARIÑO,088,MAGUI (PAYAN),VOTOS NULOS,21
23,NARIÑO,091,MALLAMA (PIEDRANCHA),ENRIQUE GÓMEZ MARTÍNEZ,5
23,NARIÑO,091,MALLAMA (PIEDRANCHA),FEDERICO GUTIÉRREZ,196
23,NARIÑO,091,MALLAMA (PIEDRANCHA),GUSTAVO PETRO,2871
23,NARIÑO,091,MALLAMA (PIEDRANCHA),INGRID BETANCOURT,6
23,NARIÑO,091,MALLAMA (PIEDRANCHA),JOHN MILTON RODRÍGUEZ,7
23,NARIÑO,091,MALLAMA (PIEDRANCHA),RODOLFO HERNÁNDEZ,235
23,NARIÑO,091,MALLAMA (PIEDRANCHA),SERGIO FAJARDO,32
23,NARIÑO,091,MALLAMA (PIEDRANCHA),VOTOS EN BLANCO,47
23,NARIÑO,091,MALLAMA (PIEDRANCHA),VOTOS NO MARCADOS,9
23,NARIÑO,091,MALLAMA (PIEDRANCHA),VOTOS NULOS,29
23,NARIÑO,094,MOSQUERA,ENRIQUE GÓMEZ MARTÍNEZ,3
23,NARIÑO,094,MOSQUERA,FEDERICO GUTIÉRREZ,97
23,NARIÑO,094,MOSQUERA,GUSTAVO PETRO,2589
23,NARIÑO,094,MOSQUERA,INGRID BETANCOURT,1
23,NARIÑO,094,MOSQUERA,JOHN MILTON RODRÍGUEZ,19
23,NARIÑO,094,MOSQUERA,RODOLFO HERNÁNDEZ,81
23,NARIÑO,094,MOSQUERA,SERGIO FAJARDO,27
23,NARIÑO,094,MOSQUERA,VOTOS EN BLANCO,28
23,NARIÑO,094,MOSQUERA,VOTOS NO MARCADOS,7
23,NARIÑO,094,MOSQUERA,VOTOS NULOS,25
23,NARIÑO,095,OLAYA HERRERA,ENRIQUE GÓMEZ MARTÍNEZ,55
23,NARIÑO,095,OLAYA HERRERA,FEDERICO GUTIÉRREZ,417
23,NARIÑO,095,OLAYA HERRERA,GUSTAVO PETRO,5240
23,NARIÑO,095,OLAYA HERRERA,INGRID BETANCOURT,16
23,NARIÑO,095,OLAYA HERRERA,JOHN MILTON RODRÍGUEZ,136
23,NARIÑO,095,OLAYA HERRERA,LUIS PÉREZ,8
23,NARIÑO,095,OLAYA HERRERA,RODOLFO HERNÁNDEZ,281
23,NARIÑO,095,OLAYA HERRERA,SERGIO FAJARDO,115
23,NARIÑO,095,OLAYA HERRERA,VOTOS EN BLANCO,115
23,NARIÑO,095,OLAYA HERRERA,VOTOS NO MARCADOS,43
23,NARIÑO,095,OLAYA HERRERA,VOTOS NULOS,177
23,NARIÑO,096,NARIÑO,ENRIQUE GÓMEZ MARTÍNEZ,5
23,NARIÑO,096,NARIÑO,FEDERICO GUTIÉRREZ,429
23,NARIÑO,096,NARIÑO,GUSTAVO PETRO,2004
23,NARIÑO,096,NARIÑO,INGRID BETANCOURT,2
23,NARIÑO,096,NARIÑO,JOHN MILTON RODRÍGUEZ,13
23,NARIÑO,096,NARIÑO,RODOLFO HERNÁNDEZ,403
23,NARIÑO,096,NARIÑO,SERGIO FAJARDO,86
23,NARIÑO,096,NARIÑO,VOTOS EN BLANCO,50
23,NARIÑO,096,NARIÑO,VOTOS NO MARCADOS,8
23,NARIÑO,096,NARIÑO,VOTOS NULOS,62
23,NARIÑO,097,OSPINA,ENRIQUE GÓMEZ MARTÍNEZ,14
23,NARIÑO,097,OSPINA,FEDERICO GUTIÉRREZ,480
23,NARIÑO,097,OSPINA,GUSTAVO PETRO,1503
23,NARIÑO,097,OSPINA,INGRID BETANCOURT,6
23,NARIÑO,097,OSPINA,JOHN MILTON RODRÍGUEZ,4
23,NARIÑO,097,OSPINA,LUIS PÉREZ,2
23,NARIÑO,097,OSPINA,RODOLFO HERNÁNDEZ,570
23,NARIÑO,097,OSPINA,SERGIO FAJARDO,60
23,NARIÑO,097,OSPINA,VOTOS EN BLANCO,112
23,NARIÑO,097,OSPINA,VOTOS NO MARCADOS,15
23,NARIÑO,097,OSPINA,VOTOS NULOS,50
23,NARIÑO,098,POLICARPA,ENRIQUE GÓMEZ MARTÍNEZ,13
23,NARIÑO,098,POLICARPA,FEDERICO GUTIÉRREZ,144
23,NARIÑO,098,POLICARPA,GUSTAVO PETRO,5385
23,NARIÑO,098,POLICARPA,INGRID BETANCOURT,11
23,NARIÑO,098,POLICARPA,JOHN MILTON RODRÍGUEZ,24
23,NARIÑO,098,POLICARPA,LUIS PÉREZ,1
23,NARIÑO,098,POLICARPA,RODOLFO HERNÁNDEZ,270
23,NARIÑO,098,POLICARPA,SERGIO FAJARDO,46
23,NARIÑO,098,POLICARPA,VOTOS EN BLANCO,98
23,NARIÑO,098,POLICARPA,VOTOS NO MARCADOS,14
23,NARIÑO,098,POLICARPA,VOTOS NULOS,66
23,NARIÑO,100,POTOSI,ENRIQUE GÓMEZ MARTÍNEZ,10
23,NARIÑO,100,POTOSI,FEDERICO GUTIÉRREZ,531
23,NARIÑO,100,POTOSI,GUSTAVO PETRO,2724
23,NARIÑO,100,POTOSI,INGRID BETANCOURT,4
23,NARIÑO,100,POTOSI,JOHN MILTON RODRÍGUEZ,18
23,NARIÑO,100,POTOSI,LUIS PÉREZ,3
23,NARIÑO,100,POTOSI,RODOLFO HERNÁNDEZ,1103
23,NARIÑO,100,POTOSI,SERGIO FAJARDO,100
23,NARIÑO,100,POTOSI,VOTOS EN BLANCO,84
23,NARIÑO,100,POTOSI,VOTOS NO MARCADOS,13
23,NARIÑO,100,POTOSI,VOTOS NULOS,41
23,NARIÑO,101,PROVIDENCIA,ENRIQUE GÓMEZ MARTÍNEZ,8
23,NARIÑO,101,PROVIDENCIA,FEDERICO GUTIÉRREZ,240
23,NARIÑO,101,PROVIDENCIA,GUSTAVO PETRO,2511
23,NARIÑO,101,PROVIDENCIA,INGRID BETANCOURT,2
23,NARIÑO,101,PROVIDENCIA,JOHN MILTON RODRÍGUEZ,8
23,NARIÑO,101,PROVIDENCIA,LUIS PÉREZ,1
23,NARIÑO,101,PROVIDENCIA,RODOLFO HERNÁNDEZ,97
23,NARIÑO,101,PROVIDENCIA,SERGIO FAJARDO,21
23,NARIÑO,101,PROVIDENCIA,VOTOS EN BLANCO,34
23,NARIÑO,101,PROVIDENCIA,VOTOS NO MARCADOS,6
23,NARIÑO,101,PROVIDENCIA,VOTOS NULOS,10
23,NARIÑO,103,PUERRES,ENRIQUE GÓMEZ MARTÍNEZ,3
23,NARIÑO,103,PUERRES,FEDERICO GUTIÉRREZ,610
23,NARIÑO,103,PUERRES,GUSTAVO PETRO,3508
23,NARIÑO,103,PUERRES,INGRID BETANCOURT,4
23,NARIÑO,103,PUERRES,JOHN MILTON RODRÍGUEZ,5
23,NARIÑO,103,PUERRES,RODOLFO HERNÁNDEZ,499
23,NARIÑO,103,PUERRES,SERGIO FAJARDO,78
23,NARIÑO,103,PUERRES,VOTOS EN BLANCO,74
23,NARIÑO,103,PUERRES,VOTOS NO MARCADOS,7
23,NARIÑO,103,PUERRES,VOTOS NULOS,48
23,NARIÑO,106,PUPIALES,ENRIQUE GÓMEZ MARTÍNEZ,18
23,NARIÑO,106,PUPIALES,FEDERICO GUTIÉRREZ,828
23,NARIÑO,106,PUPIALES,GUSTAVO PETRO,4801
23,NARIÑO,106,PUPIALES,INGRID BETANCOURT,13
23,NARIÑO,106,PUPIALES,JOHN MILTON RODRÍGUEZ,13
23,NARIÑO,106,PUPIALES,LUIS PÉREZ,3
23,NARIÑO,106,PUPIALES,RODOLFO HERNÁNDEZ,2358
23,NARIÑO,106,PUPIALES,SERGIO FAJARDO,193
23,NARIÑO,106,PUPIALES,VOTOS EN BLANCO,197
23,NARIÑO,106,PUPIALES,VOTOS NO MARCADOS,25
23,NARIÑO,106,PUPIALES,VOTOS NULOS,180
23,NARIÑO,109,RICAURTE,ENRIQUE GÓMEZ MARTÍNEZ,29
23,NARIÑO,109,RICAURTE,FEDERICO GUTIÉRREZ,395
23,NARIÑO,109,RICAURTE,GUSTAVO PETRO,5261
23,NARIÑO,109,RICAURTE,INGRID BETANCOURT,16
23,NARIÑO,109,RICAURTE,JOHN MILTON RODRÍGUEZ,23
23,NARIÑO,109,RICAURTE,LUIS PÉREZ,3
23,NARIÑO,109,RICAURTE,RODOLFO HERNÁNDEZ,317
23,NARIÑO,109,RICAURTE,SERGIO FAJARDO,58
23,NARIÑO,109,RICAURTE,VOTOS EN BLANCO,73
23,NARIÑO,109,RICAURTE,VOTOS NO MARCADOS,17
23,NARIÑO,109,RICAURTE,VOTOS NULOS,85
23,NARIÑO,112,ROBERTO PAYAN (SAN JOSE),ENRIQUE GÓMEZ MARTÍNEZ,13
23,NARIÑO,112,ROBERTO PAYAN (SAN JOSE),FEDERICO GUTIÉRREZ,128
23,NARIÑO,112,ROBERTO PAYAN (SAN JOSE),GUSTAVO PETRO,3565
23,NARIÑO,112,ROBERTO PAYAN (SAN JOSE),INGRID BETANCOURT,4
23,NARIÑO,112,ROBERTO PAYAN (SAN JOSE),JOHN MILTON RODRÍGUEZ,12
23,NARIÑO,112,ROBERTO PAYAN (SAN JOSE),LUIS PÉREZ,2
23,NARIÑO,112,ROBERTO PAYAN (SAN JOSE),RODOLFO HERNÁNDEZ,85
23,NARIÑO,112,ROBERTO PAYAN (SAN JOSE),SERGIO FAJARDO,40
23,NARIÑO,112,ROBERTO PAYAN (SAN JOSE),VOTOS EN BLANCO,27
23,NARIÑO,112,ROBERTO PAYAN (SAN JOSE),VOTOS NO MARCADOS,10
23,NARIÑO,112,ROBERTO PAYAN (SAN JOSE),VOTOS NULOS,36
23,NARIÑO,115,SAMANIEGO,ENRIQUE GÓMEZ MARTÍNEZ,5
23,NARIÑO,115,SAMANIEGO,FEDERICO GUTIÉRREZ,738
23,NARIÑO,115,SAMANIEGO,GUSTAVO PETRO,10941
23,NARIÑO,115,SAMANIEGO,INGRID BETANCOURT,5
23,NARIÑO,115,SAMANIEGO,JOHN MILTON RODRÍGUEZ,136
23,NARIÑO,115,SAMANIEGO,LUIS PÉREZ,1
23,NARIÑO,115,SAMANIEGO,RODOLFO HERNÁNDEZ,515
23,NARIÑO,115,SAMANIEGO,SERGIO FAJARDO,128
23,NARIÑO,115,SAMANIEGO,VOTOS EN BLANCO,154
23,NARIÑO,115,SAMANIEGO,VOTOS NO MARCADOS,18
23,NARIÑO,115,SAMANIEGO,VOTOS NULOS,127
23,NARIÑO,118,SANDONA,ENRIQUE GÓMEZ MARTÍNEZ,9
23,NARIÑO,118,SANDONA,FEDERICO GUTIÉRREZ,1371
23,NARIÑO,118,SANDONA,GUSTAVO PETRO,6187
23,NARIÑO,118,SANDONA,INGRID BETANCOURT,8
23,NARIÑO,118,SANDONA,JOHN MILTON RODRÍGUEZ,46
23,NARIÑO,118,SANDONA,LUIS PÉREZ,2
23,NARIÑO,118,SANDONA,RODOLFO HERNÁNDEZ,1029
23,NARIÑO,118,SANDONA,SERGIO FAJARDO,237
23,NARIÑO,118,SANDONA,VOTOS EN BLANCO,190
23,NARIÑO,118,SANDONA,VOTOS NO MARCADOS,23
23,NARIÑO,118,SANDONA,VOTOS NULOS,130
23,NARIÑO,120,SAN BERNARDO,ENRIQUE GÓMEZ MARTÍNEZ,7
23,NARIÑO,120,SAN BERNARDO,FEDERICO GUTIÉRREZ,814
23,NARIÑO,120,SAN BERNARDO,GUSTAVO PETRO,2049
23,NARIÑO,120,SAN BERNARDO,JOHN MILTON RODRÍGUEZ,13
23,NARIÑO,120,SAN BERNARDO,LUIS PÉREZ,1
23,NARIÑO,120,SAN BERNARDO,RODOLFO HERNÁNDEZ,828
23,NARIÑO,120,SAN BERNARDO,SERGIO FAJARDO,56
23,NARIÑO,120,SAN BERNARDO,VOTOS EN BLANCO,85
23,NARIÑO,120,SAN BERNARDO,VOTOS NO MARCADOS,7
23,NARIÑO,120,SAN BERNARDO,VOTOS NULOS,44
23,NARIÑO,121,SAN LORENZO,ENRIQUE GÓMEZ MARTÍNEZ,62
23,NARIÑO,121,SAN LORENZO,FEDERICO GUTIÉRREZ,1383
23,NARIÑO,121,SAN LORENZO,GUSTAVO PETRO,4562
23,NARIÑO,121,SAN LORENZO,INGRID BETANCOURT,7
23,NARIÑO,121,SAN LORENZO,JOHN MILTON RODRÍGUEZ,39
23,NARIÑO,121,SAN LORENZO,LUIS PÉREZ,3
23,NARIÑO,121,SAN LORENZO,RODOLFO HERNÁNDEZ,882
23,NARIÑO,121,SAN LORENZO,SERGIO FAJARDO,162
23,NARIÑO,121,SAN LORENZO,VOTOS EN BLANCO,159
23,NARIÑO,121,SAN LORENZO,VOTOS NO MARCADOS,37
23,NARIÑO,121,SAN LORENZO,VOTOS NULOS,181
23,NARIÑO,123,SAN PEDRO DE CARTAGO,ENRIQUE GÓMEZ MARTÍNEZ,4
23,NARIÑO,123,SAN PEDRO DE CARTAGO,FEDERICO GUTIÉRREZ,488
23,NARIÑO,123,SAN PEDRO DE CARTAGO,GUSTAVO PETRO,1286
23,NARIÑO,123,SAN PEDRO DE CARTAGO,INGRID BETANCOURT,2
23,NARIÑO,123,SAN PEDRO DE CARTAGO,JOHN MILTON RODRÍGUEZ,17
23,NARIÑO,123,SAN PEDRO DE CARTAGO,LUIS PÉREZ,1
23,NARIÑO,123,SAN PEDRO DE CARTAGO,RODOLFO HERNÁNDEZ,945
23,NARIÑO,123,SAN PEDRO DE CARTAGO,SERGIO FAJARDO,64
23,NARIÑO,123,SAN PEDRO DE CARTAGO,VOTOS EN BLANCO,73
23,NARIÑO,123,SAN PEDRO DE CARTAGO,VOTOS NO MARCADOS,15
23,NARIÑO,123,SAN PEDRO DE CARTAGO,VOTOS NULOS,43
23,NARIÑO,124,SAN PABLO,ENRIQUE GÓMEZ MARTÍNEZ,4
23,NARIÑO,124,SAN PABLO,FEDERICO GUTIÉRREZ,486
23,NARIÑO,124,SAN PABLO,GUSTAVO PETRO,5713
23,NARIÑO,124,SAN PABLO,INGRID BETANCOURT,1
23,NARIÑO,124,SAN PABLO,JOHN MILTON RODRÍGUEZ,46
23,NARIÑO,124,SAN PABLO,RODOLFO HERNÁNDEZ,303
23,NARIÑO,124,SAN PABLO,SERGIO FAJARDO,61
23,NARIÑO,124,SAN PABLO,VOTOS EN BLANCO,74
23,NARIÑO,124,SAN PABLO,VOTOS NO MARCADOS,14
23,NARIÑO,124,SAN PABLO,VOTOS NULOS,67
23,NARIÑO,125,SANTA BARBARA (ISCUANDE),ENRIQUE GÓMEZ MARTÍNEZ,22
23,NARIÑO,125,SANTA BARBARA (ISCUANDE),FEDERICO GUTIÉRREZ,140
23,NARIÑO,125,SANTA BARBARA (ISCUANDE),GUSTAVO PETRO,1682
23,NARIÑO,125,SANTA BARBARA (ISCUANDE),INGRID BETANCOURT,4
23,NARIÑO,125,SANTA BARBARA (ISCUANDE),JOHN MILTON RODRÍGUEZ,29
23,NARIÑO,125,SANTA BARBARA (ISCUANDE),LUIS PÉREZ,1
23,NARIÑO,125,SANTA BARBARA (ISCUANDE),RODOLFO HERNÁNDEZ,117
23,NARIÑO,125,SANTA BARBARA (ISCUANDE),SERGIO FAJARDO,28
23,NARIÑO,125,SANTA BARBARA (ISCUANDE),VOTOS EN BLANCO,28
23,NARIÑO,125,SANTA BARBARA (ISCUANDE),VOTOS NO MARCADOS,7
23,NARIÑO,125,SANTA BARBARA (ISCUANDE),VOTOS NULOS,21
23,NARIÑO,127,SANTACRUZ (GUACHAVES),ENRIQUE GÓMEZ MARTÍNEZ,14
23,NARIÑO,127,SANTACRUZ (GUACHAVES),FEDERICO GUTIÉRREZ,200
23,NARIÑO,127,SANTACRUZ (GUACHAVES),GUSTAVO PETRO,3442
23,NARIÑO,127,SANTACRUZ (GUACHAVES),INGRID BETANCOURT,3
23,NARIÑO,127,SANTACRUZ (GUACHAVES),JOHN MILTON RODRÍGUEZ,16
23,NARIÑO,127,SANTACRUZ (GUACHAVES),LUIS PÉREZ,4
23,NARIÑO,127,SANTACRUZ (GUACHAVES),RODOLFO HERNÁNDEZ,201
23,NARIÑO,127,SANTACRUZ (GUACHAVES),SERGIO FAJARDO,31
23,NARIÑO,127,SANTACRUZ (GUACHAVES),VOTOS EN BLANCO,54
23,NARIÑO,127,SANTACRUZ (GUACHAVES),VOTOS NO MARCADOS,9
23,NARIÑO,127,SANTACRUZ (GUACHAVES),VOTOS NULOS,24
23,NARIÑO,130,SAPUYES,ENRIQUE GÓMEZ MARTÍNEZ,3
23,NARIÑO,130,SAPUYES,FEDERICO GUTIÉRREZ,553
23,NARIÑO,130,SAPUYES,GUSTAVO PETRO,2009
23,NARIÑO,130,SAPUYES,INGRID BETANCOURT,1
23,NARIÑO,130,SAPUYES,JOHN MILTON RODRÍGUEZ,4
23,NARIÑO,130,SAPUYES,RODOLFO HERNÁNDEZ,307
23,NARIÑO,130,SAPUYES,SERGIO FAJARDO,98
23,NARIÑO,130,SAPUYES,VOTOS EN BLANCO,59
23,NARIÑO,130,SAPUYES,VOTOS NO MARCADOS,9
23,NARIÑO,130,SAPUYES,VOTOS NULOS,36
23,NARIÑO,133,TAMINANGO,ENRIQUE GÓMEZ MARTÍNEZ,5
23,NARIÑO,133,TAMINANGO,FEDERICO GUTIÉRREZ,644
23,NARIÑO,133,TAMINANGO,GUSTAVO PETRO,6868
23,NARIÑO,133,TAMINANGO,INGRID BETANCOURT,1
23,NARIÑO,133,TAMINANGO,JOHN MILTON RODRÍGUEZ,5
23,NARIÑO,133,TAMINANGO,RODOLFO HERNÁNDEZ,228
23,NARIÑO,133,TAMINANGO,SERGIO FAJARDO,53
23,NARIÑO,133,TAMINANGO,VOTOS EN BLANCO,91
23,NARIÑO,133,TAMINANGO,VOTOS NO MARCADOS,7
23,NARIÑO,133,TAMINANGO,VOTOS NULOS,51
23,NARIÑO,136,TANGUA,ENRIQUE GÓMEZ MARTÍNEZ,12
23,NARIÑO,136,TANGUA,FEDERICO GUTIÉRREZ,716
23,NARIÑO,136,TANGUA,GUSTAVO PETRO,3330
23,NARIÑO,136,TANGUA,INGRID BETANCOURT,3
23,NARIÑO,136,TANGUA,JOHN MILTON RODRÍGUEZ,28
23,NARIÑO,136,TANGUA,LUIS PÉREZ,3
23,NARIÑO,136,TANGUA,RODOLFO HERNÁNDEZ,577
23,NARIÑO,136,TANGUA,SERGIO FAJARDO,81
23,NARIÑO,136,TANGUA,VOTOS EN BLANCO,83
23,NARIÑO,136,TANGUA,VOTOS NO MARCADOS,12
23,NARIÑO,136,TANGUA,VOTOS NULOS,91
23,NARIÑO,139,TUMACO,ENRIQUE GÓMEZ MARTÍNEZ,228
23,NARIÑO,139,TUMACO,FEDERICO GUTIÉRREZ,10747
23,NARIÑO,139,TUMACO,GUSTAVO PETRO,28861
23,NARIÑO,139,TUMACO,INGRID BETANCOURT,103
23,NARIÑO,139,TUMACO,JOHN MILTON RODRÍGUEZ,960
23,NARIÑO,139,TUMACO,LUIS PÉREZ,57
23,NARIÑO,139,TUMACO,RODOLFO HERNÁNDEZ,4453
23,NARIÑO,139,TUMACO,SERGIO FAJARDO,1284
23,NARIÑO,139,TUMACO,VOTOS EN BLANCO,1236
23,NARIÑO,139,TUMACO,VOTOS NO MARCADOS,272
23,NARIÑO,139,TUMACO,VOTOS NULOS,1063
23,NARIÑO,142,TUQUERRES,ENRIQUE GÓMEZ MARTÍNEZ,35
23,NARIÑO,142,TUQUERRES,FEDERICO GUTIÉRREZ,2383
23,NARIÑO,142,TUQUERRES,GUSTAVO PETRO,14431
23,NARIÑO,142,TUQUERRES,INGRID BETANCOURT,11
23,NARIÑO,142,TUQUERRES,JOHN MILTON RODRÍGUEZ,45
23,NARIÑO,142,TUQUERRES,LUIS PÉREZ,5
23,NARIÑO,142,TUQUERRES,RODOLFO HERNÁNDEZ,1649
23,NARIÑO,142,TUQUERRES,SERGIO FAJARDO,288
23,NARIÑO,142,TUQUERRES,VOTOS EN BLANCO,328
23,NARIÑO,142,TUQUERRES,VOTOS NO MARCADOS,59
23,NARIÑO,142,TUQUERRES,VOTOS NULOS,363
23,NARIÑO,145,YACUANQUER,ENRIQUE GÓMEZ MARTÍNEZ,17
23,NARIÑO,145,YACUANQUER,FEDERICO GUTIÉRREZ,807
23,NARIÑO,145,YACUANQUER,GUSTAVO PETRO,3942
23,NARIÑO,145,YACUANQUER,INGRID BETANCOURT,7
23,NARIÑO,145,YACUANQUER,JOHN MILTON RODRÍGUEZ,13
23,NARIÑO,145,YACUANQUER,LUIS PÉREZ,2
23,NARIÑO,145,YACUANQUER,RODOLFO HERNÁNDEZ,477
23,NARIÑO,145,YACUANQUER,SERGIO FAJARDO,88
23,NARIÑO,145,YACUANQUER,VOTOS EN BLANCO,74
23,NARIÑO,145,YACUANQUER,VOTOS NO MARCADOS,22
23,NARIÑO,145,YACUANQUER,VOTOS NULOS,123
24,RISARALDA,001,PEREIRA,ENRIQUE GÓMEZ MARTÍNEZ,498
24,RISARALDA,001,PEREIRA,FEDERICO GUTIÉRREZ,64110
24,RISARALDA,001,PEREIRA,GUSTAVO PETRO,88954
24,RISARALDA,001,PEREIRA,INGRID BETANCOURT,215
24,RISARALDA,001,PEREIRA,JOHN MILTON RODRÍGUEZ,2740
24,RISARALDA,001,PEREIRA,LUIS PÉREZ,150
24,RISARALDA,001,PEREIRA,RODOLFO HERNÁNDEZ,70925
24,RISARALDA,001,PEREIRA,SERGIO FAJARDO,13652
24,RISARALDA,001,PEREIRA,VOTOS EN BLANCO,5127
24,RISARALDA,001,PEREIRA,VOTOS NO MARCADOS,391
24,RISARALDA,001,PEREIRA,VOTOS NULOS,3981
24,RISARALDA,008,APIA,ENRIQUE GÓMEZ MARTÍNEZ,13
24,RISARALDA,008,APIA,FEDERICO GUTIÉRREZ,1421
24,RISARALDA,008,APIA,GUSTAVO PETRO,1188
24,RISARALDA,008,APIA,INGRID BETANCOURT,10
24,RISARALDA,008,APIA,JOHN MILTON RODRÍGUEZ,46
24,RISARALDA,008,APIA,LUIS PÉREZ,2
24,RISARALDA,008,APIA,RODOLFO HERNÁNDEZ,2473
24,RISARALDA,008,APIA,SERGIO FAJARDO,191
24,RISARALDA,008,APIA,VOTOS EN BLANCO,136
24,RISARALDA,008,APIA,VOTOS NO MARCADOS,14
24,RISARALDA,008,APIA,VOTOS NULOS,140
24,RISARALDA,013,BALBOA,ENRIQUE GÓMEZ MARTÍNEZ,6
24,RISARALDA,013,BALBOA,FEDERICO GUTIÉRREZ,514
24,RISARALDA,013,BALBOA,GUSTAVO PETRO,718
24,RISARALDA,013,BALBOA,INGRID BETANCOURT,3
24,RISARALDA,013,BALBOA,JOHN MILTON RODRÍGUEZ,26
24,RISARALDA,013,BALBOA,LUIS PÉREZ,1
24,RISARALDA,013,BALBOA,RODOLFO HERNÁNDEZ,1322
24,RISARALDA,013,BALBOA,SERGIO FAJARDO,66
24,RISARALDA,013,BALBOA,VOTOS EN BLANCO,56
24,RISARALDA,013,BALBOA,VOTOS NO MARCADOS,11
24,RISARALDA,013,BALBOA,VOTOS NULOS,59
24,RISARALDA,021,BELEN DE UMBRIA,ENRIQUE GÓMEZ MARTÍNEZ,27
24,RISARALDA,021,BELEN DE UMBRIA,FEDERICO GUTIÉRREZ,2584
24,RISARALDA,021,BELEN DE UMBRIA,GUSTAVO PETRO,2360
24,RISARALDA,021,BELEN DE UMBRIA,INGRID BETANCOURT,24
24,RISARALDA,021,BELEN DE UMBRIA,JOHN MILTON RODRÍGUEZ,31
24,RISARALDA,021,BELEN DE UMBRIA,LUIS PÉREZ,6
24,RISARALDA,021,BELEN DE UMBRIA,RODOLFO HERNÁNDEZ,5628
24,RISARALDA,021,BELEN DE UMBRIA,SERGIO FAJARDO,338
24,RISARALDA,021,BELEN DE UMBRIA,VOTOS EN BLANCO,280
24,RISARALDA,021,BELEN DE UMBRIA,VOTOS NO MARCADOS,52
24,RISARALDA,021,BELEN DE UMBRIA,VOTOS NULOS,265
24,RISARALDA,025,DOSQUEBRADAS,ENRIQUE GÓMEZ MARTÍNEZ,204
24,RISARALDA,025,DOSQUEBRADAS,FEDERICO GUTIÉRREZ,22076
24,RISARALDA,025,DOSQUEBRADAS,GUSTAVO PETRO,38186
24,RISARALDA,025,DOSQUEBRADAS,INGRID BETANCOURT,106
24,RISARALDA,025,DOSQUEBRADAS,JOHN MILTON RODRÍGUEZ,1365
24,RISARALDA,025,DOSQUEBRADAS,LUIS PÉREZ,70
24,RISARALDA,025,DOSQUEBRADAS,RODOLFO HERNÁNDEZ,31521
24,RISARALDA,025,DOSQUEBRADAS,SERGIO FAJARDO,4826
24,RISARALDA,025,DOSQUEBRADAS,VOTOS EN BLANCO,2181
24,RISARALDA,025,DOSQUEBRADAS,VOTOS NO MARCADOS,152
24,RISARALDA,025,DOSQUEBRADAS,VOTOS NULOS,1924
24,RISARALDA,029,GUATICA,ENRIQUE GÓMEZ MARTÍNEZ,11
24,RISARALDA,029,GUATICA,FEDERICO GUTIÉRREZ,1666
24,RISARALDA,029,GUATICA,GUSTAVO PETRO,1197
24,RISARALDA,029,GUATICA,INGRID BETANCOURT,6
24,RISARALDA,029,GUATICA,JOHN MILTON RODRÍGUEZ,22
24,RISARALDA,029,GUATICA,LUIS PÉREZ,2
24,RISARALDA,029,GUATICA,RODOLFO HERNÁNDEZ,2453
24,RISARALDA,029,GUATICA,SERGIO FAJARDO,143
24,RISARALDA,029,GUATICA,VOTOS EN BLANCO,101
24,RISARALDA,029,GUATICA,VOTOS NO MARCADOS,34
24,RISARALDA,029,GUATICA,VOTOS NULOS,117
24,RISARALDA,038,LA CELIA,ENRIQUE GÓMEZ MARTÍNEZ,7
24,RISARALDA,038,LA CELIA,FEDERICO GUTIÉRREZ,802
24,RISARALDA,038,LA CELIA,GUSTAVO PETRO,708
24,RISARALDA,038,LA CELIA,INGRID BETANCOURT,4
24,RISARALDA,038,LA CELIA,JOHN MILTON RODRÍGUEZ,19
24,RISARALDA,038,LA CELIA,LUIS PÉREZ,3
24,RISARALDA,038,LA CELIA,RODOLFO HERNÁNDEZ,1824
24,RISARALDA,038,LA CELIA,SERGIO FAJARDO,70
24,RISARALDA,038,LA CELIA,VOTOS EN BLANCO,44
24,RISARALDA,038,LA CELIA,VOTOS NO MARCADOS,10
24,RISARALDA,038,LA CELIA,VOTOS NULOS,62
24,RISARALDA,046,LA VIRGINIA,ENRIQUE GÓMEZ MARTÍNEZ,26
24,RISARALDA,046,LA VIRGINIA,FEDERICO GUTIÉRREZ,3261
24,RISARALDA,046,LA VIRGINIA,GUSTAVO PETRO,6500
24,RISARALDA,046,LA VIRGINIA,INGRID BETANCOURT,15
24,RISARALDA,046,LA VIRGINIA,JOHN MILTON RODRÍGUEZ,125
24,RISARALDA,046,LA VIRGINIA,LUIS PÉREZ,9
24,RISARALDA,046,LA VIRGINIA,RODOLFO HERNÁNDEZ,6119
24,RISARALDA,046,LA VIRGINIA,SERGIO FAJARDO,405
24,RISARALDA,046,LA VIRGINIA,VOTOS EN BLANCO,429
24,RISARALDA,046,LA VIRGINIA,VOTOS NO MARCADOS,37
24,RISARALDA,046,LA VIRGINIA,VOTOS NULOS,521
24,RISARALDA,054,MARSELLA,ENRIQUE GÓMEZ MARTÍNEZ,10
24,RISARALDA,054,MARSELLA,FEDERICO GUTIÉRREZ,2527
24,RISARALDA,054,MARSELLA,GUSTAVO PETRO,2356
24,RISARALDA,054,MARSELLA,INGRID BETANCOURT,5
24,RISARALDA,054,MARSELLA,JOHN MILTON RODRÍGUEZ,72
24,RISARALDA,054,MARSELLA,LUIS PÉREZ,4
24,RISARALDA,054,MARSELLA,RODOLFO HERNÁNDEZ,2353
24,RISARALDA,054,MARSELLA,SERGIO FAJARDO,212
24,RISARALDA,054,MARSELLA,VOTOS EN BLANCO,137
24,RISARALDA,054,MARSELLA,VOTOS NO MARCADOS,40
24,RISARALDA,054,MARSELLA,VOTOS NULOS,180
24,RISARALDA,062,MISTRATO,ENRIQUE GÓMEZ MARTÍNEZ,21
24,RISARALDA,062,MISTRATO,FEDERICO GUTIÉRREZ,668
24,RISARALDA,062,MISTRATO,GUSTAVO PETRO,2536
24,RISARALDA,062,MISTRATO,INGRID BETANCOURT,11
24,RISARALDA,062,MISTRATO,JOHN MILTON RODRÍGUEZ,13
24,RISARALDA,062,MISTRATO,LUIS PÉREZ,6
24,RISARALDA,062,MISTRATO,RODOLFO HERNÁNDEZ,2272
24,RISARALDA,062,MISTRATO,SERGIO FAJARDO,95
24,RISARALDA,062,MISTRATO,VOTOS EN BLANCO,84
24,RISARALDA,062,MISTRATO,VOTOS NO MARCADOS,34
24,RISARALDA,062,MISTRATO,VOTOS NULOS,128
24,RISARALDA,070,PUEBLO RICO,ENRIQUE GÓMEZ MARTÍNEZ,12
24,RISARALDA,070,PUEBLO RICO,FEDERICO GUTIÉRREZ,712
24,RISARALDA,070,PUEBLO RICO,GUSTAVO PETRO,2478
24,RISARALDA,070,PUEBLO RICO,INGRID BETANCOURT,9
24,RISARALDA,070,PUEBLO RICO,JOHN MILTON RODRÍGUEZ,26
24,RISARALDA,070,PUEBLO RICO,LUIS PÉREZ,5
24,RISARALDA,070,PUEBLO RICO,RODOLFO HERNÁNDEZ,896
24,RISARALDA,070,PUEBLO RICO,SERGIO FAJARDO,99
24,RISARALDA,070,PUEBLO RICO,VOTOS EN BLANCO,62
24,RISARALDA,070,PUEBLO RICO,VOTOS NO MARCADOS,32
24,RISARALDA,070,PUEBLO RICO,VOTOS NULOS,85
24,RISARALDA,078,QUINCHIA,ENRIQUE GÓMEZ MARTÍNEZ,40
24,RISARALDA,078,QUINCHIA,FEDERICO GUTIÉRREZ,2125
24,RISARALDA,078,QUINCHIA,GUSTAVO PETRO,4551
24,RISARALDA,078,QUINCHIA,INGRID BETANCOURT,20
24,RISARALDA,078,QUINCHIA,JOHN MILTON RODRÍGUEZ,90
24,RISARALDA,078,QUINCHIA,LUIS PÉREZ,10
24,RISARALDA,078,QUINCHIA,RODOLFO HERNÁNDEZ,3369
24,RISARALDA,078,QUINCHIA,SERGIO FAJARDO,556
24,RISARALDA,078,QUINCHIA,VOTOS EN BLANCO,361
24,RISARALDA,078,QUINCHIA,VOTOS NO MARCADOS,104
24,RISARALDA,078,QUINCHIA,VOTOS NULOS,431
24,RISARALDA,086,SANTA ROSA DE CABAL,ENRIQUE GÓMEZ MARTÍNEZ,106
24,RISARALDA,086,SANTA ROSA DE CABAL,FEDERICO GUTIÉRREZ,9215
24,RISARALDA,086,SANTA ROSA DE CABAL,GUSTAVO PETRO,11818
24,RISARALDA,086,SANTA ROSA DE CABAL,INGRID BETANCOURT,39
24,RISARALDA,086,SANTA ROSA DE CABAL,JOHN MILTON RODRÍGUEZ,384
24,RISARALDA,086,SANTA ROSA DE CABAL,LUIS PÉREZ,23
24,RISARALDA,086,SANTA ROSA DE CABAL,RODOLFO HERNÁNDEZ,13565
24,RISARALDA,086,SANTA ROSA DE CABAL,SERGIO FAJARDO,1741
24,RISARALDA,086,SANTA ROSA DE CABAL,VOTOS EN BLANCO,824
24,RISARALDA,086,SANTA ROSA DE CABAL,VOTOS NO MARCADOS,83
24,RISARALDA,086,SANTA ROSA DE CABAL,VOTOS NULOS,843
24,RISARALDA,094,SANTUARIO,ENRIQUE GÓMEZ MARTÍNEZ,23
24,RISARALDA,094,SANTUARIO,FEDERICO GUTIÉRREZ,1593
24,RISARALDA,094,SANTUARIO,GUSTAVO PETRO,1037
24,RISARALDA,094,SANTUARIO,INGRID BETANCOURT,10
24,RISARALDA,094,SANTUARIO,JOHN MILTON RODRÍGUEZ,36
24,RISARALDA,094,SANTUARIO,LUIS PÉREZ,4
24,RISARALDA,094,SANTUARIO,RODOLFO HERNÁNDEZ,2451
24,RISARALDA,094,SANTUARIO,SERGIO FAJARDO,185
24,RISARALDA,094,SANTUARIO,VOTOS EN BLANCO,103
24,RISARALDA,094,SANTUARIO,VOTOS NO MARCADOS,30
24,RISARALDA,094,SANTUARIO,VOTOS NULOS,130
25,NORTE DE SAN,001,CUCUTA,ENRIQUE GÓMEZ MARTÍNEZ,506
25,NORTE DE SAN,001,CUCUTA,FEDERICO GUTIÉRREZ,100294
25,NORTE DE SAN,001,CUCUTA,GUSTAVO PETRO,46325
25,NORTE DE SAN,001,CUCUTA,INGRID BETANCOURT,180
25,NORTE DE SAN,001,CUCUTA,JOHN MILTON RODRÍGUEZ,6696
25,NORTE DE SAN,001,CUCUTA,LUIS PÉREZ,113
25,NORTE DE SAN,001,CUCUTA,RODOLFO HERNÁNDEZ,170013
25,NORTE DE SAN,001,CUCUTA,SERGIO FAJARDO,10064
25,NORTE DE SAN,001,CUCUTA,VOTOS EN BLANCO,3733
25,NORTE DE SAN,001,CUCUTA,VOTOS NO MARCADOS,269
25,NORTE DE SAN,001,CUCUTA,VOTOS NULOS,2850
25,NORTE DE SAN,004,ABREGO,ENRIQUE GÓMEZ MARTÍNEZ,44
25,NORTE DE SAN,004,ABREGO,FEDERICO GUTIÉRREZ,1485
25,NORTE DE SAN,004,ABREGO,GUSTAVO PETRO,1616
25,NORTE DE SAN,004,ABREGO,INGRID BETANCOURT,2
25,NORTE DE SAN,004,ABREGO,JOHN MILTON RODRÍGUEZ,62
25,NORTE DE SAN,004,ABREGO,LUIS PÉREZ,1
25,NORTE DE SAN,004,ABREGO,RODOLFO HERNÁNDEZ,9306
25,NORTE DE SAN,004,ABREGO,SERGIO FAJARDO,115
25,NORTE DE SAN,004,ABREGO,VOTOS EN BLANCO,110
25,NORTE DE SAN,004,ABREGO,VOTOS NO MARCADOS,17
25,NORTE DE SAN,004,ABREGO,VOTOS NULOS,50
25,NORTE DE SAN,007,ARBOLEDAS,ENRIQUE GÓMEZ MARTÍNEZ,5
25,NORTE DE SAN,007,ARBOLEDAS,FEDERICO GUTIÉRREZ,1312
25,NORTE DE SAN,007,ARBOLEDAS,GUSTAVO PETRO,297
25,NORTE DE SAN,007,ARBOLEDAS,INGRID BETANCOURT,1
25,NORTE DE SAN,007,ARBOLEDAS,JOHN MILTON RODRÍGUEZ,8
25,NORTE DE SAN,007,ARBOLEDAS,LUIS PÉREZ,2
25,NORTE DE SAN,007,ARBOLEDAS,RODOLFO HERNÁNDEZ,2687
25,NORTE DE SAN,007,ARBOLEDAS,SERGIO FAJARDO,48
25,NORTE DE SAN,007,ARBOLEDAS,VOTOS EN BLANCO,30
25,NORTE DE SAN,007,ARBOLEDAS,VOTOS NO MARCADOS,8
25,NORTE DE SAN,007,ARBOLEDAS,VOTOS NULOS,22
25,NORTE DE SAN,010,BOCHALEMA,ENRIQUE GÓMEZ MARTÍNEZ,5
25,NORTE DE SAN,010,BOCHALEMA,FEDERICO GUTIÉRREZ,1412
25,NORTE DE SAN,010,BOCHALEMA,GUSTAVO PETRO,419
25,NORTE DE SAN,010,BOCHALEMA,INGRID BETANCOURT,1
25,NORTE DE SAN,010,BOCHALEMA,JOHN MILTON RODRÍGUEZ,63
25,NORTE DE SAN,010,BOCHALEMA,RODOLFO HERNÁNDEZ,2708
25,NORTE DE SAN,010,BOCHALEMA,SERGIO FAJARDO,89
25,NORTE DE SAN,010,BOCHALEMA,VOTOS EN BLANCO,45
25,NORTE DE SAN,010,BOCHALEMA,VOTOS NO MARCADOS,9
25,NORTE DE SAN,010,BOCHALEMA,VOTOS NULOS,21
25,NORTE DE SAN,013,BUCARASICA,FEDERICO GUTIÉRREZ,850
25,NORTE DE SAN,013,BUCARASICA,GUSTAVO PETRO,100
25,NORTE DE SAN,013,BUCARASICA,INGRID BETANCOURT,1
25,NORTE DE SAN,013,BUCARASICA,JOHN MILTON RODRÍGUEZ,1
25,NORTE DE SAN,013,BUCARASICA,LUIS PÉREZ,1
25,NORTE DE SAN,013,BUCARASICA,RODOLFO HERNÁNDEZ,1126
25,NORTE DE SAN,013,BUCARASICA,SERGIO FAJARDO,42
25,NORTE DE SAN,013,BUCARASICA,VOTOS EN BLANCO,24
25,NORTE DE SAN,013,BUCARASICA,VOTOS NO MARCADOS,11
25,NORTE DE SAN,013,BUCARASICA,VOTOS NULOS,8
25,NORTE DE SAN,016,CACOTA,FEDERICO GUTIÉRREZ,167
25,NORTE DE SAN,016,CACOTA,GUSTAVO PETRO,145
25,NORTE DE SAN,016,CACOTA,JOHN MILTON RODRÍGUEZ,8
25,NORTE DE SAN,016,CACOTA,RODOLFO HERNÁNDEZ,1206
25,NORTE DE SAN,016,CACOTA,SERGIO FAJARDO,28
25,NORTE DE SAN,016,CACOTA,VOTOS EN BLANCO,14
25,NORTE DE SAN,016,CACOTA,VOTOS NULOS,6
25,NORTE DE SAN,019,CACHIRA,ENRIQUE GÓMEZ MARTÍNEZ,3
25,NORTE DE SAN,019,CACHIRA,FEDERICO GUTIÉRREZ,1249
25,NORTE DE SAN,019,CACHIRA,GUSTAVO PETRO,207
25,NORTE DE SAN,019,CACHIRA,INGRID BETANCOURT,1
25,NORTE DE SAN,019,CACHIRA,JOHN MILTON RODRÍGUEZ,7
25,NORTE DE SAN,019,CACHIRA,RODOLFO HERNÁNDEZ,2916
25,NORTE DE SAN,019,CACHIRA,SERGIO FAJARDO,36
25,NORTE DE SAN,019,CACHIRA,VOTOS EN BLANCO,17
25,NORTE DE SAN,019,CACHIRA,VOTOS NO MARCADOS,4
25,NORTE DE SAN,019,CACHIRA,VOTOS NULOS,23
25,NORTE DE SAN,022,CONVENCION,ENRIQUE GÓMEZ MARTÍNEZ,21
25,NORTE DE SAN,022,CONVENCION,FEDERICO GUTIÉRREZ,649
25,NORTE DE SAN,022,CONVENCION,GUSTAVO PETRO,2102
25,NORTE DE SAN,022,CONVENCION,INGRID BETANCOURT,1
25,NORTE DE SAN,022,CONVENCION,JOHN MILTON RODRÍGUEZ,18
25,NORTE DE SAN,022,CONVENCION,LUIS PÉREZ,1
25,NORTE DE SAN,022,CONVENCION,RODOLFO HERNÁNDEZ,3252
25,NORTE DE SAN,022,CONVENCION,SERGIO FAJARDO,84
25,NORTE DE SAN,022,CONVENCION,VOTOS EN BLANCO,74
25,NORTE DE SAN,022,CONVENCION,VOTOS NO MARCADOS,8
25,NORTE DE SAN,022,CONVENCION,VOTOS NULOS,55
25,NORTE DE SAN,025,CUCUTILLA,ENRIQUE GÓMEZ MARTÍNEZ,12
25,NORTE DE SAN,025,CUCUTILLA,FEDERICO GUTIÉRREZ,1620
25,NORTE DE SAN,025,CUCUTILLA,GUSTAVO PETRO,224
25,NORTE DE SAN,025,CUCUTILLA,INGRID BETANCOURT,5
25,NORTE DE SAN,025,CUCUTILLA,JOHN MILTON RODRÍGUEZ,23
25,NORTE DE SAN,025,CUCUTILLA,LUIS PÉREZ,2
25,NORTE DE SAN,025,CUCUTILLA,RODOLFO HERNÁNDEZ,1892
25,NORTE DE SAN,025,CUCUTILLA,SERGIO FAJARDO,71
25,NORTE DE SAN,025,CUCUTILLA,VOTOS EN BLANCO,35
25,NORTE DE SAN,025,CUCUTILLA,VOTOS NO MARCADOS,21
25,NORTE DE SAN,025,CUCUTILLA,VOTOS NULOS,35
25,NORTE DE SAN,028,CHINACOTA,ENRIQUE GÓMEZ MARTÍNEZ,17
25,NORTE DE SAN,028,CHINACOTA,FEDERICO GUTIÉRREZ,2687
25,NORTE DE SAN,028,CHINACOTA,GUSTAVO PETRO,1198
25,NORTE DE SAN,028,CHINACOTA,INGRID BETANCOURT,3
25,NORTE DE SAN,028,CHINACOTA,JOHN MILTON RODRÍGUEZ,148
25,NORTE DE SAN,028,CHINACOTA,LUIS PÉREZ,2
25,NORTE DE SAN,028,CHINACOTA,RODOLFO HERNÁNDEZ,4973
25,NORTE DE SAN,028,CHINACOTA,SERGIO FAJARDO,141
25,NORTE DE SAN,028,CHINACOTA,VOTOS EN BLANCO,101
25,NORTE DE SAN,028,CHINACOTA,VOTOS NO MARCADOS,8
25,NORTE DE SAN,028,CHINACOTA,VOTOS NULOS,70
25,NORTE DE SAN,031,CHITAGA,ENRIQUE GÓMEZ MARTÍNEZ,17
25,NORTE DE SAN,031,CHITAGA,FEDERICO GUTIÉRREZ,462
25,NORTE DE SAN,031,CHITAGA,GUSTAVO PETRO,347
25,NORTE DE SAN,031,CHITAGA,INGRID BETANCOURT,3
25,NORTE DE SAN,031,CHITAGA,JOHN MILTON RODRÍGUEZ,39
25,NORTE DE SAN,031,CHITAGA,RODOLFO HERNÁNDEZ,4038
25,NORTE DE SAN,031,CHITAGA,SERGIO FAJARDO,106
25,NORTE DE SAN,031,CHITAGA,VOTOS EN BLANCO,38
25,NORTE DE SAN,031,CHITAGA,VOTOS NO MARCADOS,14
25,NORTE DE SAN,031,CHITAGA,VOTOS NULOS,46
25,NORTE DE SAN,034,DURANIA,ENRIQUE GÓMEZ MARTÍNEZ,1
25,NORTE DE SAN,034,DURANIA,FEDERICO GUTIÉRREZ,1001
25,NORTE DE SAN,034,DURANIA,GUSTAVO PETRO,209
25,NORTE DE SAN,034,DURANIA,INGRID BETANCOURT,1
25,NORTE DE SAN,034,DURANIA,JOHN MILTON RODRÍGUEZ,14
25,NORTE DE SAN,034,DURANIA,RODOLFO HERNÁNDEZ,1507
25,NORTE DE SAN,034,DURANIA,SERGIO FAJARDO,57
25,NORTE DE SAN,034,DURANIA,VOTOS EN BLANCO,22
25,NORTE DE SAN,034,DURANIA,VOTOS NO MARCADOS,4
25,NORTE DE SAN,034,DURANIA,VOTOS NULOS,27
25,NORTE DE SAN,036,EL TARRA,ENRIQUE GÓMEZ MARTÍNEZ,30
25,NORTE DE SAN,036,EL TARRA,FEDERICO GUTIÉRREZ,180
25,NORTE DE SAN,036,EL TARRA,GUSTAVO PETRO,4639
25,NORTE DE SAN,036,EL TARRA,INGRID BETANCOURT,2
25,NORTE DE SAN,036,EL TARRA,JOHN MILTON RODRÍGUEZ,23
25,NORTE DE SAN,036,EL TARRA,LUIS PÉREZ,3
25,NORTE DE SAN,036,EL TARRA,RODOLFO HERNÁNDEZ,1615
25,NORTE DE SAN,036,EL TARRA,SERGIO FAJARDO,59
25,NORTE DE SAN,036,EL TARRA,VOTOS EN BLANCO,78
25,NORTE DE SAN,036,EL TARRA,VOTOS NO MARCADOS,9
25,NORTE DE SAN,036,EL TARRA,VOTOS NULOS,81
25,NORTE DE SAN,037,EL CARMEN,ENRIQUE GÓMEZ MARTÍNEZ,10
25,NORTE DE SAN,037,EL CARMEN,FEDERICO GUTIÉRREZ,887
25,NORTE DE SAN,037,EL CARMEN,GUSTAVO PETRO,1007
25,NORTE DE SAN,037,EL CARMEN,INGRID BETANCOURT,2
25,NORTE DE SAN,037,EL CARMEN,JOHN MILTON RODRÍGUEZ,28
25,NORTE DE SAN,037,EL CARMEN,LUIS PÉREZ,1
25,NORTE DE SAN,037,EL CARMEN,RODOLFO HERNÁNDEZ,2439
25,NORTE DE SAN,037,EL CARMEN,SERGIO FAJARDO,76
25,NORTE DE SAN,037,EL CARMEN,VOTOS EN BLANCO,25
25,NORTE DE SAN,037,EL CARMEN,VOTOS NO MARCADOS,9
25,NORTE DE SAN,037,EL CARMEN,VOTOS NULOS,33
25,NORTE DE SAN,038,EL ZULIA,ENRIQUE GÓMEZ MARTÍNEZ,16
25,NORTE DE SAN,038,EL ZULIA,FEDERICO GUTIÉRREZ,2813
25,NORTE DE SAN,038,EL ZULIA,GUSTAVO PETRO,1290
25,NORTE DE SAN,038,EL ZULIA,INGRID BETANCOURT,8
25,NORTE DE SAN,038,EL ZULIA,JOHN MILTON RODRÍGUEZ,167
25,NORTE DE SAN,038,EL ZULIA,LUIS PÉREZ,3
25,NORTE DE SAN,038,EL ZULIA,RODOLFO HERNÁNDEZ,7925
25,NORTE DE SAN,038,EL ZULIA,SERGIO FAJARDO,193
25,NORTE DE SAN,038,EL ZULIA,VOTOS EN BLANCO,127
25,NORTE DE SAN,038,EL ZULIA,VOTOS NO MARCADOS,15
25,NORTE DE SAN,038,EL ZULIA,VOTOS NULOS,96
25,NORTE DE SAN,040,GRAMALOTE,ENRIQUE GÓMEZ MARTÍNEZ,10
25,NORTE DE SAN,040,GRAMALOTE,FEDERICO GUTIÉRREZ,1776
25,NORTE DE SAN,040,GRAMALOTE,GUSTAVO PETRO,225
25,NORTE DE SAN,040,GRAMALOTE,INGRID BETANCOURT,2
25,NORTE DE SAN,040,GRAMALOTE,JOHN MILTON RODRÍGUEZ,3
25,NORTE DE SAN,040,GRAMALOTE,LUIS PÉREZ,2
25,NORTE DE SAN,040,GRAMALOTE,RODOLFO HERNÁNDEZ,1345
25,NORTE DE SAN,040,GRAMALOTE,SERGIO FAJARDO,57
25,NORTE DE SAN,040,GRAMALOTE,VOTOS EN BLANCO,16
25,NORTE DE SAN,040,GRAMALOTE,VOTOS NO MARCADOS,5
25,NORTE DE SAN,040,GRAMALOTE,VOTOS NULOS,18
25,NORTE DE SAN,043,HACARI,ENRIQUE GÓMEZ MARTÍNEZ,10
25,NORTE DE SAN,043,HACARI,FEDERICO GUTIÉRREZ,145
25,NORTE DE SAN,043,HACARI,GUSTAVO PETRO,2201
25,NORTE DE SAN,043,HACARI,INGRID BETANCOURT,1
25,NORTE DE SAN,043,HACARI,JOHN MILTON RODRÍGUEZ,11
25,NORTE DE SAN,043,HACARI,LUIS PÉREZ,1
25,NORTE DE SAN,043,HACARI,RODOLFO HERNÁNDEZ,750
25,NORTE DE SAN,043,HACARI,SERGIO FAJARDO,27
25,NORTE DE SAN,043,HACARI,VOTOS EN BLANCO,34
25,NORTE DE SAN,043,HACARI,VOTOS NO MARCADOS,14
25,NORTE DE SAN,043,HACARI,VOTOS NULOS,24
25,NORTE DE SAN,046,HERRAN,ENRIQUE GÓMEZ MARTÍNEZ,7
25,NORTE DE SAN,046,HERRAN,FEDERICO GUTIÉRREZ,689
25,NORTE DE SAN,046,HERRAN,GUSTAVO PETRO,78
25,NORTE DE SAN,046,HERRAN,INGRID BETANCOURT,2
25,NORTE DE SAN,046,HERRAN,JOHN MILTON RODRÍGUEZ,7
25,NORTE DE SAN,046,HERRAN,LUIS PÉREZ,2
25,NORTE DE SAN,046,HERRAN,RODOLFO HERNÁNDEZ,1318
25,NORTE DE SAN,046,HERRAN,SERGIO FAJARDO,36
25,NORTE DE SAN,046,HERRAN,VOTOS EN BLANCO,12
25,NORTE DE SAN,046,HERRAN,VOTOS NO MARCADOS,3
25,NORTE DE SAN,046,HERRAN,VOTOS NULOS,13
25,NORTE DE SAN,049,LABATECA,ENRIQUE GÓMEZ MARTÍNEZ,6
25,NORTE DE SAN,049,LABATECA,FEDERICO GUTIÉRREZ,556
25,NORTE DE SAN,049,LABATECA,GUSTAVO PETRO,203
25,NORTE DE SAN,049,LABATECA,INGRID BETANCOURT,2
25,NORTE DE SAN,049,LABATECA,JOHN MILTON RODRÍGUEZ,2
25,NORTE DE SAN,049,LABATECA,LUIS PÉREZ,2
25,NORTE DE SAN,049,LABATECA,RODOLFO HERNÁNDEZ,1997
25,NORTE DE SAN,049,LABATECA,SERGIO FAJARDO,32
25,NORTE DE SAN,049,LABATECA,VOTOS EN BLANCO,11
25,NORTE DE SAN,049,LABATECA,VOTOS NO MARCADOS,3
25,NORTE DE SAN,049,LABATECA,VOTOS NULOS,14
25,NORTE DE SAN,051,LA ESPERANZA,ENRIQUE GÓMEZ MARTÍNEZ,18
25,NORTE DE SAN,051,LA ESPERANZA,FEDERICO GUTIÉRREZ,334
25,NORTE DE SAN,051,LA ESPERANZA,GUSTAVO PETRO,564
25,NORTE DE SAN,051,LA ESPERANZA,JOHN MILTON RODRÍGUEZ,19
25,NORTE DE SAN,051,LA ESPERANZA,RODOLFO HERNÁNDEZ,4201
25,NORTE DE SAN,051,LA ESPERANZA,SERGIO FAJARDO,43
25,NORTE DE SAN,051,LA ESPERANZA,VOTOS EN BLANCO,22
25,NORTE DE SAN,051,LA ESPERANZA,VOTOS NO MARCADOS,6
25,NORTE DE SAN,051,LA ESPERANZA,VOTOS NULOS,26
25,NORTE DE SAN,052,LA PLAYA,ENRIQUE GÓMEZ MARTÍNEZ,4
25,NORTE DE SAN,052,LA PLAYA,FEDERICO GUTIÉRREZ,262
25,NORTE DE SAN,052,LA PLAYA,GUSTAVO PETRO,513
25,NORTE DE SAN,052,LA PLAYA,INGRID BETANCOURT,3
25,NORTE DE SAN,052,LA PLAYA,JOHN MILTON RODRÍGUEZ,6
25,NORTE DE SAN,052,LA PLAYA,LUIS PÉREZ,3
25,NORTE DE SAN,052,LA PLAYA,RODOLFO HERNÁNDEZ,2044
25,NORTE DE SAN,052,LA PLAYA,SERGIO FAJARDO,26
25,NORTE DE SAN,052,LA PLAYA,VOTOS EN BLANCO,27
25,NORTE DE SAN,052,LA PLAYA,VOTOS NO MARCADOS,6
25,NORTE DE SAN,052,LA PLAYA,VOTOS NULOS,21
25,NORTE DE SAN,054,LOS PATIOS,ENRIQUE GÓMEZ MARTÍNEZ,32
25,NORTE DE SAN,054,LOS PATIOS,FEDERICO GUTIÉRREZ,11033
25,NORTE DE SAN,054,LOS PATIOS,GUSTAVO PETRO,5752
25,NORTE DE SAN,054,LOS PATIOS,INGRID BETANCOURT,13
25,NORTE DE SAN,054,LOS PATIOS,JOHN MILTON RODRÍGUEZ,817
25,NORTE DE SAN,054,LOS PATIOS,LUIS PÉREZ,13
25,NORTE DE SAN,054,LOS PATIOS,RODOLFO HERNÁNDEZ,24070
25,NORTE DE SAN,054,LOS PATIOS,SERGIO FAJARDO,1184
25,NORTE DE SAN,054,LOS PATIOS,VOTOS EN BLANCO,463
25,NORTE DE SAN,054,LOS PATIOS,VOTOS NO MARCADOS,14
25,NORTE DE SAN,054,LOS PATIOS,VOTOS NULOS,269
25,NORTE DE SAN,055,LOURDES,ENRIQUE GÓMEZ MARTÍNEZ,1
25,NORTE DE SAN,055,LOURDES,FEDERICO GUTIÉRREZ,1119
25,NORTE DE SAN,055,LOURDES,GUSTAVO PETRO,94
25,NORTE DE SAN,055,LOURDES,JOHN MILTON RODRÍGUEZ,2
25,NORTE DE SAN,055,LOURDES,RODOLFO HERNÁNDEZ,963
25,NORTE DE SAN,055,LOURDES,SERGIO FAJARDO,27
25,NORTE DE SAN,055,LOURDES,VOTOS EN BLANCO,18
25,NORTE DE SAN,055,LOURDES,VOTOS NO MARCADOS,2
25,NORTE DE SAN,055,LOURDES,VOTOS NULOS,14
25,NORTE DE SAN,058,MUTISCUA,ENRIQUE GÓMEZ MARTÍNEZ,3
25,NORTE DE SAN,058,MUTISCUA,FEDERICO GUTIÉRREZ,171
25,NORTE DE SAN,058,MUTISCUA,GUSTAVO PETRO,87
25,NORTE DE SAN,058,MUTISCUA,JOHN MILTON RODRÍGUEZ,6
25,NORTE DE SAN,058,MUTISCUA,LUIS PÉREZ,1
25,NORTE DE SAN,058,MUTISCUA,RODOLFO HERNÁNDEZ,1674
25,NORTE DE SAN,058,MUTISCUA,SERGIO FAJARDO,27
25,NORTE DE SAN,058,MUTISCUA,VOTOS EN BLANCO,17
25,NORTE DE SAN,058,MUTISCUA,VOTOS NO MARCADOS,5
25,NORTE DE SAN,058,MUTISCUA,VOTOS NULOS,6
25,NORTE DE SAN,061,OCAÑA,ENRIQUE GÓMEZ MARTÍNEZ,81
25,NORTE DE SAN,061,OCAÑA,FEDERICO GUTIÉRREZ,6653
25,NORTE DE SAN,061,OCAÑA,GUSTAVO PETRO,10750
25,NORTE DE SAN,061,OCAÑA,INGRID BETANCOURT,14
25,NORTE DE SAN,061,OCAÑA,JOHN MILTON RODRÍGUEZ,286
25,NORTE DE SAN,061,OCAÑA,LUIS PÉREZ,8
25,NORTE DE SAN,061,OCAÑA,RODOLFO HERNÁNDEZ,30696
25,NORTE DE SAN,061,OCAÑA,SERGIO FAJARDO,749
25,NORTE DE SAN,061,OCAÑA,VOTOS EN BLANCO,491
25,NORTE DE SAN,061,OCAÑA,VOTOS NO MARCADOS,31
25,NORTE DE SAN,061,OCAÑA,VOTOS NULOS,339
25,NORTE DE SAN,064,PAMPLONA,ENRIQUE GÓMEZ MARTÍNEZ,36
25,NORTE DE SAN,064,PAMPLONA,FEDERICO GUTIÉRREZ,4026
25,NORTE DE SAN,064,PAMPLONA,GUSTAVO PETRO,7175
25,NORTE DE SAN,064,PAMPLONA,INGRID BETANCOURT,15
25,NORTE DE SAN,064,PAMPLONA,JOHN MILTON RODRÍGUEZ,402
25,NORTE DE SAN,064,PAMPLONA,LUIS PÉREZ,4
25,NORTE DE SAN,064,PAMPLONA,RODOLFO HERNÁNDEZ,14920
25,NORTE DE SAN,064,PAMPLONA,SERGIO FAJARDO,742
25,NORTE DE SAN,064,PAMPLONA,VOTOS EN BLANCO,504
25,NORTE DE SAN,064,PAMPLONA,VOTOS NO MARCADOS,23
25,NORTE DE SAN,064,PAMPLONA,VOTOS NULOS,303
25,NORTE DE SAN,067,PAMPLONITA,ENRIQUE GÓMEZ MARTÍNEZ,8
25,NORTE DE SAN,067,PAMPLONITA,FEDERICO GUTIÉRREZ,608
25,NORTE DE SAN,067,PAMPLONITA,GUSTAVO PETRO,182
25,NORTE DE SAN,067,PAMPLONITA,INGRID BETANCOURT,3
25,NORTE DE SAN,067,PAMPLONITA,JOHN MILTON RODRÍGUEZ,19
25,NORTE DE SAN,067,PAMPLONITA,RODOLFO HERNÁNDEZ,2013
25,NORTE DE SAN,067,PAMPLONITA,SERGIO FAJARDO,41
25,NORTE DE SAN,067,PAMPLONITA,VOTOS EN BLANCO,30
25,NORTE DE SAN,067,PAMPLONITA,VOTOS NO MARCADOS,4
25,NORTE DE SAN,067,PAMPLONITA,VOTOS NULOS,25
25,NORTE DE SAN,069,PUERTO SANTANDER,ENRIQUE GÓMEZ MARTÍNEZ,6
25,NORTE DE SAN,069,PUERTO SANTANDER,FEDERICO GUTIÉRREZ,1239
25,NORTE DE SAN,069,PUERTO SANTANDER,GUSTAVO PETRO,426
25,NORTE DE SAN,069,PUERTO SANTANDER,INGRID BETANCOURT,2
25,NORTE DE SAN,069,PUERTO SANTANDER,JOHN MILTON RODRÍGUEZ,64
25,NORTE DE SAN,069,PUERTO SANTANDER,LUIS PÉREZ,2
25,NORTE DE SAN,069,PUERTO SANTANDER,RODOLFO HERNÁNDEZ,2912
25,NORTE DE SAN,069,PUERTO SANTANDER,SERGIO FAJARDO,63
25,NORTE DE SAN,069,PUERTO SANTANDER,VOTOS EN BLANCO,33
25,NORTE DE SAN,069,PUERTO SANTANDER,VOTOS NO MARCADOS,9
25,NORTE DE SAN,069,PUERTO SANTANDER,VOTOS NULOS,31
25,NORTE DE SAN,070,RAGONVALIA,ENRIQUE GÓMEZ MARTÍNEZ,7
25,NORTE DE SAN,070,RAGONVALIA,FEDERICO GUTIÉRREZ,1105
25,NORTE DE SAN,070,RAGONVALIA,GUSTAVO PETRO,180
25,NORTE DE SAN,070,RAGONVALIA,JOHN MILTON RODRÍGUEZ,29
25,NORTE DE SAN,070,RAGONVALIA,RODOLFO HERNÁNDEZ,1955
25,NORTE DE SAN,070,RAGONVALIA,SERGIO FAJARDO,36
25,NORTE DE SAN,070,RAGONVALIA,VOTOS EN BLANCO,37
25,NORTE DE SAN,070,RAGONVALIA,VOTOS NO MARCADOS,10
25,NORTE DE SAN,070,RAGONVALIA,VOTOS NULOS,23
25,NORTE DE SAN,073,SALAZAR,ENRIQUE GÓMEZ MARTÍNEZ,8
25,NORTE DE SAN,073,SALAZAR,FEDERICO GUTIÉRREZ,1342
25,NORTE DE SAN,073,SALAZAR,GUSTAVO PETRO,321
25,NORTE DE SAN,073,SALAZAR,INGRID BETANCOURT,1
25,NORTE DE SAN,073,SALAZAR,JOHN MILTON RODRÍGUEZ,185
25,NORTE DE SAN,073,SALAZAR,LUIS PÉREZ,3
25,NORTE DE SAN,073,SALAZAR,RODOLFO HERNÁNDEZ,3033
25,NORTE DE SAN,073,SALAZAR,SERGIO FAJARDO,58
25,NORTE DE SAN,073,SALAZAR,VOTOS EN BLANCO,36
25,NORTE DE SAN,073,SALAZAR,VOTOS NO MARCADOS,13
25,NORTE DE SAN,073,SALAZAR,VOTOS NULOS,30
25,NORTE DE SAN,076,SAN CALIXTO,ENRIQUE GÓMEZ MARTÍNEZ,2
25,NORTE DE SAN,076,SAN CALIXTO,FEDERICO GUTIÉRREZ,76
25,NORTE DE SAN,076,SAN CALIXTO,GUSTAVO PETRO,3060
25,NORTE DE SAN,076,SAN CALIXTO,JOHN MILTON RODRÍGUEZ,7
25,NORTE DE SAN,076,SAN CALIXTO,RODOLFO HERNÁNDEZ,432
25,NORTE DE SAN,076,SAN CALIXTO,SERGIO FAJARDO,9
25,NORTE DE SAN,076,SAN CALIXTO,VOTOS EN BLANCO,31
25,NORTE DE SAN,076,SAN CALIXTO,VOTOS NULOS,27
25,NORTE DE SAN,079,SAN CAYETANO,ENRIQUE GÓMEZ MARTÍNEZ,4
25,NORTE DE SAN,079,SAN CAYETANO,FEDERICO GUTIÉRREZ,968
25,NORTE DE SAN,079,SAN CAYETANO,GUSTAVO PETRO,405
25,NORTE DE SAN,079,SAN CAYETANO,INGRID BETANCOURT,1
25,NORTE DE SAN,079,SAN CAYETANO,JOHN MILTON RODRÍGUEZ,61
25,NORTE DE SAN,079,SAN CAYETANO,LUIS PÉREZ,2
25,NORTE DE SAN,079,SAN CAYETANO,RODOLFO HERNÁNDEZ,2641
25,NORTE DE SAN,079,SAN CAYETANO,SERGIO FAJARDO,44
25,NORTE DE SAN,079,SAN CAYETANO,VOTOS EN BLANCO,28
25,NORTE DE SAN,079,SAN CAYETANO,VOTOS NO MARCADOS,6
25,NORTE DE SAN,079,SAN CAYETANO,VOTOS NULOS,28
25,NORTE DE SAN,082,SANTIAGO,ENRIQUE GÓMEZ MARTÍNEZ,1
25,NORTE DE SAN,082,SANTIAGO,FEDERICO GUTIÉRREZ,810
25,NORTE DE SAN,082,SANTIAGO,GUSTAVO PETRO,200
25,NORTE DE SAN,082,SANTIAGO,JOHN MILTON RODRÍGUEZ,3
25,NORTE DE SAN,082,SANTIAGO,RODOLFO HERNÁNDEZ,845
25,NORTE DE SAN,082,SANTIAGO,SERGIO FAJARDO,36
25,NORTE DE SAN,082,SANTIAGO,VOTOS EN BLANCO,12
25,NORTE DE SAN,082,SANTIAGO,VOTOS NO MARCADOS,4
25,NORTE DE SAN,082,SANTIAGO,VOTOS NULOS,8
25,NORTE DE SAN,085,SARDINATA,ENRIQUE GÓMEZ MARTÍNEZ,22
25,NORTE DE SAN,085,SARDINATA,FEDERICO GUTIÉRREZ,2932
25,NORTE DE SAN,085,SARDINATA,GUSTAVO PETRO,730
25,NORTE DE SAN,085,SARDINATA,INGRID BETANCOURT,6
25,NORTE DE SAN,085,SARDINATA,JOHN MILTON RODRÍGUEZ,25
25,NORTE DE SAN,085,SARDINATA,LUIS PÉREZ,2
25,NORTE DE SAN,085,SARDINATA,RODOLFO HERNÁNDEZ,5423
25,NORTE DE SAN,085,SARDINATA,SERGIO FAJARDO,132
25,NORTE DE SAN,085,SARDINATA,VOTOS EN BLANCO,81
25,NORTE DE SAN,085,SARDINATA,VOTOS NO MARCADOS,25
25,NORTE DE SAN,085,SARDINATA,VOTOS NULOS,74
25,NORTE DE SAN,088,SILOS,ENRIQUE GÓMEZ MARTÍNEZ,6
25,NORTE DE SAN,088,SILOS,FEDERICO GUTIÉRREZ,165
25,NORTE DE SAN,088,SILOS,GUSTAVO PETRO,80
25,NORTE DE SAN,088,SILOS,INGRID BETANCOURT,2
25,NORTE DE SAN,088,SILOS,JOHN MILTON RODRÍGUEZ,47
25,NORTE DE SAN,088,SILOS,RODOLFO HERNÁNDEZ,2572
25,NORTE DE SAN,088,SILOS,SERGIO FAJARDO,16
25,NORTE DE SAN,088,SILOS,VOTOS EN BLANCO,19
25,NORTE DE SAN,088,SILOS,VOTOS NO MARCADOS,5
25,NORTE DE SAN,088,SILOS,VOTOS NULOS,13
25,NORTE DE SAN,091,TEORAMA,ENRIQUE GÓMEZ MARTÍNEZ,5
25,NORTE DE SAN,091,TEORAMA,FEDERICO GUTIÉRREZ,190
25,NORTE DE SAN,091,TEORAMA,GUSTAVO PETRO,3861
25,NORTE DE SAN,091,TEORAMA,INGRID BETANCOURT,3
25,NORTE DE SAN,091,TEORAMA,JOHN MILTON RODRÍGUEZ,6
25,NORTE DE SAN,091,TEORAMA,RODOLFO HERNÁNDEZ,1057
25,NORTE DE SAN,091,TEORAMA,SERGIO FAJARDO,34
25,NORTE DE SAN,091,TEORAMA,VOTOS EN BLANCO,54
25,NORTE DE SAN,091,TEORAMA,VOTOS NO MARCADOS,8
25,NORTE DE SAN,091,TEORAMA,VOTOS NULOS,68
25,NORTE DE SAN,093,TIBU,ENRIQUE GÓMEZ MARTÍNEZ,82
25,NORTE DE SAN,093,TIBU,FEDERICO GUTIÉRREZ,1370
25,NORTE DE SAN,093,TIBU,GUSTAVO PETRO,5766
25,NORTE DE SAN,093,TIBU,INGRID BETANCOURT,27
25,NORTE DE SAN,093,TIBU,JOHN MILTON RODRÍGUEZ,64
25,NORTE DE SAN,093,TIBU,LUIS PÉREZ,9
25,NORTE DE SAN,093,TIBU,RODOLFO HERNÁNDEZ,10475
25,NORTE DE SAN,093,TIBU,SERGIO FAJARDO,258
25,NORTE DE SAN,093,TIBU,VOTOS EN BLANCO,305
25,NORTE DE SAN,093,TIBU,VOTOS NO MARCADOS,59
25,NORTE DE SAN,093,TIBU,VOTOS NULOS,265
25,NORTE DE SAN,094,TOLEDO,ENRIQUE GÓMEZ MARTÍNEZ,14
25,NORTE DE SAN,094,TOLEDO,FEDERICO GUTIÉRREZ,1314
25,NORTE DE SAN,094,TOLEDO,GUSTAVO PETRO,575
25,NORTE DE SAN,094,TOLEDO,INGRID BETANCOURT,8
25,NORTE DE SAN,094,TOLEDO,JOHN MILTON RODRÍGUEZ,30
25,NORTE DE SAN,094,TOLEDO,LUIS PÉREZ,3
25,NORTE DE SAN,094,TOLEDO,RODOLFO HERNÁNDEZ,5193
25,NORTE DE SAN,094,TOLEDO,SERGIO FAJARDO,135
25,NORTE DE SAN,094,TOLEDO,VOTOS EN BLANCO,62
25,NORTE DE SAN,094,TOLEDO,VOTOS NO MARCADOS,21
25,NORTE DE SAN,094,TOLEDO,VOTOS NULOS,59
25,NORTE DE SAN,097,VILLA CARO,ENRIQUE GÓMEZ MARTÍNEZ,4
25,NORTE DE SAN,097,VILLA CARO,FEDERICO GUTIÉRREZ,1293
25,NORTE DE SAN,097,VILLA CARO,GUSTAVO PETRO,139
25,NORTE DE SAN,097,VILLA CARO,INGRID BETANCOURT,2
25,NORTE DE SAN,097,VILLA CARO,JOHN MILTON RODRÍGUEZ,3
25,NORTE DE SAN,097,VILLA CARO,RODOLFO HERNÁNDEZ,712
25,NORTE DE SAN,097,VILLA CARO,SERGIO FAJARDO,22
25,NORTE DE SAN,097,VILLA CARO,VOTOS EN BLANCO,19
25,NORTE DE SAN,097,VILLA CARO,VOTOS NO MARCADOS,7
25,NORTE DE SAN,097,VILLA CARO,VOTOS NULOS,16
25,NORTE DE SAN,100,VILLA DEL ROSARIO,ENRIQUE GÓMEZ MARTÍNEZ,66
25,NORTE DE SAN,100,VILLA DEL ROSARIO,FEDERICO GUTIÉRREZ,11928
25,NORTE DE SAN,100,VILLA DEL ROSARIO,GUSTAVO PETRO,4134
25,NORTE DE SAN,100,VILLA DEL ROSARIO,INGRID BETANCOURT,23
25,NORTE DE SAN,100,VILLA DEL ROSARIO,JOHN MILTON RODRÍGUEZ,750
25,NORTE DE SAN,100,VILLA DEL ROSARIO,LUIS PÉREZ,9
25,NORTE DE SAN,100,VILLA DEL ROSARIO,RODOLFO HERNÁNDEZ,27222
25,NORTE DE SAN,100,VILLA DEL ROSARIO,SERGIO FAJARDO,885
25,NORTE DE SAN,100,VILLA DEL ROSARIO,VOTOS EN BLANCO,359
25,NORTE DE SAN,100,VILLA DEL ROSARIO,VOTOS NO MARCADOS,34
25,NORTE DE SAN,100,VILLA DEL ROSARIO,VOTOS NULOS,279
26,QUINDIO,001,ARMENIA,ENRIQUE GÓMEZ MARTÍNEZ,325
26,QUINDIO,001,ARMENIA,FEDERICO GUTIÉRREZ,47963
26,QUINDIO,001,ARMENIA,GUSTAVO PETRO,49874
26,QUINDIO,001,ARMENIA,INGRID BETANCOURT,107
26,QUINDIO,001,ARMENIA,JOHN MILTON RODRÍGUEZ,1817
26,QUINDIO,001,ARMENIA,LUIS PÉREZ,81
26,QUINDIO,001,ARMENIA,RODOLFO HERNÁNDEZ,41335
26,QUINDIO,001,ARMENIA,SERGIO FAJARDO,8984
26,QUINDIO,001,ARMENIA,VOTOS EN BLANCO,3716
26,QUINDIO,001,ARMENIA,VOTOS NO MARCADOS,181
26,QUINDIO,001,ARMENIA,VOTOS NULOS,2187
26,QUINDIO,005,BUENAVISTA,ENRIQUE GÓMEZ MARTÍNEZ,5
26,QUINDIO,005,BUENAVISTA,FEDERICO GUTIÉRREZ,552
26,QUINDIO,005,BUENAVISTA,GUSTAVO PETRO,438
26,QUINDIO,005,BUENAVISTA,INGRID BETANCOURT,1
26,QUINDIO,005,BUENAVISTA,JOHN MILTON RODRÍGUEZ,6
26,QUINDIO,005,BUENAVISTA,RODOLFO HERNÁNDEZ,415
26,QUINDIO,005,BUENAVISTA,SERGIO FAJARDO,54
26,QUINDIO,005,BUENAVISTA,VOTOS EN BLANCO,22
26,QUINDIO,005,BUENAVISTA,VOTOS NO MARCADOS,2
26,QUINDIO,005,BUENAVISTA,VOTOS NULOS,19
26,QUINDIO,010,CALARCA,ENRIQUE GÓMEZ MARTÍNEZ,75
26,QUINDIO,010,CALARCA,FEDERICO GUTIÉRREZ,10005
26,QUINDIO,010,CALARCA,GUSTAVO PETRO,10346
26,QUINDIO,010,CALARCA,INGRID BETANCOURT,37
26,QUINDIO,010,CALARCA,JOHN MILTON RODRÍGUEZ,276
26,QUINDIO,010,CALARCA,LUIS PÉREZ,22
26,QUINDIO,010,CALARCA,RODOLFO HERNÁNDEZ,12135
26,QUINDIO,010,CALARCA,SERGIO FAJARDO,1462
26,QUINDIO,010,CALARCA,VOTOS EN BLANCO,848
26,QUINDIO,010,CALARCA,VOTOS NO MARCADOS,57
26,QUINDIO,010,CALARCA,VOTOS NULOS,728
26,QUINDIO,020,CIRCASIA,ENRIQUE GÓMEZ MARTÍNEZ,24
26,QUINDIO,020,CIRCASIA,FEDERICO GUTIÉRREZ,4520
26,QUINDIO,020,CIRCASIA,GUSTAVO PETRO,4011
26,QUINDIO,020,CIRCASIA,INGRID BETANCOURT,13
26,QUINDIO,020,CIRCASIA,JOHN MILTON RODRÍGUEZ,104
26,QUINDIO,020,CIRCASIA,LUIS PÉREZ,5
26,QUINDIO,020,CIRCASIA,RODOLFO HERNÁNDEZ,4420
26,QUINDIO,020,CIRCASIA,SERGIO FAJARDO,688
26,QUINDIO,020,CIRCASIA,VOTOS EN BLANCO,314
26,QUINDIO,020,CIRCASIA,VOTOS NO MARCADOS,31
26,QUINDIO,020,CIRCASIA,VOTOS NULOS,265
26,QUINDIO,025,CORDOBA,ENRIQUE GÓMEZ MARTÍNEZ,7
26,QUINDIO,025,CORDOBA,FEDERICO GUTIÉRREZ,562
26,QUINDIO,025,CORDOBA,GUSTAVO PETRO,908
26,QUINDIO,025,CORDOBA,INGRID BETANCOURT,2
26,QUINDIO,025,CORDOBA,JOHN MILTON RODRÍGUEZ,27
26,QUINDIO,025,CORDOBA,LUIS PÉREZ,1
26,QUINDIO,025,CORDOBA,RODOLFO HERNÁNDEZ,1171
26,QUINDIO,025,CORDOBA,SERGIO FAJARDO,73
26,QUINDIO,025,CORDOBA,VOTOS EN BLANCO,44
26,QUINDIO,025,CORDOBA,VOTOS NO MARCADOS,8
26,QUINDIO,025,CORDOBA,VOTOS NULOS,52
26,QUINDIO,030,FILANDIA,ENRIQUE GÓMEZ MARTÍNEZ,15
26,QUINDIO,030,FILANDIA,FEDERICO GUTIÉRREZ,2154
26,QUINDIO,030,FILANDIA,GUSTAVO PETRO,1345
26,QUINDIO,030,FILANDIA,INGRID BETANCOURT,12
26,QUINDIO,030,FILANDIA,JOHN MILTON RODRÍGUEZ,56
26,QUINDIO,030,FILANDIA,LUIS PÉREZ,4
26,QUINDIO,030,FILANDIA,RODOLFO HERNÁNDEZ,1512
26,QUINDIO,030,FILANDIA,SERGIO FAJARDO,334
26,QUINDIO,030,FILANDIA,VOTOS EN BLANCO,173
26,QUINDIO,030,FILANDIA,VOTOS NO MARCADOS,10
26,QUINDIO,030,FILANDIA,VOTOS NULOS,129
26,QUINDIO,040,GENOVA,ENRIQUE GÓMEZ MARTÍNEZ,4
26,QUINDIO,040,GENOVA,FEDERICO GUTIÉRREZ,1233
26,QUINDIO,040,GENOVA,GUSTAVO PETRO,977
26,QUINDIO,040,GENOVA,INGRID BETANCOURT,2
26,QUINDIO,040,GENOVA,JOHN MILTON RODRÍGUEZ,84
26,QUINDIO,040,GENOVA,LUIS PÉREZ,1
26,QUINDIO,040,GENOVA,RODOLFO HERNÁNDEZ,1231
26,QUINDIO,040,GENOVA,SERGIO FAJARDO,136
26,QUINDIO,040,GENOVA,VOTOS EN BLANCO,63
26,QUINDIO,040,GENOVA,VOTOS NO MARCADOS,11
26,QUINDIO,040,GENOVA,VOTOS NULOS,71
26,QUINDIO,050,LA TEBAIDA,ENRIQUE GÓMEZ MARTÍNEZ,30
26,QUINDIO,050,LA TEBAIDA,FEDERICO GUTIÉRREZ,3805
26,QUINDIO,050,LA TEBAIDA,GUSTAVO PETRO,5380
26,QUINDIO,050,LA TEBAIDA,INGRID BETANCOURT,18
26,QUINDIO,050,LA TEBAIDA,JOHN MILTON RODRÍGUEZ,261
26,QUINDIO,050,LA TEBAIDA,LUIS PÉREZ,13
26,QUINDIO,050,LA TEBAIDA,RODOLFO HERNÁNDEZ,5320
26,QUINDIO,050,LA TEBAIDA,SERGIO FAJARDO,609
26,QUINDIO,050,LA TEBAIDA,VOTOS EN BLANCO,379
26,QUINDIO,050,LA TEBAIDA,VOTOS NO MARCADOS,49
26,QUINDIO,050,LA TEBAIDA,VOTOS NULOS,543
26,QUINDIO,060,MONTENEGRO,ENRIQUE GÓMEZ MARTÍNEZ,41
26,QUINDIO,060,MONTENEGRO,FEDERICO GUTIÉRREZ,5268
26,QUINDIO,060,MONTENEGRO,GUSTAVO PETRO,4631
26,QUINDIO,060,MONTENEGRO,INGRID BETANCOURT,29
26,QUINDIO,060,MONTENEGRO,JOHN MILTON RODRÍGUEZ,139
26,QUINDIO,060,MONTENEGRO,LUIS PÉREZ,12
26,QUINDIO,060,MONTENEGRO,RODOLFO HERNÁNDEZ,6046
26,QUINDIO,060,MONTENEGRO,SERGIO FAJARDO,645
26,QUINDIO,060,MONTENEGRO,VOTOS EN BLANCO,411
26,QUINDIO,060,MONTENEGRO,VOTOS NO MARCADOS,55
26,QUINDIO,060,MONTENEGRO,VOTOS NULOS,583
26,QUINDIO,070,PIJAO,ENRIQUE GÓMEZ MARTÍNEZ,8
26,QUINDIO,070,PIJAO,FEDERICO GUTIÉRREZ,855
26,QUINDIO,070,PIJAO,GUSTAVO PETRO,734
26,QUINDIO,070,PIJAO,INGRID BETANCOURT,1
26,QUINDIO,070,PIJAO,JOHN MILTON RODRÍGUEZ,23
26,QUINDIO,070,PIJAO,RODOLFO HERNÁNDEZ,1093
26,QUINDIO,070,PIJAO,SERGIO FAJARDO,105
26,QUINDIO,070,PIJAO,VOTOS EN BLANCO,72
26,QUINDIO,070,PIJAO,VOTOS NO MARCADOS,14
26,QUINDIO,070,PIJAO,VOTOS NULOS,60
26,QUINDIO,080,QUIMBAYA,ENRIQUE GÓMEZ MARTÍNEZ,53
26,QUINDIO,080,QUIMBAYA,FEDERICO GUTIÉRREZ,4230
26,QUINDIO,080,QUIMBAYA,GUSTAVO PETRO,4961
26,QUINDIO,080,QUIMBAYA,INGRID BETANCOURT,17
26,QUINDIO,080,QUIMBAYA,JOHN MILTON RODRÍGUEZ,92
26,QUINDIO,080,QUIMBAYA,LUIS PÉREZ,5
26,QUINDIO,080,QUIMBAYA,RODOLFO HERNÁNDEZ,5006
26,QUINDIO,080,QUIMBAYA,SERGIO FAJARDO,612
26,QUINDIO,080,QUIMBAYA,VOTOS EN BLANCO,366
26,QUINDIO,080,QUIMBAYA,VOTOS NO MARCADOS,58
26,QUINDIO,080,QUIMBAYA,VOTOS NULOS,356
26,QUINDIO,090,SALENTO,ENRIQUE GÓMEZ MARTÍNEZ,11
26,QUINDIO,090,SALENTO,FEDERICO GUTIÉRREZ,1259
26,QUINDIO,090,SALENTO,GUSTAVO PETRO,939
26,QUINDIO,090,SALENTO,INGRID BETANCOURT,3
26,QUINDIO,090,SALENTO,JOHN MILTON RODRÍGUEZ,19
26,QUINDIO,090,SALENTO,LUIS PÉREZ,1
26,QUINDIO,090,SALENTO,RODOLFO HERNÁNDEZ,1084
26,QUINDIO,090,SALENTO,SERGIO FAJARDO,125
26,QUINDIO,090,SALENTO,VOTOS EN BLANCO,78
26,QUINDIO,090,SALENTO,VOTOS NO MARCADOS,3
26,QUINDIO,090,SALENTO,VOTOS NULOS,39
27,SANTANDER,001,BUCARAMANGA,ENRIQUE GÓMEZ MARTÍNEZ,440
27,SANTANDER,001,BUCARAMANGA,FEDERICO GUTIÉRREZ,39261
27,SANTANDER,001,BUCARAMANGA,GUSTAVO PETRO,68722
27,SANTANDER,001,BUCARAMANGA,INGRID BETANCOURT,56
27,SANTANDER,001,BUCARAMANGA,JOHN MILTON RODRÍGUEZ,3923
27,SANTANDER,001,BUCARAMANGA,LUIS PÉREZ,50
27,SANTANDER,001,BUCARAMANGA,RODOLFO HERNÁNDEZ,220217
27,SANTANDER,001,BUCARAMANGA,SERGIO FAJARDO,6148
27,SANTANDER,001,BUCARAMANGA,VOTOS EN BLANCO,2470
27,SANTANDER,001,BUCARAMANGA,VOTOS NO MARCADOS,71
27,SANTANDER,001,BUCARAMANGA,VOTOS NULOS,1101
27,SANTANDER,004,AGUADA,ENRIQUE GÓMEZ MARTÍNEZ,3
27,SANTANDER,004,AGUADA,FEDERICO GUTIÉRREZ,110
27,SANTANDER,004,AGUADA,GUSTAVO PETRO,66
27,SANTANDER,004,AGUADA,JOHN MILTON RODRÍGUEZ,2
27,SANTANDER,004,AGUADA,RODOLFO HERNÁNDEZ,668
27,SANTANDER,004,AGUADA,SERGIO FAJARDO,7
27,SANTANDER,004,AGUADA,VOTOS EN BLANCO,4
27,SANTANDER,004,AGUADA,VOTOS NO MARCADOS,1
27,SANTANDER,004,AGUADA,VOTOS NULOS,2
27,SANTANDER,007,ALBANIA,ENRIQUE GÓMEZ MARTÍNEZ,2
27,SANTANDER,007,ALBANIA,FEDERICO GUTIÉRREZ,170
27,SANTANDER,007,ALBANIA,GUSTAVO PETRO,290
27,SANTANDER,007,ALBANIA,INGRID BETANCOURT,1
27,SANTANDER,007,ALBANIA,JOHN MILTON RODRÍGUEZ,4
27,SANTANDER,007,ALBANIA,LUIS PÉREZ,2
27,SANTANDER,007,ALBANIA,RODOLFO HERNÁNDEZ,1386
27,SANTANDER,007,ALBANIA,SERGIO FAJARDO,20
27,SANTANDER,007,ALBANIA,VOTOS EN BLANCO,11
27,SANTANDER,007,ALBANIA,VOTOS NO MARCADOS,1
27,SANTANDER,007,ALBANIA,VOTOS NULOS,7
27,SANTANDER,010,ARATOCA,ENRIQUE GÓMEZ MARTÍNEZ,4
27,SANTANDER,010,ARATOCA,FEDERICO GUTIÉRREZ,395
27,SANTANDER,010,ARATOCA,GUSTAVO PETRO,447
27,SANTANDER,010,ARATOCA,JOHN MILTON RODRÍGUEZ,6
27,SANTANDER,010,ARATOCA,RODOLFO HERNÁNDEZ,3567
27,SANTANDER,010,ARATOCA,SERGIO FAJARDO,24
27,SANTANDER,010,ARATOCA,VOTOS EN BLANCO,27
27,SANTANDER,010,ARATOCA,VOTOS NO MARCADOS,10
27,SANTANDER,010,ARATOCA,VOTOS NULOS,12
27,SANTANDER,013,BARBOSA,ENRIQUE GÓMEZ MARTÍNEZ,9
27,SANTANDER,013,BARBOSA,FEDERICO GUTIÉRREZ,1315
27,SANTANDER,013,BARBOSA,GUSTAVO PETRO,4154
27,SANTANDER,013,BARBOSA,INGRID BETANCOURT,4
27,SANTANDER,013,BARBOSA,JOHN MILTON RODRÍGUEZ,156
27,SANTANDER,013,BARBOSA,LUIS PÉREZ,1
27,SANTANDER,013,BARBOSA,RODOLFO HERNÁNDEZ,11062
27,SANTANDER,013,BARBOSA,SERGIO FAJARDO,147
27,SANTANDER,013,BARBOSA,VOTOS EN BLANCO,120
27,SANTANDER,013,BARBOSA,VOTOS NO MARCADOS,10
27,SANTANDER,013,BARBOSA,VOTOS NULOS,96
27,SANTANDER,016,BARICHARA,ENRIQUE GÓMEZ MARTÍNEZ,7
27,SANTANDER,016,BARICHARA,FEDERICO GUTIÉRREZ,493
27,SANTANDER,016,BARICHARA,GUSTAVO PETRO,787
27,SANTANDER,016,BARICHARA,INGRID BETANCOURT,2
27,SANTANDER,016,BARICHARA,JOHN MILTON RODRÍGUEZ,21
27,SANTANDER,016,BARICHARA,RODOLFO HERNÁNDEZ,3394
27,SANTANDER,016,BARICHARA,SERGIO FAJARDO,101
27,SANTANDER,016,BARICHARA,VOTOS EN BLANCO,33
27,SANTANDER,016,BARICHARA,VOTOS NO MARCADOS,4
27,SANTANDER,016,BARICHARA,VOTOS NULOS,16
27,SANTANDER,019,BARRANCABERMEJA,ENRIQUE GÓMEZ MARTÍNEZ,137
27,SANTANDER,019,BARRANCABERMEJA,FEDERICO GUTIÉRREZ,7702
27,SANTANDER,019,BARRANCABERMEJA,GUSTAVO PETRO,57300
27,SANTANDER,019,BARRANCABERMEJA,INGRID BETANCOURT,51
27,SANTANDER,019,BARRANCABERMEJA,JOHN MILTON RODRÍGUEZ,2368
27,SANTANDER,019,BARRANCABERMEJA,LUIS PÉREZ,50
27,SANTANDER,019,BARRANCABERMEJA,RODOLFO HERNÁNDEZ,45208
27,SANTANDER,019,BARRANCABERMEJA,SERGIO FAJARDO,1292
27,SANTANDER,019,BARRANCABERMEJA,VOTOS EN BLANCO,1269
27,SANTANDER,019,BARRANCABERMEJA,VOTOS NO MARCADOS,87
27,SANTANDER,019,BARRANCABERMEJA,VOTOS NULOS,1313
27,SANTANDER,022,BETULIA,ENRIQUE GÓMEZ MARTÍNEZ,2
27,SANTANDER,022,BETULIA,FEDERICO GUTIÉRREZ,105
27,SANTANDER,022,BETULIA,GUSTAVO PETRO,258
27,SANTANDER,022,BETULIA,INGRID BETANCOURT,2
27,SANTANDER,022,BETULIA,JOHN MILTON RODRÍGUEZ,9
27,SANTANDER,022,BETULIA,LUIS PÉREZ,1
27,SANTANDER,022,BETULIA,RODOLFO HERNÁNDEZ,2219
27,SANTANDER,022,BETULIA,SERGIO FAJARDO,21
27,SANTANDER,022,BETULIA,VOTOS EN BLANCO,16
27,SANTANDER,022,BETULIA,VOTOS NO MARCADOS,4
27,SANTANDER,022,BETULIA,VOTOS NULOS,14
27,SANTANDER,025,BOLIVAR,ENRIQUE GÓMEZ MARTÍNEZ,4
27,SANTANDER,025,BOLIVAR,FEDERICO GUTIÉRREZ,325
27,SANTANDER,025,BOLIVAR,GUSTAVO PETRO,948
27,SANTANDER,025,BOLIVAR,JOHN MILTON RODRÍGUEZ,53
27,SANTANDER,025,BOLIVAR,LUIS PÉREZ,1
27,SANTANDER,025,BOLIVAR,RODOLFO HERNÁNDEZ,2922
27,SANTANDER,025,BOLIVAR,SERGIO FAJARDO,35
27,SANTANDER,025,BOLIVAR,VOTOS EN BLANCO,25
27,SANTANDER,025,BOLIVAR,VOTOS NO MARCADOS,10
27,SANTANDER,025,BOLIVAR,VOTOS NULOS,26
27,SANTANDER,028,CABRERA,ENRIQUE GÓMEZ MARTÍNEZ,3
27,SANTANDER,028,CABRERA,FEDERICO GUTIÉRREZ,113
27,SANTANDER,028,CABRERA,GUSTAVO PETRO,56
27,SANTANDER,028,CABRERA,INGRID BETANCOURT,2
27,SANTANDER,028,CABRERA,JOHN MILTON RODRÍGUEZ,2
27,SANTANDER,028,CABRERA,RODOLFO HERNÁNDEZ,924
27,SANTANDER,028,CABRERA,SERGIO FAJARDO,4
27,SANTANDER,028,CABRERA,VOTOS EN BLANCO,7
27,SANTANDER,028,CABRERA,VOTOS NO MARCADOS,4
27,SANTANDER,028,CABRERA,VOTOS NULOS,1
27,SANTANDER,031,CALIFORNIA,ENRIQUE GÓMEZ MARTÍNEZ,1
27,SANTANDER,031,CALIFORNIA,FEDERICO GUTIÉRREZ,145
27,SANTANDER,031,CALIFORNIA,GUSTAVO PETRO,81
27,SANTANDER,031,CALIFORNIA,INGRID BETANCOURT,1
27,SANTANDER,031,CALIFORNIA,JOHN MILTON RODRÍGUEZ,2
27,SANTANDER,031,CALIFORNIA,LUIS PÉREZ,1
27,SANTANDER,031,CALIFORNIA,RODOLFO HERNÁNDEZ,832
27,SANTANDER,031,CALIFORNIA,SERGIO FAJARDO,7
27,SANTANDER,031,CALIFORNIA,VOTOS EN BLANCO,17
27,SANTANDER,031,CALIFORNIA,VOTOS NO MARCADOS,1
27,SANTANDER,031,CALIFORNIA,VOTOS NULOS,5
27,SANTANDER,034,CAPITANEJO,ENRIQUE GÓMEZ MARTÍNEZ,4
27,SANTANDER,034,CAPITANEJO,FEDERICO GUTIÉRREZ,435
27,SANTANDER,034,CAPITANEJO,GUSTAVO PETRO,271
27,SANTANDER,034,CAPITANEJO,INGRID BETANCOURT,1
27,SANTANDER,034,CAPITANEJO,JOHN MILTON RODRÍGUEZ,4
27,SANTANDER,034,CAPITANEJO,LUIS PÉREZ,2
27,SANTANDER,034,CAPITANEJO,RODOLFO HERNÁNDEZ,2167
27,SANTANDER,034,CAPITANEJO,SERGIO FAJARDO,39
27,SANTANDER,034,CAPITANEJO,VOTOS EN BLANCO,16
27,SANTANDER,034,CAPITANEJO,VOTOS NO MARCADOS,7
27,SANTANDER,034,CAPITANEJO,VOTOS NULOS,16
27,SANTANDER,037,CARCASI,ENRIQUE GÓMEZ MARTÍNEZ,3
27,SANTANDER,037,CARCASI,FEDERICO GUTIÉRREZ,171
27,SANTANDER,037,CARCASI,GUSTAVO PETRO,143
27,SANTANDER,037,CARCASI,INGRID BETANCOURT,1
27,SANTANDER,037,CARCASI,JOHN MILTON RODRÍGUEZ,4
27,SANTANDER,037,CARCASI,LUIS PÉREZ,2
27,SANTANDER,037,CARCASI,RODOLFO HERNÁNDEZ,1813
27,SANTANDER,037,CARCASI,SERGIO FAJARDO,8
27,SANTANDER,037,CARCASI,VOTOS EN BLANCO,11
27,SANTANDER,037,CARCASI,VOTOS NO MARCADOS,4
27,SANTANDER,037,CARCASI,VOTOS NULOS,7
27,SANTANDER,040,CEPITA,ENRIQUE GÓMEZ MARTÍNEZ,1
27,SANTANDER,040,CEPITA,FEDERICO GUTIÉRREZ,173
27,SANTANDER,040,CEPITA,GUSTAVO PETRO,138
27,SANTANDER,040,CEPITA,JOHN MILTON RODRÍGUEZ,2
27,SANTANDER,040,CEPITA,RODOLFO HERNÁNDEZ,1069
27,SANTANDER,040,CEPITA,SERGIO FAJARDO,6
27,SANTANDER,040,CEPITA,VOTOS EN BLANCO,6
27,SANTANDER,040,CEPITA,VOTOS NO MARCADOS,3
27,SANTANDER,040,CEPITA,VOTOS NULOS,2
27,SANTANDER,043,CERRITO,ENRIQUE GÓMEZ MARTÍNEZ,8
27,SANTANDER,043,CERRITO,FEDERICO GUTIÉRREZ,150
27,SANTANDER,043,CERRITO,GUSTAVO PETRO,311
27,SANTANDER,043,CERRITO,INGRID BETANCOURT,1
27,SANTANDER,043,CERRITO,JOHN MILTON RODRÍGUEZ,8
27,SANTANDER,043,CERRITO,LUIS PÉREZ,1
27,SANTANDER,043,CERRITO,RODOLFO HERNÁNDEZ,2767
27,SANTANDER,043,CERRITO,SERGIO FAJARDO,19
27,SANTANDER,043,CERRITO,VOTOS EN BLANCO,22
27,SANTANDER,043,CERRITO,VOTOS NO MARCADOS,9
27,SANTANDER,043,CERRITO,VOTOS NULOS,21
27,SANTANDER,045,CIMITARRA,ENRIQUE GÓMEZ MARTÍNEZ,14
27,SANTANDER,045,CIMITARRA,FEDERICO GUTIÉRREZ,1832
27,SANTANDER,045,CIMITARRA,GUSTAVO PETRO,3022
27,SANTANDER,045,CIMITARRA,INGRID BETANCOURT,12
27,SANTANDER,045,CIMITARRA,JOHN MILTON RODRÍGUEZ,284
27,SANTANDER,045,CIMITARRA,LUIS PÉREZ,7
27,SANTANDER,045,CIMITARRA,RODOLFO HERNÁNDEZ,9031
27,SANTANDER,045,CIMITARRA,SERGIO FAJARDO,127
27,SANTANDER,045,CIMITARRA,VOTOS EN BLANCO,127
27,SANTANDER,045,CIMITARRA,VOTOS NO MARCADOS,31
27,SANTANDER,045,CIMITARRA,VOTOS NULOS,165
27,SANTANDER,046,CONCEPCION,ENRIQUE GÓMEZ MARTÍNEZ,2
27,SANTANDER,046,CONCEPCION,FEDERICO GUTIÉRREZ,201
27,SANTANDER,046,CONCEPCION,GUSTAVO PETRO,386
27,SANTANDER,046,CONCEPCION,INGRID BETANCOURT,1
27,SANTANDER,046,CONCEPCION,JOHN MILTON RODRÍGUEZ,5
27,SANTANDER,046,CONCEPCION,RODOLFO HERNÁNDEZ,2434
27,SANTANDER,046,CONCEPCION,SERGIO FAJARDO,14
27,SANTANDER,046,CONCEPCION,VOTOS EN BLANCO,23
27,SANTANDER,046,CONCEPCION,VOTOS NO MARCADOS,2
27,SANTANDER,046,CONCEPCION,VOTOS NULOS,17
27,SANTANDER,049,CONFINES,ENRIQUE GÓMEZ MARTÍNEZ,2
27,SANTANDER,049,CONFINES,FEDERICO GUTIÉRREZ,112
27,SANTANDER,049,CONFINES,GUSTAVO PETRO,106
27,SANTANDER,049,CONFINES,INGRID BETANCOURT,2
27,SANTANDER,049,CONFINES,JOHN MILTON RODRÍGUEZ,4
27,SANTANDER,049,CONFINES,RODOLFO HERNÁNDEZ,1578
27,SANTANDER,049,CONFINES,SERGIO FAJARDO,12
27,SANTANDER,049,CONFINES,VOTOS EN BLANCO,10
27,SANTANDER,049,CONFINES,VOTOS NULOS,12
27,SANTANDER,052,CONTRATACION,ENRIQUE GÓMEZ MARTÍNEZ,2
27,SANTANDER,052,CONTRATACION,FEDERICO GUTIÉRREZ,259
27,SANTANDER,052,CONTRATACION,GUSTAVO PETRO,264
27,SANTANDER,052,CONTRATACION,JOHN MILTON RODRÍGUEZ,11
27,SANTANDER,052,CONTRATACION,LUIS PÉREZ,1
27,SANTANDER,052,CONTRATACION,RODOLFO HERNÁNDEZ,1360
27,SANTANDER,052,CONTRATACION,SERGIO FAJARDO,9
27,SANTANDER,052,CONTRATACION,VOTOS EN BLANCO,16
27,SANTANDER,052,CONTRATACION,VOTOS NO MARCADOS,6
27,SANTANDER,052,CONTRATACION,VOTOS NULOS,16
27,SANTANDER,055,COROMORO,ENRIQUE GÓMEZ MARTÍNEZ,8
27,SANTANDER,055,COROMORO,FEDERICO GUTIÉRREZ,76
27,SANTANDER,055,COROMORO,GUSTAVO PETRO,220
27,SANTANDER,055,COROMORO,INGRID BETANCOURT,1
27,SANTANDER,055,COROMORO,JOHN MILTON RODRÍGUEZ,6
27,SANTANDER,055,COROMORO,RODOLFO HERNÁNDEZ,2585
27,SANTANDER,055,COROMORO,SERGIO FAJARDO,9
27,SANTANDER,055,COROMORO,VOTOS EN BLANCO,14
27,SANTANDER,055,COROMORO,VOTOS NO MARCADOS,8
27,SANTANDER,055,COROMORO,VOTOS NULOS,16
27,SANTANDER,058,CURITI,ENRIQUE GÓMEZ MARTÍNEZ,9
27,SANTANDER,058,CURITI,FEDERICO GUTIÉRREZ,484
27,SANTANDER,058,CURITI,GUSTAVO PETRO,965
27,SANTANDER,058,CURITI,INGRID BETANCOURT,1
27,SANTANDER,058,CURITI,JOHN MILTON RODRÍGUEZ,20
27,SANTANDER,058,CURITI,LUIS PÉREZ,2
27,SANTANDER,058,CURITI,RODOLFO HERNÁNDEZ,5439
27,SANTANDER,058,CURITI,SERGIO FAJARDO,50
27,SANTANDER,058,CURITI,VOTOS EN BLANCO,39
27,SANTANDER,058,CURITI,VOTOS NO MARCADOS,10
27,SANTANDER,058,CURITI,VOTOS NULOS,31
27,SANTANDER,061,CHARALA,ENRIQUE GÓMEZ MARTÍNEZ,18
27,SANTANDER,061,CHARALA,FEDERICO GUTIÉRREZ,352
27,SANTANDER,061,CHARALA,GUSTAVO PETRO,979
27,SANTANDER,061,CHARALA,INGRID BETANCOURT,2
27,SANTANDER,061,CHARALA,JOHN MILTON RODRÍGUEZ,81
27,SANTANDER,061,CHARALA,RODOLFO HERNÁNDEZ,4650
27,SANTANDER,061,CHARALA,SERGIO FAJARDO,52
27,SANTANDER,061,CHARALA,VOTOS EN BLANCO,45
27,SANTANDER,061,CHARALA,VOTOS NO MARCADOS,2
27,SANTANDER,061,CHARALA,VOTOS NULOS,23
27,SANTANDER,064,CHARTA,ENRIQUE GÓMEZ MARTÍNEZ,5
27,SANTANDER,064,CHARTA,FEDERICO GUTIÉRREZ,497
27,SANTANDER,064,CHARTA,GUSTAVO PETRO,156
27,SANTANDER,064,CHARTA,JOHN MILTON RODRÍGUEZ,2
27,SANTANDER,064,CHARTA,RODOLFO HERNÁNDEZ,1426
27,SANTANDER,064,CHARTA,SERGIO FAJARDO,16
27,SANTANDER,064,CHARTA,VOTOS EN BLANCO,12
27,SANTANDER,064,CHARTA,VOTOS NO MARCADOS,5
27,SANTANDER,064,CHARTA,VOTOS NULOS,2
27,SANTANDER,067,CHIMA,FEDERICO GUTIÉRREZ,81
27,SANTANDER,067,CHIMA,GUSTAVO PETRO,96
27,SANTANDER,067,CHIMA,INGRID BETANCOURT,2
27,SANTANDER,067,CHIMA,JOHN MILTON RODRÍGUEZ,1
27,SANTANDER,067,CHIMA,RODOLFO HERNÁNDEZ,1388
27,SANTANDER,067,CHIMA,SERGIO FAJARDO,5
27,SANTANDER,067,CHIMA,VOTOS EN BLANCO,2
27,SANTANDER,067,CHIMA,VOTOS NO MARCADOS,8
27,SANTANDER,067,CHIMA,VOTOS NULOS,8
27,SANTANDER,070,CHIPATA,ENRIQUE GÓMEZ MARTÍNEZ,1
27,SANTANDER,070,CHIPATA,FEDERICO GUTIÉRREZ,112
27,SANTANDER,070,CHIPATA,GUSTAVO PETRO,430
27,SANTANDER,070,CHIPATA,JOHN MILTON RODRÍGUEZ,14
27,SANTANDER,070,CHIPATA,LUIS PÉREZ,1
27,SANTANDER,070,CHIPATA,RODOLFO HERNÁNDEZ,1690
27,SANTANDER,070,CHIPATA,SERGIO FAJARDO,15
27,SANTANDER,070,CHIPATA,VOTOS EN BLANCO,18
27,SANTANDER,070,CHIPATA,VOTOS NO MARCADOS,3
27,SANTANDER,070,CHIPATA,VOTOS NULOS,12
27,SANTANDER,071,EL CARMEN,ENRIQUE GÓMEZ MARTÍNEZ,19
27,SANTANDER,071,EL CARMEN,FEDERICO GUTIÉRREZ,770
27,SANTANDER,071,EL CARMEN,GUSTAVO PETRO,387
27,SANTANDER,071,EL CARMEN,INGRID BETANCOURT,2
27,SANTANDER,071,EL CARMEN,JOHN MILTON RODRÍGUEZ,94
27,SANTANDER,071,EL CARMEN,LUIS PÉREZ,2
27,SANTANDER,071,EL CARMEN,RODOLFO HERNÁNDEZ,5914
27,SANTANDER,071,EL CARMEN,SERGIO FAJARDO,26
27,SANTANDER,071,EL CARMEN,VOTOS EN BLANCO,53
27,SANTANDER,071,EL CARMEN,VOTOS NO MARCADOS,5
27,SANTANDER,071,EL CARMEN,VOTOS NULOS,37
27,SANTANDER,073,EL GUACAMAYO,ENRIQUE GÓMEZ MARTÍNEZ,6
27,SANTANDER,073,EL GUACAMAYO,FEDERICO GUTIÉRREZ,80
27,SANTANDER,073,EL GUACAMAYO,GUSTAVO PETRO,47
27,SANTANDER,073,EL GUACAMAYO,RODOLFO HERNÁNDEZ,799
27,SANTANDER,073,EL GUACAMAYO,SERGIO FAJARDO,6
27,SANTANDER,073,EL GUACAMAYO,VOTOS EN BLANCO,3
27,SANTANDER,073,EL GUACAMAYO,VOTOS NO MARCADOS,1
27,SANTANDER,073,EL GUACAMAYO,VOTOS NULOS,3
27,SANTANDER,074,EL PLAYON,ENRIQUE GÓMEZ MARTÍNEZ,14
27,SANTANDER,074,EL PLAYON,FEDERICO GUTIÉRREZ,559
27,SANTANDER,074,EL PLAYON,GUSTAVO PETRO,697
27,SANTANDER,074,EL PLAYON,INGRID BETANCOURT,5
27,SANTANDER,074,EL PLAYON,JOHN MILTON RODRÍGUEZ,36
27,SANTANDER,074,EL PLAYON,LUIS PÉREZ,4
27,SANTANDER,074,EL PLAYON,RODOLFO HERNÁNDEZ,5509
27,SANTANDER,074,EL PLAYON,SERGIO FAJARDO,28
27,SANTANDER,074,EL PLAYON,VOTOS EN BLANCO,49
27,SANTANDER,074,EL PLAYON,VOTOS NO MARCADOS,13
27,SANTANDER,074,EL PLAYON,VOTOS NULOS,49
27,SANTANDER,075,EL PEÑON,ENRIQUE GÓMEZ MARTÍNEZ,2
27,SANTANDER,075,EL PEÑON,FEDERICO GUTIÉRREZ,116
27,SANTANDER,075,EL PEÑON,GUSTAVO PETRO,239
27,SANTANDER,075,EL PEÑON,JOHN MILTON RODRÍGUEZ,19
27,SANTANDER,075,EL PEÑON,RODOLFO HERNÁNDEZ,1602
27,SANTANDER,075,EL PEÑON,SERGIO FAJARDO,19
27,SANTANDER,075,EL PEÑON,VOTOS EN BLANCO,11
27,SANTANDER,075,EL PEÑON,VOTOS NO MARCADOS,4
27,SANTANDER,075,EL PEÑON,VOTOS NULOS,8
27,SANTANDER,076,ENCINO,ENRIQUE GÓMEZ MARTÍNEZ,5
27,SANTANDER,076,ENCINO,FEDERICO GUTIÉRREZ,75
27,SANTANDER,076,ENCINO,GUSTAVO PETRO,68
27,SANTANDER,076,ENCINO,INGRID BETANCOURT,1
27,SANTANDER,076,ENCINO,JOHN MILTON RODRÍGUEZ,1
27,SANTANDER,076,ENCINO,LUIS PÉREZ,1
27,SANTANDER,076,ENCINO,RODOLFO HERNÁNDEZ,1215
27,SANTANDER,076,ENCINO,SERGIO FAJARDO,8
27,SANTANDER,076,ENCINO,VOTOS EN BLANCO,5
27,SANTANDER,076,ENCINO,VOTOS NO MARCADOS,2
27,SANTANDER,076,ENCINO,VOTOS NULOS,6
27,SANTANDER,079,ENCISO,ENRIQUE GÓMEZ MARTÍNEZ,3
27,SANTANDER,079,ENCISO,FEDERICO GUTIÉRREZ,137
27,SANTANDER,079,ENCISO,GUSTAVO PETRO,214
27,SANTANDER,079,ENCISO,INGRID BETANCOURT,1
27,SANTANDER,079,ENCISO,JOHN MILTON RODRÍGUEZ,5
27,SANTANDER,079,ENCISO,RODOLFO HERNÁNDEZ,1645
27,SANTANDER,079,ENCISO,SERGIO FAJARDO,18
27,SANTANDER,079,ENCISO,VOTOS EN BLANCO,17
27,SANTANDER,079,ENCISO,VOTOS NO MARCADOS,4
27,SANTANDER,079,ENCISO,VOTOS NULOS,2
27,SANTANDER,080,FLORIAN,ENRIQUE GÓMEZ MARTÍNEZ,4
27,SANTANDER,080,FLORIAN,FEDERICO GUTIÉRREZ,135
27,SANTANDER,080,FLORIAN,GUSTAVO PETRO,613
27,SANTANDER,080,FLORIAN,INGRID BETANCOURT,2
27,SANTANDER,080,FLORIAN,JOHN MILTON RODRÍGUEZ,13
27,SANTANDER,080,FLORIAN,RODOLFO HERNÁNDEZ,2164
27,SANTANDER,080,FLORIAN,SERGIO FAJARDO,19
27,SANTANDER,080,FLORIAN,VOTOS EN BLANCO,11
27,SANTANDER,080,FLORIAN,VOTOS NO MARCADOS,5
27,SANTANDER,080,FLORIAN,VOTOS NULOS,10
27,SANTANDER,082,FLORIDABLANCA,ENRIQUE GÓMEZ MARTÍNEZ,265
27,SANTANDER,082,FLORIDABLANCA,FEDERICO GUTIÉRREZ,15134
27,SANTANDER,082,FLORIDABLANCA,GUSTAVO PETRO,29669
27,SANTANDER,082,FLORIDABLANCA,INGRID BETANCOURT,28
27,SANTANDER,082,FLORIDABLANCA,JOHN MILTON RODRÍGUEZ,1304
27,SANTANDER,082,FLORIDABLANCA,LUIS PÉREZ,17
27,SANTANDER,082,FLORIDABLANCA,RODOLFO HERNÁNDEZ,101764
27,SANTANDER,082,FLORIDABLANCA,SERGIO FAJARDO,2159
27,SANTANDER,082,FLORIDABLANCA,VOTOS EN BLANCO,996
27,SANTANDER,082,FLORIDABLANCA,VOTOS NO MARCADOS,39
27,SANTANDER,082,FLORIDABLANCA,VOTOS NULOS,474
27,SANTANDER,085,GALAN,ENRIQUE GÓMEZ MARTÍNEZ,7
27,SANTANDER,085,GALAN,FEDERICO GUTIÉRREZ,379
27,SANTANDER,085,GALAN,GUSTAVO PETRO,150
27,SANTANDER,085,GALAN,JOHN MILTON RODRÍGUEZ,2
27,SANTANDER,085,GALAN,RODOLFO HERNÁNDEZ,1083
27,SANTANDER,085,GALAN,SERGIO FAJARDO,21
27,SANTANDER,085,GALAN,VOTOS EN BLANCO,21
27,SANTANDER,085,GALAN,VOTOS NO MARCADOS,1
27,SANTANDER,085,GALAN,VOTOS NULOS,8
27,SANTANDER,088,GAMBITA,ENRIQUE GÓMEZ MARTÍNEZ,4
27,SANTANDER,088,GAMBITA,FEDERICO GUTIÉRREZ,204
27,SANTANDER,088,GAMBITA,GUSTAVO PETRO,157
27,SANTANDER,088,GAMBITA,JOHN MILTON RODRÍGUEZ,3
27,SANTANDER,088,GAMBITA,RODOLFO HERNÁNDEZ,1660
27,SANTANDER,088,GAMBITA,SERGIO FAJARDO,17
27,SANTANDER,088,GAMBITA,VOTOS EN BLANCO,11
27,SANTANDER,088,GAMBITA,VOTOS NO MARCADOS,10
27,SANTANDER,088,GAMBITA,VOTOS NULOS,19
27,SANTANDER,091,GIRON,ENRIQUE GÓMEZ MARTÍNEZ,100
27,SANTANDER,091,GIRON,FEDERICO GUTIÉRREZ,5457
27,SANTANDER,091,GIRON,GUSTAVO PETRO,15198
27,SANTANDER,091,GIRON,INGRID BETANCOURT,11
27,SANTANDER,091,GIRON,JOHN MILTON RODRÍGUEZ,717
27,SANTANDER,091,GIRON,LUIS PÉREZ,10
27,SANTANDER,091,GIRON,RODOLFO HERNÁNDEZ,61405
27,SANTANDER,091,GIRON,SERGIO FAJARDO,590
27,SANTANDER,091,GIRON,VOTOS EN BLANCO,597
27,SANTANDER,091,GIRON,VOTOS NO MARCADOS,31
27,SANTANDER,091,GIRON,VOTOS NULOS,312
27,SANTANDER,094,GUACA,ENRIQUE GÓMEZ MARTÍNEZ,1
27,SANTANDER,094,GUACA,FEDERICO GUTIÉRREZ,278
27,SANTANDER,094,GUACA,GUSTAVO PETRO,216
27,SANTANDER,094,GUACA,INGRID BETANCOURT,2
27,SANTANDER,094,GUACA,JOHN MILTON RODRÍGUEZ,12
27,SANTANDER,094,GUACA,RODOLFO HERNÁNDEZ,2538
27,SANTANDER,094,GUACA,SERGIO FAJARDO,8
27,SANTANDER,094,GUACA,VOTOS EN BLANCO,14
27,SANTANDER,094,GUACA,VOTOS NO MARCADOS,3
27,SANTANDER,094,GUACA,VOTOS NULOS,9
27,SANTANDER,097,GUADALUPE,ENRIQUE GÓMEZ MARTÍNEZ,4
27,SANTANDER,097,GUADALUPE,FEDERICO GUTIÉRREZ,450
27,SANTANDER,097,GUADALUPE,GUSTAVO PETRO,219
27,SANTANDER,097,GUADALUPE,JOHN MILTON RODRÍGUEZ,19
27,SANTANDER,097,GUADALUPE,LUIS PÉREZ,1
27,SANTANDER,097,GUADALUPE,RODOLFO HERNÁNDEZ,2158
27,SANTANDER,097,GUADALUPE,SERGIO FAJARDO,13
27,SANTANDER,097,GUADALUPE,VOTOS EN BLANCO,18
27,SANTANDER,097,GUADALUPE,VOTOS NO MARCADOS,4
27,SANTANDER,097,GUADALUPE,VOTOS NULOS,11
27,SANTANDER,100,GUAPOTA,ENRIQUE GÓMEZ MARTÍNEZ,1
27,SANTANDER,100,GUAPOTA,FEDERICO GUTIÉRREZ,91
27,SANTANDER,100,GUAPOTA,GUSTAVO PETRO,55
27,SANTANDER,100,GUAPOTA,JOHN MILTON RODRÍGUEZ,7
27,SANTANDER,100,GUAPOTA,RODOLFO HERNÁNDEZ,1142
27,SANTANDER,100,GUAPOTA,SERGIO FAJARDO,10
27,SANTANDER,100,GUAPOTA,VOTOS EN BLANCO,7
27,SANTANDER,100,GUAPOTA,VOTOS NULOS,5
27,SANTANDER,103,GUAVATA,ENRIQUE GÓMEZ MARTÍNEZ,1
27,SANTANDER,103,GUAVATA,FEDERICO GUTIÉRREZ,174
27,SANTANDER,103,GUAVATA,GUSTAVO PETRO,629
27,SANTANDER,103,GUAVATA,INGRID BETANCOURT,1
27,SANTANDER,103,GUAVATA,JOHN MILTON RODRÍGUEZ,11
27,SANTANDER,103,GUAVATA,RODOLFO HERNÁNDEZ,1866
27,SANTANDER,103,GUAVATA,SERGIO FAJARDO,24
27,SANTANDER,103,GUAVATA,VOTOS EN BLANCO,16
27,SANTANDER,103,GUAVATA,VOTOS NO MARCADOS,1
27,SANTANDER,103,GUAVATA,VOTOS NULOS,15
27,SANTANDER,106,GUEPSA,ENRIQUE GÓMEZ MARTÍNEZ,2
27,SANTANDER,106,GUEPSA,FEDERICO GUTIÉRREZ,92
27,SANTANDER,106,GUEPSA,GUSTAVO PETRO,568
27,SANTANDER,106,GUEPSA,JOHN MILTON RODRÍGUEZ,4
27,SANTANDER,106,GUEPSA,LUIS PÉREZ,1
27,SANTANDER,106,GUEPSA,RODOLFO HERNÁNDEZ,1806
27,SANTANDER,106,GUEPSA,SERGIO FAJARDO,10
27,SANTANDER,106,GUEPSA,VOTOS EN BLANCO,16
27,SANTANDER,106,GUEPSA,VOTOS NO MARCADOS,2
27,SANTANDER,106,GUEPSA,VOTOS NULOS,14
27,SANTANDER,109,HATO,ENRIQUE GÓMEZ MARTÍNEZ,4
27,SANTANDER,109,HATO,FEDERICO GUTIÉRREZ,63
27,SANTANDER,109,HATO,GUSTAVO PETRO,153
27,SANTANDER,109,HATO,JOHN MILTON RODRÍGUEZ,5
27,SANTANDER,109,HATO,LUIS PÉREZ,1
27,SANTANDER,109,HATO,RODOLFO HERNÁNDEZ,1047
27,SANTANDER,109,HATO,SERGIO FAJARDO,15
27,SANTANDER,109,HATO,VOTOS EN BLANCO,11
27,SANTANDER,109,HATO,VOTOS NO MARCADOS,6
27,SANTANDER,109,HATO,VOTOS NULOS,12
27,SANTANDER,112,JESUS MARIA,ENRIQUE GÓMEZ MARTÍNEZ,1
27,SANTANDER,112,JESUS MARIA,FEDERICO GUTIÉRREZ,161
27,SANTANDER,112,JESUS MARIA,GUSTAVO PETRO,496
27,SANTANDER,112,JESUS MARIA,JOHN MILTON RODRÍGUEZ,1
27,SANTANDER,112,JESUS MARIA,RODOLFO HERNÁNDEZ,1299
27,SANTANDER,112,JESUS MARIA,SERGIO FAJARDO,10
27,SANTANDER,112,JESUS MARIA,VOTOS EN BLANCO,8
27,SANTANDER,112,JESUS MARIA,VOTOS NO MARCADOS,3
27,SANTANDER,112,JESUS MARIA,VOTOS NULOS,10
27,SANTANDER,115,JORDAN,ENRIQUE GÓMEZ MARTÍNEZ,1
27,SANTANDER,115,JORDAN,FEDERICO GUTIÉRREZ,108
27,SANTANDER,115,JORDAN,GUSTAVO PETRO,53
27,SANTANDER,115,JORDAN,INGRID BETANCOURT,1
27,SANTANDER,115,JORDAN,JOHN MILTON RODRÍGUEZ,1
27,SANTANDER,115,JORDAN,RODOLFO HERNÁNDEZ,641
27,SANTANDER,115,JORDAN,SERGIO FAJARDO,7
27,SANTANDER,115,JORDAN,VOTOS EN BLANCO,2
27,SANTANDER,115,JORDAN,VOTOS NO MARCADOS,2
27,SANTANDER,115,JORDAN,VOTOS NULOS,2
27,SANTANDER,118,LA PAZ,ENRIQUE GÓMEZ MARTÍNEZ,1
27,SANTANDER,118,LA PAZ,FEDERICO GUTIÉRREZ,169
27,SANTANDER,118,LA PAZ,GUSTAVO PETRO,187
27,SANTANDER,118,LA PAZ,JOHN MILTON RODRÍGUEZ,3
27,SANTANDER,118,LA PAZ,RODOLFO HERNÁNDEZ,1852
27,SANTANDER,118,LA PAZ,SERGIO FAJARDO,13
27,SANTANDER,118,LA PAZ,VOTOS EN BLANCO,18
27,SANTANDER,118,LA PAZ,VOTOS NO MARCADOS,3
27,SANTANDER,118,LA PAZ,VOTOS NULOS,6
27,SANTANDER,119,LA BELLEZA,ENRIQUE GÓMEZ MARTÍNEZ,5
27,SANTANDER,119,LA BELLEZA,FEDERICO GUTIÉRREZ,299
27,SANTANDER,119,LA BELLEZA,GUSTAVO PETRO,346
27,SANTANDER,119,LA BELLEZA,JOHN MILTON RODRÍGUEZ,16
27,SANTANDER,119,LA BELLEZA,RODOLFO HERNÁNDEZ,2545
27,SANTANDER,119,LA BELLEZA,SERGIO FAJARDO,17
27,SANTANDER,119,LA BELLEZA,VOTOS EN BLANCO,24
27,SANTANDER,119,LA BELLEZA,VOTOS NO MARCADOS,3
27,SANTANDER,119,LA BELLEZA,VOTOS NULOS,7
27,SANTANDER,120,LANDAZURI,ENRIQUE GÓMEZ MARTÍNEZ,13
27,SANTANDER,120,LANDAZURI,FEDERICO GUTIÉRREZ,242
27,SANTANDER,120,LANDAZURI,GUSTAVO PETRO,900
27,SANTANDER,120,LANDAZURI,INGRID BETANCOURT,3
27,SANTANDER,120,LANDAZURI,JOHN MILTON RODRÍGUEZ,89
27,SANTANDER,120,LANDAZURI,LUIS PÉREZ,2
27,SANTANDER,120,LANDAZURI,RODOLFO HERNÁNDEZ,3935
27,SANTANDER,120,LANDAZURI,SERGIO FAJARDO,28
27,SANTANDER,120,LANDAZURI,VOTOS EN BLANCO,36
27,SANTANDER,120,LANDAZURI,VOTOS NO MARCADOS,11
27,SANTANDER,120,LANDAZURI,VOTOS NULOS,44
27,SANTANDER,121,LEBRIJA,ENRIQUE GÓMEZ MARTÍNEZ,38
27,SANTANDER,121,LEBRIJA,FEDERICO GUTIÉRREZ,1401
27,SANTANDER,121,LEBRIJA,GUSTAVO PETRO,2296
27,SANTANDER,121,LEBRIJA,INGRID BETANCOURT,3
27,SANTANDER,121,LEBRIJA,JOHN MILTON RODRÍGUEZ,162
27,SANTANDER,121,LEBRIJA,LUIS PÉREZ,3
27,SANTANDER,121,LEBRIJA,RODOLFO HERNÁNDEZ,18742
27,SANTANDER,121,LEBRIJA,SERGIO FAJARDO,90
27,SANTANDER,121,LEBRIJA,VOTOS EN BLANCO,120
27,SANTANDER,121,LEBRIJA,VOTOS NO MARCADOS,15
27,SANTANDER,121,LEBRIJA,VOTOS NULOS,94
27,SANTANDER,124,LOS SANTOS,ENRIQUE GÓMEZ MARTÍNEZ,7
27,SANTANDER,124,LOS SANTOS,FEDERICO GUTIÉRREZ,532
27,SANTANDER,124,LOS SANTOS,GUSTAVO PETRO,635
27,SANTANDER,124,LOS SANTOS,JOHN MILTON RODRÍGUEZ,9
27,SANTANDER,124,LOS SANTOS,LUIS PÉREZ,2
27,SANTANDER,124,LOS SANTOS,RODOLFO HERNÁNDEZ,5702
27,SANTANDER,124,LOS SANTOS,SERGIO FAJARDO,57
27,SANTANDER,124,LOS SANTOS,VOTOS EN BLANCO,36
27,SANTANDER,124,LOS SANTOS,VOTOS NO MARCADOS,5
27,SANTANDER,124,LOS SANTOS,VOTOS NULOS,25
27,SANTANDER,127,MACARAVITA,ENRIQUE GÓMEZ MARTÍNEZ,2
27,SANTANDER,127,MACARAVITA,FEDERICO GUTIÉRREZ,97
27,SANTANDER,127,MACARAVITA,GUSTAVO PETRO,90
27,SANTANDER,127,MACARAVITA,RODOLFO HERNÁNDEZ,1049
27,SANTANDER,127,MACARAVITA,SERGIO FAJARDO,4
27,SANTANDER,127,MACARAVITA,VOTOS EN BLANCO,5
27,SANTANDER,127,MACARAVITA,VOTOS NO MARCADOS,1
27,SANTANDER,127,MACARAVITA,VOTOS NULOS,3
27,SANTANDER,130,MALAGA,ENRIQUE GÓMEZ MARTÍNEZ,17
27,SANTANDER,130,MALAGA,FEDERICO GUTIÉRREZ,996
27,SANTANDER,130,MALAGA,GUSTAVO PETRO,1963
27,SANTANDER,130,MALAGA,INGRID BETANCOURT,7
27,SANTANDER,130,MALAGA,JOHN MILTON RODRÍGUEZ,25
27,SANTANDER,130,MALAGA,LUIS PÉREZ,3
27,SANTANDER,130,MALAGA,RODOLFO HERNÁNDEZ,7158
27,SANTANDER,130,MALAGA,SERGIO FAJARDO,137
27,SANTANDER,130,MALAGA,VOTOS EN BLANCO,142
27,SANTANDER,130,MALAGA,VOTOS NO MARCADOS,4
27,SANTANDER,130,MALAGA,VOTOS NULOS,56
27,SANTANDER,133,MATANZA,ENRIQUE GÓMEZ MARTÍNEZ,6
27,SANTANDER,133,MATANZA,FEDERICO GUTIÉRREZ,308
27,SANTANDER,133,MATANZA,GUSTAVO PETRO,246
27,SANTANDER,133,MATANZA,INGRID BETANCOURT,1
27,SANTANDER,133,MATANZA,JOHN MILTON RODRÍGUEZ,10
27,SANTANDER,133,MATANZA,RODOLFO HERNÁNDEZ,2760
27,SANTANDER,133,MATANZA,SERGIO FAJARDO,15
27,SANTANDER,133,MATANZA,VOTOS EN BLANCO,24
27,SANTANDER,133,MATANZA,VOTOS NO MARCADOS,2
27,SANTANDER,133,MATANZA,VOTOS NULOS,9
27,SANTANDER,136,MOGOTES,ENRIQUE GÓMEZ MARTÍNEZ,8
27,SANTANDER,136,MOGOTES,FEDERICO GUTIÉRREZ,256
27,SANTANDER,136,MOGOTES,GUSTAVO PETRO,419
27,SANTANDER,136,MOGOTES,INGRID BETANCOURT,3
27,SANTANDER,136,MOGOTES,JOHN MILTON RODRÍGUEZ,13
27,SANTANDER,136,MOGOTES,LUIS PÉREZ,1
27,SANTANDER,136,MOGOTES,RODOLFO HERNÁNDEZ,4402
27,SANTANDER,136,MOGOTES,SERGIO FAJARDO,14
27,SANTANDER,136,MOGOTES,VOTOS EN BLANCO,23
27,SANTANDER,136,MOGOTES,VOTOS NO MARCADOS,9
27,SANTANDER,136,MOGOTES,VOTOS NULOS,44
27,SANTANDER,139,MOLAGAVITA,ENRIQUE GÓMEZ MARTÍNEZ,5
27,SANTANDER,139,MOLAGAVITA,FEDERICO GUTIÉRREZ,257
27,SANTANDER,139,MOLAGAVITA,GUSTAVO PETRO,145
27,SANTANDER,139,MOLAGAVITA,INGRID BETANCOURT,1
27,SANTANDER,139,MOLAGAVITA,JOHN MILTON RODRÍGUEZ,4
27,SANTANDER,139,MOLAGAVITA,LUIS PÉREZ,3
27,SANTANDER,139,MOLAGAVITA,RODOLFO HERNÁNDEZ,1725
27,SANTANDER,139,MOLAGAVITA,SERGIO FAJARDO,10
27,SANTANDER,139,MOLAGAVITA,VOTOS EN BLANCO,14
27,SANTANDER,139,MOLAGAVITA,VOTOS NO MARCADOS,1
27,SANTANDER,139,MOLAGAVITA,VOTOS NULOS,10
27,SANTANDER,142,OCAMONTE,ENRIQUE GÓMEZ MARTÍNEZ,4
27,SANTANDER,142,OCAMONTE,FEDERICO GUTIÉRREZ,176
27,SANTANDER,142,OCAMONTE,GUSTAVO PETRO,187
27,SANTANDER,142,OCAMONTE,INGRID BETANCOURT,4
27,SANTANDER,142,OCAMONTE,JOHN MILTON RODRÍGUEZ,8
27,SANTANDER,142,OCAMONTE,RODOLFO HERNÁNDEZ,2236
27,SANTANDER,142,OCAMONTE,SERGIO FAJARDO,16
27,SANTANDER,142,OCAMONTE,VOTOS EN BLANCO,21
27,SANTANDER,142,OCAMONTE,VOTOS NO MARCADOS,1
27,SANTANDER,142,OCAMONTE,VOTOS NULOS,12
27,SANTANDER,145,OIBA,ENRIQUE GÓMEZ MARTÍNEZ,3
27,SANTANDER,145,OIBA,FEDERICO GUTIÉRREZ,371
27,SANTANDER,145,OIBA,GUSTAVO PETRO,712
27,SANTANDER,145,OIBA,INGRID BETANCOURT,3
27,SANTANDER,145,OIBA,JOHN MILTON RODRÍGUEZ,57
27,SANTANDER,145,OIBA,LUIS PÉREZ,4
27,SANTANDER,145,OIBA,RODOLFO HERNÁNDEZ,4948
27,SANTANDER,145,OIBA,SERGIO FAJARDO,33
27,SANTANDER,145,OIBA,VOTOS EN BLANCO,17
27,SANTANDER,145,OIBA,VOTOS NO MARCADOS,9
27,SANTANDER,145,OIBA,VOTOS NULOS,29
27,SANTANDER,148,ONZAGA,ENRIQUE GÓMEZ MARTÍNEZ,8
27,SANTANDER,148,ONZAGA,FEDERICO GUTIÉRREZ,118
27,SANTANDER,148,ONZAGA,GUSTAVO PETRO,141
27,SANTANDER,148,ONZAGA,INGRID BETANCOURT,3
27,SANTANDER,148,ONZAGA,JOHN MILTON RODRÍGUEZ,16
27,SANTANDER,148,ONZAGA,LUIS PÉREZ,2
27,SANTANDER,148,ONZAGA,RODOLFO HERNÁNDEZ,1869
27,SANTANDER,148,ONZAGA,SERGIO FAJARDO,10
27,SANTANDER,148,ONZAGA,VOTOS EN BLANCO,9
27,SANTANDER,148,ONZAGA,VOTOS NO MARCADOS,4
27,SANTANDER,148,ONZAGA,VOTOS NULOS,12
27,SANTANDER,151,PALMAR,FEDERICO GUTIÉRREZ,101
27,SANTANDER,151,PALMAR,GUSTAVO PETRO,87
27,SANTANDER,151,PALMAR,INGRID BETANCOURT,1
27,SANTANDER,151,PALMAR,JOHN MILTON RODRÍGUEZ,29
27,SANTANDER,151,PALMAR,LUIS PÉREZ,2
27,SANTANDER,151,PALMAR,RODOLFO HERNÁNDEZ,730
27,SANTANDER,151,PALMAR,SERGIO FAJARDO,2
27,SANTANDER,151,PALMAR,VOTOS EN BLANCO,2
27,SANTANDER,151,PALMAR,VOTOS NULOS,5
27,SANTANDER,154,PALMAS DEL SOCORRO,ENRIQUE GÓMEZ MARTÍNEZ,5
27,SANTANDER,154,PALMAS DEL SOCORRO,FEDERICO GUTIÉRREZ,183
27,SANTANDER,154,PALMAS DEL SOCORRO,GUSTAVO PETRO,111
27,SANTANDER,154,PALMAS DEL SOCORRO,INGRID BETANCOURT,1
27,SANTANDER,154,PALMAS DEL SOCORRO,JOHN MILTON RODRÍGUEZ,3
27,SANTANDER,154,PALMAS DEL SOCORRO,RODOLFO HERNÁNDEZ,1312
27,SANTANDER,154,PALMAS DEL SOCORRO,SERGIO FAJARDO,14
27,SANTANDER,154,PALMAS DEL SOCORRO,VOTOS EN BLANCO,9
27,SANTANDER,154,PALMAS DEL SOCORRO,VOTOS NO MARCADOS,7
27,SANTANDER,154,PALMAS DEL SOCORRO,VOTOS NULOS,6
27,SANTANDER,157,PARAMO,ENRIQUE GÓMEZ MARTÍNEZ,3
27,SANTANDER,157,PARAMO,FEDERICO GUTIÉRREZ,146
27,SANTANDER,157,PARAMO,GUSTAVO PETRO,243
27,SANTANDER,157,PARAMO,JOHN MILTON RODRÍGUEZ,8
27,SANTANDER,157,PARAMO,RODOLFO HERNÁNDEZ,2302
27,SANTANDER,157,PARAMO,SERGIO FAJARDO,15
27,SANTANDER,157,PARAMO,VOTOS EN BLANCO,20
27,SANTANDER,157,PARAMO,VOTOS NO MARCADOS,2
27,SANTANDER,157,PARAMO,VOTOS NULOS,8
27,SANTANDER,160,PIEDECUESTA,ENRIQUE GÓMEZ MARTÍNEZ,112
27,SANTANDER,160,PIEDECUESTA,FEDERICO GUTIÉRREZ,5726
27,SANTANDER,160,PIEDECUESTA,GUSTAVO PETRO,15322
27,SANTANDER,160,PIEDECUESTA,INGRID BETANCOURT,14
27,SANTANDER,160,PIEDECUESTA,JOHN MILTON RODRÍGUEZ,645
27,SANTANDER,160,PIEDECUESTA,LUIS PÉREZ,8
27,SANTANDER,160,PIEDECUESTA,RODOLFO HERNÁNDEZ,65178
27,SANTANDER,160,PIEDECUESTA,SERGIO FAJARDO,687
27,SANTANDER,160,PIEDECUESTA,VOTOS EN BLANCO,479
27,SANTANDER,160,PIEDECUESTA,VOTOS NO MARCADOS,18
27,SANTANDER,160,PIEDECUESTA,VOTOS NULOS,342
27,SANTANDER,163,PINCHOTE,ENRIQUE GÓMEZ MARTÍNEZ,1
27,SANTANDER,163,PINCHOTE,FEDERICO GUTIÉRREZ,178
27,SANTANDER,163,PINCHOTE,GUSTAVO PETRO,353
27,SANTANDER,163,PINCHOTE,JOHN MILTON RODRÍGUEZ,8
27,SANTANDER,163,PINCHOTE,RODOLFO HERNÁNDEZ,2011
27,SANTANDER,163,PINCHOTE,SERGIO FAJARDO,26
27,SANTANDER,163,PINCHOTE,VOTOS EN BLANCO,17
27,SANTANDER,163,PINCHOTE,VOTOS NULOS,3
27,SANTANDER,166,PUENTE NACIONAL,ENRIQUE GÓMEZ MARTÍNEZ,8
27,SANTANDER,166,PUENTE NACIONAL,FEDERICO GUTIÉRREZ,692
27,SANTANDER,166,PUENTE NACIONAL,GUSTAVO PETRO,1921
27,SANTANDER,166,PUENTE NACIONAL,INGRID BETANCOURT,1
27,SANTANDER,166,PUENTE NACIONAL,JOHN MILTON RODRÍGUEZ,59
27,SANTANDER,166,PUENTE NACIONAL,LUIS PÉREZ,2
27,SANTANDER,166,PUENTE NACIONAL,RODOLFO HERNÁNDEZ,5091
27,SANTANDER,166,PUENTE NACIONAL,SERGIO FAJARDO,84
27,SANTANDER,166,PUENTE NACIONAL,VOTOS EN BLANCO,59
27,SANTANDER,166,PUENTE NACIONAL,VOTOS NO MARCADOS,7
27,SANTANDER,166,PUENTE NACIONAL,VOTOS NULOS,38
27,SANTANDER,167,PUERTO PARRA,ENRIQUE GÓMEZ MARTÍNEZ,8
27,SANTANDER,167,PUERTO PARRA,FEDERICO GUTIÉRREZ,376
27,SANTANDER,167,PUERTO PARRA,GUSTAVO PETRO,453
27,SANTANDER,167,PUERTO PARRA,INGRID BETANCOURT,1
27,SANTANDER,167,PUERTO PARRA,JOHN MILTON RODRÍGUEZ,30
27,SANTANDER,167,PUERTO PARRA,RODOLFO HERNÁNDEZ,2186
27,SANTANDER,167,PUERTO PARRA,SERGIO FAJARDO,40
27,SANTANDER,167,PUERTO PARRA,VOTOS EN BLANCO,22
27,SANTANDER,167,PUERTO PARRA,VOTOS NO MARCADOS,5
27,SANTANDER,167,PUERTO PARRA,VOTOS NULOS,42
27,SANTANDER,169,PUERTO WILCHES,ENRIQUE GÓMEZ MARTÍNEZ,18
27,SANTANDER,169,PUERTO WILCHES,FEDERICO GUTIÉRREZ,1288
27,SANTANDER,169,PUERTO WILCHES,GUSTAVO PETRO,5907
27,SANTANDER,169,PUERTO WILCHES,INGRID BETANCOURT,13
27,SANTANDER,169,PUERTO WILCHES,JOHN MILTON RODRÍGUEZ,289
27,SANTANDER,169,PUERTO WILCHES,LUIS PÉREZ,5
27,SANTANDER,169,PUERTO WILCHES,RODOLFO HERNÁNDEZ,6542
27,SANTANDER,169,PUERTO WILCHES,SERGIO FAJARDO,121
27,SANTANDER,169,PUERTO WILCHES,VOTOS EN BLANCO,147
27,SANTANDER,169,PUERTO WILCHES,VOTOS NO MARCADOS,21
27,SANTANDER,169,PUERTO WILCHES,VOTOS NULOS,195
27,SANTANDER,172,RIONEGRO,ENRIQUE GÓMEZ MARTÍNEZ,10
27,SANTANDER,172,RIONEGRO,FEDERICO GUTIÉRREZ,952
27,SANTANDER,172,RIONEGRO,GUSTAVO PETRO,1551
27,SANTANDER,172,RIONEGRO,INGRID BETANCOURT,4
27,SANTANDER,172,RIONEGRO,JOHN MILTON RODRÍGUEZ,93
27,SANTANDER,172,RIONEGRO,LUIS PÉREZ,4
27,SANTANDER,172,RIONEGRO,RODOLFO HERNÁNDEZ,11812
27,SANTANDER,172,RIONEGRO,SERGIO FAJARDO,83
27,SANTANDER,172,RIONEGRO,VOTOS EN BLANCO,100
27,SANTANDER,172,RIONEGRO,VOTOS NO MARCADOS,19
27,SANTANDER,172,RIONEGRO,VOTOS NULOS,90
27,SANTANDER,174,SABANA DE TORRES,ENRIQUE GÓMEZ MARTÍNEZ,34
27,SANTANDER,174,SABANA DE TORRES,FEDERICO GUTIÉRREZ,700
27,SANTANDER,174,SABANA DE TORRES,GUSTAVO PETRO,2583
27,SANTANDER,174,SABANA DE TORRES,INGRID BETANCOURT,5
27,SANTANDER,174,SABANA DE TORRES,JOHN MILTON RODRÍGUEZ,315
27,SANTANDER,174,SABANA DE TORRES,LUIS PÉREZ,2
27,SANTANDER,174,SABANA DE TORRES,RODOLFO HERNÁNDEZ,10433
27,SANTANDER,174,SABANA DE TORRES,SERGIO FAJARDO,65
27,SANTANDER,174,SABANA DE TORRES,VOTOS EN BLANCO,90
27,SANTANDER,174,SABANA DE TORRES,VOTOS NO MARCADOS,14
27,SANTANDER,174,SABANA DE TORRES,VOTOS NULOS,119
27,SANTANDER,175,SAN ANDRES,ENRIQUE GÓMEZ MARTÍNEZ,14
27,SANTANDER,175,SAN ANDRES,FEDERICO GUTIÉRREZ,369
27,SANTANDER,175,SAN ANDRES,GUSTAVO PETRO,489
27,SANTANDER,175,SAN ANDRES,JOHN MILTON RODRÍGUEZ,3
27,SANTANDER,175,SAN ANDRES,LUIS PÉREZ,2
27,SANTANDER,175,SAN ANDRES,RODOLFO HERNÁNDEZ,2962
27,SANTANDER,175,SAN ANDRES,SERGIO FAJARDO,33
27,SANTANDER,175,SAN ANDRES,VOTOS EN BLANCO,27
27,SANTANDER,175,SAN ANDRES,VOTOS NO MARCADOS,5
27,SANTANDER,175,SAN ANDRES,VOTOS NULOS,35
27,SANTANDER,178,SAN BENITO,ENRIQUE GÓMEZ MARTÍNEZ,2
27,SANTANDER,178,SAN BENITO,FEDERICO GUTIÉRREZ,67
27,SANTANDER,178,SAN BENITO,GUSTAVO PETRO,144
27,SANTANDER,178,SAN BENITO,INGRID BETANCOURT,1
27,SANTANDER,178,SAN BENITO,JOHN MILTON RODRÍGUEZ,2
27,SANTANDER,178,SAN BENITO,RODOLFO HERNÁNDEZ,1368
27,SANTANDER,178,SAN BENITO,SERGIO FAJARDO,9
27,SANTANDER,178,SAN BENITO,VOTOS EN BLANCO,4
27,SANTANDER,178,SAN BENITO,VOTOS NO MARCADOS,3
27,SANTANDER,178,SAN BENITO,VOTOS NULOS,3
27,SANTANDER,181,SAN GIL,ENRIQUE GÓMEZ MARTÍNEZ,47
27,SANTANDER,181,SAN GIL,FEDERICO GUTIÉRREZ,2250
27,SANTANDER,181,SAN GIL,GUSTAVO PETRO,6126
27,SANTANDER,181,SAN GIL,INGRID BETANCOURT,5
27,SANTANDER,181,SAN GIL,JOHN MILTON RODRÍGUEZ,159
27,SANTANDER,181,SAN GIL,LUIS PÉREZ,3
27,SANTANDER,181,SAN GIL,RODOLFO HERNÁNDEZ,23016
27,SANTANDER,181,SAN GIL,SERGIO FAJARDO,310
27,SANTANDER,181,SAN GIL,VOTOS EN BLANCO,175
27,SANTANDER,181,SAN GIL,VOTOS NO MARCADOS,9
27,SANTANDER,181,SAN GIL,VOTOS NULOS,97
27,SANTANDER,184,SAN JOAQUIN,ENRIQUE GÓMEZ MARTÍNEZ,4
27,SANTANDER,184,SAN JOAQUIN,FEDERICO GUTIÉRREZ,81
27,SANTANDER,184,SAN JOAQUIN,GUSTAVO PETRO,111
27,SANTANDER,184,SAN JOAQUIN,JOHN MILTON RODRÍGUEZ,7
27,SANTANDER,184,SAN JOAQUIN,RODOLFO HERNÁNDEZ,974
27,SANTANDER,184,SAN JOAQUIN,SERGIO FAJARDO,7
27,SANTANDER,184,SAN JOAQUIN,VOTOS EN BLANCO,5
27,SANTANDER,184,SAN JOAQUIN,VOTOS NO MARCADOS,2
27,SANTANDER,184,SAN JOAQUIN,VOTOS NULOS,2
27,SANTANDER,187,SAN JOSE DE MIRANDA,ENRIQUE GÓMEZ MARTÍNEZ,14
27,SANTANDER,187,SAN JOSE DE MIRANDA,FEDERICO GUTIÉRREZ,288
27,SANTANDER,187,SAN JOSE DE MIRANDA,GUSTAVO PETRO,268
27,SANTANDER,187,SAN JOSE DE MIRANDA,INGRID BETANCOURT,1
27,SANTANDER,187,SAN JOSE DE MIRANDA,JOHN MILTON RODRÍGUEZ,7
27,SANTANDER,187,SAN JOSE DE MIRANDA,RODOLFO HERNÁNDEZ,2096
27,SANTANDER,187,SAN JOSE DE MIRANDA,SERGIO FAJARDO,24
27,SANTANDER,187,SAN JOSE DE MIRANDA,VOTOS EN BLANCO,30
27,SANTANDER,187,SAN JOSE DE MIRANDA,VOTOS NO MARCADOS,6
27,SANTANDER,187,SAN JOSE DE MIRANDA,VOTOS NULOS,6
27,SANTANDER,190,SAN MIGUEL,ENRIQUE GÓMEZ MARTÍNEZ,1
27,SANTANDER,190,SAN MIGUEL,FEDERICO GUTIÉRREZ,173
27,SANTANDER,190,SAN MIGUEL,GUSTAVO PETRO,186
27,SANTANDER,190,SAN MIGUEL,JOHN MILTON RODRÍGUEZ,4
27,SANTANDER,190,SAN MIGUEL,LUIS PÉREZ,3
27,SANTANDER,190,SAN MIGUEL,RODOLFO HERNÁNDEZ,899
27,SANTANDER,190,SAN MIGUEL,SERGIO FAJARDO,6
27,SANTANDER,190,SAN MIGUEL,VOTOS EN BLANCO,10
27,SANTANDER,190,SAN MIGUEL,VOTOS NO MARCADOS,6
27,SANTANDER,190,SAN MIGUEL,VOTOS NULOS,7
27,SANTANDER,193,SAN VICENTE DE CHUCURI,ENRIQUE GÓMEZ MARTÍNEZ,14
27,SANTANDER,193,SAN VICENTE DE CHUCURI,FEDERICO GUTIÉRREZ,1256
27,SANTANDER,193,SAN VICENTE DE CHUCURI,GUSTAVO PETRO,1868
27,SANTANDER,193,SAN VICENTE DE CHUCURI,INGRID BETANCOURT,2
27,SANTANDER,193,SAN VICENTE DE CHUCURI,JOHN MILTON RODRÍGUEZ,141
27,SANTANDER,193,SAN VICENTE DE CHUCURI,RODOLFO HERNÁNDEZ,10842
27,SANTANDER,193,SAN VICENTE DE CHUCURI,SERGIO FAJARDO,84
27,SANTANDER,193,SAN VICENTE DE CHUCURI,VOTOS EN BLANCO,125
27,SANTANDER,193,SAN VICENTE DE CHUCURI,VOTOS NO MARCADOS,15
27,SANTANDER,193,SAN VICENTE DE CHUCURI,VOTOS NULOS,95
27,SANTANDER,194,SANTA HELENA DEL OPON,ENRIQUE GÓMEZ MARTÍNEZ,1
27,SANTANDER,194,SANTA HELENA DEL OPON,FEDERICO GUTIÉRREZ,82
27,SANTANDER,194,SANTA HELENA DEL OPON,GUSTAVO PETRO,144
27,SANTANDER,194,SANTA HELENA DEL OPON,JOHN MILTON RODRÍGUEZ,2
27,SANTANDER,194,SANTA HELENA DEL OPON,RODOLFO HERNÁNDEZ,1649
27,SANTANDER,194,SANTA HELENA DEL OPON,SERGIO FAJARDO,4
27,SANTANDER,194,SANTA HELENA DEL OPON,VOTOS EN BLANCO,16
27,SANTANDER,194,SANTA HELENA DEL OPON,VOTOS NO MARCADOS,4
27,SANTANDER,194,SANTA HELENA DEL OPON,VOTOS NULOS,7
27,SANTANDER,195,SANTA BARBARA,ENRIQUE GÓMEZ MARTÍNEZ,1
27,SANTANDER,195,SANTA BARBARA,FEDERICO GUTIÉRREZ,129
27,SANTANDER,195,SANTA BARBARA,GUSTAVO PETRO,116
27,SANTANDER,195,SANTA BARBARA,JOHN MILTON RODRÍGUEZ,10
27,SANTANDER,195,SANTA BARBARA,RODOLFO HERNÁNDEZ,1203
27,SANTANDER,195,SANTA BARBARA,SERGIO FAJARDO,5
27,SANTANDER,195,SANTA BARBARA,VOTOS EN BLANCO,8
27,SANTANDER,195,SANTA BARBARA,VOTOS NO MARCADOS,5
27,SANTANDER,195,SANTA BARBARA,VOTOS NULOS,8
27,SANTANDER,196,SIMACOTA,ENRIQUE GÓMEZ MARTÍNEZ,6
27,SANTANDER,196,SIMACOTA,FEDERICO GUTIÉRREZ,325
27,SANTANDER,196,SIMACOTA,GUSTAVO PETRO,506
27,SANTANDER,196,SIMACOTA,INGRID BETANCOURT,2
27,SANTANDER,196,SIMACOTA,JOHN MILTON RODRÍGUEZ,11
27,SANTANDER,196,SIMACOTA,LUIS PÉREZ,4
27,SANTANDER,196,SIMACOTA,RODOLFO HERNÁNDEZ,2910
27,SANTANDER,196,SIMACOTA,SERGIO FAJARDO,26
27,SANTANDER,196,SIMACOTA,VOTOS EN BLANCO,19
27,SANTANDER,196,SIMACOTA,VOTOS NO MARCADOS,2
27,SANTANDER,196,SIMACOTA,VOTOS NULOS,22
27,SANTANDER,199,SOCORRO,ENRIQUE GÓMEZ MARTÍNEZ,16
27,SANTANDER,199,SOCORRO,FEDERICO GUTIÉRREZ,1811
27,SANTANDER,199,SOCORRO,GUSTAVO PETRO,2423
27,SANTANDER,199,SOCORRO,INGRID BETANCOURT,2
27,SANTANDER,199,SOCORRO,JOHN MILTON RODRÍGUEZ,92
27,SANTANDER,199,SOCORRO,RODOLFO HERNÁNDEZ,12013
27,SANTANDER,199,SOCORRO,SERGIO FAJARDO,191
27,SANTANDER,199,SOCORRO,VOTOS EN BLANCO,78
27,SANTANDER,199,SOCORRO,VOTOS NO MARCADOS,12
27,SANTANDER,199,SOCORRO,VOTOS NULOS,58
27,SANTANDER,202,SUAITA,ENRIQUE GÓMEZ MARTÍNEZ,3
27,SANTANDER,202,SUAITA,FEDERICO GUTIÉRREZ,368
27,SANTANDER,202,SUAITA,GUSTAVO PETRO,500
27,SANTANDER,202,SUAITA,INGRID BETANCOURT,1
27,SANTANDER,202,SUAITA,JOHN MILTON RODRÍGUEZ,26
27,SANTANDER,202,SUAITA,LUIS PÉREZ,1
27,SANTANDER,202,SUAITA,RODOLFO HERNÁNDEZ,4202
27,SANTANDER,202,SUAITA,SERGIO FAJARDO,27
27,SANTANDER,202,SUAITA,VOTOS EN BLANCO,25
27,SANTANDER,202,SUAITA,VOTOS NO MARCADOS,5
27,SANTANDER,202,SUAITA,VOTOS NULOS,22
27,SANTANDER,205,SUCRE,ENRIQUE GÓMEZ MARTÍNEZ,7
27,SANTANDER,205,SUCRE,FEDERICO GUTIÉRREZ,187
27,SANTANDER,205,SUCRE,GUSTAVO PETRO,312
27,SANTANDER,205,SUCRE,INGRID BETANCOURT,2
27,SANTANDER,205,SUCRE,JOHN MILTON RODRÍGUEZ,6
27,SANTANDER,205,SUCRE,LUIS PÉREZ,4
27,SANTANDER,205,SUCRE,RODOLFO HERNÁNDEZ,2467
27,SANTANDER,205,SUCRE,SERGIO FAJARDO,12
27,SANTANDER,205,SUCRE,VOTOS EN BLANCO,14
27,SANTANDER,205,SUCRE,VOTOS NO MARCADOS,6
27,SANTANDER,205,SUCRE,VOTOS NULOS,11
27,SANTANDER,208,SURATA,ENRIQUE GÓMEZ MARTÍNEZ,5
27,SANTANDER,208,SURATA,FEDERICO GUTIÉRREZ,212
27,SANTANDER,208,SURATA,GUSTAVO PETRO,194
27,SANTANDER,208,SURATA,INGRID BETANCOURT,1
27,SANTANDER,208,SURATA,JOHN MILTON RODRÍGUEZ,3
27,SANTANDER,208,SURATA,LUIS PÉREZ,1
27,SANTANDER,208,SURATA,RODOLFO HERNÁNDEZ,1616
27,SANTANDER,208,SURATA,SERGIO FAJARDO,14
27,SANTANDER,208,SURATA,VOTOS EN BLANCO,12
27,SANTANDER,208,SURATA,VOTOS NO MARCADOS,8
27,SANTANDER,208,SURATA,VOTOS NULOS,12
27,SANTANDER,211,TONA,ENRIQUE GÓMEZ MARTÍNEZ,5
27,SANTANDER,211,TONA,FEDERICO GUTIÉRREZ,213
27,SANTANDER,211,TONA,GUSTAVO PETRO,293
27,SANTANDER,211,TONA,INGRID BETANCOURT,1
27,SANTANDER,211,TONA,JOHN MILTON RODRÍGUEZ,12
27,SANTANDER,211,TONA,RODOLFO HERNÁNDEZ,2911
27,SANTANDER,211,TONA,SERGIO FAJARDO,17
27,SANTANDER,211,TONA,VOTOS EN BLANCO,22
27,SANTANDER,211,TONA,VOTOS NO MARCADOS,4
27,SANTANDER,211,TONA,VOTOS NULOS,24
27,SANTANDER,217,VALLE DE SAN JOSE,ENRIQUE GÓMEZ MARTÍNEZ,5
27,SANTANDER,217,VALLE DE SAN JOSE,FEDERICO GUTIÉRREZ,176
27,SANTANDER,217,VALLE DE SAN JOSE,GUSTAVO PETRO,453
27,SANTANDER,217,VALLE DE SAN JOSE,INGRID BETANCOURT,2
27,SANTANDER,217,VALLE DE SAN JOSE,JOHN MILTON RODRÍGUEZ,4
27,SANTANDER,217,VALLE DE SAN JOSE,LUIS PÉREZ,1
27,SANTANDER,217,VALLE DE SAN JOSE,RODOLFO HERNÁNDEZ,2921
27,SANTANDER,217,VALLE DE SAN JOSE,SERGIO FAJARDO,21
27,SANTANDER,217,VALLE DE SAN JOSE,VOTOS EN BLANCO,23
27,SANTANDER,217,VALLE DE SAN JOSE,VOTOS NO MARCADOS,3
27,SANTANDER,217,VALLE DE SAN JOSE,VOTOS NULOS,13
27,SANTANDER,219,VETAS,ENRIQUE GÓMEZ MARTÍNEZ,6
27,SANTANDER,219,VETAS,FEDERICO GUTIÉRREZ,308
27,SANTANDER,219,VETAS,GUSTAVO PETRO,37
27,SANTANDER,219,VETAS,INGRID BETANCOURT,2
27,SANTANDER,219,VETAS,RODOLFO HERNÁNDEZ,535
27,SANTANDER,219,VETAS,SERGIO FAJARDO,12
27,SANTANDER,219,VETAS,VOTOS EN BLANCO,15
27,SANTANDER,219,VETAS,VOTOS NO MARCADOS,1
27,SANTANDER,219,VETAS,VOTOS NULOS,10
27,SANTANDER,220,VELEZ,ENRIQUE GÓMEZ MARTÍNEZ,10
27,SANTANDER,220,VELEZ,FEDERICO GUTIÉRREZ,878
27,SANTANDER,220,VELEZ,GUSTAVO PETRO,2358
27,SANTANDER,220,VELEZ,INGRID BETANCOURT,1
27,SANTANDER,220,VELEZ,JOHN MILTON RODRÍGUEZ,76
27,SANTANDER,220,VELEZ,LUIS PÉREZ,5
27,SANTANDER,220,VELEZ,RODOLFO HERNÁNDEZ,6479
27,SANTANDER,220,VELEZ,SERGIO FAJARDO,113
27,SANTANDER,220,VELEZ,VOTOS EN BLANCO,86
27,SANTANDER,220,VELEZ,VOTOS NO MARCADOS,9
27,SANTANDER,220,VELEZ,VOTOS NULOS,73
27,SANTANDER,221,VILLANUEVA,ENRIQUE GÓMEZ MARTÍNEZ,10
27,SANTANDER,221,VILLANUEVA,FEDERICO GUTIÉRREZ,438
27,SANTANDER,221,VILLANUEVA,GUSTAVO PETRO,437
27,SANTANDER,221,VILLANUEVA,INGRID BETANCOURT,2
27,SANTANDER,221,VILLANUEVA,JOHN MILTON RODRÍGUEZ,6
27,SANTANDER,221,VILLANUEVA,LUIS PÉREZ,1
27,SANTANDER,221,VILLANUEVA,RODOLFO HERNÁNDEZ,3612
27,SANTANDER,221,VILLANUEVA,SERGIO FAJARDO,49
27,SANTANDER,221,VILLANUEVA,VOTOS EN BLANCO,33
27,SANTANDER,221,VILLANUEVA,VOTOS NO MARCADOS,6
27,SANTANDER,221,VILLANUEVA,VOTOS NULOS,14
27,SANTANDER,223,ZAPATOCA,ENRIQUE GÓMEZ MARTÍNEZ,7
27,SANTANDER,223,ZAPATOCA,FEDERICO GUTIÉRREZ,478
27,SANTANDER,223,ZAPATOCA,GUSTAVO PETRO,650
27,SANTANDER,223,ZAPATOCA,INGRID BETANCOURT,2
27,SANTANDER,223,ZAPATOCA,JOHN MILTON RODRÍGUEZ,30
27,SANTANDER,223,ZAPATOCA,LUIS PÉREZ,1
27,SANTANDER,223,ZAPATOCA,RODOLFO HERNÁNDEZ,3806
27,SANTANDER,223,ZAPATOCA,SERGIO FAJARDO,61
27,SANTANDER,223,ZAPATOCA,VOTOS EN BLANCO,54
27,SANTANDER,223,ZAPATOCA,VOTOS NO MARCADOS,5
27,SANTANDER,223,ZAPATOCA,VOTOS NULOS,23
28,SUCRE,001,SINCELEJO,ENRIQUE GÓMEZ MARTÍNEZ,163
28,SUCRE,001,SINCELEJO,FEDERICO GUTIÉRREZ,29120
28,SUCRE,001,SINCELEJO,GUSTAVO PETRO,66065
28,SUCRE,001,SINCELEJO,INGRID BETANCOURT,47
28,SUCRE,001,SINCELEJO,JOHN MILTON RODRÍGUEZ,3788
28,SUCRE,001,SINCELEJO,LUIS PÉREZ,18
28,SUCRE,001,SINCELEJO,RODOLFO HERNÁNDEZ,12898
28,SUCRE,001,SINCELEJO,SERGIO FAJARDO,1936
28,SUCRE,001,SINCELEJO,VOTOS EN BLANCO,1530
28,SUCRE,001,SINCELEJO,VOTOS NO MARCADOS,139
28,SUCRE,001,SINCELEJO,VOTOS NULOS,1084
28,SUCRE,010,BUENAVISTA,ENRIQUE GÓMEZ MARTÍNEZ,6
28,SUCRE,010,BUENAVISTA,FEDERICO GUTIÉRREZ,1550
28,SUCRE,010,BUENAVISTA,GUSTAVO PETRO,2674
28,SUCRE,010,BUENAVISTA,INGRID BETANCOURT,3
28,SUCRE,010,BUENAVISTA,JOHN MILTON RODRÍGUEZ,82
28,SUCRE,010,BUENAVISTA,LUIS PÉREZ,1
28,SUCRE,010,BUENAVISTA,RODOLFO HERNÁNDEZ,404
28,SUCRE,010,BUENAVISTA,SERGIO FAJARDO,59
28,SUCRE,010,BUENAVISTA,VOTOS EN BLANCO,65
28,SUCRE,010,BUENAVISTA,VOTOS NO MARCADOS,8
28,SUCRE,010,BUENAVISTA,VOTOS NULOS,16
28,SUCRE,020,CAIMITO,ENRIQUE GÓMEZ MARTÍNEZ,17
28,SUCRE,020,CAIMITO,FEDERICO GUTIÉRREZ,1072
28,SUCRE,020,CAIMITO,GUSTAVO PETRO,3105
28,SUCRE,020,CAIMITO,INGRID BETANCOURT,4
28,SUCRE,020,CAIMITO,JOHN MILTON RODRÍGUEZ,59
28,SUCRE,020,CAIMITO,LUIS PÉREZ,1
28,SUCRE,020,CAIMITO,RODOLFO HERNÁNDEZ,447
28,SUCRE,020,CAIMITO,SERGIO FAJARDO,82
28,SUCRE,020,CAIMITO,VOTOS EN BLANCO,51
28,SUCRE,020,CAIMITO,VOTOS NO MARCADOS,13
28,SUCRE,020,CAIMITO,VOTOS NULOS,38
28,SUCRE,030,COLOSO (RICAURTE),ENRIQUE GÓMEZ MARTÍNEZ,12
28,SUCRE,030,COLOSO (RICAURTE),FEDERICO GUTIÉRREZ,1109
28,SUCRE,030,COLOSO (RICAURTE),GUSTAVO PETRO,2204
28,SUCRE,030,COLOSO (RICAURTE),INGRID BETANCOURT,2
28,SUCRE,030,COLOSO (RICAURTE),JOHN MILTON RODRÍGUEZ,73
28,SUCRE,030,COLOSO (RICAURTE),LUIS PÉREZ,1
28,SUCRE,030,COLOSO (RICAURTE),RODOLFO HERNÁNDEZ,322
28,SUCRE,030,COLOSO (RICAURTE),SERGIO FAJARDO,72
28,SUCRE,030,COLOSO (RICAURTE),VOTOS EN BLANCO,69
28,SUCRE,030,COLOSO (RICAURTE),VOTOS NO MARCADOS,12
28,SUCRE,030,COLOSO (RICAURTE),VOTOS NULOS,27
28,SUCRE,040,COROZAL,ENRIQUE GÓMEZ MARTÍNEZ,38
28,SUCRE,040,COROZAL,FEDERICO GUTIÉRREZ,7316
28,SUCRE,040,COROZAL,GUSTAVO PETRO,16840
28,SUCRE,040,COROZAL,INGRID BETANCOURT,15
28,SUCRE,040,COROZAL,JOHN MILTON RODRÍGUEZ,650
28,SUCRE,040,COROZAL,LUIS PÉREZ,6
28,SUCRE,040,COROZAL,RODOLFO HERNÁNDEZ,2579
28,SUCRE,040,COROZAL,SERGIO FAJARDO,448
28,SUCRE,040,COROZAL,VOTOS EN BLANCO,323
28,SUCRE,040,COROZAL,VOTOS NO MARCADOS,28
28,SUCRE,040,COROZAL,VOTOS NULOS,215
28,SUCRE,041,COVEÑAS,ENRIQUE GÓMEZ MARTÍNEZ,6
28,SUCRE,041,COVEÑAS,FEDERICO GUTIÉRREZ,1690
28,SUCRE,041,COVEÑAS,GUSTAVO PETRO,3196
28,SUCRE,041,COVEÑAS,INGRID BETANCOURT,3
28,SUCRE,041,COVEÑAS,JOHN MILTON RODRÍGUEZ,229
28,SUCRE,041,COVEÑAS,LUIS PÉREZ,1
28,SUCRE,041,COVEÑAS,RODOLFO HERNÁNDEZ,943
28,SUCRE,041,COVEÑAS,SERGIO FAJARDO,93
28,SUCRE,041,COVEÑAS,VOTOS EN BLANCO,94
28,SUCRE,041,COVEÑAS,VOTOS NO MARCADOS,6
28,SUCRE,041,COVEÑAS,VOTOS NULOS,71
28,SUCRE,042,EL ROBLE,ENRIQUE GÓMEZ MARTÍNEZ,16
28,SUCRE,042,EL ROBLE,FEDERICO GUTIÉRREZ,1141
28,SUCRE,042,EL ROBLE,GUSTAVO PETRO,3698
28,SUCRE,042,EL ROBLE,INGRID BETANCOURT,1
28,SUCRE,042,EL ROBLE,JOHN MILTON RODRÍGUEZ,85
28,SUCRE,042,EL ROBLE,LUIS PÉREZ,1
28,SUCRE,042,EL ROBLE,RODOLFO HERNÁNDEZ,249
28,SUCRE,042,EL ROBLE,SERGIO FAJARDO,55
28,SUCRE,042,EL ROBLE,VOTOS EN BLANCO,40
28,SUCRE,042,EL ROBLE,VOTOS NO MARCADOS,5
28,SUCRE,042,EL ROBLE,VOTOS NULOS,29
28,SUCRE,045,CHALAN,ENRIQUE GÓMEZ MARTÍNEZ,6
28,SUCRE,045,CHALAN,FEDERICO GUTIÉRREZ,789
28,SUCRE,045,CHALAN,GUSTAVO PETRO,1035
28,SUCRE,045,CHALAN,INGRID BETANCOURT,1
28,SUCRE,045,CHALAN,JOHN MILTON RODRÍGUEZ,13
28,SUCRE,045,CHALAN,LUIS PÉREZ,1
28,SUCRE,045,CHALAN,RODOLFO HERNÁNDEZ,167
28,SUCRE,045,CHALAN,SERGIO FAJARDO,34
28,SUCRE,045,CHALAN,VOTOS EN BLANCO,37
28,SUCRE,045,CHALAN,VOTOS NO MARCADOS,6
28,SUCRE,045,CHALAN,VOTOS NULOS,14
28,SUCRE,048,GALERAS (NUEVA GRANADA),ENRIQUE GÓMEZ MARTÍNEZ,20
28,SUCRE,048,GALERAS (NUEVA GRANADA),FEDERICO GUTIÉRREZ,2948
28,SUCRE,048,GALERAS (NUEVA GRANADA),GUSTAVO PETRO,2424
28,SUCRE,048,GALERAS (NUEVA GRANADA),INGRID BETANCOURT,5
28,SUCRE,048,GALERAS (NUEVA GRANADA),JOHN MILTON RODRÍGUEZ,546
28,SUCRE,048,GALERAS (NUEVA GRANADA),LUIS PÉREZ,2
28,SUCRE,048,GALERAS (NUEVA GRANADA),RODOLFO HERNÁNDEZ,1748
28,SUCRE,048,GALERAS (NUEVA GRANADA),SERGIO FAJARDO,113
28,SUCRE,048,GALERAS (NUEVA GRANADA),VOTOS EN BLANCO,124
28,SUCRE,048,GALERAS (NUEVA GRANADA),VOTOS NO MARCADOS,22
28,SUCRE,048,GALERAS (NUEVA GRANADA),VOTOS NULOS,60
28,SUCRE,049,GUARANDA,ENRIQUE GÓMEZ MARTÍNEZ,11
28,SUCRE,049,GUARANDA,FEDERICO GUTIÉRREZ,1943
28,SUCRE,049,GUARANDA,GUSTAVO PETRO,1386
28,SUCRE,049,GUARANDA,INGRID BETANCOURT,4
28,SUCRE,049,GUARANDA,JOHN MILTON RODRÍGUEZ,253
28,SUCRE,049,GUARANDA,LUIS PÉREZ,3
28,SUCRE,049,GUARANDA,RODOLFO HERNÁNDEZ,1125
28,SUCRE,049,GUARANDA,SERGIO FAJARDO,114
28,SUCRE,049,GUARANDA,VOTOS EN BLANCO,68
28,SUCRE,049,GUARANDA,VOTOS NO MARCADOS,11
28,SUCRE,049,GUARANDA,VOTOS NULOS,29
28,SUCRE,050,LA UNION,ENRIQUE GÓMEZ MARTÍNEZ,8
28,SUCRE,050,LA UNION,FEDERICO GUTIÉRREZ,1141
28,SUCRE,050,LA UNION,GUSTAVO PETRO,3360
28,SUCRE,050,LA UNION,INGRID BETANCOURT,4
28,SUCRE,050,LA UNION,JOHN MILTON RODRÍGUEZ,72
28,SUCRE,050,LA UNION,LUIS PÉREZ,4
28,SUCRE,050,LA UNION,RODOLFO HERNÁNDEZ,581
28,SUCRE,050,LA UNION,SERGIO FAJARDO,64
28,SUCRE,050,LA UNION,VOTOS EN BLANCO,77
28,SUCRE,050,LA UNION,VOTOS NO MARCADOS,11
28,SUCRE,050,LA UNION,VOTOS NULOS,42
28,SUCRE,055,LOS PALMITOS,ENRIQUE GÓMEZ MARTÍNEZ,12
28,SUCRE,055,LOS PALMITOS,FEDERICO GUTIÉRREZ,2179
28,SUCRE,055,LOS PALMITOS,GUSTAVO PETRO,7837
28,SUCRE,055,LOS PALMITOS,INGRID BETANCOURT,5
28,SUCRE,055,LOS PALMITOS,JOHN MILTON RODRÍGUEZ,288
28,SUCRE,055,LOS PALMITOS,LUIS PÉREZ,3
28,SUCRE,055,LOS PALMITOS,RODOLFO HERNÁNDEZ,686
28,SUCRE,055,LOS PALMITOS,SERGIO FAJARDO,111
28,SUCRE,055,LOS PALMITOS,VOTOS EN BLANCO,96
28,SUCRE,055,LOS PALMITOS,VOTOS NO MARCADOS,14
28,SUCRE,055,LOS PALMITOS,VOTOS NULOS,57
28,SUCRE,060,MAJAGUAL,ENRIQUE GÓMEZ MARTÍNEZ,51
28,SUCRE,060,MAJAGUAL,FEDERICO GUTIÉRREZ,6298
28,SUCRE,060,MAJAGUAL,GUSTAVO PETRO,3254
28,SUCRE,060,MAJAGUAL,INGRID BETANCOURT,5
28,SUCRE,060,MAJAGUAL,JOHN MILTON RODRÍGUEZ,266
28,SUCRE,060,MAJAGUAL,LUIS PÉREZ,10
28,SUCRE,060,MAJAGUAL,RODOLFO HERNÁNDEZ,2383
28,SUCRE,060,MAJAGUAL,SERGIO FAJARDO,239
28,SUCRE,060,MAJAGUAL,VOTOS EN BLANCO,139
28,SUCRE,060,MAJAGUAL,VOTOS NO MARCADOS,24
28,SUCRE,060,MAJAGUAL,VOTOS NULOS,72
28,SUCRE,080,MORROA,ENRIQUE GÓMEZ MARTÍNEZ,15
28,SUCRE,080,MORROA,FEDERICO GUTIÉRREZ,2064
28,SUCRE,080,MORROA,GUSTAVO PETRO,5005
28,SUCRE,080,MORROA,INGRID BETANCOURT,6
28,SUCRE,080,MORROA,JOHN MILTON RODRÍGUEZ,136
28,SUCRE,080,MORROA,RODOLFO HERNÁNDEZ,858
28,SUCRE,080,MORROA,SERGIO FAJARDO,114
28,SUCRE,080,MORROA,VOTOS EN BLANCO,106
28,SUCRE,080,MORROA,VOTOS NO MARCADOS,10
28,SUCRE,080,MORROA,VOTOS NULOS,69
28,SUCRE,100,OVEJAS,ENRIQUE GÓMEZ MARTÍNEZ,22
28,SUCRE,100,OVEJAS,FEDERICO GUTIÉRREZ,2997
28,SUCRE,100,OVEJAS,GUSTAVO PETRO,7193
28,SUCRE,100,OVEJAS,JOHN MILTON RODRÍGUEZ,128
28,SUCRE,100,OVEJAS,RODOLFO HERNÁNDEZ,906
28,SUCRE,100,OVEJAS,SERGIO FAJARDO,205
28,SUCRE,100,OVEJAS,VOTOS EN BLANCO,110
28,SUCRE,100,OVEJAS,VOTOS NO MARCADOS,21
28,SUCRE,100,OVEJAS,VOTOS NULOS,83
28,SUCRE,120,PALMITO,ENRIQUE GÓMEZ MARTÍNEZ,13
28,SUCRE,120,PALMITO,FEDERICO GUTIÉRREZ,2255
28,SUCRE,120,PALMITO,GUSTAVO PETRO,3207
28,SUCRE,120,PALMITO,INGRID BETANCOURT,4
28,SUCRE,120,PALMITO,JOHN MILTON RODRÍGUEZ,60
28,SUCRE,120,PALMITO,RODOLFO HERNÁNDEZ,687
28,SUCRE,120,PALMITO,SERGIO FAJARDO,105
28,SUCRE,120,PALMITO,VOTOS EN BLANCO,59
28,SUCRE,120,PALMITO,VOTOS NO MARCADOS,14
28,SUCRE,120,PALMITO,VOTOS NULOS,40
28,SUCRE,160,SAMPUES,ENRIQUE GÓMEZ MARTÍNEZ,37
28,SUCRE,160,SAMPUES,FEDERICO GUTIÉRREZ,4610
28,SUCRE,160,SAMPUES,GUSTAVO PETRO,10290
28,SUCRE,160,SAMPUES,INGRID BETANCOURT,15
28,SUCRE,160,SAMPUES,JOHN MILTON RODRÍGUEZ,780
28,SUCRE,160,SAMPUES,LUIS PÉREZ,14
28,SUCRE,160,SAMPUES,RODOLFO HERNÁNDEZ,2163
28,SUCRE,160,SAMPUES,SERGIO FAJARDO,253
28,SUCRE,160,SAMPUES,VOTOS EN BLANCO,198
28,SUCRE,160,SAMPUES,VOTOS NO MARCADOS,33
28,SUCRE,160,SAMPUES,VOTOS NULOS,152
28,SUCRE,180,SAN BENITO ABAD,ENRIQUE GÓMEZ MARTÍNEZ,36
28,SUCRE,180,SAN BENITO ABAD,FEDERICO GUTIÉRREZ,2659
28,SUCRE,180,SAN BENITO ABAD,GUSTAVO PETRO,4424
28,SUCRE,180,SAN BENITO ABAD,INGRID BETANCOURT,5
28,SUCRE,180,SAN BENITO ABAD,JOHN MILTON RODRÍGUEZ,165
28,SUCRE,180,SAN BENITO ABAD,LUIS PÉREZ,4
28,SUCRE,180,SAN BENITO ABAD,RODOLFO HERNÁNDEZ,778
28,SUCRE,180,SAN BENITO ABAD,SERGIO FAJARDO,152
28,SUCRE,180,SAN BENITO ABAD,VOTOS EN BLANCO,54
28,SUCRE,180,SAN BENITO ABAD,VOTOS NO MARCADOS,16
28,SUCRE,180,SAN BENITO ABAD,VOTOS NULOS,25
28,SUCRE,190,SAN JUAN DE BETULIA (BETULIA),ENRIQUE GÓMEZ MARTÍNEZ,11
28,SUCRE,190,SAN JUAN DE BETULIA (BETULIA),FEDERICO GUTIÉRREZ,1957
28,SUCRE,190,SAN JUAN DE BETULIA (BETULIA),GUSTAVO PETRO,4298
28,SUCRE,190,SAN JUAN DE BETULIA (BETULIA),JOHN MILTON RODRÍGUEZ,112
28,SUCRE,190,SAN JUAN DE BETULIA (BETULIA),LUIS PÉREZ,4
28,SUCRE,190,SAN JUAN DE BETULIA (BETULIA),RODOLFO HERNÁNDEZ,530
28,SUCRE,190,SAN JUAN DE BETULIA (BETULIA),SERGIO FAJARDO,64
28,SUCRE,190,SAN JUAN DE BETULIA (BETULIA),VOTOS EN BLANCO,60
28,SUCRE,190,SAN JUAN DE BETULIA (BETULIA),VOTOS NO MARCADOS,8
28,SUCRE,190,SAN JUAN DE BETULIA (BETULIA),VOTOS NULOS,35
28,SUCRE,200,SAN MARCOS,ENRIQUE GÓMEZ MARTÍNEZ,94
28,SUCRE,200,SAN MARCOS,FEDERICO GUTIÉRREZ,5418
28,SUCRE,200,SAN MARCOS,GUSTAVO PETRO,9772
28,SUCRE,200,SAN MARCOS,INGRID BETANCOURT,13
28,SUCRE,200,SAN MARCOS,JOHN MILTON RODRÍGUEZ,325
28,SUCRE,200,SAN MARCOS,LUIS PÉREZ,2
28,SUCRE,200,SAN MARCOS,RODOLFO HERNÁNDEZ,3637
28,SUCRE,200,SAN MARCOS,SERGIO FAJARDO,369
28,SUCRE,200,SAN MARCOS,VOTOS EN BLANCO,247
28,SUCRE,200,SAN MARCOS,VOTOS NO MARCADOS,56
28,SUCRE,200,SAN MARCOS,VOTOS NULOS,160
28,SUCRE,220,SAN ONOFRE,ENRIQUE GÓMEZ MARTÍNEZ,74
28,SUCRE,220,SAN ONOFRE,FEDERICO GUTIÉRREZ,5926
28,SUCRE,220,SAN ONOFRE,GUSTAVO PETRO,9795
28,SUCRE,220,SAN ONOFRE,INGRID BETANCOURT,27
28,SUCRE,220,SAN ONOFRE,JOHN MILTON RODRÍGUEZ,135
28,SUCRE,220,SAN ONOFRE,LUIS PÉREZ,12
28,SUCRE,220,SAN ONOFRE,RODOLFO HERNÁNDEZ,964
28,SUCRE,220,SAN ONOFRE,SERGIO FAJARDO,346
28,SUCRE,220,SAN ONOFRE,VOTOS EN BLANCO,248
28,SUCRE,220,SAN ONOFRE,VOTOS NO MARCADOS,68
28,SUCRE,220,SAN ONOFRE,VOTOS NULOS,166
28,SUCRE,240,SAN PEDRO,ENRIQUE GÓMEZ MARTÍNEZ,16
28,SUCRE,240,SAN PEDRO,FEDERICO GUTIÉRREZ,2721
28,SUCRE,240,SAN PEDRO,GUSTAVO PETRO,4797
28,SUCRE,240,SAN PEDRO,INGRID BETANCOURT,5
28,SUCRE,240,SAN PEDRO,JOHN MILTON RODRÍGUEZ,96
28,SUCRE,240,SAN PEDRO,LUIS PÉREZ,2
28,SUCRE,240,SAN PEDRO,RODOLFO HERNÁNDEZ,1035
28,SUCRE,240,SAN PEDRO,SERGIO FAJARDO,115
28,SUCRE,240,SAN PEDRO,VOTOS EN BLANCO,112
28,SUCRE,240,SAN PEDRO,VOTOS NO MARCADOS,9
28,SUCRE,240,SAN PEDRO,VOTOS NULOS,52
28,SUCRE,260,SINCE,ENRIQUE GÓMEZ MARTÍNEZ,27
28,SUCRE,260,SINCE,FEDERICO GUTIÉRREZ,4976
28,SUCRE,260,SINCE,GUSTAVO PETRO,6436
28,SUCRE,260,SINCE,INGRID BETANCOURT,8
28,SUCRE,260,SINCE,JOHN MILTON RODRÍGUEZ,353
28,SUCRE,260,SINCE,LUIS PÉREZ,2
28,SUCRE,260,SINCE,RODOLFO HERNÁNDEZ,1408
28,SUCRE,260,SINCE,SERGIO FAJARDO,221
28,SUCRE,260,SINCE,VOTOS EN BLANCO,218
28,SUCRE,260,SINCE,VOTOS NO MARCADOS,31
28,SUCRE,260,SINCE,VOTOS NULOS,140
28,SUCRE,280,SUCRE,ENRIQUE GÓMEZ MARTÍNEZ,48
28,SUCRE,280,SUCRE,FEDERICO GUTIÉRREZ,3819
28,SUCRE,280,SUCRE,GUSTAVO PETRO,2887
28,SUCRE,280,SUCRE,INGRID BETANCOURT,11
28,SUCRE,280,SUCRE,JOHN MILTON RODRÍGUEZ,177
28,SUCRE,280,SUCRE,LUIS PÉREZ,1
28,SUCRE,280,SUCRE,RODOLFO HERNÁNDEZ,964
28,SUCRE,280,SUCRE,SERGIO FAJARDO,207
28,SUCRE,280,SUCRE,VOTOS EN BLANCO,81
28,SUCRE,280,SUCRE,VOTOS NO MARCADOS,17
28,SUCRE,280,SUCRE,VOTOS NULOS,45
28,SUCRE,300,TOLU,ENRIQUE GÓMEZ MARTÍNEZ,30
28,SUCRE,300,TOLU,FEDERICO GUTIÉRREZ,3011
28,SUCRE,300,TOLU,GUSTAVO PETRO,7914
28,SUCRE,300,TOLU,INGRID BETANCOURT,6
28,SUCRE,300,TOLU,JOHN MILTON RODRÍGUEZ,263
28,SUCRE,300,TOLU,LUIS PÉREZ,3
28,SUCRE,300,TOLU,RODOLFO HERNÁNDEZ,774
28,SUCRE,300,TOLU,SERGIO FAJARDO,170
28,SUCRE,300,TOLU,VOTOS EN BLANCO,198
28,SUCRE,300,TOLU,VOTOS NO MARCADOS,26
28,SUCRE,300,TOLU,VOTOS NULOS,193
28,SUCRE,320,TOLUVIEJO,ENRIQUE GÓMEZ MARTÍNEZ,18
28,SUCRE,320,TOLUVIEJO,FEDERICO GUTIÉRREZ,3268
28,SUCRE,320,TOLUVIEJO,GUSTAVO PETRO,5559
28,SUCRE,320,TOLUVIEJO,INGRID BETANCOURT,6
28,SUCRE,320,TOLUVIEJO,JOHN MILTON RODRÍGUEZ,327
28,SUCRE,320,TOLUVIEJO,LUIS PÉREZ,2
28,SUCRE,320,TOLUVIEJO,RODOLFO HERNÁNDEZ,884
28,SUCRE,320,TOLUVIEJO,SERGIO FAJARDO,160
28,SUCRE,320,TOLUVIEJO,VOTOS EN BLANCO,125
28,SUCRE,320,TOLUVIEJO,VOTOS NO MARCADOS,26
28,SUCRE,320,TOLUVIEJO,VOTOS NULOS,81
29,TOLIMA,001,IBAGUE,ENRIQUE GÓMEZ MARTÍNEZ,634
29,TOLIMA,001,IBAGUE,FEDERICO GUTIÉRREZ,69516
29,TOLIMA,001,IBAGUE,GUSTAVO PETRO,96620
29,TOLIMA,001,IBAGUE,INGRID BETANCOURT,161
29,TOLIMA,001,IBAGUE,JOHN MILTON RODRÍGUEZ,3649
29,TOLIMA,001,IBAGUE,LUIS PÉREZ,146
29,TOLIMA,001,IBAGUE,RODOLFO HERNÁNDEZ,88428
29,TOLIMA,001,IBAGUE,SERGIO FAJARDO,11381
29,TOLIMA,001,IBAGUE,VOTOS EN BLANCO,5037
29,TOLIMA,001,IBAGUE,VOTOS NO MARCADOS,195
29,TOLIMA,001,IBAGUE,VOTOS NULOS,3777
29,TOLIMA,004,ALPUJARRA,ENRIQUE GÓMEZ MARTÍNEZ,4
29,TOLIMA,004,ALPUJARRA,FEDERICO GUTIÉRREZ,632
29,TOLIMA,004,ALPUJARRA,GUSTAVO PETRO,328
29,TOLIMA,004,ALPUJARRA,INGRID BETANCOURT,1
29,TOLIMA,004,ALPUJARRA,JOHN MILTON RODRÍGUEZ,15
29,TOLIMA,004,ALPUJARRA,RODOLFO HERNÁNDEZ,931
29,TOLIMA,004,ALPUJARRA,SERGIO FAJARDO,37
29,TOLIMA,004,ALPUJARRA,VOTOS EN BLANCO,27
29,TOLIMA,004,ALPUJARRA,VOTOS NO MARCADOS,4
29,TOLIMA,004,ALPUJARRA,VOTOS NULOS,17
29,TOLIMA,007,ALVARADO,ENRIQUE GÓMEZ MARTÍNEZ,5
29,TOLIMA,007,ALVARADO,FEDERICO GUTIÉRREZ,830
29,TOLIMA,007,ALVARADO,GUSTAVO PETRO,1247
29,TOLIMA,007,ALVARADO,INGRID BETANCOURT,2
29,TOLIMA,007,ALVARADO,JOHN MILTON RODRÍGUEZ,27
29,TOLIMA,007,ALVARADO,RODOLFO HERNÁNDEZ,1897
29,TOLIMA,007,ALVARADO,SERGIO FAJARDO,63
29,TOLIMA,007,ALVARADO,VOTOS EN BLANCO,55
29,TOLIMA,007,ALVARADO,VOTOS NO MARCADOS,14
29,TOLIMA,007,ALVARADO,VOTOS NULOS,63
29,TOLIMA,010,AMBALEMA,ENRIQUE GÓMEZ MARTÍNEZ,3
29,TOLIMA,010,AMBALEMA,FEDERICO GUTIÉRREZ,775
29,TOLIMA,010,AMBALEMA,GUSTAVO PETRO,1130
29,TOLIMA,010,AMBALEMA,INGRID BETANCOURT,3
29,TOLIMA,010,AMBALEMA,JOHN MILTON RODRÍGUEZ,11
29,TOLIMA,010,AMBALEMA,LUIS PÉREZ,2
29,TOLIMA,010,AMBALEMA,RODOLFO HERNÁNDEZ,1377
29,TOLIMA,010,AMBALEMA,SERGIO FAJARDO,40
29,TOLIMA,010,AMBALEMA,VOTOS EN BLANCO,29
29,TOLIMA,010,AMBALEMA,VOTOS NO MARCADOS,2
29,TOLIMA,010,AMBALEMA,VOTOS NULOS,60
29,TOLIMA,013,ANZOATEGUI,ENRIQUE GÓMEZ MARTÍNEZ,6
29,TOLIMA,013,ANZOATEGUI,FEDERICO GUTIÉRREZ,527
29,TOLIMA,013,ANZOATEGUI,GUSTAVO PETRO,715
29,TOLIMA,013,ANZOATEGUI,INGRID BETANCOURT,2
29,TOLIMA,013,ANZOATEGUI,JOHN MILTON RODRÍGUEZ,42
29,TOLIMA,013,ANZOATEGUI,LUIS PÉREZ,3
29,TOLIMA,013,ANZOATEGUI,RODOLFO HERNÁNDEZ,2359
29,TOLIMA,013,ANZOATEGUI,SERGIO FAJARDO,64
29,TOLIMA,013,ANZOATEGUI,VOTOS EN BLANCO,40
29,TOLIMA,013,ANZOATEGUI,VOTOS NO MARCADOS,6
29,TOLIMA,013,ANZOATEGUI,VOTOS NULOS,27
29,TOLIMA,016,ARMERO (GUAYABAL),ENRIQUE GÓMEZ MARTÍNEZ,3
29,TOLIMA,016,ARMERO (GUAYABAL),FEDERICO GUTIÉRREZ,842
29,TOLIMA,016,ARMERO (GUAYABAL),GUSTAVO PETRO,2194
29,TOLIMA,016,ARMERO (GUAYABAL),INGRID BETANCOURT,6
29,TOLIMA,016,ARMERO (GUAYABAL),JOHN MILTON RODRÍGUEZ,123
29,TOLIMA,016,ARMERO (GUAYABAL),LUIS PÉREZ,1
29,TOLIMA,016,ARMERO (GUAYABAL),RODOLFO HERNÁNDEZ,2084
29,TOLIMA,016,ARMERO (GUAYABAL),SERGIO FAJARDO,94
29,TOLIMA,016,ARMERO (GUAYABAL),VOTOS EN BLANCO,82
29,TOLIMA,016,ARMERO (GUAYABAL),VOTOS NO MARCADOS,11
29,TOLIMA,016,ARMERO (GUAYABAL),VOTOS NULOS,105
29,TOLIMA,019,ATACO,ENRIQUE GÓMEZ MARTÍNEZ,39
29,TOLIMA,019,ATACO,FEDERICO GUTIÉRREZ,2429
29,TOLIMA,019,ATACO,GUSTAVO PETRO,1068
29,TOLIMA,019,ATACO,INGRID BETANCOURT,9
29,TOLIMA,019,ATACO,JOHN MILTON RODRÍGUEZ,199
29,TOLIMA,019,ATACO,LUIS PÉREZ,2
29,TOLIMA,019,ATACO,RODOLFO HERNÁNDEZ,3328
29,TOLIMA,019,ATACO,SERGIO FAJARDO,155
29,TOLIMA,019,ATACO,VOTOS EN BLANCO,87
29,TOLIMA,019,ATACO,VOTOS NO MARCADOS,19
29,TOLIMA,019,ATACO,VOTOS NULOS,42
29,TOLIMA,022,CAJAMARCA,ENRIQUE GÓMEZ MARTÍNEZ,18
29,TOLIMA,022,CAJAMARCA,FEDERICO GUTIÉRREZ,1455
29,TOLIMA,022,CAJAMARCA,GUSTAVO PETRO,2279
29,TOLIMA,022,CAJAMARCA,INGRID BETANCOURT,5
29,TOLIMA,022,CAJAMARCA,JOHN MILTON RODRÍGUEZ,62
29,TOLIMA,022,CAJAMARCA,LUIS PÉREZ,3
29,TOLIMA,022,CAJAMARCA,RODOLFO HERNÁNDEZ,4408
29,TOLIMA,022,CAJAMARCA,SERGIO FAJARDO,139
29,TOLIMA,022,CAJAMARCA,VOTOS EN BLANCO,116
29,TOLIMA,022,CAJAMARCA,VOTOS NO MARCADOS,15
29,TOLIMA,022,CAJAMARCA,VOTOS NULOS,140
29,TOLIMA,025,CARMEN DE APICALA,ENRIQUE GÓMEZ MARTÍNEZ,7
29,TOLIMA,025,CARMEN DE APICALA,FEDERICO GUTIÉRREZ,1116
29,TOLIMA,025,CARMEN DE APICALA,GUSTAVO PETRO,1066
29,TOLIMA,025,CARMEN DE APICALA,INGRID BETANCOURT,2
29,TOLIMA,025,CARMEN DE APICALA,JOHN MILTON RODRÍGUEZ,54
29,TOLIMA,025,CARMEN DE APICALA,RODOLFO HERNÁNDEZ,3112
29,TOLIMA,025,CARMEN DE APICALA,SERGIO FAJARDO,99
29,TOLIMA,025,CARMEN DE APICALA,VOTOS EN BLANCO,88
29,TOLIMA,025,CARMEN DE APICALA,VOTOS NO MARCADOS,4
29,TOLIMA,025,CARMEN DE APICALA,VOTOS NULOS,63
29,TOLIMA,028,CASABIANCA,ENRIQUE GÓMEZ MARTÍNEZ,22
29,TOLIMA,028,CASABIANCA,FEDERICO GUTIÉRREZ,645
29,TOLIMA,028,CASABIANCA,GUSTAVO PETRO,465
29,TOLIMA,028,CASABIANCA,INGRID BETANCOURT,1
29,TOLIMA,028,CASABIANCA,JOHN MILTON RODRÍGUEZ,39
29,TOLIMA,028,CASABIANCA,LUIS PÉREZ,1
29,TOLIMA,028,CASABIANCA,RODOLFO HERNÁNDEZ,1290
29,TOLIMA,028,CASABIANCA,SERGIO FAJARDO,77
29,TOLIMA,028,CASABIANCA,VOTOS EN BLANCO,55
29,TOLIMA,028,CASABIANCA,VOTOS NO MARCADOS,18
29,TOLIMA,028,CASABIANCA,VOTOS NULOS,33
29,TOLIMA,031,COELLO,ENRIQUE GÓMEZ MARTÍNEZ,2
29,TOLIMA,031,COELLO,FEDERICO GUTIÉRREZ,606
29,TOLIMA,031,COELLO,GUSTAVO PETRO,1720
29,TOLIMA,031,COELLO,INGRID BETANCOURT,3
29,TOLIMA,031,COELLO,JOHN MILTON RODRÍGUEZ,23
29,TOLIMA,031,COELLO,RODOLFO HERNÁNDEZ,1784
29,TOLIMA,031,COELLO,SERGIO FAJARDO,79
29,TOLIMA,031,COELLO,VOTOS EN BLANCO,44
29,TOLIMA,031,COELLO,VOTOS NO MARCADOS,9
29,TOLIMA,031,COELLO,VOTOS NULOS,59
29,TOLIMA,034,COYAIMA,ENRIQUE GÓMEZ MARTÍNEZ,24
29,TOLIMA,034,COYAIMA,FEDERICO GUTIÉRREZ,2326
29,TOLIMA,034,COYAIMA,GUSTAVO PETRO,3997
29,TOLIMA,034,COYAIMA,INGRID BETANCOURT,16
29,TOLIMA,034,COYAIMA,JOHN MILTON RODRÍGUEZ,55
29,TOLIMA,034,COYAIMA,LUIS PÉREZ,7
29,TOLIMA,034,COYAIMA,RODOLFO HERNÁNDEZ,1600
29,TOLIMA,034,COYAIMA,SERGIO FAJARDO,161
29,TOLIMA,034,COYAIMA,VOTOS EN BLANCO,81
29,TOLIMA,034,COYAIMA,VOTOS NO MARCADOS,41
29,TOLIMA,034,COYAIMA,VOTOS NULOS,135
29,TOLIMA,037,CUNDAY,ENRIQUE GÓMEZ MARTÍNEZ,2
29,TOLIMA,037,CUNDAY,FEDERICO GUTIÉRREZ,1160
29,TOLIMA,037,CUNDAY,GUSTAVO PETRO,632
29,TOLIMA,037,CUNDAY,INGRID BETANCOURT,1
29,TOLIMA,037,CUNDAY,JOHN MILTON RODRÍGUEZ,23
29,TOLIMA,037,CUNDAY,LUIS PÉREZ,1
29,TOLIMA,037,CUNDAY,RODOLFO HERNÁNDEZ,1746
29,TOLIMA,037,CUNDAY,SERGIO FAJARDO,82
29,TOLIMA,037,CUNDAY,VOTOS EN BLANCO,27
29,TOLIMA,037,CUNDAY,VOTOS NO MARCADOS,10
29,TOLIMA,037,CUNDAY,VOTOS NULOS,18
29,TOLIMA,040,CHAPARRAL,ENRIQUE GÓMEZ MARTÍNEZ,32
29,TOLIMA,040,CHAPARRAL,FEDERICO GUTIÉRREZ,3657
29,TOLIMA,040,CHAPARRAL,GUSTAVO PETRO,5092
29,TOLIMA,040,CHAPARRAL,INGRID BETANCOURT,15
29,TOLIMA,040,CHAPARRAL,JOHN MILTON RODRÍGUEZ,352
29,TOLIMA,040,CHAPARRAL,LUIS PÉREZ,9
29,TOLIMA,040,CHAPARRAL,RODOLFO HERNÁNDEZ,8101
29,TOLIMA,040,CHAPARRAL,SERGIO FAJARDO,430
29,TOLIMA,040,CHAPARRAL,VOTOS EN BLANCO,296
29,TOLIMA,040,CHAPARRAL,VOTOS NO MARCADOS,50
29,TOLIMA,040,CHAPARRAL,VOTOS NULOS,311
29,TOLIMA,043,DOLORES,ENRIQUE GÓMEZ MARTÍNEZ,3
29,TOLIMA,043,DOLORES,FEDERICO GUTIÉRREZ,792
29,TOLIMA,043,DOLORES,GUSTAVO PETRO,770
29,TOLIMA,043,DOLORES,INGRID BETANCOURT,1
29,TOLIMA,043,DOLORES,JOHN MILTON RODRÍGUEZ,43
29,TOLIMA,043,DOLORES,LUIS PÉREZ,1
29,TOLIMA,043,DOLORES,RODOLFO HERNÁNDEZ,2106
29,TOLIMA,043,DOLORES,SERGIO FAJARDO,63
29,TOLIMA,043,DOLORES,VOTOS EN BLANCO,39
29,TOLIMA,043,DOLORES,VOTOS NO MARCADOS,6
29,TOLIMA,043,DOLORES,VOTOS NULOS,21
29,TOLIMA,046,ESPINAL,ENRIQUE GÓMEZ MARTÍNEZ,84
29,TOLIMA,046,ESPINAL,FEDERICO GUTIÉRREZ,7593
29,TOLIMA,046,ESPINAL,GUSTAVO PETRO,10719
29,TOLIMA,046,ESPINAL,INGRID BETANCOURT,25
29,TOLIMA,046,ESPINAL,JOHN MILTON RODRÍGUEZ,279
29,TOLIMA,046,ESPINAL,LUIS PÉREZ,18
29,TOLIMA,046,ESPINAL,RODOLFO HERNÁNDEZ,15914
29,TOLIMA,046,ESPINAL,SERGIO FAJARDO,723
29,TOLIMA,046,ESPINAL,VOTOS EN BLANCO,545
29,TOLIMA,046,ESPINAL,VOTOS NO MARCADOS,42
29,TOLIMA,046,ESPINAL,VOTOS NULOS,548
29,TOLIMA,049,FALAN,ENRIQUE GÓMEZ MARTÍNEZ,11
29,TOLIMA,049,FALAN,FEDERICO GUTIÉRREZ,402
29,TOLIMA,049,FALAN,GUSTAVO PETRO,887
29,TOLIMA,049,FALAN,INGRID BETANCOURT,5
29,TOLIMA,049,FALAN,JOHN MILTON RODRÍGUEZ,63
29,TOLIMA,049,FALAN,LUIS PÉREZ,1
29,TOLIMA,049,FALAN,RODOLFO HERNÁNDEZ,1692
29,TOLIMA,049,FALAN,SERGIO FAJARDO,62
29,TOLIMA,049,FALAN,VOTOS EN BLANCO,50
29,TOLIMA,049,FALAN,VOTOS NO MARCADOS,9
29,TOLIMA,049,FALAN,VOTOS NULOS,45
29,TOLIMA,052,FLANDES,ENRIQUE GÓMEZ MARTÍNEZ,16
29,TOLIMA,052,FLANDES,FEDERICO GUTIÉRREZ,2168
29,TOLIMA,052,FLANDES,GUSTAVO PETRO,2820
29,TOLIMA,052,FLANDES,INGRID BETANCOURT,2
29,TOLIMA,052,FLANDES,JOHN MILTON RODRÍGUEZ,149
29,TOLIMA,052,FLANDES,LUIS PÉREZ,3
29,TOLIMA,052,FLANDES,RODOLFO HERNÁNDEZ,5276
29,TOLIMA,052,FLANDES,SERGIO FAJARDO,205
29,TOLIMA,052,FLANDES,VOTOS EN BLANCO,122
29,TOLIMA,052,FLANDES,VOTOS NO MARCADOS,11
29,TOLIMA,052,FLANDES,VOTOS NULOS,159
29,TOLIMA,055,FRESNO,ENRIQUE GÓMEZ MARTÍNEZ,46
29,TOLIMA,055,FRESNO,FEDERICO GUTIÉRREZ,2605
29,TOLIMA,055,FRESNO,GUSTAVO PETRO,2437
29,TOLIMA,055,FRESNO,INGRID BETANCOURT,10
29,TOLIMA,055,FRESNO,JOHN MILTON RODRÍGUEZ,209
29,TOLIMA,055,FRESNO,LUIS PÉREZ,5
29,TOLIMA,055,FRESNO,RODOLFO HERNÁNDEZ,7280
29,TOLIMA,055,FRESNO,SERGIO FAJARDO,349
29,TOLIMA,055,FRESNO,VOTOS EN BLANCO,231
29,TOLIMA,055,FRESNO,VOTOS NO MARCADOS,37
29,TOLIMA,055,FRESNO,VOTOS NULOS,214
29,TOLIMA,058,GUAMO,ENRIQUE GÓMEZ MARTÍNEZ,42
29,TOLIMA,058,GUAMO,FEDERICO GUTIÉRREZ,3439
29,TOLIMA,058,GUAMO,GUSTAVO PETRO,2869
29,TOLIMA,058,GUAMO,INGRID BETANCOURT,13
29,TOLIMA,058,GUAMO,JOHN MILTON RODRÍGUEZ,128
29,TOLIMA,058,GUAMO,LUIS PÉREZ,2
29,TOLIMA,058,GUAMO,RODOLFO HERNÁNDEZ,7004
29,TOLIMA,058,GUAMO,SERGIO FAJARDO,295
29,TOLIMA,058,GUAMO,VOTOS EN BLANCO,156
29,TOLIMA,058,GUAMO,VOTOS NO MARCADOS,22
29,TOLIMA,058,GUAMO,VOTOS NULOS,170
29,TOLIMA,061,HERVEO,ENRIQUE GÓMEZ MARTÍNEZ,13
29,TOLIMA,061,HERVEO,FEDERICO GUTIÉRREZ,649
29,TOLIMA,061,HERVEO,GUSTAVO PETRO,460
29,TOLIMA,061,HERVEO,INGRID BETANCOURT,6
29,TOLIMA,061,HERVEO,JOHN MILTON RODRÍGUEZ,25
29,TOLIMA,061,HERVEO,LUIS PÉREZ,1
29,TOLIMA,061,HERVEO,RODOLFO HERNÁNDEZ,1334
29,TOLIMA,061,HERVEO,SERGIO FAJARDO,87
29,TOLIMA,061,HERVEO,VOTOS EN BLANCO,37
29,TOLIMA,061,HERVEO,VOTOS NO MARCADOS,13
29,TOLIMA,061,HERVEO,VOTOS NULOS,49
29,TOLIMA,064,HONDA,ENRIQUE GÓMEZ MARTÍNEZ,16
29,TOLIMA,064,HONDA,FEDERICO GUTIÉRREZ,2810
29,TOLIMA,064,HONDA,GUSTAVO PETRO,4114
29,TOLIMA,064,HONDA,INGRID BETANCOURT,3
29,TOLIMA,064,HONDA,JOHN MILTON RODRÍGUEZ,130
29,TOLIMA,064,HONDA,LUIS PÉREZ,2
29,TOLIMA,064,HONDA,RODOLFO HERNÁNDEZ,5084
29,TOLIMA,064,HONDA,SERGIO FAJARDO,326
29,TOLIMA,064,HONDA,VOTOS EN BLANCO,173
29,TOLIMA,064,HONDA,VOTOS NO MARCADOS,17
29,TOLIMA,064,HONDA,VOTOS NULOS,194
29,TOLIMA,067,ICONONZO,ENRIQUE GÓMEZ MARTÍNEZ,3
29,TOLIMA,067,ICONONZO,FEDERICO GUTIÉRREZ,594
29,TOLIMA,067,ICONONZO,GUSTAVO PETRO,1910
29,TOLIMA,067,ICONONZO,INGRID BETANCOURT,4
29,TOLIMA,067,ICONONZO,JOHN MILTON RODRÍGUEZ,64
29,TOLIMA,067,ICONONZO,RODOLFO HERNÁNDEZ,2011
29,TOLIMA,067,ICONONZO,SERGIO FAJARDO,93
29,TOLIMA,067,ICONONZO,VOTOS EN BLANCO,57
29,TOLIMA,067,ICONONZO,VOTOS NO MARCADOS,5
29,TOLIMA,067,ICONONZO,VOTOS NULOS,60
29,TOLIMA,070,LERIDA,ENRIQUE GÓMEZ MARTÍNEZ,9
29,TOLIMA,070,LERIDA,FEDERICO GUTIÉRREZ,1714
29,TOLIMA,070,LERIDA,GUSTAVO PETRO,3128
29,TOLIMA,070,LERIDA,INGRID BETANCOURT,2
29,TOLIMA,070,LERIDA,JOHN MILTON RODRÍGUEZ,120
29,TOLIMA,070,LERIDA,LUIS PÉREZ,1
29,TOLIMA,070,LERIDA,RODOLFO HERNÁNDEZ,2971
29,TOLIMA,070,LERIDA,SERGIO FAJARDO,143
29,TOLIMA,070,LERIDA,VOTOS EN BLANCO,112
29,TOLIMA,070,LERIDA,VOTOS NO MARCADOS,11
29,TOLIMA,070,LERIDA,VOTOS NULOS,130
29,TOLIMA,073,LIBANO,ENRIQUE GÓMEZ MARTÍNEZ,32
29,TOLIMA,073,LIBANO,FEDERICO GUTIÉRREZ,3807
29,TOLIMA,073,LIBANO,GUSTAVO PETRO,6854
29,TOLIMA,073,LIBANO,INGRID BETANCOURT,17
29,TOLIMA,073,LIBANO,JOHN MILTON RODRÍGUEZ,144
29,TOLIMA,073,LIBANO,LUIS PÉREZ,3
29,TOLIMA,073,LIBANO,RODOLFO HERNÁNDEZ,4958
29,TOLIMA,073,LIBANO,SERGIO FAJARDO,439
29,TOLIMA,073,LIBANO,VOTOS EN BLANCO,251
29,TOLIMA,073,LIBANO,VOTOS NO MARCADOS,38
29,TOLIMA,073,LIBANO,VOTOS NULOS,384
29,TOLIMA,076,MARIQUITA,ENRIQUE GÓMEZ MARTÍNEZ,43
29,TOLIMA,076,MARIQUITA,FEDERICO GUTIÉRREZ,2689
29,TOLIMA,076,MARIQUITA,GUSTAVO PETRO,4723
29,TOLIMA,076,MARIQUITA,INGRID BETANCOURT,14
29,TOLIMA,076,MARIQUITA,JOHN MILTON RODRÍGUEZ,368
29,TOLIMA,076,MARIQUITA,LUIS PÉREZ,5
29,TOLIMA,076,MARIQUITA,RODOLFO HERNÁNDEZ,7460
29,TOLIMA,076,MARIQUITA,SERGIO FAJARDO,333
29,TOLIMA,076,MARIQUITA,VOTOS EN BLANCO,293
29,TOLIMA,076,MARIQUITA,VOTOS NO MARCADOS,32
29,TOLIMA,076,MARIQUITA,VOTOS NULOS,329
29,TOLIMA,079,MELGAR,ENRIQUE GÓMEZ MARTÍNEZ,27
29,TOLIMA,079,MELGAR,FEDERICO GUTIÉRREZ,4258
29,TOLIMA,079,MELGAR,GUSTAVO PETRO,3406
29,TOLIMA,079,MELGAR,INGRID BETANCOURT,12
29,TOLIMA,079,MELGAR,JOHN MILTON RODRÍGUEZ,286
29,TOLIMA,079,MELGAR,LUIS PÉREZ,6
29,TOLIMA,079,MELGAR,RODOLFO HERNÁNDEZ,9599
29,TOLIMA,079,MELGAR,SERGIO FAJARDO,342
29,TOLIMA,079,MELGAR,VOTOS EN BLANCO,220
29,TOLIMA,079,MELGAR,VOTOS NO MARCADOS,13
29,TOLIMA,079,MELGAR,VOTOS NULOS,170
29,TOLIMA,080,MURILLO,ENRIQUE GÓMEZ MARTÍNEZ,3
29,TOLIMA,080,MURILLO,FEDERICO GUTIÉRREZ,405
29,TOLIMA,080,MURILLO,GUSTAVO PETRO,466
29,TOLIMA,080,MURILLO,INGRID BETANCOURT,2
29,TOLIMA,080,MURILLO,JOHN MILTON RODRÍGUEZ,3
29,TOLIMA,080,MURILLO,RODOLFO HERNÁNDEZ,565
29,TOLIMA,080,MURILLO,SERGIO FAJARDO,35
29,TOLIMA,080,MURILLO,VOTOS EN BLANCO,28
29,TOLIMA,080,MURILLO,VOTOS NO MARCADOS,12
29,TOLIMA,080,MURILLO,VOTOS NULOS,43
29,TOLIMA,082,NATAGAIMA,ENRIQUE GÓMEZ MARTÍNEZ,14
29,TOLIMA,082,NATAGAIMA,FEDERICO GUTIÉRREZ,1883
29,TOLIMA,082,NATAGAIMA,GUSTAVO PETRO,3361
29,TOLIMA,082,NATAGAIMA,INGRID BETANCOURT,10
29,TOLIMA,082,NATAGAIMA,JOHN MILTON RODRÍGUEZ,34
29,TOLIMA,082,NATAGAIMA,LUIS PÉREZ,2
29,TOLIMA,082,NATAGAIMA,RODOLFO HERNÁNDEZ,1755
29,TOLIMA,082,NATAGAIMA,SERGIO FAJARDO,128
29,TOLIMA,082,NATAGAIMA,VOTOS EN BLANCO,93
29,TOLIMA,082,NATAGAIMA,VOTOS NO MARCADOS,14
29,TOLIMA,082,NATAGAIMA,VOTOS NULOS,84
29,TOLIMA,085,ORTEGA,ENRIQUE GÓMEZ MARTÍNEZ,44
29,TOLIMA,085,ORTEGA,FEDERICO GUTIÉRREZ,2886
29,TOLIMA,085,ORTEGA,GUSTAVO PETRO,3165
29,TOLIMA,085,ORTEGA,INGRID BETANCOURT,7
29,TOLIMA,085,ORTEGA,JOHN MILTON RODRÍGUEZ,78
29,TOLIMA,085,ORTEGA,LUIS PÉREZ,1
29,TOLIMA,085,ORTEGA,RODOLFO HERNÁNDEZ,3683
29,TOLIMA,085,ORTEGA,SERGIO FAJARDO,272
29,TOLIMA,085,ORTEGA,VOTOS EN BLANCO,132
29,TOLIMA,085,ORTEGA,VOTOS NO MARCADOS,59
29,TOLIMA,085,ORTEGA,VOTOS NULOS,178
29,TOLIMA,087,PALOCABILDO,ENRIQUE GÓMEZ MARTÍNEZ,8
29,TOLIMA,087,PALOCABILDO,FEDERICO GUTIÉRREZ,611
29,TOLIMA,087,PALOCABILDO,GUSTAVO PETRO,982
29,TOLIMA,087,PALOCABILDO,INGRID BETANCOURT,3
29,TOLIMA,087,PALOCABILDO,JOHN MILTON RODRÍGUEZ,66
29,TOLIMA,087,PALOCABILDO,LUIS PÉREZ,1
29,TOLIMA,087,PALOCABILDO,RODOLFO HERNÁNDEZ,2097
29,TOLIMA,087,PALOCABILDO,SERGIO FAJARDO,56
29,TOLIMA,087,PALOCABILDO,VOTOS EN BLANCO,77
29,TOLIMA,087,PALOCABILDO,VOTOS NO MARCADOS,9
29,TOLIMA,087,PALOCABILDO,VOTOS NULOS,45
29,TOLIMA,088,PIEDRAS,ENRIQUE GÓMEZ MARTÍNEZ,7
29,TOLIMA,088,PIEDRAS,FEDERICO GUTIÉRREZ,532
29,TOLIMA,088,PIEDRAS,GUSTAVO PETRO,1232
29,TOLIMA,088,PIEDRAS,INGRID BETANCOURT,3
29,TOLIMA,088,PIEDRAS,JOHN MILTON RODRÍGUEZ,11
29,TOLIMA,088,PIEDRAS,LUIS PÉREZ,1
29,TOLIMA,088,PIEDRAS,RODOLFO HERNÁNDEZ,1264
29,TOLIMA,088,PIEDRAS,SERGIO FAJARDO,37
29,TOLIMA,088,PIEDRAS,VOTOS EN BLANCO,42
29,TOLIMA,088,PIEDRAS,VOTOS NO MARCADOS,3
29,TOLIMA,088,PIEDRAS,VOTOS NULOS,33
29,TOLIMA,089,PLANADAS,ENRIQUE GÓMEZ MARTÍNEZ,37
29,TOLIMA,089,PLANADAS,FEDERICO GUTIÉRREZ,1605
29,TOLIMA,089,PLANADAS,GUSTAVO PETRO,2617
29,TOLIMA,089,PLANADAS,INGRID BETANCOURT,15
29,TOLIMA,089,PLANADAS,JOHN MILTON RODRÍGUEZ,357
29,TOLIMA,089,PLANADAS,LUIS PÉREZ,4
29,TOLIMA,089,PLANADAS,RODOLFO HERNÁNDEZ,4768
29,TOLIMA,089,PLANADAS,SERGIO FAJARDO,236
29,TOLIMA,089,PLANADAS,VOTOS EN BLANCO,152
29,TOLIMA,089,PLANADAS,VOTOS NO MARCADOS,44
29,TOLIMA,089,PLANADAS,VOTOS NULOS,174
29,TOLIMA,091,PRADO,ENRIQUE GÓMEZ MARTÍNEZ,7
29,TOLIMA,091,PRADO,FEDERICO GUTIÉRREZ,665
29,TOLIMA,091,PRADO,GUSTAVO PETRO,885
29,TOLIMA,091,PRADO,INGRID BETANCOURT,3
29,TOLIMA,091,PRADO,JOHN MILTON RODRÍGUEZ,22
29,TOLIMA,091,PRADO,LUIS PÉREZ,2
29,TOLIMA,091,PRADO,RODOLFO HERNÁNDEZ,2321
29,TOLIMA,091,PRADO,SERGIO FAJARDO,58
29,TOLIMA,091,PRADO,VOTOS EN BLANCO,40
29,TOLIMA,091,PRADO,VOTOS NO MARCADOS,11
29,TOLIMA,091,PRADO,VOTOS NULOS,43
29,TOLIMA,094,PURIFICACION,ENRIQUE GÓMEZ MARTÍNEZ,16
29,TOLIMA,094,PURIFICACION,FEDERICO GUTIÉRREZ,2246
29,TOLIMA,094,PURIFICACION,GUSTAVO PETRO,4183
29,TOLIMA,094,PURIFICACION,INGRID BETANCOURT,8
29,TOLIMA,094,PURIFICACION,JOHN MILTON RODRÍGUEZ,42
29,TOLIMA,094,PURIFICACION,LUIS PÉREZ,3
29,TOLIMA,094,PURIFICACION,RODOLFO HERNÁNDEZ,4409
29,TOLIMA,094,PURIFICACION,SERGIO FAJARDO,231
29,TOLIMA,094,PURIFICACION,VOTOS EN BLANCO,172
29,TOLIMA,094,PURIFICACION,VOTOS NO MARCADOS,32
29,TOLIMA,094,PURIFICACION,VOTOS NULOS,202
29,TOLIMA,097,RIOBLANCO,ENRIQUE GÓMEZ MARTÍNEZ,26
29,TOLIMA,097,RIOBLANCO,FEDERICO GUTIÉRREZ,1643
29,TOLIMA,097,RIOBLANCO,GUSTAVO PETRO,1197
29,TOLIMA,097,RIOBLANCO,INGRID BETANCOURT,8
29,TOLIMA,097,RIOBLANCO,JOHN MILTON RODRÍGUEZ,384
29,TOLIMA,097,RIOBLANCO,LUIS PÉREZ,5
29,TOLIMA,097,RIOBLANCO,RODOLFO HERNÁNDEZ,3560
29,TOLIMA,097,RIOBLANCO,SERGIO FAJARDO,115
29,TOLIMA,097,RIOBLANCO,VOTOS EN BLANCO,127
29,TOLIMA,097,RIOBLANCO,VOTOS NO MARCADOS,34
29,TOLIMA,097,RIOBLANCO,VOTOS NULOS,94
29,TOLIMA,100,RONCESVALLES,ENRIQUE GÓMEZ MARTÍNEZ,8
29,TOLIMA,100,RONCESVALLES,FEDERICO GUTIÉRREZ,371
29,TOLIMA,100,RONCESVALLES,GUSTAVO PETRO,280
29,TOLIMA,100,RONCESVALLES,INGRID BETANCOURT,2
29,TOLIMA,100,RONCESVALLES,JOHN MILTON RODRÍGUEZ,26
29,TOLIMA,100,RONCESVALLES,RODOLFO HERNÁNDEZ,1007
29,TOLIMA,100,RONCESVALLES,SERGIO FAJARDO,28
29,TOLIMA,100,RONCESVALLES,VOTOS EN BLANCO,40
29,TOLIMA,100,RONCESVALLES,VOTOS NO MARCADOS,2
29,TOLIMA,100,RONCESVALLES,VOTOS NULOS,15
29,TOLIMA,103,ROVIRA,ENRIQUE GÓMEZ MARTÍNEZ,22
29,TOLIMA,103,ROVIRA,FEDERICO GUTIÉRREZ,2184
29,TOLIMA,103,ROVIRA,GUSTAVO PETRO,1560
29,TOLIMA,103,ROVIRA,INGRID BETANCOURT,11
29,TOLIMA,103,ROVIRA,JOHN MILTON RODRÍGUEZ,60
29,TOLIMA,103,ROVIRA,RODOLFO HERNÁNDEZ,4813
29,TOLIMA,103,ROVIRA,SERGIO FAJARDO,164
29,TOLIMA,103,ROVIRA,VOTOS EN BLANCO,135
29,TOLIMA,103,ROVIRA,VOTOS NO MARCADOS,21
29,TOLIMA,103,ROVIRA,VOTOS NULOS,112
29,TOLIMA,105,SALDAÑA,ENRIQUE GÓMEZ MARTÍNEZ,16
29,TOLIMA,105,SALDAÑA,FEDERICO GUTIÉRREZ,1455
29,TOLIMA,105,SALDAÑA,GUSTAVO PETRO,1650
29,TOLIMA,105,SALDAÑA,INGRID BETANCOURT,5
29,TOLIMA,105,SALDAÑA,JOHN MILTON RODRÍGUEZ,21
29,TOLIMA,105,SALDAÑA,LUIS PÉREZ,3
29,TOLIMA,105,SALDAÑA,RODOLFO HERNÁNDEZ,3577
29,TOLIMA,105,SALDAÑA,SERGIO FAJARDO,172
29,TOLIMA,105,SALDAÑA,VOTOS EN BLANCO,123
29,TOLIMA,105,SALDAÑA,VOTOS NO MARCADOS,6
29,TOLIMA,105,SALDAÑA,VOTOS NULOS,105
29,TOLIMA,106,SAN ANTONIO,ENRIQUE GÓMEZ MARTÍNEZ,23
29,TOLIMA,106,SAN ANTONIO,FEDERICO GUTIÉRREZ,1060
29,TOLIMA,106,SAN ANTONIO,GUSTAVO PETRO,802
29,TOLIMA,106,SAN ANTONIO,INGRID BETANCOURT,4
29,TOLIMA,106,SAN ANTONIO,JOHN MILTON RODRÍGUEZ,77
29,TOLIMA,106,SAN ANTONIO,LUIS PÉREZ,3
29,TOLIMA,106,SAN ANTONIO,RODOLFO HERNÁNDEZ,2841
29,TOLIMA,106,SAN ANTONIO,SERGIO FAJARDO,97
29,TOLIMA,106,SAN ANTONIO,VOTOS EN BLANCO,77
29,TOLIMA,106,SAN ANTONIO,VOTOS NO MARCADOS,15
29,TOLIMA,106,SAN ANTONIO,VOTOS NULOS,68
29,TOLIMA,109,SAN LUIS,ENRIQUE GÓMEZ MARTÍNEZ,41
29,TOLIMA,109,SAN LUIS,FEDERICO GUTIÉRREZ,1945
29,TOLIMA,109,SAN LUIS,GUSTAVO PETRO,1167
29,TOLIMA,109,SAN LUIS,INGRID BETANCOURT,5
29,TOLIMA,109,SAN LUIS,JOHN MILTON RODRÍGUEZ,35
29,TOLIMA,109,SAN LUIS,LUIS PÉREZ,5
29,TOLIMA,109,SAN LUIS,RODOLFO HERNÁNDEZ,3419
29,TOLIMA,109,SAN LUIS,SERGIO FAJARDO,148
29,TOLIMA,109,SAN LUIS,VOTOS EN BLANCO,76
29,TOLIMA,109,SAN LUIS,VOTOS NO MARCADOS,15
29,TOLIMA,109,SAN LUIS,VOTOS NULOS,75
29,TOLIMA,112,SANTA ISABEL,ENRIQUE GÓMEZ MARTÍNEZ,5
29,TOLIMA,112,SANTA ISABEL,FEDERICO GUTIÉRREZ,565
29,TOLIMA,112,SANTA ISABEL,GUSTAVO PETRO,418
29,TOLIMA,112,SANTA ISABEL,JOHN MILTON RODRÍGUEZ,10
29,TOLIMA,112,SANTA ISABEL,RODOLFO HERNÁNDEZ,1465
29,TOLIMA,112,SANTA ISABEL,SERGIO FAJARDO,30
29,TOLIMA,112,SANTA ISABEL,VOTOS EN BLANCO,25
29,TOLIMA,112,SANTA ISABEL,VOTOS NO MARCADOS,14
29,TOLIMA,112,SANTA ISABEL,VOTOS NULOS,17
29,TOLIMA,115,SUAREZ,ENRIQUE GÓMEZ MARTÍNEZ,5
29,TOLIMA,115,SUAREZ,FEDERICO GUTIÉRREZ,674
29,TOLIMA,115,SUAREZ,GUSTAVO PETRO,487
29,TOLIMA,115,SUAREZ,JOHN MILTON RODRÍGUEZ,5
29,TOLIMA,115,SUAREZ,RODOLFO HERNÁNDEZ,1090
29,TOLIMA,115,SUAREZ,SERGIO FAJARDO,35
29,TOLIMA,115,SUAREZ,VOTOS EN BLANCO,20
29,TOLIMA,115,SUAREZ,VOTOS NO MARCADOS,3
29,TOLIMA,115,SUAREZ,VOTOS NULOS,18
29,TOLIMA,118,VALLE DE SAN JUAN,ENRIQUE GÓMEZ MARTÍNEZ,6
29,TOLIMA,118,VALLE DE SAN JUAN,FEDERICO GUTIÉRREZ,1095
29,TOLIMA,118,VALLE DE SAN JUAN,GUSTAVO PETRO,387
29,TOLIMA,118,VALLE DE SAN JUAN,INGRID BETANCOURT,2
29,TOLIMA,118,VALLE DE SAN JUAN,JOHN MILTON RODRÍGUEZ,15
29,TOLIMA,118,VALLE DE SAN JUAN,LUIS PÉREZ,1
29,TOLIMA,118,VALLE DE SAN JUAN,RODOLFO HERNÁNDEZ,1047
29,TOLIMA,118,VALLE DE SAN JUAN,SERGIO FAJARDO,47
29,TOLIMA,118,VALLE DE SAN JUAN,VOTOS EN BLANCO,29
29,TOLIMA,118,VALLE DE SAN JUAN,VOTOS NO MARCADOS,4
29,TOLIMA,118,VALLE DE SAN JUAN,VOTOS NULOS,24
29,TOLIMA,121,VENADILLO,ENRIQUE GÓMEZ MARTÍNEZ,16
29,TOLIMA,121,VENADILLO,FEDERICO GUTIÉRREZ,1291
29,TOLIMA,121,VENADILLO,GUSTAVO PETRO,1762
29,TOLIMA,121,VENADILLO,INGRID BETANCOURT,5
29,TOLIMA,121,VENADILLO,JOHN MILTON RODRÍGUEZ,34
29,TOLIMA,121,VENADILLO,RODOLFO HERNÁNDEZ,2690
29,TOLIMA,121,VENADILLO,SERGIO FAJARDO,92
29,TOLIMA,121,VENADILLO,VOTOS EN BLANCO,68
29,TOLIMA,121,VENADILLO,VOTOS NO MARCADOS,13
29,TOLIMA,121,VENADILLO,VOTOS NULOS,81
29,TOLIMA,124,VILLAHERMOSA,ENRIQUE GÓMEZ MARTÍNEZ,15
29,TOLIMA,124,VILLAHERMOSA,FEDERICO GUTIÉRREZ,959
29,TOLIMA,124,VILLAHERMOSA,GUSTAVO PETRO,589
29,TOLIMA,124,VILLAHERMOSA,INGRID BETANCOURT,5
29,TOLIMA,124,VILLAHERMOSA,JOHN MILTON RODRÍGUEZ,12
29,TOLIMA,124,VILLAHERMOSA,LUIS PÉREZ,1
29,TOLIMA,124,VILLAHERMOSA,RODOLFO HERNÁNDEZ,1196
29,TOLIMA,124,VILLAHERMOSA,SERGIO FAJARDO,88
29,TOLIMA,124,VILLAHERMOSA,VOTOS EN BLANCO,74
29,TOLIMA,124,VILLAHERMOSA,VOTOS NO MARCADOS,22
29,TOLIMA,124,VILLAHERMOSA,VOTOS NULOS,40
29,TOLIMA,127,VILLARRICA,ENRIQUE GÓMEZ MARTÍNEZ,6
29,TOLIMA,127,VILLARRICA,FEDERICO GUTIÉRREZ,1171
29,TOLIMA,127,VILLARRICA,GUSTAVO PETRO,383
29,TOLIMA,127,VILLARRICA,INGRID BETANCOURT,1
29,TOLIMA,127,VILLARRICA,JOHN MILTON RODRÍGUEZ,19
29,TOLIMA,127,VILLARRICA,RODOLFO HERNÁNDEZ,785
29,TOLIMA,127,VILLARRICA,SERGIO FAJARDO,22
29,TOLIMA,127,VILLARRICA,VOTOS EN BLANCO,36
29,TOLIMA,127,VILLARRICA,VOTOS NO MARCADOS,2
29,TOLIMA,127,VILLARRICA,VOTOS NULOS,25
31,VALLE,001,CALI,ENRIQUE GÓMEZ MARTÍNEZ,2299
31,VALLE,001,CALI,FEDERICO GUTIÉRREZ,223359
31,VALLE,001,CALI,GUSTAVO PETRO,528632
31,VALLE,001,CALI,INGRID BETANCOURT,684
31,VALLE,001,CALI,JOHN MILTON RODRÍGUEZ,24764
31,VALLE,001,CALI,LUIS PÉREZ,587
31,VALLE,001,CALI,RODOLFO HERNÁNDEZ,139648
31,VALLE,001,CALI,SERGIO FAJARDO,48027
31,VALLE,001,CALI,VOTOS EN BLANCO,21928
31,VALLE,001,CALI,VOTOS NO MARCADOS,845
31,VALLE,001,CALI,VOTOS NULOS,12098
31,VALLE,004,ALCALA,ENRIQUE GÓMEZ MARTÍNEZ,11
31,VALLE,004,ALCALA,FEDERICO GUTIÉRREZ,1498
31,VALLE,004,ALCALA,GUSTAVO PETRO,1855
31,VALLE,004,ALCALA,INGRID BETANCOURT,3
31,VALLE,004,ALCALA,JOHN MILTON RODRÍGUEZ,18
31,VALLE,004,ALCALA,LUIS PÉREZ,4
31,VALLE,004,ALCALA,RODOLFO HERNÁNDEZ,2058
31,VALLE,004,ALCALA,SERGIO FAJARDO,116
31,VALLE,004,ALCALA,VOTOS EN BLANCO,113
31,VALLE,004,ALCALA,VOTOS NO MARCADOS,23
31,VALLE,004,ALCALA,VOTOS NULOS,116
31,VALLE,007,ANDALUCIA,ENRIQUE GÓMEZ MARTÍNEZ,12
31,VALLE,007,ANDALUCIA,FEDERICO GUTIÉRREZ,2264
31,VALLE,007,ANDALUCIA,GUSTAVO PETRO,5270
31,VALLE,007,ANDALUCIA,INGRID BETANCOURT,6
31,VALLE,007,ANDALUCIA,JOHN MILTON RODRÍGUEZ,110
31,VALLE,007,ANDALUCIA,LUIS PÉREZ,6
31,VALLE,007,ANDALUCIA,RODOLFO HERNÁNDEZ,2060
31,VALLE,007,ANDALUCIA,SERGIO FAJARDO,270
31,VALLE,007,ANDALUCIA,VOTOS EN BLANCO,183
31,VALLE,007,ANDALUCIA,VOTOS NO MARCADOS,7
31,VALLE,007,ANDALUCIA,VOTOS NULOS,206
31,VALLE,010,ANSERMANUEVO,ENRIQUE GÓMEZ MARTÍNEZ,18
31,VALLE,010,ANSERMANUEVO,FEDERICO GUTIÉRREZ,2475
31,VALLE,010,ANSERMANUEVO,GUSTAVO PETRO,1967
31,VALLE,010,ANSERMANUEVO,INGRID BETANCOURT,5
31,VALLE,010,ANSERMANUEVO,JOHN MILTON RODRÍGUEZ,47
31,VALLE,010,ANSERMANUEVO,LUIS PÉREZ,6
31,VALLE,010,ANSERMANUEVO,RODOLFO HERNÁNDEZ,3445
31,VALLE,010,ANSERMANUEVO,SERGIO FAJARDO,163
31,VALLE,010,ANSERMANUEVO,VOTOS EN BLANCO,148
31,VALLE,010,ANSERMANUEVO,VOTOS NO MARCADOS,25
31,VALLE,010,ANSERMANUEVO,VOTOS NULOS,129
31,VALLE,013,ARGELIA,ENRIQUE GÓMEZ MARTÍNEZ,11
31,VALLE,013,ARGELIA,FEDERICO GUTIÉRREZ,1060
31,VALLE,013,ARGELIA,GUSTAVO PETRO,418
31,VALLE,013,ARGELIA,INGRID BETANCOURT,3
31,VALLE,013,ARGELIA,JOHN MILTON RODRÍGUEZ,5
31,VALLE,013,ARGELIA,RODOLFO HERNÁNDEZ,1016
31,VALLE,013,ARGELIA,SERGIO FAJARDO,56
31,VALLE,013,ARGELIA,VOTOS EN BLANCO,49
31,VALLE,013,ARGELIA,VOTOS NO MARCADOS,11
31,VALLE,013,ARGELIA,VOTOS NULOS,43
31,VALLE,016,BOLIVAR,ENRIQUE GÓMEZ MARTÍNEZ,10
31,VALLE,016,BOLIVAR,FEDERICO GUTIÉRREZ,2413
31,VALLE,016,BOLIVAR,GUSTAVO PETRO,1971
31,VALLE,016,BOLIVAR,INGRID BETANCOURT,3
31,VALLE,016,BOLIVAR,JOHN MILTON RODRÍGUEZ,59
31,VALLE,016,BOLIVAR,LUIS PÉREZ,3
31,VALLE,016,BOLIVAR,RODOLFO HERNÁNDEZ,2204
31,VALLE,016,BOLIVAR,SERGIO FAJARDO,142
31,VALLE,016,BOLIVAR,VOTOS EN BLANCO,123
31,VALLE,016,BOLIVAR,VOTOS NO MARCADOS,15
31,VALLE,016,BOLIVAR,VOTOS NULOS,76
31,VALLE,019,BUENAVENTURA,ENRIQUE GÓMEZ MARTÍNEZ,148
31,VALLE,019,BUENAVENTURA,FEDERICO GUTIÉRREZ,7865
31,VALLE,019,BUENAVENTURA,GUSTAVO PETRO,71131
31,VALLE,019,BUENAVENTURA,INGRID BETANCOURT,67
31,VALLE,019,BUENAVENTURA,JOHN MILTON RODRÍGUEZ,2114
31,VALLE,019,BUENAVENTURA,LUIS PÉREZ,78
31,VALLE,019,BUENAVENTURA,RODOLFO HERNÁNDEZ,6568
31,VALLE,019,BUENAVENTURA,SERGIO FAJARDO,1343
31,VALLE,019,BUENAVENTURA,VOTOS EN BLANCO,1275
31,VALLE,019,BUENAVENTURA,VOTOS NO MARCADOS,188
31,VALLE,019,BUENAVENTURA,VOTOS NULOS,2006
31,VALLE,022,BUGA,ENRIQUE GÓMEZ MARTÍNEZ,145
31,VALLE,022,BUGA,FEDERICO GUTIÉRREZ,12070
31,VALLE,022,BUGA,GUSTAVO PETRO,34258
31,VALLE,022,BUGA,INGRID BETANCOURT,40
31,VALLE,022,BUGA,JOHN MILTON RODRÍGUEZ,765
31,VALLE,022,BUGA,LUIS PÉREZ,35
31,VALLE,022,BUGA,RODOLFO HERNÁNDEZ,10413
31,VALLE,022,BUGA,SERGIO FAJARDO,2242
31,VALLE,022,BUGA,VOTOS EN BLANCO,1429
31,VALLE,022,BUGA,VOTOS NO MARCADOS,67
31,VALLE,022,BUGA,VOTOS NULOS,1101
31,VALLE,025,BUGALAGRANDE,ENRIQUE GÓMEZ MARTÍNEZ,25
31,VALLE,025,BUGALAGRANDE,FEDERICO GUTIÉRREZ,1830
31,VALLE,025,BUGALAGRANDE,GUSTAVO PETRO,6697
31,VALLE,025,BUGALAGRANDE,INGRID BETANCOURT,8
31,VALLE,025,BUGALAGRANDE,JOHN MILTON RODRÍGUEZ,77
31,VALLE,025,BUGALAGRANDE,LUIS PÉREZ,4
31,VALLE,025,BUGALAGRANDE,RODOLFO HERNÁNDEZ,1951
31,VALLE,025,BUGALAGRANDE,SERGIO FAJARDO,278
31,VALLE,025,BUGALAGRANDE,VOTOS EN BLANCO,199
31,VALLE,025,BUGALAGRANDE,VOTOS NO MARCADOS,28
31,VALLE,025,BUGALAGRANDE,VOTOS NULOS,188
31,VALLE,028,CAICEDONIA,ENRIQUE GÓMEZ MARTÍNEZ,38
31,VALLE,028,CAICEDONIA,FEDERICO GUTIÉRREZ,4785
31,VALLE,028,CAICEDONIA,GUSTAVO PETRO,3825
31,VALLE,028,CAICEDONIA,INGRID BETANCOURT,16
31,VALLE,028,CAICEDONIA,JOHN MILTON RODRÍGUEZ,71
31,VALLE,028,CAICEDONIA,LUIS PÉREZ,4
31,VALLE,028,CAICEDONIA,RODOLFO HERNÁNDEZ,4208
31,VALLE,028,CAICEDONIA,SERGIO FAJARDO,470
31,VALLE,028,CAICEDONIA,VOTOS EN BLANCO,326
31,VALLE,028,CAICEDONIA,VOTOS NO MARCADOS,46
31,VALLE,028,CAICEDONIA,VOTOS NULOS,348
31,VALLE,031,CANDELARIA,ENRIQUE GÓMEZ MARTÍNEZ,73
31,VALLE,031,CANDELARIA,FEDERICO GUTIÉRREZ,5375
31,VALLE,031,CANDELARIA,GUSTAVO PETRO,27832
31,VALLE,031,CANDELARIA,INGRID BETANCOURT,35
31,VALLE,031,CANDELARIA,JOHN MILTON RODRÍGUEZ,1279
31,VALLE,031,CANDELARIA,LUIS PÉREZ,25
31,VALLE,031,CANDELARIA,RODOLFO HERNÁNDEZ,5965
31,VALLE,031,CANDELARIA,SERGIO FAJARDO,974
31,VALLE,031,CANDELARIA,VOTOS EN BLANCO,979
31,VALLE,031,CANDELARIA,VOTOS NO MARCADOS,80
31,VALLE,031,CANDELARIA,VOTOS NULOS,1101
31,VALLE,034,CARTAGO,ENRIQUE GÓMEZ MARTÍNEZ,148
31,VALLE,034,CARTAGO,FEDERICO GUTIÉRREZ,16925
31,VALLE,034,CARTAGO,GUSTAVO PETRO,22597
31,VALLE,034,CARTAGO,INGRID BETANCOURT,49
31,VALLE,034,CARTAGO,JOHN MILTON RODRÍGUEZ,645
31,VALLE,034,CARTAGO,LUIS PÉREZ,41
31,VALLE,034,CARTAGO,RODOLFO HERNÁNDEZ,16121
31,VALLE,034,CARTAGO,SERGIO FAJARDO,2568
31,VALLE,034,CARTAGO,VOTOS EN BLANCO,1503
31,VALLE,034,CARTAGO,VOTOS NO MARCADOS,94
31,VALLE,034,CARTAGO,VOTOS NULOS,1218
31,VALLE,037,DAGUA,ENRIQUE GÓMEZ MARTÍNEZ,39
31,VALLE,037,DAGUA,FEDERICO GUTIÉRREZ,3791
31,VALLE,037,DAGUA,GUSTAVO PETRO,7069
31,VALLE,037,DAGUA,INGRID BETANCOURT,23
31,VALLE,037,DAGUA,JOHN MILTON RODRÍGUEZ,309
31,VALLE,037,DAGUA,LUIS PÉREZ,9
31,VALLE,037,DAGUA,RODOLFO HERNÁNDEZ,5285
31,VALLE,037,DAGUA,SERGIO FAJARDO,428
31,VALLE,037,DAGUA,VOTOS EN BLANCO,314
31,VALLE,037,DAGUA,VOTOS NO MARCADOS,39
31,VALLE,037,DAGUA,VOTOS NULOS,320
31,VALLE,040,CALIMA (DARIEN),ENRIQUE GÓMEZ MARTÍNEZ,16
31,VALLE,040,CALIMA (DARIEN),FEDERICO GUTIÉRREZ,1515
31,VALLE,040,CALIMA (DARIEN),GUSTAVO PETRO,3221
31,VALLE,040,CALIMA (DARIEN),INGRID BETANCOURT,6
31,VALLE,040,CALIMA (DARIEN),JOHN MILTON RODRÍGUEZ,132
31,VALLE,040,CALIMA (DARIEN),LUIS PÉREZ,4
31,VALLE,040,CALIMA (DARIEN),RODOLFO HERNÁNDEZ,2448
31,VALLE,040,CALIMA (DARIEN),SERGIO FAJARDO,187
31,VALLE,040,CALIMA (DARIEN),VOTOS EN BLANCO,190
31,VALLE,040,CALIMA (DARIEN),VOTOS NO MARCADOS,18
31,VALLE,040,CALIMA (DARIEN),VOTOS NULOS,126
31,VALLE,043,EL AGUILA,ENRIQUE GÓMEZ MARTÍNEZ,9
31,VALLE,043,EL AGUILA,FEDERICO GUTIÉRREZ,1199
31,VALLE,043,EL AGUILA,GUSTAVO PETRO,614
31,VALLE,043,EL AGUILA,INGRID BETANCOURT,4
31,VALLE,043,EL AGUILA,JOHN MILTON RODRÍGUEZ,7
31,VALLE,043,EL AGUILA,RODOLFO HERNÁNDEZ,1676
31,VALLE,043,EL AGUILA,SERGIO FAJARDO,95
31,VALLE,043,EL AGUILA,VOTOS EN BLANCO,65
31,VALLE,043,EL AGUILA,VOTOS NO MARCADOS,10
31,VALLE,043,EL AGUILA,VOTOS NULOS,72
31,VALLE,046,EL CAIRO,ENRIQUE GÓMEZ MARTÍNEZ,7
31,VALLE,046,EL CAIRO,FEDERICO GUTIÉRREZ,965
31,VALLE,046,EL CAIRO,GUSTAVO PETRO,569
31,VALLE,046,EL CAIRO,INGRID BETANCOURT,6
31,VALLE,046,EL CAIRO,JOHN MILTON RODRÍGUEZ,14
31,VALLE,046,EL CAIRO,RODOLFO HERNÁNDEZ,1138
31,VALLE,046,EL CAIRO,SERGIO FAJARDO,82
31,VALLE,046,EL CAIRO,VOTOS EN BLANCO,48
31,VALLE,046,EL CAIRO,VOTOS NO MARCADOS,9
31,VALLE,046,EL CAIRO,VOTOS NULOS,34
31,VALLE,049,EL CERRITO,ENRIQUE GÓMEZ MARTÍNEZ,36
31,VALLE,049,EL CERRITO,FEDERICO GUTIÉRREZ,4364
31,VALLE,049,EL CERRITO,GUSTAVO PETRO,18814
31,VALLE,049,EL CERRITO,INGRID BETANCOURT,19
31,VALLE,049,EL CERRITO,JOHN MILTON RODRÍGUEZ,406
31,VALLE,049,EL CERRITO,LUIS PÉREZ,15
31,VALLE,049,EL CERRITO,RODOLFO HERNÁNDEZ,3916
31,VALLE,049,EL CERRITO,SERGIO FAJARDO,674
31,VALLE,049,EL CERRITO,VOTOS EN BLANCO,562
31,VALLE,049,EL CERRITO,VOTOS NO MARCADOS,42
31,VALLE,049,EL CERRITO,VOTOS NULOS,528
31,VALLE,052,EL DOVIO,ENRIQUE GÓMEZ MARTÍNEZ,8
31,VALLE,052,EL DOVIO,FEDERICO GUTIÉRREZ,1318
31,VALLE,052,EL DOVIO,GUSTAVO PETRO,1290
31,VALLE,052,EL DOVIO,INGRID BETANCOURT,5
31,VALLE,052,EL DOVIO,JOHN MILTON RODRÍGUEZ,103
31,VALLE,052,EL DOVIO,LUIS PÉREZ,4
31,VALLE,052,EL DOVIO,RODOLFO HERNÁNDEZ,1835
31,VALLE,052,EL DOVIO,SERGIO FAJARDO,92
31,VALLE,052,EL DOVIO,VOTOS EN BLANCO,93
31,VALLE,052,EL DOVIO,VOTOS NO MARCADOS,18
31,VALLE,052,EL DOVIO,VOTOS NULOS,94
31,VALLE,055,FLORIDA,ENRIQUE GÓMEZ MARTÍNEZ,38
31,VALLE,055,FLORIDA,FEDERICO GUTIÉRREZ,3953
31,VALLE,055,FLORIDA,GUSTAVO PETRO,21153
31,VALLE,055,FLORIDA,INGRID BETANCOURT,23
31,VALLE,055,FLORIDA,JOHN MILTON RODRÍGUEZ,445
31,VALLE,055,FLORIDA,LUIS PÉREZ,12
31,VALLE,055,FLORIDA,RODOLFO HERNÁNDEZ,2931
31,VALLE,055,FLORIDA,SERGIO FAJARDO,601
31,VALLE,055,FLORIDA,VOTOS EN BLANCO,517
31,VALLE,055,FLORIDA,VOTOS NO MARCADOS,38
31,VALLE,055,FLORIDA,VOTOS NULOS,564
31,VALLE,058,GINEBRA,ENRIQUE GÓMEZ MARTÍNEZ,16
31,VALLE,058,GINEBRA,FEDERICO GUTIÉRREZ,2647
31,VALLE,058,GINEBRA,GUSTAVO PETRO,5169
31,VALLE,058,GINEBRA,INGRID BETANCOURT,6
31,VALLE,058,GINEBRA,JOHN MILTON RODRÍGUEZ,130
31,VALLE,058,GINEBRA,LUIS PÉREZ,2
31,VALLE,058,GINEBRA,RODOLFO HERNÁNDEZ,2142
31,VALLE,058,GINEBRA,SERGIO FAJARDO,234
31,VALLE,058,GINEBRA,VOTOS EN BLANCO,209
31,VALLE,058,GINEBRA,VOTOS NO MARCADOS,20
31,VALLE,058,GINEBRA,VOTOS NULOS,226
31,VALLE,061,GUACARI,ENRIQUE GÓMEZ MARTÍNEZ,16
31,VALLE,061,GUACARI,FEDERICO GUTIÉRREZ,3307
31,VALLE,061,GUACARI,GUSTAVO PETRO,10711
31,VALLE,061,GUACARI,INGRID BETANCOURT,11
31,VALLE,061,GUACARI,JOHN MILTON RODRÍGUEZ,412
31,VALLE,061,GUACARI,LUIS PÉREZ,9
31,VALLE,061,GUACARI,RODOLFO HERNÁNDEZ,1472
31,VALLE,061,GUACARI,SERGIO FAJARDO,275
31,VALLE,061,GUACARI,VOTOS EN BLANCO,263
31,VALLE,061,GUACARI,VOTOS NO MARCADOS,32
31,VALLE,061,GUACARI,VOTOS NULOS,319
31,VALLE,064,JAMUNDI,ENRIQUE GÓMEZ MARTÍNEZ,118
31,VALLE,064,JAMUNDI,FEDERICO GUTIÉRREZ,10679
31,VALLE,064,JAMUNDI,GUSTAVO PETRO,35526
31,VALLE,064,JAMUNDI,INGRID BETANCOURT,55
31,VALLE,064,JAMUNDI,JOHN MILTON RODRÍGUEZ,1610
31,VALLE,064,JAMUNDI,LUIS PÉREZ,42
31,VALLE,064,JAMUNDI,RODOLFO HERNÁNDEZ,9765
31,VALLE,064,JAMUNDI,SERGIO FAJARDO,2471
31,VALLE,064,JAMUNDI,VOTOS EN BLANCO,1436
31,VALLE,064,JAMUNDI,VOTOS NO MARCADOS,79
31,VALLE,064,JAMUNDI,VOTOS NULOS,1118
31,VALLE,067,LA CUMBRE,ENRIQUE GÓMEZ MARTÍNEZ,14
31,VALLE,067,LA CUMBRE,FEDERICO GUTIÉRREZ,2223
31,VALLE,067,LA CUMBRE,GUSTAVO PETRO,2951
31,VALLE,067,LA CUMBRE,INGRID BETANCOURT,7
31,VALLE,067,LA CUMBRE,JOHN MILTON RODRÍGUEZ,91
31,VALLE,067,LA CUMBRE,LUIS PÉREZ,1
31,VALLE,067,LA CUMBRE,RODOLFO HERNÁNDEZ,1381
31,VALLE,067,LA CUMBRE,SERGIO FAJARDO,235
31,VALLE,067,LA CUMBRE,VOTOS EN BLANCO,143
31,VALLE,067,LA CUMBRE,VOTOS NO MARCADOS,12
31,VALLE,067,LA CUMBRE,VOTOS NULOS,100
31,VALLE,070,LA UNION,ENRIQUE GÓMEZ MARTÍNEZ,38
31,VALLE,070,LA UNION,FEDERICO GUTIÉRREZ,3901
31,VALLE,070,LA UNION,GUSTAVO PETRO,3575
31,VALLE,070,LA UNION,INGRID BETANCOURT,10
31,VALLE,070,LA UNION,JOHN MILTON RODRÍGUEZ,102
31,VALLE,070,LA UNION,LUIS PÉREZ,6
31,VALLE,070,LA UNION,RODOLFO HERNÁNDEZ,7461
31,VALLE,070,LA UNION,SERGIO FAJARDO,436
31,VALLE,070,LA UNION,VOTOS EN BLANCO,308
31,VALLE,070,LA UNION,VOTOS NO MARCADOS,35
31,VALLE,070,LA UNION,VOTOS NULOS,362
31,VALLE,073,LA VICTORIA,ENRIQUE GÓMEZ MARTÍNEZ,10
31,VALLE,073,LA VICTORIA,FEDERICO GUTIÉRREZ,2071
31,VALLE,073,LA VICTORIA,GUSTAVO PETRO,1553
31,VALLE,073,LA VICTORIA,INGRID BETANCOURT,4
31,VALLE,073,LA VICTORIA,JOHN MILTON RODRÍGUEZ,57
31,VALLE,073,LA VICTORIA,RODOLFO HERNÁNDEZ,1963
31,VALLE,073,LA VICTORIA,SERGIO FAJARDO,136
31,VALLE,073,LA VICTORIA,VOTOS EN BLANCO,136
31,VALLE,073,LA VICTORIA,VOTOS NO MARCADOS,16
31,VALLE,073,LA VICTORIA,VOTOS NULOS,96
31,VALLE,076,OBANDO,ENRIQUE GÓMEZ MARTÍNEZ,5
31,VALLE,076,OBANDO,FEDERICO GUTIÉRREZ,1417
31,VALLE,076,OBANDO,GUSTAVO PETRO,2457
31,VALLE,076,OBANDO,INGRID BETANCOURT,6
31,VALLE,076,OBANDO,JOHN MILTON RODRÍGUEZ,27
31,VALLE,076,OBANDO,LUIS PÉREZ,3
31,VALLE,076,OBANDO,RODOLFO HERNÁNDEZ,1235
31,VALLE,076,OBANDO,SERGIO FAJARDO,121
31,VALLE,076,OBANDO,VOTOS EN BLANCO,108
31,VALLE,076,OBANDO,VOTOS NO MARCADOS,20
31,VALLE,076,OBANDO,VOTOS NULOS,163
31,VALLE,079,PALMIRA,ENRIQUE GÓMEZ MARTÍNEZ,322
31,VALLE,079,PALMIRA,FEDERICO GUTIÉRREZ,28474
31,VALLE,079,PALMIRA,GUSTAVO PETRO,83388
31,VALLE,079,PALMIRA,INGRID BETANCOURT,157
31,VALLE,079,PALMIRA,JOHN MILTON RODRÍGUEZ,2750
31,VALLE,079,PALMIRA,LUIS PÉREZ,128
31,VALLE,079,PALMIRA,RODOLFO HERNÁNDEZ,24895
31,VALLE,079,PALMIRA,SERGIO FAJARDO,6674
31,VALLE,079,PALMIRA,VOTOS EN BLANCO,3734
31,VALLE,079,PALMIRA,VOTOS NO MARCADOS,195
31,VALLE,079,PALMIRA,VOTOS NULOS,2555
31,VALLE,082,PRADERA,ENRIQUE GÓMEZ MARTÍNEZ,35
31,VALLE,082,PRADERA,FEDERICO GUTIÉRREZ,3207
31,VALLE,082,PRADERA,GUSTAVO PETRO,14988
31,VALLE,082,PRADERA,INGRID BETANCOURT,15
31,VALLE,082,PRADERA,JOHN MILTON RODRÍGUEZ,502
31,VALLE,082,PRADERA,LUIS PÉREZ,15
31,VALLE,082,PRADERA,RODOLFO HERNÁNDEZ,2960
31,VALLE,082,PRADERA,SERGIO FAJARDO,525
31,VALLE,082,PRADERA,VOTOS EN BLANCO,506
31,VALLE,082,PRADERA,VOTOS NO MARCADOS,39
31,VALLE,082,PRADERA,VOTOS NULOS,601
31,VALLE,085,RESTREPO,ENRIQUE GÓMEZ MARTÍNEZ,6
31,VALLE,085,RESTREPO,FEDERICO GUTIÉRREZ,1512
31,VALLE,085,RESTREPO,GUSTAVO PETRO,2745
31,VALLE,085,RESTREPO,INGRID BETANCOURT,6
31,VALLE,085,RESTREPO,JOHN MILTON RODRÍGUEZ,58
31,VALLE,085,RESTREPO,LUIS PÉREZ,2
31,VALLE,085,RESTREPO,RODOLFO HERNÁNDEZ,2542
31,VALLE,085,RESTREPO,SERGIO FAJARDO,163
31,VALLE,085,RESTREPO,VOTOS EN BLANCO,175
31,VALLE,085,RESTREPO,VOTOS NO MARCADOS,18
31,VALLE,085,RESTREPO,VOTOS NULOS,144
31,VALLE,088,RIOFRIO,ENRIQUE GÓMEZ MARTÍNEZ,19
31,VALLE,088,RIOFRIO,FEDERICO GUTIÉRREZ,2138
31,VALLE,088,RIOFRIO,GUSTAVO PETRO,2787
31,VALLE,088,RIOFRIO,INGRID BETANCOURT,11
31,VALLE,088,RIOFRIO,JOHN MILTON RODRÍGUEZ,44
31,VALLE,088,RIOFRIO,LUIS PÉREZ,1
31,VALLE,088,RIOFRIO,RODOLFO HERNÁNDEZ,2150
31,VALLE,088,RIOFRIO,SERGIO FAJARDO,232
31,VALLE,088,RIOFRIO,VOTOS EN BLANCO,120
31,VALLE,088,RIOFRIO,VOTOS NO MARCADOS,23
31,VALLE,088,RIOFRIO,VOTOS NULOS,169
31,VALLE,091,ROLDANILLO,ENRIQUE GÓMEZ MARTÍNEZ,43
31,VALLE,091,ROLDANILLO,FEDERICO GUTIÉRREZ,5253
31,VALLE,091,ROLDANILLO,GUSTAVO PETRO,6604
31,VALLE,091,ROLDANILLO,INGRID BETANCOURT,10
31,VALLE,091,ROLDANILLO,JOHN MILTON RODRÍGUEZ,154
31,VALLE,091,ROLDANILLO,LUIS PÉREZ,6
31,VALLE,091,ROLDANILLO,RODOLFO HERNÁNDEZ,4767
31,VALLE,091,ROLDANILLO,SERGIO FAJARDO,483
31,VALLE,091,ROLDANILLO,VOTOS EN BLANCO,382
31,VALLE,091,ROLDANILLO,VOTOS NO MARCADOS,27
31,VALLE,091,ROLDANILLO,VOTOS NULOS,270
31,VALLE,094,SAN PEDRO,ENRIQUE GÓMEZ MARTÍNEZ,5
31,VALLE,094,SAN PEDRO,FEDERICO GUTIÉRREZ,2129
31,VALLE,094,SAN PEDRO,GUSTAVO PETRO,3596
31,VALLE,094,SAN PEDRO,INGRID BETANCOURT,6
31,VALLE,094,SAN PEDRO,JOHN MILTON RODRÍGUEZ,39
31,VALLE,094,SAN PEDRO,LUIS PÉREZ,3
31,VALLE,094,SAN PEDRO,RODOLFO HERNÁNDEZ,1782
31,VALLE,094,SAN PEDRO,SERGIO FAJARDO,164
31,VALLE,094,SAN PEDRO,VOTOS EN BLANCO,146
31,VALLE,094,SAN PEDRO,VOTOS NO MARCADOS,10
31,VALLE,094,SAN PEDRO,VOTOS NULOS,154
31,VALLE,097,SEVILLA,ENRIQUE GÓMEZ MARTÍNEZ,46
31,VALLE,097,SEVILLA,FEDERICO GUTIÉRREZ,5329
31,VALLE,097,SEVILLA,GUSTAVO PETRO,6690
31,VALLE,097,SEVILLA,INGRID BETANCOURT,21
31,VALLE,097,SEVILLA,JOHN MILTON RODRÍGUEZ,166
31,VALLE,097,SEVILLA,LUIS PÉREZ,8
31,VALLE,097,SEVILLA,RODOLFO HERNÁNDEZ,4409
31,VALLE,097,SEVILLA,SERGIO FAJARDO,840
31,VALLE,097,SEVILLA,VOTOS EN BLANCO,462
31,VALLE,097,SEVILLA,VOTOS NO MARCADOS,63
31,VALLE,097,SEVILLA,VOTOS NULOS,540
31,VALLE,100,TORO,ENRIQUE GÓMEZ MARTÍNEZ,13
31,VALLE,100,TORO,FEDERICO GUTIÉRREZ,1729
31,VALLE,100,TORO,GUSTAVO PETRO,1385
31,VALLE,100,TORO,INGRID BETANCOURT,6
31,VALLE,100,TORO,JOHN MILTON RODRÍGUEZ,53
31,VALLE,100,TORO,LUIS PÉREZ,5
31,VALLE,100,TORO,RODOLFO HERNÁNDEZ,2733
31,VALLE,100,TORO,SERGIO FAJARDO,146
31,VALLE,100,TORO,VOTOS EN BLANCO,114
31,VALLE,100,TORO,VOTOS NO MARCADOS,22
31,VALLE,100,TORO,VOTOS NULOS,106
31,VALLE,103,TRUJILLO,ENRIQUE GÓMEZ MARTÍNEZ,84
31,VALLE,103,TRUJILLO,FEDERICO GUTIÉRREZ,2603
31,VALLE,103,TRUJILLO,GUSTAVO PETRO,2230
31,VALLE,103,TRUJILLO,INGRID BETANCOURT,15
31,VALLE,103,TRUJILLO,JOHN MILTON RODRÍGUEZ,88
31,VALLE,103,TRUJILLO,LUIS PÉREZ,5
31,VALLE,103,TRUJILLO,RODOLFO HERNÁNDEZ,2778
31,VALLE,103,TRUJILLO,SERGIO FAJARDO,230
31,VALLE,103,TRUJILLO,VOTOS EN BLANCO,141
31,VALLE,103,TRUJILLO,VOTOS NO MARCADOS,13
31,VALLE,103,TRUJILLO,VOTOS NULOS,122
31,VALLE,106,TULUA,ENRIQUE GÓMEZ MARTÍNEZ,204
31,VALLE,106,TULUA,FEDERICO GUTIÉRREZ,20831
31,VALLE,106,TULUA,GUSTAVO PETRO,40370
31,VALLE,106,TULUA,INGRID BETANCOURT,77
31,VALLE,106,TULUA,JOHN MILTON RODRÍGUEZ,1321
31,VALLE,106,TULUA,LUIS PÉREZ,66
31,VALLE,106,TULUA,RODOLFO HERNÁNDEZ,25547
31,VALLE,106,TULUA,SERGIO FAJARDO,3172
31,VALLE,106,TULUA,VOTOS EN BLANCO,2084
31,VALLE,106,TULUA,VOTOS NO MARCADOS,99
31,VALLE,106,TULUA,VOTOS NULOS,1770
31,VALLE,109,ULLOA,ENRIQUE GÓMEZ MARTÍNEZ,4
31,VALLE,109,ULLOA,FEDERICO GUTIÉRREZ,731
31,VALLE,109,ULLOA,GUSTAVO PETRO,797
31,VALLE,109,ULLOA,INGRID BETANCOURT,2
31,VALLE,109,ULLOA,JOHN MILTON RODRÍGUEZ,4
31,VALLE,109,ULLOA,RODOLFO HERNÁNDEZ,651
31,VALLE,109,ULLOA,SERGIO FAJARDO,74
31,VALLE,109,ULLOA,VOTOS EN BLANCO,57
31,VALLE,109,ULLOA,VOTOS NO MARCADOS,7
31,VALLE,109,ULLOA,VOTOS NULOS,56
31,VALLE,112,VERSALLES,ENRIQUE GÓMEZ MARTÍNEZ,12
31,VALLE,112,VERSALLES,FEDERICO GUTIÉRREZ,1427
31,VALLE,112,VERSALLES,GUSTAVO PETRO,759
31,VALLE,112,VERSALLES,INGRID BETANCOURT,4
31,VALLE,112,VERSALLES,JOHN MILTON RODRÍGUEZ,10
31,VALLE,112,VERSALLES,LUIS PÉREZ,2
31,VALLE,112,VERSALLES,RODOLFO HERNÁNDEZ,1272
31,VALLE,112,VERSALLES,SERGIO FAJARDO,73
31,VALLE,112,VERSALLES,VOTOS EN BLANCO,58
31,VALLE,112,VERSALLES,VOTOS NO MARCADOS,13
31,VALLE,112,VERSALLES,VOTOS NULOS,60
31,VALLE,115,VIJES,ENRIQUE GÓMEZ MARTÍNEZ,10
31,VALLE,115,VIJES,FEDERICO GUTIÉRREZ,1618
31,VALLE,115,VIJES,GUSTAVO PETRO,3136
31,VALLE,115,VIJES,INGRID BETANCOURT,4
31,VALLE,115,VIJES,JOHN MILTON RODRÍGUEZ,36
31,VALLE,115,VIJES,LUIS PÉREZ,1
31,VALLE,115,VIJES,RODOLFO HERNÁNDEZ,857
31,VALLE,115,VIJES,SERGIO FAJARDO,119
31,VALLE,115,VIJES,VOTOS EN BLANCO,100
31,VALLE,115,VIJES,VOTOS NO MARCADOS,23
31,VALLE,115,VIJES,VOTOS NULOS,92
31,VALLE,118,YOTOCO,ENRIQUE GÓMEZ MARTÍNEZ,15
31,VALLE,118,YOTOCO,FEDERICO GUTIÉRREZ,1634
31,VALLE,118,YOTOCO,GUSTAVO PETRO,3710
31,VALLE,118,YOTOCO,INGRID BETANCOURT,4
31,VALLE,118,YOTOCO,JOHN MILTON RODRÍGUEZ,108
31,VALLE,118,YOTOCO,LUIS PÉREZ,1
31,VALLE,118,YOTOCO,RODOLFO HERNÁNDEZ,1846
31,VALLE,118,YOTOCO,SERGIO FAJARDO,218
31,VALLE,118,YOTOCO,VOTOS EN BLANCO,159
31,VALLE,118,YOTOCO,VOTOS NO MARCADOS,15
31,VALLE,118,YOTOCO,VOTOS NULOS,176
31,VALLE,121,YUMBO,ENRIQUE GÓMEZ MARTÍNEZ,249
31,VALLE,121,YUMBO,FEDERICO GUTIÉRREZ,7849
31,VALLE,121,YUMBO,GUSTAVO PETRO,38838
31,VALLE,121,YUMBO,INGRID BETANCOURT,44
31,VALLE,121,YUMBO,JOHN MILTON RODRÍGUEZ,1335
31,VALLE,121,YUMBO,LUIS PÉREZ,33
31,VALLE,121,YUMBO,RODOLFO HERNÁNDEZ,7049
31,VALLE,121,YUMBO,SERGIO FAJARDO,1258
31,VALLE,121,YUMBO,VOTOS EN BLANCO,1042
31,VALLE,121,YUMBO,VOTOS NO MARCADOS,73
31,VALLE,121,YUMBO,VOTOS NULOS,964
31,VALLE,124,ZARZAL,ENRIQUE GÓMEZ MARTÍNEZ,18
31,VALLE,124,ZARZAL,FEDERICO GUTIÉRREZ,3902
31,VALLE,124,ZARZAL,GUSTAVO PETRO,12760
31,VALLE,124,ZARZAL,INGRID BETANCOURT,19
31,VALLE,124,ZARZAL,JOHN MILTON RODRÍGUEZ,323
31,VALLE,124,ZARZAL,LUIS PÉREZ,9
31,VALLE,124,ZARZAL,RODOLFO HERNÁNDEZ,3070
31,VALLE,124,ZARZAL,SERGIO FAJARDO,535
31,VALLE,124,ZARZAL,VOTOS EN BLANCO,454
31,VALLE,124,ZARZAL,VOTOS NO MARCADOS,32
31,VALLE,124,ZARZAL,VOTOS NULOS,405
40,ARAUCA,001,ARAUCA,ENRIQUE GÓMEZ MARTÍNEZ,76
40,ARAUCA,001,ARAUCA,FEDERICO GUTIÉRREZ,7675
40,ARAUCA,001,ARAUCA,GUSTAVO PETRO,5197
40,ARAUCA,001,ARAUCA,INGRID BETANCOURT,14
40,ARAUCA,001,ARAUCA,JOHN MILTON RODRÍGUEZ,399
40,ARAUCA,001,ARAUCA,LUIS PÉREZ,13
40,ARAUCA,001,ARAUCA,RODOLFO HERNÁNDEZ,20630
40,ARAUCA,001,ARAUCA,SERGIO FAJARDO,884
40,ARAUCA,001,ARAUCA,VOTOS EN BLANCO,575
40,ARAUCA,001,ARAUCA,VOTOS NO MARCADOS,51
40,ARAUCA,001,ARAUCA,VOTOS NULOS,351
40,ARAUCA,005,TAME,ENRIQUE GÓMEZ MARTÍNEZ,42
40,ARAUCA,005,TAME,FEDERICO GUTIÉRREZ,1882
40,ARAUCA,005,TAME,GUSTAVO PETRO,4632
40,ARAUCA,005,TAME,INGRID BETANCOURT,11
40,ARAUCA,005,TAME,JOHN MILTON RODRÍGUEZ,148
40,ARAUCA,005,TAME,LUIS PÉREZ,7
40,ARAUCA,005,TAME,RODOLFO HERNÁNDEZ,12038
40,ARAUCA,005,TAME,SERGIO FAJARDO,274
40,ARAUCA,005,TAME,VOTOS EN BLANCO,306
40,ARAUCA,005,TAME,VOTOS NO MARCADOS,49
40,ARAUCA,005,TAME,VOTOS NULOS,248
40,ARAUCA,010,ARAUQUITA,ENRIQUE GÓMEZ MARTÍNEZ,36
40,ARAUCA,010,ARAUQUITA,FEDERICO GUTIÉRREZ,895
40,ARAUCA,010,ARAUQUITA,GUSTAVO PETRO,5231
40,ARAUCA,010,ARAUQUITA,INGRID BETANCOURT,15
40,ARAUCA,010,ARAUQUITA,JOHN MILTON RODRÍGUEZ,295
40,ARAUCA,010,ARAUQUITA,LUIS PÉREZ,10
40,ARAUCA,010,ARAUQUITA,RODOLFO HERNÁNDEZ,6975
40,ARAUCA,010,ARAUQUITA,SERGIO FAJARDO,180
40,ARAUCA,010,ARAUQUITA,VOTOS EN BLANCO,291
40,ARAUCA,010,ARAUQUITA,VOTOS NO MARCADOS,51
40,ARAUCA,010,ARAUQUITA,VOTOS NULOS,198
40,ARAUCA,015,CRAVO NORTE,ENRIQUE GÓMEZ MARTÍNEZ,9
40,ARAUCA,015,CRAVO NORTE,FEDERICO GUTIÉRREZ,261
40,ARAUCA,015,CRAVO NORTE,GUSTAVO PETRO,202
40,ARAUCA,015,CRAVO NORTE,INGRID BETANCOURT,2
40,ARAUCA,015,CRAVO NORTE,JOHN MILTON RODRÍGUEZ,13
40,ARAUCA,015,CRAVO NORTE,RODOLFO HERNÁNDEZ,857
40,ARAUCA,015,CRAVO NORTE,SERGIO FAJARDO,24
40,ARAUCA,015,CRAVO NORTE,VOTOS EN BLANCO,25
40,ARAUCA,015,CRAVO NORTE,VOTOS NO MARCADOS,5
40,ARAUCA,015,CRAVO NORTE,VOTOS NULOS,11
40,ARAUCA,017,FORTUL,ENRIQUE GÓMEZ MARTÍNEZ,12
40,ARAUCA,017,FORTUL,FEDERICO GUTIÉRREZ,221
40,ARAUCA,017,FORTUL,GUSTAVO PETRO,2457
40,ARAUCA,017,FORTUL,INGRID BETANCOURT,2
40,ARAUCA,017,FORTUL,JOHN MILTON RODRÍGUEZ,40
40,ARAUCA,017,FORTUL,LUIS PÉREZ,3
40,ARAUCA,017,FORTUL,RODOLFO HERNÁNDEZ,3389
40,ARAUCA,017,FORTUL,SERGIO FAJARDO,54
40,ARAUCA,017,FORTUL,VOTOS EN BLANCO,103
40,ARAUCA,017,FORTUL,VOTOS NO MARCADOS,24
40,ARAUCA,017,FORTUL,VOTOS NULOS,119
40,ARAUCA,020,PUERTO RONDON,ENRIQUE GÓMEZ MARTÍNEZ,2
40,ARAUCA,020,PUERTO RONDON,FEDERICO GUTIÉRREZ,384
40,ARAUCA,020,PUERTO RONDON,GUSTAVO PETRO,135
40,ARAUCA,020,PUERTO RONDON,JOHN MILTON RODRÍGUEZ,23
40,ARAUCA,020,PUERTO RONDON,RODOLFO HERNÁNDEZ,859
40,ARAUCA,020,PUERTO RONDON,SERGIO FAJARDO,16
40,ARAUCA,020,PUERTO RONDON,VOTOS EN BLANCO,11
40,ARAUCA,020,PUERTO RONDON,VOTOS NO MARCADOS,7
40,ARAUCA,020,PUERTO RONDON,VOTOS NULOS,11
40,ARAUCA,025,SARAVENA,ENRIQUE GÓMEZ MARTÍNEZ,39
40,ARAUCA,025,SARAVENA,FEDERICO GUTIÉRREZ,1357
40,ARAUCA,025,SARAVENA,GUSTAVO PETRO,5302
40,ARAUCA,025,SARAVENA,INGRID BETANCOURT,25
40,ARAUCA,025,SARAVENA,JOHN MILTON RODRÍGUEZ,227
40,ARAUCA,025,SARAVENA,LUIS PÉREZ,6
40,ARAUCA,025,SARAVENA,RODOLFO HERNÁNDEZ,11445
40,ARAUCA,025,SARAVENA,SERGIO FAJARDO,246
40,ARAUCA,025,SARAVENA,VOTOS EN BLANCO,335
40,ARAUCA,025,SARAVENA,VOTOS NO MARCADOS,44
40,ARAUCA,025,SARAVENA,VOTOS NULOS,273
44,CAQUETA,001,FLORENCIA,ENRIQUE GÓMEZ MARTÍNEZ,124
44,CAQUETA,001,FLORENCIA,FEDERICO GUTIÉRREZ,11831
44,CAQUETA,001,FLORENCIA,GUSTAVO PETRO,22801
44,CAQUETA,001,FLORENCIA,INGRID BETANCOURT,44
44,CAQUETA,001,FLORENCIA,JOHN MILTON RODRÍGUEZ,1022
44,CAQUETA,001,FLORENCIA,LUIS PÉREZ,26
44,CAQUETA,001,FLORENCIA,RODOLFO HERNÁNDEZ,31499
44,CAQUETA,001,FLORENCIA,SERGIO FAJARDO,1740
44,CAQUETA,001,FLORENCIA,VOTOS EN BLANCO,1399
44,CAQUETA,001,FLORENCIA,VOTOS NO MARCADOS,101
44,CAQUETA,001,FLORENCIA,VOTOS NULOS,785
44,CAQUETA,002,ALBANIA,ENRIQUE GÓMEZ MARTÍNEZ,6
44,CAQUETA,002,ALBANIA,FEDERICO GUTIÉRREZ,429
44,CAQUETA,002,ALBANIA,GUSTAVO PETRO,407
44,CAQUETA,002,ALBANIA,INGRID BETANCOURT,3
44,CAQUETA,002,ALBANIA,JOHN MILTON RODRÍGUEZ,14
44,CAQUETA,002,ALBANIA,LUIS PÉREZ,2
44,CAQUETA,002,ALBANIA,RODOLFO HERNÁNDEZ,1217
44,CAQUETA,002,ALBANIA,SERGIO FAJARDO,23
44,CAQUETA,002,ALBANIA,VOTOS EN BLANCO,42
44,CAQUETA,002,ALBANIA,VOTOS NO MARCADOS,3
44,CAQUETA,002,ALBANIA,VOTOS NULOS,14
44,CAQUETA,003,CARTAGENA DEL CHAIRA,ENRIQUE GÓMEZ MARTÍNEZ,43
44,CAQUETA,003,CARTAGENA DEL CHAIRA,FEDERICO GUTIÉRREZ,626
44,CAQUETA,003,CARTAGENA DEL CHAIRA,GUSTAVO PETRO,4044
44,CAQUETA,003,CARTAGENA DEL CHAIRA,INGRID BETANCOURT,18
44,CAQUETA,003,CARTAGENA DEL CHAIRA,JOHN MILTON RODRÍGUEZ,140
44,CAQUETA,003,CARTAGENA DEL CHAIRA,LUIS PÉREZ,5
44,CAQUETA,003,CARTAGENA DEL CHAIRA,RODOLFO HERNÁNDEZ,2336
44,CAQUETA,003,CARTAGENA DEL CHAIRA,SERGIO FAJARDO,173
44,CAQUETA,003,CARTAGENA DEL CHAIRA,VOTOS EN BLANCO,257
44,CAQUETA,003,CARTAGENA DEL CHAIRA,VOTOS NO MARCADOS,44
44,CAQUETA,003,CARTAGENA DEL CHAIRA,VOTOS NULOS,171
44,CAQUETA,004,BELEN DE LOS ANDAQUIES,ENRIQUE GÓMEZ MARTÍNEZ,10
44,CAQUETA,004,BELEN DE LOS ANDAQUIES,FEDERICO GUTIÉRREZ,613
44,CAQUETA,004,BELEN DE LOS ANDAQUIES,GUSTAVO PETRO,1078
44,CAQUETA,004,BELEN DE LOS ANDAQUIES,INGRID BETANCOURT,6
44,CAQUETA,004,BELEN DE LOS ANDAQUIES,JOHN MILTON RODRÍGUEZ,20
44,CAQUETA,004,BELEN DE LOS ANDAQUIES,LUIS PÉREZ,1
44,CAQUETA,004,BELEN DE LOS ANDAQUIES,RODOLFO HERNÁNDEZ,2125
44,CAQUETA,004,BELEN DE LOS ANDAQUIES,SERGIO FAJARDO,76
44,CAQUETA,004,BELEN DE LOS ANDAQUIES,VOTOS EN BLANCO,67
44,CAQUETA,004,BELEN DE LOS ANDAQUIES,VOTOS NO MARCADOS,13
44,CAQUETA,004,BELEN DE LOS ANDAQUIES,VOTOS NULOS,59
44,CAQUETA,005,EL DONCELLO,ENRIQUE GÓMEZ MARTÍNEZ,16
44,CAQUETA,005,EL DONCELLO,FEDERICO GUTIÉRREZ,859
44,CAQUETA,005,EL DONCELLO,GUSTAVO PETRO,2095
44,CAQUETA,005,EL DONCELLO,INGRID BETANCOURT,16
44,CAQUETA,005,EL DONCELLO,JOHN MILTON RODRÍGUEZ,184
44,CAQUETA,005,EL DONCELLO,LUIS PÉREZ,5
44,CAQUETA,005,EL DONCELLO,RODOLFO HERNÁNDEZ,3412
44,CAQUETA,005,EL DONCELLO,SERGIO FAJARDO,103
44,CAQUETA,005,EL DONCELLO,VOTOS EN BLANCO,175
44,CAQUETA,005,EL DONCELLO,VOTOS NO MARCADOS,12
44,CAQUETA,005,EL DONCELLO,VOTOS NULOS,116
44,CAQUETA,006,EL PAUJIL,ENRIQUE GÓMEZ MARTÍNEZ,9
44,CAQUETA,006,EL PAUJIL,FEDERICO GUTIÉRREZ,424
44,CAQUETA,006,EL PAUJIL,GUSTAVO PETRO,1800
44,CAQUETA,006,EL PAUJIL,INGRID BETANCOURT,3
44,CAQUETA,006,EL PAUJIL,JOHN MILTON RODRÍGUEZ,39
44,CAQUETA,006,EL PAUJIL,LUIS PÉREZ,1
44,CAQUETA,006,EL PAUJIL,RODOLFO HERNÁNDEZ,2182
44,CAQUETA,006,EL PAUJIL,SERGIO FAJARDO,47
44,CAQUETA,006,EL PAUJIL,VOTOS EN BLANCO,82
44,CAQUETA,006,EL PAUJIL,VOTOS NO MARCADOS,19
44,CAQUETA,006,EL PAUJIL,VOTOS NULOS,48
44,CAQUETA,007,LA MONTAÑITA,ENRIQUE GÓMEZ MARTÍNEZ,11
44,CAQUETA,007,LA MONTAÑITA,FEDERICO GUTIÉRREZ,460
44,CAQUETA,007,LA MONTAÑITA,GUSTAVO PETRO,2209
44,CAQUETA,007,LA MONTAÑITA,INGRID BETANCOURT,4
44,CAQUETA,007,LA MONTAÑITA,JOHN MILTON RODRÍGUEZ,60
44,CAQUETA,007,LA MONTAÑITA,LUIS PÉREZ,4
44,CAQUETA,007,LA MONTAÑITA,RODOLFO HERNÁNDEZ,1522
44,CAQUETA,007,LA MONTAÑITA,SERGIO FAJARDO,44
44,CAQUETA,007,LA MONTAÑITA,VOTOS EN BLANCO,84
44,CAQUETA,007,LA MONTAÑITA,VOTOS NO MARCADOS,11
44,CAQUETA,007,LA MONTAÑITA,VOTOS NULOS,41
44,CAQUETA,009,PUERTO RICO,ENRIQUE GÓMEZ MARTÍNEZ,25
44,CAQUETA,009,PUERTO RICO,FEDERICO GUTIÉRREZ,996
44,CAQUETA,009,PUERTO RICO,GUSTAVO PETRO,2345
44,CAQUETA,009,PUERTO RICO,INGRID BETANCOURT,10
44,CAQUETA,009,PUERTO RICO,JOHN MILTON RODRÍGUEZ,233
44,CAQUETA,009,PUERTO RICO,LUIS PÉREZ,4
44,CAQUETA,009,PUERTO RICO,RODOLFO HERNÁNDEZ,3853
44,CAQUETA,009,PUERTO RICO,SERGIO FAJARDO,118
44,CAQUETA,009,PUERTO RICO,VOTOS EN BLANCO,233
44,CAQUETA,009,PUERTO RICO,VOTOS NO MARCADOS,26
44,CAQUETA,009,PUERTO RICO,VOTOS NULOS,124
44,CAQUETA,010,SAN VICENTE DEL CAGUAN,ENRIQUE GÓMEZ MARTÍNEZ,45
44,CAQUETA,010,SAN VICENTE DEL CAGUAN,FEDERICO GUTIÉRREZ,1416
44,CAQUETA,010,SAN VICENTE DEL CAGUAN,GUSTAVO PETRO,5758
44,CAQUETA,010,SAN VICENTE DEL CAGUAN,INGRID BETANCOURT,22
44,CAQUETA,010,SAN VICENTE DEL CAGUAN,JOHN MILTON RODRÍGUEZ,258
44,CAQUETA,010,SAN VICENTE DEL CAGUAN,LUIS PÉREZ,5
44,CAQUETA,010,SAN VICENTE DEL CAGUAN,RODOLFO HERNÁNDEZ,7828
44,CAQUETA,010,SAN VICENTE DEL CAGUAN,SERGIO FAJARDO,192
44,CAQUETA,010,SAN VICENTE DEL CAGUAN,VOTOS EN BLANCO,360
44,CAQUETA,010,SAN VICENTE DEL CAGUAN,VOTOS NO MARCADOS,54
44,CAQUETA,010,SAN VICENTE DEL CAGUAN,VOTOS NULOS,235
44,CAQUETA,012,CURILLO,ENRIQUE GÓMEZ MARTÍNEZ,10
44,CAQUETA,012,CURILLO,FEDERICO GUTIÉRREZ,332
44,CAQUETA,012,CURILLO,GUSTAVO PETRO,632
44,CAQUETA,012,CURILLO,INGRID BETANCOURT,6
44,CAQUETA,012,CURILLO,JOHN MILTON RODRÍGUEZ,22
44,CAQUETA,012,CURILLO,LUIS PÉREZ,1
44,CAQUETA,012,CURILLO,RODOLFO HERNÁNDEZ,1613
44,CAQUETA,012,CURILLO,SERGIO FAJARDO,32
44,CAQUETA,012,CURILLO,VOTOS EN BLANCO,59
44,CAQUETA,012,CURILLO,VOTOS NO MARCADOS,8
44,CAQUETA,012,CURILLO,VOTOS NULOS,34
44,CAQUETA,016,MILAN,ENRIQUE GÓMEZ MARTÍNEZ,7
44,CAQUETA,016,MILAN,FEDERICO GUTIÉRREZ,236
44,CAQUETA,016,MILAN,GUSTAVO PETRO,883
44,CAQUETA,016,MILAN,INGRID BETANCOURT,6
44,CAQUETA,016,MILAN,JOHN MILTON RODRÍGUEZ,101
44,CAQUETA,016,MILAN,RODOLFO HERNÁNDEZ,984
44,CAQUETA,016,MILAN,SERGIO FAJARDO,25
44,CAQUETA,016,MILAN,VOTOS EN BLANCO,26
44,CAQUETA,016,MILAN,VOTOS NO MARCADOS,5
44,CAQUETA,016,MILAN,VOTOS NULOS,18
44,CAQUETA,017,MORELIA,ENRIQUE GÓMEZ MARTÍNEZ,2
44,CAQUETA,017,MORELIA,FEDERICO GUTIÉRREZ,355
44,CAQUETA,017,MORELIA,GUSTAVO PETRO,360
44,CAQUETA,017,MORELIA,INGRID BETANCOURT,2
44,CAQUETA,017,MORELIA,JOHN MILTON RODRÍGUEZ,16
44,CAQUETA,017,MORELIA,RODOLFO HERNÁNDEZ,963
44,CAQUETA,017,MORELIA,SERGIO FAJARDO,25
44,CAQUETA,017,MORELIA,VOTOS EN BLANCO,28
44,CAQUETA,017,MORELIA,VOTOS NO MARCADOS,2
44,CAQUETA,017,MORELIA,VOTOS NULOS,23
44,CAQUETA,020,SAN JOSE DEL FRAGUA,ENRIQUE GÓMEZ MARTÍNEZ,13
44,CAQUETA,020,SAN JOSE DEL FRAGUA,FEDERICO GUTIÉRREZ,484
44,CAQUETA,020,SAN JOSE DEL FRAGUA,GUSTAVO PETRO,1603
44,CAQUETA,020,SAN JOSE DEL FRAGUA,INGRID BETANCOURT,2
44,CAQUETA,020,SAN JOSE DEL FRAGUA,JOHN MILTON RODRÍGUEZ,39
44,CAQUETA,020,SAN JOSE DEL FRAGUA,LUIS PÉREZ,1
44,CAQUETA,020,SAN JOSE DEL FRAGUA,RODOLFO HERNÁNDEZ,2570
44,CAQUETA,020,SAN JOSE DEL FRAGUA,SERGIO FAJARDO,68
44,CAQUETA,020,SAN JOSE DEL FRAGUA,VOTOS EN BLANCO,91
44,CAQUETA,020,SAN JOSE DEL FRAGUA,VOTOS NO MARCADOS,12
44,CAQUETA,020,SAN JOSE DEL FRAGUA,VOTOS NULOS,71
44,CAQUETA,022,SOLANO,ENRIQUE GÓMEZ MARTÍNEZ,10
44,CAQUETA,022,SOLANO,FEDERICO GUTIÉRREZ,214
44,CAQUETA,022,SOLANO,GUSTAVO PETRO,1232
44,CAQUETA,022,SOLANO,INGRID BETANCOURT,5
44,CAQUETA,022,SOLANO,JOHN MILTON RODRÍGUEZ,11
44,CAQUETA,022,SOLANO,LUIS PÉREZ,1
44,CAQUETA,022,SOLANO,RODOLFO HERNÁNDEZ,775
44,CAQUETA,022,SOLANO,SERGIO FAJARDO,31
44,CAQUETA,022,SOLANO,VOTOS EN BLANCO,68
44,CAQUETA,022,SOLANO,VOTOS NO MARCADOS,10
44,CAQUETA,022,SOLANO,VOTOS NULOS,26
44,CAQUETA,024,SOLITA,ENRIQUE GÓMEZ MARTÍNEZ,5
44,CAQUETA,024,SOLITA,FEDERICO GUTIÉRREZ,230
44,CAQUETA,024,SOLITA,GUSTAVO PETRO,410
44,CAQUETA,024,SOLITA,INGRID BETANCOURT,2
44,CAQUETA,024,SOLITA,JOHN MILTON RODRÍGUEZ,13
44,CAQUETA,024,SOLITA,LUIS PÉREZ,1
44,CAQUETA,024,SOLITA,RODOLFO HERNÁNDEZ,1227
44,CAQUETA,024,SOLITA,SERGIO FAJARDO,24
44,CAQUETA,024,SOLITA,VOTOS EN BLANCO,53
44,CAQUETA,024,SOLITA,VOTOS NO MARCADOS,5
44,CAQUETA,024,SOLITA,VOTOS NULOS,34
44,CAQUETA,040,VALPARAISO,ENRIQUE GÓMEZ MARTÍNEZ,3
44,CAQUETA,040,VALPARAISO,FEDERICO GUTIÉRREZ,334
44,CAQUETA,040,VALPARAISO,GUSTAVO PETRO,455
44,CAQUETA,040,VALPARAISO,INGRID BETANCOURT,1
44,CAQUETA,040,VALPARAISO,JOHN MILTON RODRÍGUEZ,14
44,CAQUETA,040,VALPARAISO,RODOLFO HERNÁNDEZ,1467
44,CAQUETA,040,VALPARAISO,SERGIO FAJARDO,23
44,CAQUETA,040,VALPARAISO,VOTOS EN BLANCO,41
44,CAQUETA,040,VALPARAISO,VOTOS NO MARCADOS,3
44,CAQUETA,040,VALPARAISO,VOTOS NULOS,31
46,CASANARE,001,YOPAL,ENRIQUE GÓMEZ MARTÍNEZ,128
46,CASANARE,001,YOPAL,FEDERICO GUTIÉRREZ,8415
46,CASANARE,001,YOPAL,GUSTAVO PETRO,20317
46,CASANARE,001,YOPAL,INGRID BETANCOURT,25
46,CASANARE,001,YOPAL,JOHN MILTON RODRÍGUEZ,734
46,CASANARE,001,YOPAL,LUIS PÉREZ,22
46,CASANARE,001,YOPAL,RODOLFO HERNÁNDEZ,48316
46,CASANARE,001,YOPAL,SERGIO FAJARDO,1580
46,CASANARE,001,YOPAL,VOTOS EN BLANCO,962
46,CASANARE,001,YOPAL,VOTOS NO MARCADOS,56
46,CASANARE,001,YOPAL,VOTOS NULOS,673
46,CASANARE,040,AGUAZUL,ENRIQUE GÓMEZ MARTÍNEZ,25
46,CASANARE,040,AGUAZUL,FEDERICO GUTIÉRREZ,1234
46,CASANARE,040,AGUAZUL,GUSTAVO PETRO,4564
46,CASANARE,040,AGUAZUL,INGRID BETANCOURT,8
46,CASANARE,040,AGUAZUL,JOHN MILTON RODRÍGUEZ,260
46,CASANARE,040,AGUAZUL,LUIS PÉREZ,10
46,CASANARE,040,AGUAZUL,RODOLFO HERNÁNDEZ,13608
46,CASANARE,040,AGUAZUL,SERGIO FAJARDO,269
46,CASANARE,040,AGUAZUL,VOTOS EN BLANCO,221
46,CASANARE,040,AGUAZUL,VOTOS NO MARCADOS,13
46,CASANARE,040,AGUAZUL,VOTOS NULOS,236
46,CASANARE,120,CHAMEZA,ENRIQUE GÓMEZ MARTÍNEZ,2
46,CASANARE,120,CHAMEZA,FEDERICO GUTIÉRREZ,84
46,CASANARE,120,CHAMEZA,GUSTAVO PETRO,247
46,CASANARE,120,CHAMEZA,JOHN MILTON RODRÍGUEZ,26
46,CASANARE,120,CHAMEZA,RODOLFO HERNÁNDEZ,865
46,CASANARE,120,CHAMEZA,SERGIO FAJARDO,9
46,CASANARE,120,CHAMEZA,VOTOS EN BLANCO,13
46,CASANARE,120,CHAMEZA,VOTOS NULOS,2
46,CASANARE,320,HATO COROZAL,ENRIQUE GÓMEZ MARTÍNEZ,5
46,CASANARE,320,HATO COROZAL,FEDERICO GUTIÉRREZ,683
46,CASANARE,320,HATO COROZAL,GUSTAVO PETRO,620
46,CASANARE,320,HATO COROZAL,INGRID BETANCOURT,2
46,CASANARE,320,HATO COROZAL,JOHN MILTON RODRÍGUEZ,25
46,CASANARE,320,HATO COROZAL,RODOLFO HERNÁNDEZ,2753
46,CASANARE,320,HATO COROZAL,SERGIO FAJARDO,40
46,CASANARE,320,HATO COROZAL,VOTOS EN BLANCO,31
46,CASANARE,320,HATO COROZAL,VOTOS NO MARCADOS,5
46,CASANARE,320,HATO COROZAL,VOTOS NULOS,27
46,CASANARE,480,LA SALINA,ENRIQUE GÓMEZ MARTÍNEZ,3
46,CASANARE,480,LA SALINA,FEDERICO GUTIÉRREZ,21
46,CASANARE,480,LA SALINA,GUSTAVO PETRO,304
46,CASANARE,480,LA SALINA,JOHN MILTON RODRÍGUEZ,3
46,CASANARE,480,LA SALINA,RODOLFO HERNÁNDEZ,139
46,CASANARE,480,LA SALINA,SERGIO FAJARDO,4
46,CASANARE,480,LA SALINA,VOTOS EN BLANCO,14
46,CASANARE,480,LA SALINA,VOTOS NO MARCADOS,7
46,CASANARE,480,LA SALINA,VOTOS NULOS,4
46,CASANARE,520,MANI,ENRIQUE GÓMEZ MARTÍNEZ,8
46,CASANARE,520,MANI,FEDERICO GUTIÉRREZ,562
46,CASANARE,520,MANI,GUSTAVO PETRO,1246
46,CASANARE,520,MANI,INGRID BETANCOURT,6
46,CASANARE,520,MANI,JOHN MILTON RODRÍGUEZ,205
46,CASANARE,520,MANI,LUIS PÉREZ,3
46,CASANARE,520,MANI,RODOLFO HERNÁNDEZ,4976
46,CASANARE,520,MANI,SERGIO FAJARDO,61
46,CASANARE,520,MANI,VOTOS EN BLANCO,63
46,CASANARE,520,MANI,VOTOS NO MARCADOS,7
46,CASANARE,520,MANI,VOTOS NULOS,50
46,CASANARE,540,MONTERREY,ENRIQUE GÓMEZ MARTÍNEZ,14
46,CASANARE,540,MONTERREY,FEDERICO GUTIÉRREZ,638
46,CASANARE,540,MONTERREY,GUSTAVO PETRO,1744
46,CASANARE,540,MONTERREY,INGRID BETANCOURT,6
46,CASANARE,540,MONTERREY,JOHN MILTON RODRÍGUEZ,177
46,CASANARE,540,MONTERREY,LUIS PÉREZ,4
46,CASANARE,540,MONTERREY,RODOLFO HERNÁNDEZ,5581
46,CASANARE,540,MONTERREY,SERGIO FAJARDO,112
46,CASANARE,540,MONTERREY,VOTOS EN BLANCO,106
46,CASANARE,540,MONTERREY,VOTOS NO MARCADOS,9
46,CASANARE,540,MONTERREY,VOTOS NULOS,108
46,CASANARE,560,NUNCHIA,ENRIQUE GÓMEZ MARTÍNEZ,9
46,CASANARE,560,NUNCHIA,FEDERICO GUTIÉRREZ,487
46,CASANARE,560,NUNCHIA,GUSTAVO PETRO,470
46,CASANARE,560,NUNCHIA,INGRID BETANCOURT,4
46,CASANARE,560,NUNCHIA,JOHN MILTON RODRÍGUEZ,29
46,CASANARE,560,NUNCHIA,LUIS PÉREZ,3
46,CASANARE,560,NUNCHIA,RODOLFO HERNÁNDEZ,2968
46,CASANARE,560,NUNCHIA,SERGIO FAJARDO,31
46,CASANARE,560,NUNCHIA,VOTOS EN BLANCO,31
46,CASANARE,560,NUNCHIA,VOTOS NO MARCADOS,3
46,CASANARE,560,NUNCHIA,VOTOS NULOS,17
46,CASANARE,640,OROCUE,ENRIQUE GÓMEZ MARTÍNEZ,7
46,CASANARE,640,OROCUE,FEDERICO GUTIÉRREZ,453
46,CASANARE,640,OROCUE,GUSTAVO PETRO,869
46,CASANARE,640,OROCUE,INGRID BETANCOURT,4
46,CASANARE,640,OROCUE,JOHN MILTON RODRÍGUEZ,21
46,CASANARE,640,OROCUE,LUIS PÉREZ,5
46,CASANARE,640,OROCUE,RODOLFO HERNÁNDEZ,2683
46,CASANARE,640,OROCUE,SERGIO FAJARDO,44
46,CASANARE,640,OROCUE,VOTOS EN BLANCO,64
46,CASANARE,640,OROCUE,VOTOS NO MARCADOS,8
46,CASANARE,640,OROCUE,VOTOS NULOS,35
46,CASANARE,680,PAZ DE ARIPORO (MORENO),ENRIQUE GÓMEZ MARTÍNEZ,31
46,CASANARE,680,PAZ DE ARIPORO (MORENO),FEDERICO GUTIÉRREZ,2154
46,CASANARE,680,PAZ DE ARIPORO (MORENO),GUSTAVO PETRO,2560
46,CASANARE,680,PAZ DE ARIPORO (MORENO),INGRID BETANCOURT,11
46,CASANARE,680,PAZ DE ARIPORO (MORENO),JOHN MILTON RODRÍGUEZ,208
46,CASANARE,680,PAZ DE ARIPORO (MORENO),LUIS PÉREZ,4
46,CASANARE,680,PAZ DE ARIPORO (MORENO),RODOLFO HERNÁNDEZ,9843
46,CASANARE,680,PAZ DE ARIPORO (MORENO),SERGIO FAJARDO,189
46,CASANARE,680,PAZ DE ARIPORO (MORENO),VOTOS EN BLANCO,162
46,CASANARE,680,PAZ DE ARIPORO (MORENO),VOTOS NO MARCADOS,27
46,CASANARE,680,PAZ DE ARIPORO (MORENO),VOTOS NULOS,144
46,CASANARE,700,PORE,ENRIQUE GÓMEZ MARTÍNEZ,3
46,CASANARE,700,PORE,FEDERICO GUTIÉRREZ,629
46,CASANARE,700,PORE,GUSTAVO PETRO,693
46,CASANARE,700,PORE,INGRID BETANCOURT,1
46,CASANARE,700,PORE,JOHN MILTON RODRÍGUEZ,89
46,CASANARE,700,PORE,LUIS PÉREZ,1
46,CASANARE,700,PORE,RODOLFO HERNÁNDEZ,3314
46,CASANARE,700,PORE,SERGIO FAJARDO,37
46,CASANARE,700,PORE,VOTOS EN BLANCO,37
46,CASANARE,700,PORE,VOTOS NO MARCADOS,8
46,CASANARE,700,PORE,VOTOS NULOS,39
46,CASANARE,760,RECETOR,ENRIQUE GÓMEZ MARTÍNEZ,1
46,CASANARE,760,RECETOR,FEDERICO GUTIÉRREZ,86
46,CASANARE,760,RECETOR,GUSTAVO PETRO,154
46,CASANARE,760,RECETOR,JOHN MILTON RODRÍGUEZ,17
46,CASANARE,760,RECETOR,RODOLFO HERNÁNDEZ,521
46,CASANARE,760,RECETOR,SERGIO FAJARDO,4
46,CASANARE,760,RECETOR,VOTOS EN BLANCO,6
46,CASANARE,760,RECETOR,VOTOS NULOS,9
46,CASANARE,800,SABANALARGA,ENRIQUE GÓMEZ MARTÍNEZ,2
46,CASANARE,800,SABANALARGA,FEDERICO GUTIÉRREZ,239
46,CASANARE,800,SABANALARGA,GUSTAVO PETRO,328
46,CASANARE,800,SABANALARGA,JOHN MILTON RODRÍGUEZ,36
46,CASANARE,800,SABANALARGA,RODOLFO HERNÁNDEZ,1175
46,CASANARE,800,SABANALARGA,SERGIO FAJARDO,25
46,CASANARE,800,SABANALARGA,VOTOS EN BLANCO,18
46,CASANARE,800,SABANALARGA,VOTOS NO MARCADOS,2
46,CASANARE,800,SABANALARGA,VOTOS NULOS,4
46,CASANARE,815,SACAMA,ENRIQUE GÓMEZ MARTÍNEZ,3
46,CASANARE,815,SACAMA,FEDERICO GUTIÉRREZ,38
46,CASANARE,815,SACAMA,GUSTAVO PETRO,460
46,CASANARE,815,SACAMA,INGRID BETANCOURT,2
46,CASANARE,815,SACAMA,JOHN MILTON RODRÍGUEZ,15
46,CASANARE,815,SACAMA,RODOLFO HERNÁNDEZ,298
46,CASANARE,815,SACAMA,SERGIO FAJARDO,14
46,CASANARE,815,SACAMA,VOTOS EN BLANCO,29
46,CASANARE,815,SACAMA,VOTOS NO MARCADOS,3
46,CASANARE,815,SACAMA,VOTOS NULOS,3
46,CASANARE,830,SAN LUIS DE PALENQUE,ENRIQUE GÓMEZ MARTÍNEZ,10
46,CASANARE,830,SAN LUIS DE PALENQUE,FEDERICO GUTIÉRREZ,447
46,CASANARE,830,SAN LUIS DE PALENQUE,GUSTAVO PETRO,468
46,CASANARE,830,SAN LUIS DE PALENQUE,INGRID BETANCOURT,1
46,CASANARE,830,SAN LUIS DE PALENQUE,JOHN MILTON RODRÍGUEZ,28
46,CASANARE,830,SAN LUIS DE PALENQUE,RODOLFO HERNÁNDEZ,2697
46,CASANARE,830,SAN LUIS DE PALENQUE,SERGIO FAJARDO,50
46,CASANARE,830,SAN LUIS DE PALENQUE,VOTOS EN BLANCO,41
46,CASANARE,830,SAN LUIS DE PALENQUE,VOTOS NO MARCADOS,12
46,CASANARE,830,SAN LUIS DE PALENQUE,VOTOS NULOS,26
46,CASANARE,840,TAMARA,ENRIQUE GÓMEZ MARTÍNEZ,4
46,CASANARE,840,TAMARA,FEDERICO GUTIÉRREZ,421
46,CASANARE,840,TAMARA,GUSTAVO PETRO,429
46,CASANARE,840,TAMARA,INGRID BETANCOURT,2
46,CASANARE,840,TAMARA,JOHN MILTON RODRÍGUEZ,36
46,CASANARE,840,TAMARA,LUIS PÉREZ,2
46,CASANARE,840,TAMARA,RODOLFO HERNÁNDEZ,1618
46,CASANARE,840,TAMARA,SERGIO FAJARDO,39
46,CASANARE,840,TAMARA,VOTOS EN BLANCO,19
46,CASANARE,840,TAMARA,VOTOS NO MARCADOS,13
46,CASANARE,840,TAMARA,VOTOS NULOS,25
46,CASANARE,850,TAURAMENA,ENRIQUE GÓMEZ MARTÍNEZ,15
46,CASANARE,850,TAURAMENA,FEDERICO GUTIÉRREZ,969
46,CASANARE,850,TAURAMENA,GUSTAVO PETRO,2794
46,CASANARE,850,TAURAMENA,JOHN MILTON RODRÍGUEZ,234
46,CASANARE,850,TAURAMENA,LUIS PÉREZ,6
46,CASANARE,850,TAURAMENA,RODOLFO HERNÁNDEZ,9479
46,CASANARE,850,TAURAMENA,SERGIO FAJARDO,144
46,CASANARE,850,TAURAMENA,VOTOS EN BLANCO,156
46,CASANARE,850,TAURAMENA,VOTOS NO MARCADOS,12
46,CASANARE,850,TAURAMENA,VOTOS NULOS,191
46,CASANARE,865,TRINIDAD,ENRIQUE GÓMEZ MARTÍNEZ,4
46,CASANARE,865,TRINIDAD,FEDERICO GUTIÉRREZ,597
46,CASANARE,865,TRINIDAD,GUSTAVO PETRO,734
46,CASANARE,865,TRINIDAD,INGRID BETANCOURT,1
46,CASANARE,865,TRINIDAD,JOHN MILTON RODRÍGUEZ,37
46,CASANARE,865,TRINIDAD,RODOLFO HERNÁNDEZ,3955
46,CASANARE,865,TRINIDAD,SERGIO FAJARDO,52
46,CASANARE,865,TRINIDAD,VOTOS EN BLANCO,38
46,CASANARE,865,TRINIDAD,VOTOS NO MARCADOS,15
46,CASANARE,865,TRINIDAD,VOTOS NULOS,42
46,CASANARE,880,VILLANUEVA,ENRIQUE GÓMEZ MARTÍNEZ,23
46,CASANARE,880,VILLANUEVA,FEDERICO GUTIÉRREZ,1299
46,CASANARE,880,VILLANUEVA,GUSTAVO PETRO,3669
46,CASANARE,880,VILLANUEVA,INGRID BETANCOURT,12
46,CASANARE,880,VILLANUEVA,JOHN MILTON RODRÍGUEZ,198
46,CASANARE,880,VILLANUEVA,LUIS PÉREZ,3
46,CASANARE,880,VILLANUEVA,RODOLFO HERNÁNDEZ,12153
46,CASANARE,880,VILLANUEVA,SERGIO FAJARDO,230
46,CASANARE,880,VILLANUEVA,VOTOS EN BLANCO,246
46,CASANARE,880,VILLANUEVA,VOTOS NO MARCADOS,19
46,CASANARE,880,VILLANUEVA,VOTOS NULOS,352
48,LA GUAJIRA,001,RIOHACHA,ENRIQUE GÓMEZ MARTÍNEZ,168
48,LA GUAJIRA,001,RIOHACHA,FEDERICO GUTIÉRREZ,11427
48,LA GUAJIRA,001,RIOHACHA,GUSTAVO PETRO,31345
48,LA GUAJIRA,001,RIOHACHA,INGRID BETANCOURT,55
48,LA GUAJIRA,001,RIOHACHA,JOHN MILTON RODRÍGUEZ,1080
48,LA GUAJIRA,001,RIOHACHA,LUIS PÉREZ,22
48,LA GUAJIRA,001,RIOHACHA,RODOLFO HERNÁNDEZ,11651
48,LA GUAJIRA,001,RIOHACHA,SERGIO FAJARDO,1067
48,LA GUAJIRA,001,RIOHACHA,VOTOS EN BLANCO,960
48,LA GUAJIRA,001,RIOHACHA,VOTOS NO MARCADOS,79
48,LA GUAJIRA,001,RIOHACHA,VOTOS NULOS,595
48,LA GUAJIRA,002,ALBANIA,ENRIQUE GÓMEZ MARTÍNEZ,22
48,LA GUAJIRA,002,ALBANIA,FEDERICO GUTIÉRREZ,960
48,LA GUAJIRA,002,ALBANIA,GUSTAVO PETRO,5609
48,LA GUAJIRA,002,ALBANIA,INGRID BETANCOURT,3
48,LA GUAJIRA,002,ALBANIA,JOHN MILTON RODRÍGUEZ,160
48,LA GUAJIRA,002,ALBANIA,LUIS PÉREZ,6
48,LA GUAJIRA,002,ALBANIA,RODOLFO HERNÁNDEZ,825
48,LA GUAJIRA,002,ALBANIA,SERGIO FAJARDO,125
48,LA GUAJIRA,002,ALBANIA,VOTOS EN BLANCO,85
48,LA GUAJIRA,002,ALBANIA,VOTOS NO MARCADOS,9
48,LA GUAJIRA,002,ALBANIA,VOTOS NULOS,89
48,LA GUAJIRA,004,BARRANCAS,ENRIQUE GÓMEZ MARTÍNEZ,26
48,LA GUAJIRA,004,BARRANCAS,FEDERICO GUTIÉRREZ,1493
48,LA GUAJIRA,004,BARRANCAS,GUSTAVO PETRO,7041
48,LA GUAJIRA,004,BARRANCAS,INGRID BETANCOURT,5
48,LA GUAJIRA,004,BARRANCAS,JOHN MILTON RODRÍGUEZ,113
48,LA GUAJIRA,004,BARRANCAS,LUIS PÉREZ,2
48,LA GUAJIRA,004,BARRANCAS,RODOLFO HERNÁNDEZ,1554
48,LA GUAJIRA,004,BARRANCAS,SERGIO FAJARDO,130
48,LA GUAJIRA,004,BARRANCAS,VOTOS EN BLANCO,115
48,LA GUAJIRA,004,BARRANCAS,VOTOS NO MARCADOS,6
48,LA GUAJIRA,004,BARRANCAS,VOTOS NULOS,56
48,LA GUAJIRA,005,DIBULLA,ENRIQUE GÓMEZ MARTÍNEZ,19
48,LA GUAJIRA,005,DIBULLA,FEDERICO GUTIÉRREZ,1484
48,LA GUAJIRA,005,DIBULLA,GUSTAVO PETRO,4385
48,LA GUAJIRA,005,DIBULLA,INGRID BETANCOURT,10
48,LA GUAJIRA,005,DIBULLA,JOHN MILTON RODRÍGUEZ,65
48,LA GUAJIRA,005,DIBULLA,LUIS PÉREZ,3
48,LA GUAJIRA,005,DIBULLA,RODOLFO HERNÁNDEZ,1270
48,LA GUAJIRA,005,DIBULLA,SERGIO FAJARDO,99
48,LA GUAJIRA,005,DIBULLA,VOTOS EN BLANCO,111
48,LA GUAJIRA,005,DIBULLA,VOTOS NO MARCADOS,9
48,LA GUAJIRA,005,DIBULLA,VOTOS NULOS,69
48,LA GUAJIRA,006,EL MOLINO,ENRIQUE GÓMEZ MARTÍNEZ,7
48,LA GUAJIRA,006,EL MOLINO,FEDERICO GUTIÉRREZ,1304
48,LA GUAJIRA,006,EL MOLINO,GUSTAVO PETRO,1874
48,LA GUAJIRA,006,EL MOLINO,INGRID BETANCOURT,1
48,LA GUAJIRA,006,EL MOLINO,JOHN MILTON RODRÍGUEZ,18
48,LA GUAJIRA,006,EL MOLINO,RODOLFO HERNÁNDEZ,504
48,LA GUAJIRA,006,EL MOLINO,SERGIO FAJARDO,47
48,LA GUAJIRA,006,EL MOLINO,VOTOS EN BLANCO,43
48,LA GUAJIRA,006,EL MOLINO,VOTOS NO MARCADOS,2
48,LA GUAJIRA,006,EL MOLINO,VOTOS NULOS,25
48,LA GUAJIRA,007,FONSECA,ENRIQUE GÓMEZ MARTÍNEZ,36
48,LA GUAJIRA,007,FONSECA,FEDERICO GUTIÉRREZ,2387
48,LA GUAJIRA,007,FONSECA,GUSTAVO PETRO,9476
48,LA GUAJIRA,007,FONSECA,INGRID BETANCOURT,7
48,LA GUAJIRA,007,FONSECA,JOHN MILTON RODRÍGUEZ,189
48,LA GUAJIRA,007,FONSECA,LUIS PÉREZ,4
48,LA GUAJIRA,007,FONSECA,RODOLFO HERNÁNDEZ,2090
48,LA GUAJIRA,007,FONSECA,SERGIO FAJARDO,202
48,LA GUAJIRA,007,FONSECA,VOTOS EN BLANCO,201
48,LA GUAJIRA,007,FONSECA,VOTOS NO MARCADOS,17
48,LA GUAJIRA,007,FONSECA,VOTOS NULOS,120
48,LA GUAJIRA,008,DISTRACCION,ENRIQUE GÓMEZ MARTÍNEZ,10
48,LA GUAJIRA,008,DISTRACCION,FEDERICO GUTIÉRREZ,1139
48,LA GUAJIRA,008,DISTRACCION,GUSTAVO PETRO,2352
48,LA GUAJIRA,008,DISTRACCION,INGRID BETANCOURT,1
48,LA GUAJIRA,008,DISTRACCION,JOHN MILTON RODRÍGUEZ,17
48,LA GUAJIRA,008,DISTRACCION,RODOLFO HERNÁNDEZ,855
48,LA GUAJIRA,008,DISTRACCION,SERGIO FAJARDO,39
48,LA GUAJIRA,008,DISTRACCION,VOTOS EN BLANCO,48
48,LA GUAJIRA,008,DISTRACCION,VOTOS NO MARCADOS,2
48,LA GUAJIRA,008,DISTRACCION,VOTOS NULOS,44
48,LA GUAJIRA,009,HATONUEVO,ENRIQUE GÓMEZ MARTÍNEZ,19
48,LA GUAJIRA,009,HATONUEVO,FEDERICO GUTIÉRREZ,813
48,LA GUAJIRA,009,HATONUEVO,GUSTAVO PETRO,4532
48,LA GUAJIRA,009,HATONUEVO,INGRID BETANCOURT,7
48,LA GUAJIRA,009,HATONUEVO,JOHN MILTON RODRÍGUEZ,81
48,LA GUAJIRA,009,HATONUEVO,LUIS PÉREZ,2
48,LA GUAJIRA,009,HATONUEVO,RODOLFO HERNÁNDEZ,748
48,LA GUAJIRA,009,HATONUEVO,SERGIO FAJARDO,63
48,LA GUAJIRA,009,HATONUEVO,VOTOS EN BLANCO,81
48,LA GUAJIRA,009,HATONUEVO,VOTOS NO MARCADOS,15
48,LA GUAJIRA,009,HATONUEVO,VOTOS NULOS,36
48,LA GUAJIRA,010,MAICAO,ENRIQUE GÓMEZ MARTÍNEZ,90
48,LA GUAJIRA,010,MAICAO,FEDERICO GUTIÉRREZ,8900
48,LA GUAJIRA,010,MAICAO,GUSTAVO PETRO,20204
48,LA GUAJIRA,010,MAICAO,INGRID BETANCOURT,44
48,LA GUAJIRA,010,MAICAO,JOHN MILTON RODRÍGUEZ,590
48,LA GUAJIRA,010,MAICAO,LUIS PÉREZ,25
48,LA GUAJIRA,010,MAICAO,RODOLFO HERNÁNDEZ,8477
48,LA GUAJIRA,010,MAICAO,SERGIO FAJARDO,700
48,LA GUAJIRA,010,MAICAO,VOTOS EN BLANCO,818
48,LA GUAJIRA,010,MAICAO,VOTOS NO MARCADOS,65
48,LA GUAJIRA,010,MAICAO,VOTOS NULOS,493
48,LA GUAJIRA,011,MANAURE,ENRIQUE GÓMEZ MARTÍNEZ,59
48,LA GUAJIRA,011,MANAURE,FEDERICO GUTIÉRREZ,2316
48,LA GUAJIRA,011,MANAURE,GUSTAVO PETRO,4336
48,LA GUAJIRA,011,MANAURE,INGRID BETANCOURT,5
48,LA GUAJIRA,011,MANAURE,JOHN MILTON RODRÍGUEZ,113
48,LA GUAJIRA,011,MANAURE,LUIS PÉREZ,2
48,LA GUAJIRA,011,MANAURE,RODOLFO HERNÁNDEZ,1188
48,LA GUAJIRA,011,MANAURE,SERGIO FAJARDO,166
48,LA GUAJIRA,011,MANAURE,VOTOS EN BLANCO,150
48,LA GUAJIRA,011,MANAURE,VOTOS NO MARCADOS,38
48,LA GUAJIRA,011,MANAURE,VOTOS NULOS,108
48,LA GUAJIRA,012,LA JAGUA DEL PILAR,ENRIQUE GÓMEZ MARTÍNEZ,3
48,LA GUAJIRA,012,LA JAGUA DEL PILAR,FEDERICO GUTIÉRREZ,452
48,LA GUAJIRA,012,LA JAGUA DEL PILAR,GUSTAVO PETRO,1114
48,LA GUAJIRA,012,LA JAGUA DEL PILAR,JOHN MILTON RODRÍGUEZ,17
48,LA GUAJIRA,012,LA JAGUA DEL PILAR,LUIS PÉREZ,1
48,LA GUAJIRA,012,LA JAGUA DEL PILAR,RODOLFO HERNÁNDEZ,228
48,LA GUAJIRA,012,LA JAGUA DEL PILAR,SERGIO FAJARDO,28
48,LA GUAJIRA,012,LA JAGUA DEL PILAR,VOTOS EN BLANCO,17
48,LA GUAJIRA,012,LA JAGUA DEL PILAR,VOTOS NO MARCADOS,2
48,LA GUAJIRA,012,LA JAGUA DEL PILAR,VOTOS NULOS,18
48,LA GUAJIRA,013,SAN JUAN DEL CESAR,ENRIQUE GÓMEZ MARTÍNEZ,35
48,LA GUAJIRA,013,SAN JUAN DEL CESAR,FEDERICO GUTIÉRREZ,5317
48,LA GUAJIRA,013,SAN JUAN DEL CESAR,GUSTAVO PETRO,6483
48,LA GUAJIRA,013,SAN JUAN DEL CESAR,INGRID BETANCOURT,6
48,LA GUAJIRA,013,SAN JUAN DEL CESAR,JOHN MILTON RODRÍGUEZ,73
48,LA GUAJIRA,013,SAN JUAN DEL CESAR,LUIS PÉREZ,1
48,LA GUAJIRA,013,SAN JUAN DEL CESAR,RODOLFO HERNÁNDEZ,4096
48,LA GUAJIRA,013,SAN JUAN DEL CESAR,SERGIO FAJARDO,258
48,LA GUAJIRA,013,SAN JUAN DEL CESAR,VOTOS EN BLANCO,200
48,LA GUAJIRA,013,SAN JUAN DEL CESAR,VOTOS NO MARCADOS,17
48,LA GUAJIRA,013,SAN JUAN DEL CESAR,VOTOS NULOS,149
48,LA GUAJIRA,016,URIBIA,ENRIQUE GÓMEZ MARTÍNEZ,125
48,LA GUAJIRA,016,URIBIA,FEDERICO GUTIÉRREZ,4185
48,LA GUAJIRA,016,URIBIA,GUSTAVO PETRO,7067
48,LA GUAJIRA,016,URIBIA,INGRID BETANCOURT,62
48,LA GUAJIRA,016,URIBIA,JOHN MILTON RODRÍGUEZ,94
48,LA GUAJIRA,016,URIBIA,LUIS PÉREZ,21
48,LA GUAJIRA,016,URIBIA,RODOLFO HERNÁNDEZ,1887
48,LA GUAJIRA,016,URIBIA,SERGIO FAJARDO,243
48,LA GUAJIRA,016,URIBIA,VOTOS EN BLANCO,308
48,LA GUAJIRA,016,URIBIA,VOTOS NO MARCADOS,59
48,LA GUAJIRA,016,URIBIA,VOTOS NULOS,333
48,LA GUAJIRA,018,URUMITA,ENRIQUE GÓMEZ MARTÍNEZ,6
48,LA GUAJIRA,018,URUMITA,FEDERICO GUTIÉRREZ,1312
48,LA GUAJIRA,018,URUMITA,GUSTAVO PETRO,3109
48,LA GUAJIRA,018,URUMITA,JOHN MILTON RODRÍGUEZ,40
48,LA GUAJIRA,018,URUMITA,LUIS PÉREZ,2
48,LA GUAJIRA,018,URUMITA,RODOLFO HERNÁNDEZ,536
48,LA GUAJIRA,018,URUMITA,SERGIO FAJARDO,44
48,LA GUAJIRA,018,URUMITA,VOTOS EN BLANCO,50
48,LA GUAJIRA,018,URUMITA,VOTOS NO MARCADOS,5
48,LA GUAJIRA,018,URUMITA,VOTOS NULOS,30
48,LA GUAJIRA,020,VILLANUEVA,ENRIQUE GÓMEZ MARTÍNEZ,29
48,LA GUAJIRA,020,VILLANUEVA,FEDERICO GUTIÉRREZ,2449
48,LA GUAJIRA,020,VILLANUEVA,GUSTAVO PETRO,4914
48,LA GUAJIRA,020,VILLANUEVA,INGRID BETANCOURT,5
48,LA GUAJIRA,020,VILLANUEVA,JOHN MILTON RODRÍGUEZ,63
48,LA GUAJIRA,020,VILLANUEVA,LUIS PÉREZ,4
48,LA GUAJIRA,020,VILLANUEVA,RODOLFO HERNÁNDEZ,1621
48,LA GUAJIRA,020,VILLANUEVA,SERGIO FAJARDO,150
48,LA GUAJIRA,020,VILLANUEVA,VOTOS EN BLANCO,132
48,LA GUAJIRA,020,VILLANUEVA,VOTOS NO MARCADOS,9
48,LA GUAJIRA,020,VILLANUEVA,VOTOS NULOS,113
50,GUAINIA,001,INIRIDA,ENRIQUE GÓMEZ MARTÍNEZ,25
50,GUAINIA,001,INIRIDA,FEDERICO GUTIÉRREZ,1545
50,GUAINIA,001,INIRIDA,GUSTAVO PETRO,3778
50,GUAINIA,001,INIRIDA,INGRID BETANCOURT,16
50,GUAINIA,001,INIRIDA,JOHN MILTON RODRÍGUEZ,94
50,GUAINIA,001,INIRIDA,LUIS PÉREZ,2
50,GUAINIA,001,INIRIDA,RODOLFO HERNÁNDEZ,2606
50,GUAINIA,001,INIRIDA,SERGIO FAJARDO,455
50,GUAINIA,001,INIRIDA,VOTOS EN BLANCO,141
50,GUAINIA,001,INIRIDA,VOTOS NO MARCADOS,9
50,GUAINIA,001,INIRIDA,VOTOS NULOS,78
50,GUAINIA,070,BARRANCOMINAS,ENRIQUE GÓMEZ MARTÍNEZ,6
50,GUAINIA,070,BARRANCOMINAS,FEDERICO GUTIÉRREZ,78
50,GUAINIA,070,BARRANCOMINAS,GUSTAVO PETRO,1005
50,GUAINIA,070,BARRANCOMINAS,INGRID BETANCOURT,6
50,GUAINIA,070,BARRANCOMINAS,JOHN MILTON RODRÍGUEZ,7
50,GUAINIA,070,BARRANCOMINAS,LUIS PÉREZ,1
50,GUAINIA,070,BARRANCOMINAS,RODOLFO HERNÁNDEZ,145
50,GUAINIA,070,BARRANCOMINAS,SERGIO FAJARDO,29
50,GUAINIA,070,BARRANCOMINAS,VOTOS EN BLANCO,25
50,GUAINIA,070,BARRANCOMINAS,VOTOS NO MARCADOS,5
50,GUAINIA,070,BARRANCOMINAS,VOTOS NULOS,12
50,GUAINIA,073,CACAHUAL,FEDERICO GUTIÉRREZ,3
50,GUAINIA,073,CACAHUAL,GUSTAVO PETRO,11
50,GUAINIA,073,CACAHUAL,RODOLFO HERNÁNDEZ,1
50,GUAINIA,073,CACAHUAL,SERGIO FAJARDO,3
50,GUAINIA,078,LA GUADALUPE,GUSTAVO PETRO,22
50,GUAINIA,078,LA GUADALUPE,LUIS PÉREZ,2
50,GUAINIA,078,LA GUADALUPE,RODOLFO HERNÁNDEZ,26
50,GUAINIA,078,LA GUADALUPE,SERGIO FAJARDO,1
50,GUAINIA,078,LA GUADALUPE,VOTOS EN BLANCO,3
50,GUAINIA,083,MORICHAL (MORICHAL NUEVO),FEDERICO GUTIÉRREZ,2
50,GUAINIA,083,MORICHAL (MORICHAL NUEVO),GUSTAVO PETRO,37
50,GUAINIA,083,MORICHAL (MORICHAL NUEVO),INGRID BETANCOURT,1
50,GUAINIA,083,MORICHAL (MORICHAL NUEVO),JOHN MILTON RODRÍGUEZ,1
50,GUAINIA,083,MORICHAL (MORICHAL NUEVO),RODOLFO HERNÁNDEZ,3
50,GUAINIA,083,MORICHAL (MORICHAL NUEVO),SERGIO FAJARDO,2
50,GUAINIA,083,MORICHAL (MORICHAL NUEVO),VOTOS EN BLANCO,1
50,GUAINIA,087,PANA PANA (CAMPO ALEGRE),ENRIQUE GÓMEZ MARTÍNEZ,3
50,GUAINIA,087,PANA PANA (CAMPO ALEGRE),FEDERICO GUTIÉRREZ,21
50,GUAINIA,087,PANA PANA (CAMPO ALEGRE),GUSTAVO PETRO,92
50,GUAINIA,087,PANA PANA (CAMPO ALEGRE),RODOLFO HERNÁNDEZ,25
50,GUAINIA,087,PANA PANA (CAMPO ALEGRE),SERGIO FAJARDO,20
50,GUAINIA,087,PANA PANA (CAMPO ALEGRE),VOTOS EN BLANCO,3
50,GUAINIA,087,PANA PANA (CAMPO ALEGRE),VOTOS NULOS,1
50,GUAINIA,090,PUERTO COLOMBIA,ENRIQUE GÓMEZ MARTÍNEZ,5
50,GUAINIA,090,PUERTO COLOMBIA,FEDERICO GUTIÉRREZ,106
50,GUAINIA,090,PUERTO COLOMBIA,GUSTAVO PETRO,57
50,GUAINIA,090,PUERTO COLOMBIA,INGRID BETANCOURT,1
50,GUAINIA,090,PUERTO COLOMBIA,JOHN MILTON RODRÍGUEZ,4
50,GUAINIA,090,PUERTO COLOMBIA,LUIS PÉREZ,2
50,GUAINIA,090,PUERTO COLOMBIA,RODOLFO HERNÁNDEZ,25
50,GUAINIA,090,PUERTO COLOMBIA,SERGIO FAJARDO,8
50,GUAINIA,090,PUERTO COLOMBIA,VOTOS EN BLANCO,8
50,GUAINIA,090,PUERTO COLOMBIA,VOTOS NO MARCADOS,1
50,GUAINIA,090,PUERTO COLOMBIA,VOTOS NULOS,1
50,GUAINIA,092,SAN FELIPE,FEDERICO GUTIÉRREZ,18
50,GUAINIA,092,SAN FELIPE,GUSTAVO PETRO,44
50,GUAINIA,092,SAN FELIPE,INGRID BETANCOURT,1
50,GUAINIA,092,SAN FELIPE,JOHN MILTON RODRÍGUEZ,1
50,GUAINIA,092,SAN FELIPE,RODOLFO HERNÁNDEZ,61
50,GUAINIA,092,SAN FELIPE,SERGIO FAJARDO,9
50,GUAINIA,092,SAN FELIPE,VOTOS EN BLANCO,1
50,GUAINIA,092,SAN FELIPE,VOTOS NO MARCADOS,2
50,GUAINIA,092,SAN FELIPE,VOTOS NULOS,1
52,META,001,VILLAVICENCIO,ENRIQUE GÓMEZ MARTÍNEZ,478
52,META,001,VILLAVICENCIO,FEDERICO GUTIÉRREZ,44065
52,META,001,VILLAVICENCIO,GUSTAVO PETRO,69800
52,META,001,VILLAVICENCIO,INGRID BETANCOURT,88
52,META,001,VILLAVICENCIO,JOHN MILTON RODRÍGUEZ,3891
52,META,001,VILLAVICENCIO,LUIS PÉREZ,105
52,META,001,VILLAVICENCIO,RODOLFO HERNÁNDEZ,114255
52,META,001,VILLAVICENCIO,SERGIO FAJARDO,6949
52,META,001,VILLAVICENCIO,VOTOS EN BLANCO,3309
52,META,001,VILLAVICENCIO,VOTOS NO MARCADOS,128
52,META,001,VILLAVICENCIO,VOTOS NULOS,2295
52,META,005,ACACIAS,ENRIQUE GÓMEZ MARTÍNEZ,67
52,META,005,ACACIAS,FEDERICO GUTIÉRREZ,5415
52,META,005,ACACIAS,GUSTAVO PETRO,11919
52,META,005,ACACIAS,INGRID BETANCOURT,21
52,META,005,ACACIAS,JOHN MILTON RODRÍGUEZ,816
52,META,005,ACACIAS,LUIS PÉREZ,18
52,META,005,ACACIAS,RODOLFO HERNÁNDEZ,27758
52,META,005,ACACIAS,SERGIO FAJARDO,818
52,META,005,ACACIAS,VOTOS EN BLANCO,629
52,META,005,ACACIAS,VOTOS NO MARCADOS,27
52,META,005,ACACIAS,VOTOS NULOS,852
52,META,006,BARRANCA DE UPIA,ENRIQUE GÓMEZ MARTÍNEZ,2
52,META,006,BARRANCA DE UPIA,FEDERICO GUTIÉRREZ,184
52,META,006,BARRANCA DE UPIA,GUSTAVO PETRO,744
52,META,006,BARRANCA DE UPIA,JOHN MILTON RODRÍGUEZ,8
52,META,006,BARRANCA DE UPIA,RODOLFO HERNÁNDEZ,2149
52,META,006,BARRANCA DE UPIA,SERGIO FAJARDO,26
52,META,006,BARRANCA DE UPIA,VOTOS EN BLANCO,49
52,META,006,BARRANCA DE UPIA,VOTOS NO MARCADOS,6
52,META,006,BARRANCA DE UPIA,VOTOS NULOS,52
52,META,008,CABUYARO,ENRIQUE GÓMEZ MARTÍNEZ,1
52,META,008,CABUYARO,FEDERICO GUTIÉRREZ,385
52,META,008,CABUYARO,GUSTAVO PETRO,564
52,META,008,CABUYARO,INGRID BETANCOURT,2
52,META,008,CABUYARO,JOHN MILTON RODRÍGUEZ,47
52,META,008,CABUYARO,RODOLFO HERNÁNDEZ,2369
52,META,008,CABUYARO,SERGIO FAJARDO,32
52,META,008,CABUYARO,VOTOS EN BLANCO,33
52,META,008,CABUYARO,VOTOS NO MARCADOS,11
52,META,008,CABUYARO,VOTOS NULOS,39
52,META,010,CASTILLA LA NUEVA,ENRIQUE GÓMEZ MARTÍNEZ,7
52,META,010,CASTILLA LA NUEVA,FEDERICO GUTIÉRREZ,640
52,META,010,CASTILLA LA NUEVA,GUSTAVO PETRO,2209
52,META,010,CASTILLA LA NUEVA,INGRID BETANCOURT,4
52,META,010,CASTILLA LA NUEVA,JOHN MILTON RODRÍGUEZ,196
52,META,010,CASTILLA LA NUEVA,LUIS PÉREZ,1
52,META,010,CASTILLA LA NUEVA,RODOLFO HERNÁNDEZ,5799
52,META,010,CASTILLA LA NUEVA,SERGIO FAJARDO,122
52,META,010,CASTILLA LA NUEVA,VOTOS EN BLANCO,119
52,META,010,CASTILLA LA NUEVA,VOTOS NO MARCADOS,5
52,META,010,CASTILLA LA NUEVA,VOTOS NULOS,157
52,META,015,CUBARRAL,ENRIQUE GÓMEZ MARTÍNEZ,11
52,META,015,CUBARRAL,FEDERICO GUTIÉRREZ,958
52,META,015,CUBARRAL,GUSTAVO PETRO,606
52,META,015,CUBARRAL,INGRID BETANCOURT,1
52,META,015,CUBARRAL,JOHN MILTON RODRÍGUEZ,41
52,META,015,CUBARRAL,RODOLFO HERNÁNDEZ,1770
52,META,015,CUBARRAL,SERGIO FAJARDO,47
52,META,015,CUBARRAL,VOTOS EN BLANCO,36
52,META,015,CUBARRAL,VOTOS NO MARCADOS,2
52,META,015,CUBARRAL,VOTOS NULOS,24
52,META,020,CUMARAL,ENRIQUE GÓMEZ MARTÍNEZ,17
52,META,020,CUMARAL,FEDERICO GUTIÉRREZ,1631
52,META,020,CUMARAL,GUSTAVO PETRO,2780
52,META,020,CUMARAL,INGRID BETANCOURT,4
52,META,020,CUMARAL,JOHN MILTON RODRÍGUEZ,145
52,META,020,CUMARAL,LUIS PÉREZ,1
52,META,020,CUMARAL,RODOLFO HERNÁNDEZ,7570
52,META,020,CUMARAL,SERGIO FAJARDO,217
52,META,020,CUMARAL,VOTOS EN BLANCO,162
52,META,020,CUMARAL,VOTOS NO MARCADOS,10
52,META,020,CUMARAL,VOTOS NULOS,134
52,META,025,EL CALVARIO,ENRIQUE GÓMEZ MARTÍNEZ,1
52,META,025,EL CALVARIO,FEDERICO GUTIÉRREZ,154
52,META,025,EL CALVARIO,GUSTAVO PETRO,102
52,META,025,EL CALVARIO,JOHN MILTON RODRÍGUEZ,4
52,META,025,EL CALVARIO,RODOLFO HERNÁNDEZ,523
52,META,025,EL CALVARIO,SERGIO FAJARDO,10
52,META,025,EL CALVARIO,VOTOS EN BLANCO,1
52,META,025,EL CALVARIO,VOTOS NULOS,2
52,META,027,EL CASTILLO,ENRIQUE GÓMEZ MARTÍNEZ,7
52,META,027,EL CASTILLO,FEDERICO GUTIÉRREZ,262
52,META,027,EL CASTILLO,GUSTAVO PETRO,1494
52,META,027,EL CASTILLO,INGRID BETANCOURT,1
52,META,027,EL CASTILLO,JOHN MILTON RODRÍGUEZ,21
52,META,027,EL CASTILLO,LUIS PÉREZ,2
52,META,027,EL CASTILLO,RODOLFO HERNÁNDEZ,1597
52,META,027,EL CASTILLO,SERGIO FAJARDO,36
52,META,027,EL CASTILLO,VOTOS EN BLANCO,59
52,META,027,EL CASTILLO,VOTOS NO MARCADOS,4
52,META,027,EL CASTILLO,VOTOS NULOS,52
52,META,028,EL DORADO,ENRIQUE GÓMEZ MARTÍNEZ,2
52,META,028,EL DORADO,FEDERICO GUTIÉRREZ,562
52,META,028,EL DORADO,GUSTAVO PETRO,416
52,META,028,EL DORADO,INGRID BETANCOURT,2
52,META,028,EL DORADO,JOHN MILTON RODRÍGUEZ,19
52,META,028,EL DORADO,RODOLFO HERNÁNDEZ,1218
52,META,028,EL DORADO,SERGIO FAJARDO,31
52,META,028,EL DORADO,VOTOS EN BLANCO,20
52,META,028,EL DORADO,VOTOS NO MARCADOS,2
52,META,028,EL DORADO,VOTOS NULOS,13
52,META,030,FUENTE DE ORO,ENRIQUE GÓMEZ MARTÍNEZ,4
52,META,030,FUENTE DE ORO,FEDERICO GUTIÉRREZ,456
52,META,030,FUENTE DE ORO,GUSTAVO PETRO,1357
52,META,030,FUENTE DE ORO,INGRID BETANCOURT,5
52,META,030,FUENTE DE ORO,JOHN MILTON RODRÍGUEZ,51
52,META,030,FUENTE DE ORO,LUIS PÉREZ,4
52,META,030,FUENTE DE ORO,RODOLFO HERNÁNDEZ,3459
52,META,030,FUENTE DE ORO,SERGIO FAJARDO,60
52,META,030,FUENTE DE ORO,VOTOS EN BLANCO,79
52,META,030,FUENTE DE ORO,VOTOS NO MARCADOS,6
52,META,030,FUENTE DE ORO,VOTOS NULOS,83
52,META,035,GRANADA,ENRIQUE GÓMEZ MARTÍNEZ,30
52,META,035,GRANADA,FEDERICO GUTIÉRREZ,3317
52,META,035,GRANADA,GUSTAVO PETRO,9325
52,META,035,GRANADA,INGRID BETANCOURT,20
52,META,035,GRANADA,JOHN MILTON RODRÍGUEZ,299
52,META,035,GRANADA,LUIS PÉREZ,15
52,META,035,GRANADA,RODOLFO HERNÁNDEZ,19108
52,META,035,GRANADA,SERGIO FAJARDO,465
52,META,035,GRANADA,VOTOS EN BLANCO,560
52,META,035,GRANADA,VOTOS NO MARCADOS,54
52,META,035,GRANADA,VOTOS NULOS,565
52,META,040,GUAMAL,ENRIQUE GÓMEZ MARTÍNEZ,8
52,META,040,GUAMAL,FEDERICO GUTIÉRREZ,1185
52,META,040,GUAMAL,GUSTAVO PETRO,1749
52,META,040,GUAMAL,INGRID BETANCOURT,3
52,META,040,GUAMAL,JOHN MILTON RODRÍGUEZ,149
52,META,040,GUAMAL,LUIS PÉREZ,1
52,META,040,GUAMAL,RODOLFO HERNÁNDEZ,5240
52,META,040,GUAMAL,SERGIO FAJARDO,197
52,META,040,GUAMAL,VOTOS EN BLANCO,95
52,META,040,GUAMAL,VOTOS NO MARCADOS,8
52,META,040,GUAMAL,VOTOS NULOS,82
52,META,041,LA MACARENA,ENRIQUE GÓMEZ MARTÍNEZ,19
52,META,041,LA MACARENA,FEDERICO GUTIÉRREZ,208
52,META,041,LA MACARENA,GUSTAVO PETRO,2006
52,META,041,LA MACARENA,INGRID BETANCOURT,2
52,META,041,LA MACARENA,JOHN MILTON RODRÍGUEZ,63
52,META,041,LA MACARENA,LUIS PÉREZ,1
52,META,041,LA MACARENA,RODOLFO HERNÁNDEZ,2155
52,META,041,LA MACARENA,SERGIO FAJARDO,35
52,META,041,LA MACARENA,VOTOS EN BLANCO,94
52,META,041,LA MACARENA,VOTOS NO MARCADOS,13
52,META,041,LA MACARENA,VOTOS NULOS,57
52,META,042,LEJANIAS,ENRIQUE GÓMEZ MARTÍNEZ,8
52,META,042,LEJANIAS,FEDERICO GUTIÉRREZ,483
52,META,042,LEJANIAS,GUSTAVO PETRO,1053
52,META,042,LEJANIAS,INGRID BETANCOURT,5
52,META,042,LEJANIAS,JOHN MILTON RODRÍGUEZ,152
52,META,042,LEJANIAS,LUIS PÉREZ,4
52,META,042,LEJANIAS,RODOLFO HERNÁNDEZ,2812
52,META,042,LEJANIAS,SERGIO FAJARDO,57
52,META,042,LEJANIAS,VOTOS EN BLANCO,71
52,META,042,LEJANIAS,VOTOS NO MARCADOS,11
52,META,042,LEJANIAS,VOTOS NULOS,73
52,META,043,PUERTO GAITAN,ENRIQUE GÓMEZ MARTÍNEZ,70
52,META,043,PUERTO GAITAN,FEDERICO GUTIÉRREZ,1169
52,META,043,PUERTO GAITAN,GUSTAVO PETRO,8258
52,META,043,PUERTO GAITAN,INGRID BETANCOURT,30
52,META,043,PUERTO GAITAN,JOHN MILTON RODRÍGUEZ,384
52,META,043,PUERTO GAITAN,LUIS PÉREZ,19
52,META,043,PUERTO GAITAN,RODOLFO HERNÁNDEZ,14158
52,META,043,PUERTO GAITAN,SERGIO FAJARDO,198
52,META,043,PUERTO GAITAN,VOTOS EN BLANCO,429
52,META,043,PUERTO GAITAN,VOTOS NO MARCADOS,59
52,META,043,PUERTO GAITAN,VOTOS NULOS,716
52,META,044,MESETAS,ENRIQUE GÓMEZ MARTÍNEZ,14
52,META,044,MESETAS,FEDERICO GUTIÉRREZ,370
52,META,044,MESETAS,GUSTAVO PETRO,2041
52,META,044,MESETAS,INGRID BETANCOURT,3
52,META,044,MESETAS,JOHN MILTON RODRÍGUEZ,64
52,META,044,MESETAS,LUIS PÉREZ,2
52,META,044,MESETAS,RODOLFO HERNÁNDEZ,2069
52,META,044,MESETAS,SERGIO FAJARDO,51
52,META,044,MESETAS,VOTOS EN BLANCO,91
52,META,044,MESETAS,VOTOS NO MARCADOS,9
52,META,044,MESETAS,VOTOS NULOS,53
52,META,045,PUERTO LOPEZ,ENRIQUE GÓMEZ MARTÍNEZ,11
52,META,045,PUERTO LOPEZ,FEDERICO GUTIÉRREZ,2048
52,META,045,PUERTO LOPEZ,GUSTAVO PETRO,2976
52,META,045,PUERTO LOPEZ,INGRID BETANCOURT,5
52,META,045,PUERTO LOPEZ,JOHN MILTON RODRÍGUEZ,97
52,META,045,PUERTO LOPEZ,LUIS PÉREZ,1
52,META,045,PUERTO LOPEZ,RODOLFO HERNÁNDEZ,8938
52,META,045,PUERTO LOPEZ,SERGIO FAJARDO,179
52,META,045,PUERTO LOPEZ,VOTOS EN BLANCO,203
52,META,045,PUERTO LOPEZ,VOTOS NO MARCADOS,18
52,META,045,PUERTO LOPEZ,VOTOS NULOS,176
52,META,046,MAPIRIPAN,ENRIQUE GÓMEZ MARTÍNEZ,12
52,META,046,MAPIRIPAN,FEDERICO GUTIÉRREZ,239
52,META,046,MAPIRIPAN,GUSTAVO PETRO,615
52,META,046,MAPIRIPAN,INGRID BETANCOURT,3
52,META,046,MAPIRIPAN,JOHN MILTON RODRÍGUEZ,8
52,META,046,MAPIRIPAN,LUIS PÉREZ,1
52,META,046,MAPIRIPAN,RODOLFO HERNÁNDEZ,1161
52,META,046,MAPIRIPAN,SERGIO FAJARDO,32
52,META,046,MAPIRIPAN,VOTOS EN BLANCO,33
52,META,046,MAPIRIPAN,VOTOS NO MARCADOS,2
52,META,046,MAPIRIPAN,VOTOS NULOS,48
52,META,047,PUERTO CONCORDIA,ENRIQUE GÓMEZ MARTÍNEZ,10
52,META,047,PUERTO CONCORDIA,FEDERICO GUTIÉRREZ,213
52,META,047,PUERTO CONCORDIA,GUSTAVO PETRO,1217
52,META,047,PUERTO CONCORDIA,INGRID BETANCOURT,6
52,META,047,PUERTO CONCORDIA,JOHN MILTON RODRÍGUEZ,31
52,META,047,PUERTO CONCORDIA,LUIS PÉREZ,2
52,META,047,PUERTO CONCORDIA,RODOLFO HERNÁNDEZ,1854
52,META,047,PUERTO CONCORDIA,SERGIO FAJARDO,25
52,META,047,PUERTO CONCORDIA,VOTOS EN BLANCO,49
52,META,047,PUERTO CONCORDIA,VOTOS NO MARCADOS,9
52,META,047,PUERTO CONCORDIA,VOTOS NULOS,37
52,META,048,PUERTO LLERAS,ENRIQUE GÓMEZ MARTÍNEZ,9
52,META,048,PUERTO LLERAS,FEDERICO GUTIÉRREZ,318
52,META,048,PUERTO LLERAS,GUSTAVO PETRO,764
52,META,048,PUERTO LLERAS,INGRID BETANCOURT,2
52,META,048,PUERTO LLERAS,JOHN MILTON RODRÍGUEZ,37
52,META,048,PUERTO LLERAS,LUIS PÉREZ,2
52,META,048,PUERTO LLERAS,RODOLFO HERNÁNDEZ,2476
52,META,048,PUERTO LLERAS,SERGIO FAJARDO,36
52,META,048,PUERTO LLERAS,VOTOS EN BLANCO,61
52,META,048,PUERTO LLERAS,VOTOS NO MARCADOS,5
52,META,048,PUERTO LLERAS,VOTOS NULOS,41
52,META,049,PUERTO RICO,ENRIQUE GÓMEZ MARTÍNEZ,13
52,META,049,PUERTO RICO,FEDERICO GUTIÉRREZ,249
52,META,049,PUERTO RICO,GUSTAVO PETRO,1645
52,META,049,PUERTO RICO,INGRID BETANCOURT,3
52,META,049,PUERTO RICO,JOHN MILTON RODRÍGUEZ,53
52,META,049,PUERTO RICO,RODOLFO HERNÁNDEZ,2657
52,META,049,PUERTO RICO,SERGIO FAJARDO,32
52,META,049,PUERTO RICO,VOTOS EN BLANCO,92
52,META,049,PUERTO RICO,VOTOS NO MARCADOS,13
52,META,049,PUERTO RICO,VOTOS NULOS,110
52,META,050,RESTREPO,ENRIQUE GÓMEZ MARTÍNEZ,17
52,META,050,RESTREPO,FEDERICO GUTIÉRREZ,1842
52,META,050,RESTREPO,GUSTAVO PETRO,2348
52,META,050,RESTREPO,INGRID BETANCOURT,6
52,META,050,RESTREPO,JOHN MILTON RODRÍGUEZ,208
52,META,050,RESTREPO,RODOLFO HERNÁNDEZ,5956
52,META,050,RESTREPO,SERGIO FAJARDO,251
52,META,050,RESTREPO,VOTOS EN BLANCO,121
52,META,050,RESTREPO,VOTOS NO MARCADOS,3
52,META,050,RESTREPO,VOTOS NULOS,60
52,META,055,SAN CARLOS DE GUAROA,ENRIQUE GÓMEZ MARTÍNEZ,8
52,META,055,SAN CARLOS DE GUAROA,FEDERICO GUTIÉRREZ,519
52,META,055,SAN CARLOS DE GUAROA,GUSTAVO PETRO,1108
52,META,055,SAN CARLOS DE GUAROA,INGRID BETANCOURT,6
52,META,055,SAN CARLOS DE GUAROA,JOHN MILTON RODRÍGUEZ,100
52,META,055,SAN CARLOS DE GUAROA,LUIS PÉREZ,3
52,META,055,SAN CARLOS DE GUAROA,RODOLFO HERNÁNDEZ,3932
52,META,055,SAN CARLOS DE GUAROA,SERGIO FAJARDO,52
52,META,055,SAN CARLOS DE GUAROA,VOTOS EN BLANCO,60
52,META,055,SAN CARLOS DE GUAROA,VOTOS NO MARCADOS,8
52,META,055,SAN CARLOS DE GUAROA,VOTOS NULOS,79
52,META,058,SAN JUAN DE ARAMA,ENRIQUE GÓMEZ MARTÍNEZ,3
52,META,058,SAN JUAN DE ARAMA,FEDERICO GUTIÉRREZ,437
52,META,058,SAN JUAN DE ARAMA,GUSTAVO PETRO,931
52,META,058,SAN JUAN DE ARAMA,INGRID BETANCOURT,2
52,META,058,SAN JUAN DE ARAMA,JOHN MILTON RODRÍGUEZ,38
52,META,058,SAN JUAN DE ARAMA,RODOLFO HERNÁNDEZ,1652
52,META,058,SAN JUAN DE ARAMA,SERGIO FAJARDO,47
52,META,058,SAN JUAN DE ARAMA,VOTOS EN BLANCO,41
52,META,058,SAN JUAN DE ARAMA,VOTOS NO MARCADOS,3
52,META,058,SAN JUAN DE ARAMA,VOTOS NULOS,39
52,META,059,SAN JUANITO,FEDERICO GUTIÉRREZ,105
52,META,059,SAN JUANITO,GUSTAVO PETRO,85
52,META,059,SAN JUANITO,INGRID BETANCOURT,2
52,META,059,SAN JUANITO,LUIS PÉREZ,1
52,META,059,SAN JUANITO,RODOLFO HERNÁNDEZ,581
52,META,059,SAN JUANITO,SERGIO FAJARDO,10
52,META,059,SAN JUANITO,VOTOS EN BLANCO,22
52,META,059,SAN JUANITO,VOTOS NO MARCADOS,2
52,META,059,SAN JUANITO,VOTOS NULOS,2
52,META,060,SAN MARTIN DE LOS LLANOS,ENRIQUE GÓMEZ MARTÍNEZ,22
52,META,060,SAN MARTIN DE LOS LLANOS,FEDERICO GUTIÉRREZ,1519
52,META,060,SAN MARTIN DE LOS LLANOS,GUSTAVO PETRO,2068
52,META,060,SAN MARTIN DE LOS LLANOS,INGRID BETANCOURT,8
52,META,060,SAN MARTIN DE LOS LLANOS,JOHN MILTON RODRÍGUEZ,205
52,META,060,SAN MARTIN DE LOS LLANOS,LUIS PÉREZ,2
52,META,060,SAN MARTIN DE LOS LLANOS,RODOLFO HERNÁNDEZ,7324
52,META,060,SAN MARTIN DE LOS LLANOS,SERGIO FAJARDO,177
52,META,060,SAN MARTIN DE LOS LLANOS,VOTOS EN BLANCO,174
52,META,060,SAN MARTIN DE LOS LLANOS,VOTOS NO MARCADOS,12
52,META,060,SAN MARTIN DE LOS LLANOS,VOTOS NULOS,139
52,META,074,URIBE,ENRIQUE GÓMEZ MARTÍNEZ,1
52,META,074,URIBE,FEDERICO GUTIÉRREZ,90
52,META,074,URIBE,GUSTAVO PETRO,2970
52,META,074,URIBE,INGRID BETANCOURT,8
52,META,074,URIBE,JOHN MILTON RODRÍGUEZ,32
52,META,074,URIBE,RODOLFO HERNÁNDEZ,408
52,META,074,URIBE,SERGIO FAJARDO,28
52,META,074,URIBE,VOTOS EN BLANCO,50
52,META,074,URIBE,VOTOS NO MARCADOS,9
52,META,074,URIBE,VOTOS NULOS,33
52,META,080,VISTA HERMOSA,ENRIQUE GÓMEZ MARTÍNEZ,23
52,META,080,VISTA HERMOSA,FEDERICO GUTIÉRREZ,679
52,META,080,VISTA HERMOSA,GUSTAVO PETRO,2435
52,META,080,VISTA HERMOSA,INGRID BETANCOURT,12
52,META,080,VISTA HERMOSA,JOHN MILTON RODRÍGUEZ,55
52,META,080,VISTA HERMOSA,RODOLFO HERNÁNDEZ,3679
52,META,080,VISTA HERMOSA,SERGIO FAJARDO,77
52,META,080,VISTA HERMOSA,VOTOS EN BLANCO,121
52,META,080,VISTA HERMOSA,VOTOS NO MARCADOS,17
52,META,080,VISTA HERMOSA,VOTOS NULOS,128
54,GUAVIARE,001,SAN JOSE DEL GUAVIARE,ENRIQUE GÓMEZ MARTÍNEZ,36
54,GUAVIARE,001,SAN JOSE DEL GUAVIARE,FEDERICO GUTIÉRREZ,2291
54,GUAVIARE,001,SAN JOSE DEL GUAVIARE,GUSTAVO PETRO,7608
54,GUAVIARE,001,SAN JOSE DEL GUAVIARE,INGRID BETANCOURT,14
54,GUAVIARE,001,SAN JOSE DEL GUAVIARE,JOHN MILTON RODRÍGUEZ,395
54,GUAVIARE,001,SAN JOSE DEL GUAVIARE,LUIS PÉREZ,9
54,GUAVIARE,001,SAN JOSE DEL GUAVIARE,RODOLFO HERNÁNDEZ,10840
54,GUAVIARE,001,SAN JOSE DEL GUAVIARE,SERGIO FAJARDO,434
54,GUAVIARE,001,SAN JOSE DEL GUAVIARE,VOTOS EN BLANCO,517
54,GUAVIARE,001,SAN JOSE DEL GUAVIARE,VOTOS NO MARCADOS,37
54,GUAVIARE,001,SAN JOSE DEL GUAVIARE,VOTOS NULOS,395
54,GUAVIARE,003,CALAMAR,ENRIQUE GÓMEZ MARTÍNEZ,8
54,GUAVIARE,003,CALAMAR,FEDERICO GUTIÉRREZ,185
54,GUAVIARE,003,CALAMAR,GUSTAVO PETRO,1510
54,GUAVIARE,003,CALAMAR,INGRID BETANCOURT,3
54,GUAVIARE,003,CALAMAR,JOHN MILTON RODRÍGUEZ,36
54,GUAVIARE,003,CALAMAR,LUIS PÉREZ,1
54,GUAVIARE,003,CALAMAR,RODOLFO HERNÁNDEZ,985
54,GUAVIARE,003,CALAMAR,SERGIO FAJARDO,44
54,GUAVIARE,003,CALAMAR,VOTOS EN BLANCO,71
54,GUAVIARE,003,CALAMAR,VOTOS NO MARCADOS,14
54,GUAVIARE,003,CALAMAR,VOTOS NULOS,37
54,GUAVIARE,007,EL RETORNO,ENRIQUE GÓMEZ MARTÍNEZ,11
54,GUAVIARE,007,EL RETORNO,FEDERICO GUTIÉRREZ,367
54,GUAVIARE,007,EL RETORNO,GUSTAVO PETRO,1303
54,GUAVIARE,007,EL RETORNO,INGRID BETANCOURT,2
54,GUAVIARE,007,EL RETORNO,JOHN MILTON RODRÍGUEZ,76
54,GUAVIARE,007,EL RETORNO,LUIS PÉREZ,8
54,GUAVIARE,007,EL RETORNO,RODOLFO HERNÁNDEZ,2759
54,GUAVIARE,007,EL RETORNO,SERGIO FAJARDO,55
54,GUAVIARE,007,EL RETORNO,VOTOS EN BLANCO,102
54,GUAVIARE,007,EL RETORNO,VOTOS NO MARCADOS,8
54,GUAVIARE,007,EL RETORNO,VOTOS NULOS,44
54,GUAVIARE,012,MIRAFLORES,ENRIQUE GÓMEZ MARTÍNEZ,1
54,GUAVIARE,012,MIRAFLORES,FEDERICO GUTIÉRREZ,110
54,GUAVIARE,012,MIRAFLORES,GUSTAVO PETRO,778
54,GUAVIARE,012,MIRAFLORES,INGRID BETANCOURT,1
54,GUAVIARE,012,MIRAFLORES,JOHN MILTON RODRÍGUEZ,12
54,GUAVIARE,012,MIRAFLORES,LUIS PÉREZ,1
54,GUAVIARE,012,MIRAFLORES,RODOLFO HERNÁNDEZ,150
54,GUAVIARE,012,MIRAFLORES,SERGIO FAJARDO,42
54,GUAVIARE,012,MIRAFLORES,VOTOS EN BLANCO,35
54,GUAVIARE,012,MIRAFLORES,VOTOS NO MARCADOS,6
54,GUAVIARE,012,MIRAFLORES,VOTOS NULOS,22
56,SAN ANDRES,001,SAN ANDRES,ENRIQUE GÓMEZ MARTÍNEZ,20
56,SAN ANDRES,001,SAN ANDRES,FEDERICO GUTIÉRREZ,4184
56,SAN ANDRES,001,SAN ANDRES,GUSTAVO PETRO,5491
56,SAN ANDRES,001,SAN ANDRES,INGRID BETANCOURT,6
56,SAN ANDRES,001,SAN ANDRES,JOHN MILTON RODRÍGUEZ,497
56,SAN ANDRES,001,SAN ANDRES,LUIS PÉREZ,11
56,SAN ANDRES,001,SAN ANDRES,RODOLFO HERNÁNDEZ,2483
56,SAN ANDRES,001,SAN ANDRES,SERGIO FAJARDO,543
56,SAN ANDRES,001,SAN ANDRES,VOTOS EN BLANCO,497
56,SAN ANDRES,001,SAN ANDRES,VOTOS NO MARCADOS,19
56,SAN ANDRES,001,SAN ANDRES,VOTOS NULOS,76
56,SAN ANDRES,004,PROVIDENCIA,FEDERICO GUTIÉRREZ,360
56,SAN ANDRES,004,PROVIDENCIA,GUSTAVO PETRO,565
56,SAN ANDRES,004,PROVIDENCIA,JOHN MILTON RODRÍGUEZ,24
56,SAN ANDRES,004,PROVIDENCIA,RODOLFO HERNÁNDEZ,137
56,SAN ANDRES,004,PROVIDENCIA,SERGIO FAJARDO,30
56,SAN ANDRES,004,PROVIDENCIA,VOTOS EN BLANCO,30
56,SAN ANDRES,004,PROVIDENCIA,VOTOS NULOS,5
60,AMAZONAS,001,LETICIA,ENRIQUE GÓMEZ MARTÍNEZ,50
60,AMAZONAS,001,LETICIA,FEDERICO GUTIÉRREZ,5045
60,AMAZONAS,001,LETICIA,GUSTAVO PETRO,7560
60,AMAZONAS,001,LETICIA,INGRID BETANCOURT,25
60,AMAZONAS,001,LETICIA,JOHN MILTON RODRÍGUEZ,185
60,AMAZONAS,001,LETICIA,LUIS PÉREZ,15
60,AMAZONAS,001,LETICIA,RODOLFO HERNÁNDEZ,3987
60,AMAZONAS,001,LETICIA,SERGIO FAJARDO,655
60,AMAZONAS,001,LETICIA,VOTOS EN BLANCO,328
60,AMAZONAS,001,LETICIA,VOTOS NO MARCADOS,59
60,AMAZONAS,001,LETICIA,VOTOS NULOS,187
60,AMAZONAS,007,PUERTO NARIÑO,ENRIQUE GÓMEZ MARTÍNEZ,10
60,AMAZONAS,007,PUERTO NARIÑO,FEDERICO GUTIÉRREZ,437
60,AMAZONAS,007,PUERTO NARIÑO,GUSTAVO PETRO,1408
60,AMAZONAS,007,PUERTO NARIÑO,INGRID BETANCOURT,3
60,AMAZONAS,007,PUERTO NARIÑO,JOHN MILTON RODRÍGUEZ,13
60,AMAZONAS,007,PUERTO NARIÑO,LUIS PÉREZ,4
60,AMAZONAS,007,PUERTO NARIÑO,RODOLFO HERNÁNDEZ,231
60,AMAZONAS,007,PUERTO NARIÑO,SERGIO FAJARDO,58
60,AMAZONAS,007,PUERTO NARIÑO,VOTOS EN BLANCO,45
60,AMAZONAS,007,PUERTO NARIÑO,VOTOS NO MARCADOS,9
60,AMAZONAS,007,PUERTO NARIÑO,VOTOS NULOS,17
60,AMAZONAS,010,EL ENCANTO,ENRIQUE GÓMEZ MARTÍNEZ,1
60,AMAZONAS,010,EL ENCANTO,FEDERICO GUTIÉRREZ,61
60,AMAZONAS,010,EL ENCANTO,GUSTAVO PETRO,168
60,AMAZONAS,010,EL ENCANTO,INGRID BETANCOURT,6
60,AMAZONAS,010,EL ENCANTO,LUIS PÉREZ,1
60,AMAZONAS,010,EL ENCANTO,RODOLFO HERNÁNDEZ,24
60,AMAZONAS,010,EL ENCANTO,SERGIO FAJARDO,14
60,AMAZONAS,010,EL ENCANTO,VOTOS EN BLANCO,2
60,AMAZONAS,010,EL ENCANTO,VOTOS NO MARCADOS,3
60,AMAZONAS,010,EL ENCANTO,VOTOS NULOS,4
60,AMAZONAS,013,LA CHORRERA,FEDERICO GUTIÉRREZ,77
60,AMAZONAS,013,LA CHORRERA,GUSTAVO PETRO,495
60,AMAZONAS,013,LA CHORRERA,INGRID BETANCOURT,2
60,AMAZONAS,013,LA CHORRERA,JOHN MILTON RODRÍGUEZ,5
60,AMAZONAS,013,LA CHORRERA,RODOLFO HERNÁNDEZ,19
60,AMAZONAS,013,LA CHORRERA,SERGIO FAJARDO,3
60,AMAZONAS,013,LA CHORRERA,VOTOS EN BLANCO,3
60,AMAZONAS,013,LA CHORRERA,VOTOS NO MARCADOS,1
60,AMAZONAS,013,LA CHORRERA,VOTOS NULOS,7
60,AMAZONAS,016,LA PEDRERA,FEDERICO GUTIÉRREZ,28
60,AMAZONAS,016,LA PEDRERA,GUSTAVO PETRO,167
60,AMAZONAS,016,LA PEDRERA,RODOLFO HERNÁNDEZ,25
60,AMAZONAS,016,LA PEDRERA,SERGIO FAJARDO,5
60,AMAZONAS,016,LA PEDRERA,VOTOS EN BLANCO,5
60,AMAZONAS,016,LA PEDRERA,VOTOS NULOS,2
60,AMAZONAS,017,LA VICTORIA,FEDERICO GUTIÉRREZ,2
60,AMAZONAS,017,LA VICTORIA,GUSTAVO PETRO,21
60,AMAZONAS,017,LA VICTORIA,SERGIO FAJARDO,2
60,AMAZONAS,017,LA VICTORIA,VOTOS NO MARCADOS,2
60,AMAZONAS,019,MIRITI PARANA,FEDERICO GUTIÉRREZ,14
60,AMAZONAS,019,MIRITI PARANA,GUSTAVO PETRO,76
60,AMAZONAS,019,MIRITI PARANA,RODOLFO HERNÁNDEZ,4
60,AMAZONAS,019,MIRITI PARANA,SERGIO FAJARDO,1
60,AMAZONAS,019,MIRITI PARANA,VOTOS EN BLANCO,1
60,AMAZONAS,021,PUERTO SANTANDER,ENRIQUE GÓMEZ MARTÍNEZ,4
60,AMAZONAS,021,PUERTO SANTANDER,FEDERICO GUTIÉRREZ,27
60,AMAZONAS,021,PUERTO SANTANDER,GUSTAVO PETRO,98
60,AMAZONAS,021,PUERTO SANTANDER,JOHN MILTON RODRÍGUEZ,1
60,AMAZONAS,021,PUERTO SANTANDER,RODOLFO HERNÁNDEZ,14
60,AMAZONAS,021,PUERTO SANTANDER,SERGIO FAJARDO,5
60,AMAZONAS,022,TARAPACA,ENRIQUE GÓMEZ MARTÍNEZ,2
60,AMAZONAS,022,TARAPACA,FEDERICO GUTIÉRREZ,21
60,AMAZONAS,022,TARAPACA,GUSTAVO PETRO,229
60,AMAZONAS,022,TARAPACA,INGRID BETANCOURT,4
60,AMAZONAS,022,TARAPACA,JOHN MILTON RODRÍGUEZ,2
60,AMAZONAS,022,TARAPACA,LUIS PÉREZ,1
60,AMAZONAS,022,TARAPACA,RODOLFO HERNÁNDEZ,138
60,AMAZONAS,022,TARAPACA,SERGIO FAJARDO,1
60,AMAZONAS,022,TARAPACA,VOTOS EN BLANCO,7
60,AMAZONAS,022,TARAPACA,VOTOS NO MARCADOS,3
60,AMAZONAS,022,TARAPACA,VOTOS NULOS,1
60,AMAZONAS,030,PUERTO ALEGRIA,FEDERICO GUTIÉRREZ,7
60,AMAZONAS,030,PUERTO ALEGRIA,GUSTAVO PETRO,52
60,AMAZONAS,030,PUERTO ALEGRIA,RODOLFO HERNÁNDEZ,18
60,AMAZONAS,030,PUERTO ALEGRIA,SERGIO FAJARDO,3
60,AMAZONAS,030,PUERTO ALEGRIA,VOTOS EN BLANCO,1
60,AMAZONAS,030,PUERTO ALEGRIA,VOTOS NO MARCADOS,2
60,AMAZONAS,040,PUERTO ARICA,ENRIQUE GÓMEZ MARTÍNEZ,1
60,AMAZONAS,040,PUERTO ARICA,FEDERICO GUTIÉRREZ,25
60,AMAZONAS,040,PUERTO ARICA,GUSTAVO PETRO,94
60,AMAZONAS,040,PUERTO ARICA,INGRID BETANCOURT,3
60,AMAZONAS,040,PUERTO ARICA,RODOLFO HERNÁNDEZ,27
60,AMAZONAS,040,PUERTO ARICA,SERGIO FAJARDO,2
60,AMAZONAS,040,PUERTO ARICA,VOTOS NO MARCADOS,2
64,PUTUMAYO,001,MOCOA,ENRIQUE GÓMEZ MARTÍNEZ,37
64,PUTUMAYO,001,MOCOA,FEDERICO GUTIÉRREZ,2715
64,PUTUMAYO,001,MOCOA,GUSTAVO PETRO,15830
64,PUTUMAYO,001,MOCOA,INGRID BETANCOURT,9
64,PUTUMAYO,001,MOCOA,JOHN MILTON RODRÍGUEZ,363
64,PUTUMAYO,001,MOCOA,LUIS PÉREZ,6
64,PUTUMAYO,001,MOCOA,RODOLFO HERNÁNDEZ,3478
64,PUTUMAYO,001,MOCOA,SERGIO FAJARDO,458
64,PUTUMAYO,001,MOCOA,VOTOS EN BLANCO,400
64,PUTUMAYO,001,MOCOA,VOTOS NO MARCADOS,24
64,PUTUMAYO,001,MOCOA,VOTOS NULOS,265
64,PUTUMAYO,002,PUERTO ASIS,ENRIQUE GÓMEZ MARTÍNEZ,41
64,PUTUMAYO,002,PUERTO ASIS,FEDERICO GUTIÉRREZ,1821
64,PUTUMAYO,002,PUERTO ASIS,GUSTAVO PETRO,16046
64,PUTUMAYO,002,PUERTO ASIS,INGRID BETANCOURT,39
64,PUTUMAYO,002,PUERTO ASIS,JOHN MILTON RODRÍGUEZ,356
64,PUTUMAYO,002,PUERTO ASIS,LUIS PÉREZ,17
64,PUTUMAYO,002,PUERTO ASIS,RODOLFO HERNÁNDEZ,4709
64,PUTUMAYO,002,PUERTO ASIS,SERGIO FAJARDO,379
64,PUTUMAYO,002,PUERTO ASIS,VOTOS EN BLANCO,571
64,PUTUMAYO,002,PUERTO ASIS,VOTOS NO MARCADOS,91
64,PUTUMAYO,002,PUERTO ASIS,VOTOS NULOS,468
64,PUTUMAYO,004,PUERTO LEGUIZAMO,ENRIQUE GÓMEZ MARTÍNEZ,19
64,PUTUMAYO,004,PUERTO LEGUIZAMO,FEDERICO GUTIÉRREZ,1288
64,PUTUMAYO,004,PUERTO LEGUIZAMO,GUSTAVO PETRO,2312
64,PUTUMAYO,004,PUERTO LEGUIZAMO,INGRID BETANCOURT,11
64,PUTUMAYO,004,PUERTO LEGUIZAMO,JOHN MILTON RODRÍGUEZ,164
64,PUTUMAYO,004,PUERTO LEGUIZAMO,LUIS PÉREZ,4
64,PUTUMAYO,004,PUERTO LEGUIZAMO,RODOLFO HERNÁNDEZ,1297
64,PUTUMAYO,004,PUERTO LEGUIZAMO,SERGIO FAJARDO,155
64,PUTUMAYO,004,PUERTO LEGUIZAMO,VOTOS EN BLANCO,103
64,PUTUMAYO,004,PUERTO LEGUIZAMO,VOTOS NO MARCADOS,20
64,PUTUMAYO,004,PUERTO LEGUIZAMO,VOTOS NULOS,98
64,PUTUMAYO,007,COLON,ENRIQUE GÓMEZ MARTÍNEZ,7
64,PUTUMAYO,007,COLON,FEDERICO GUTIÉRREZ,587
64,PUTUMAYO,007,COLON,GUSTAVO PETRO,1819
64,PUTUMAYO,007,COLON,JOHN MILTON RODRÍGUEZ,10
64,PUTUMAYO,007,COLON,RODOLFO HERNÁNDEZ,226
64,PUTUMAYO,007,COLON,SERGIO FAJARDO,47
64,PUTUMAYO,007,COLON,VOTOS EN BLANCO,32
64,PUTUMAYO,007,COLON,VOTOS NO MARCADOS,3
64,PUTUMAYO,007,COLON,VOTOS NULOS,17
64,PUTUMAYO,013,SAN FRANCISCO,ENRIQUE GÓMEZ MARTÍNEZ,4
64,PUTUMAYO,013,SAN FRANCISCO,FEDERICO GUTIÉRREZ,587
64,PUTUMAYO,013,SAN FRANCISCO,GUSTAVO PETRO,1616
64,PUTUMAYO,013,SAN FRANCISCO,JOHN MILTON RODRÍGUEZ,6
64,PUTUMAYO,013,SAN FRANCISCO,LUIS PÉREZ,2
64,PUTUMAYO,013,SAN FRANCISCO,RODOLFO HERNÁNDEZ,369
64,PUTUMAYO,013,SAN FRANCISCO,SERGIO FAJARDO,52
64,PUTUMAYO,013,SAN FRANCISCO,VOTOS EN BLANCO,64
64,PUTUMAYO,013,SAN FRANCISCO,VOTOS NO MARCADOS,5
64,PUTUMAYO,013,SAN FRANCISCO,VOTOS NULOS,30
64,PUTUMAYO,016,SANTIAGO,ENRIQUE GÓMEZ MARTÍNEZ,7
64,PUTUMAYO,016,SANTIAGO,FEDERICO GUTIÉRREZ,415
64,PUTUMAYO,016,SANTIAGO,GUSTAVO PETRO,2211
64,PUTUMAYO,016,SANTIAGO,INGRID BETANCOURT,2
64,PUTUMAYO,016,SANTIAGO,JOHN MILTON RODRÍGUEZ,4
64,PUTUMAYO,016,SANTIAGO,LUIS PÉREZ,1
64,PUTUMAYO,016,SANTIAGO,RODOLFO HERNÁNDEZ,260
64,PUTUMAYO,016,SANTIAGO,SERGIO FAJARDO,47
64,PUTUMAYO,016,SANTIAGO,VOTOS EN BLANCO,60
64,PUTUMAYO,016,SANTIAGO,VOTOS NO MARCADOS,2
64,PUTUMAYO,016,SANTIAGO,VOTOS NULOS,30
64,PUTUMAYO,018,SAN MIGUEL (LA DORADA),ENRIQUE GÓMEZ MARTÍNEZ,14
64,PUTUMAYO,018,SAN MIGUEL (LA DORADA),FEDERICO GUTIÉRREZ,274
64,PUTUMAYO,018,SAN MIGUEL (LA DORADA),GUSTAVO PETRO,4808
64,PUTUMAYO,018,SAN MIGUEL (LA DORADA),INGRID BETANCOURT,7
64,PUTUMAYO,018,SAN MIGUEL (LA DORADA),JOHN MILTON RODRÍGUEZ,37
64,PUTUMAYO,018,SAN MIGUEL (LA DORADA),LUIS PÉREZ,3
64,PUTUMAYO,018,SAN MIGUEL (LA DORADA),RODOLFO HERNÁNDEZ,401
64,PUTUMAYO,018,SAN MIGUEL (LA DORADA),SERGIO FAJARDO,64
64,PUTUMAYO,018,SAN MIGUEL (LA DORADA),VOTOS EN BLANCO,117
64,PUTUMAYO,018,SAN MIGUEL (LA DORADA),VOTOS NO MARCADOS,25
64,PUTUMAYO,018,SAN MIGUEL (LA DORADA),VOTOS NULOS,74
64,PUTUMAYO,019,SIBUNDOY,ENRIQUE GÓMEZ MARTÍNEZ,13
64,PUTUMAYO,019,SIBUNDOY,FEDERICO GUTIÉRREZ,1075
64,PUTUMAYO,019,SIBUNDOY,GUSTAVO PETRO,4447
64,PUTUMAYO,019,SIBUNDOY,INGRID BETANCOURT,5
64,PUTUMAYO,019,SIBUNDOY,JOHN MILTON RODRÍGUEZ,12
64,PUTUMAYO,019,SIBUNDOY,LUIS PÉREZ,4
64,PUTUMAYO,019,SIBUNDOY,RODOLFO HERNÁNDEZ,558
64,PUTUMAYO,019,SIBUNDOY,SERGIO FAJARDO,129
64,PUTUMAYO,019,SIBUNDOY,VOTOS EN BLANCO,115
64,PUTUMAYO,019,SIBUNDOY,VOTOS NO MARCADOS,14
64,PUTUMAYO,019,SIBUNDOY,VOTOS NULOS,65
64,PUTUMAYO,023,ORITO,ENRIQUE GÓMEZ MARTÍNEZ,16
64,PUTUMAYO,023,ORITO,FEDERICO GUTIÉRREZ,834
64,PUTUMAYO,023,ORITO,GUSTAVO PETRO,13558
64,PUTUMAYO,023,ORITO,INGRID BETANCOURT,7
64,PUTUMAYO,023,ORITO,JOHN MILTON RODRÍGUEZ,84
64,PUTUMAYO,023,ORITO,LUIS PÉREZ,4
64,PUTUMAYO,023,ORITO,RODOLFO HERNÁNDEZ,1259
64,PUTUMAYO,023,ORITO,SERGIO FAJARDO,199
64,PUTUMAYO,023,ORITO,VOTOS EN BLANCO,172
64,PUTUMAYO,023,ORITO,VOTOS NO MARCADOS,26
64,PUTUMAYO,023,ORITO,VOTOS NULOS,149
64,PUTUMAYO,025,PUERTO GUZMAN,ENRIQUE GÓMEZ MARTÍNEZ,20
64,PUTUMAYO,025,PUERTO GUZMAN,FEDERICO GUTIÉRREZ,432
64,PUTUMAYO,025,PUERTO GUZMAN,GUSTAVO PETRO,2854
64,PUTUMAYO,025,PUERTO GUZMAN,INGRID BETANCOURT,8
64,PUTUMAYO,025,PUERTO GUZMAN,JOHN MILTON RODRÍGUEZ,31
64,PUTUMAYO,025,PUERTO GUZMAN,LUIS PÉREZ,4
64,PUTUMAYO,025,PUERTO GUZMAN,RODOLFO HERNÁNDEZ,1158
64,PUTUMAYO,025,PUERTO GUZMAN,SERGIO FAJARDO,97
64,PUTUMAYO,025,PUERTO GUZMAN,VOTOS EN BLANCO,124
64,PUTUMAYO,025,PUERTO GUZMAN,VOTOS NO MARCADOS,27
64,PUTUMAYO,025,PUERTO GUZMAN,VOTOS NULOS,90
64,PUTUMAYO,026,PUERTO CAICEDO,ENRIQUE GÓMEZ MARTÍNEZ,4
64,PUTUMAYO,026,PUERTO CAICEDO,FEDERICO GUTIÉRREZ,354
64,PUTUMAYO,026,PUERTO CAICEDO,GUSTAVO PETRO,3872
64,PUTUMAYO,026,PUERTO CAICEDO,INGRID BETANCOURT,4
64,PUTUMAYO,026,PUERTO CAICEDO,JOHN MILTON RODRÍGUEZ,24
64,PUTUMAYO,026,PUERTO CAICEDO,LUIS PÉREZ,2
64,PUTUMAYO,026,PUERTO CAICEDO,RODOLFO HERNÁNDEZ,468
64,PUTUMAYO,026,PUERTO CAICEDO,SERGIO FAJARDO,68
64,PUTUMAYO,026,PUERTO CAICEDO,VOTOS EN BLANCO,93
64,PUTUMAYO,026,PUERTO CAICEDO,VOTOS NO MARCADOS,6
64,PUTUMAYO,026,PUERTO CAICEDO,VOTOS NULOS,85
64,PUTUMAYO,028,VALLE DEL GUAMUEZ (LA HORMIGA),ENRIQUE GÓMEZ MARTÍNEZ,14
64,PUTUMAYO,028,VALLE DEL GUAMUEZ (LA HORMIGA),FEDERICO GUTIÉRREZ,486
64,PUTUMAYO,028,VALLE DEL GUAMUEZ (LA HORMIGA),GUSTAVO PETRO,11379
64,PUTUMAYO,028,VALLE DEL GUAMUEZ (LA HORMIGA),INGRID BETANCOURT,11
64,PUTUMAYO,028,VALLE DEL GUAMUEZ (LA HORMIGA),JOHN MILTON RODRÍGUEZ,71
64,PUTUMAYO,028,VALLE DEL GUAMUEZ (LA HORMIGA),LUIS PÉREZ,4
64,PUTUMAYO,028,VALLE DEL GUAMUEZ (LA HORMIGA),RODOLFO HERNÁNDEZ,1038
64,PUTUMAYO,028,VALLE DEL GUAMUEZ (LA HORMIGA),SERGIO FAJARDO,163
64,PUTUMAYO,028,VALLE DEL GUAMUEZ (LA HORMIGA),VOTOS EN BLANCO,150
64,PUTUMAYO,028,VALLE DEL GUAMUEZ (LA HORMIGA),VOTOS NO MARCADOS,15
64,PUTUMAYO,028,VALLE DEL GUAMUEZ (LA HORMIGA),VOTOS NULOS,123
64,PUTUMAYO,030,VILLAGARZON,ENRIQUE GÓMEZ MARTÍNEZ,20
64,PUTUMAYO,030,VILLAGARZON,FEDERICO GUTIÉRREZ,1024
64,PUTUMAYO,030,VILLAGARZON,GUSTAVO PETRO,5988
64,PUTUMAYO,030,VILLAGARZON,INGRID BETANCOURT,13
64,PUTUMAYO,030,VILLAGARZON,JOHN MILTON RODRÍGUEZ,274
64,PUTUMAYO,030,VILLAGARZON,LUIS PÉREZ,5
64,PUTUMAYO,030,VILLAGARZON,RODOLFO HERNÁNDEZ,2261
64,PUTUMAYO,030,VILLAGARZON,SERGIO FAJARDO,159
64,PUTUMAYO,030,VILLAGARZON,VOTOS EN BLANCO,250
64,PUTUMAYO,030,VILLAGARZON,VOTOS NO MARCADOS,21
64,PUTUMAYO,030,VILLAGARZON,VOTOS NULOS,240
68,VAUPES,001,MITU,ENRIQUE GÓMEZ MARTÍNEZ,16
68,VAUPES,001,MITU,FEDERICO GUTIÉRREZ,626
68,VAUPES,001,MITU,GUSTAVO PETRO,3642
68,VAUPES,001,MITU,INGRID BETANCOURT,9
68,VAUPES,001,MITU,JOHN MILTON RODRÍGUEZ,21
68,VAUPES,001,MITU,LUIS PÉREZ,3
68,VAUPES,001,MITU,RODOLFO HERNÁNDEZ,893
68,VAUPES,001,MITU,SERGIO FAJARDO,196
68,VAUPES,001,MITU,VOTOS EN BLANCO,88
68,VAUPES,001,MITU,VOTOS NO MARCADOS,4
68,VAUPES,001,MITU,VOTOS NULOS,20
68,VAUPES,004,CARURU,ENRIQUE GÓMEZ MARTÍNEZ,2
68,VAUPES,004,CARURU,FEDERICO GUTIÉRREZ,30
68,VAUPES,004,CARURU,GUSTAVO PETRO,450
68,VAUPES,004,CARURU,INGRID BETANCOURT,1
68,VAUPES,004,CARURU,JOHN MILTON RODRÍGUEZ,2
68,VAUPES,004,CARURU,LUIS PÉREZ,1
68,VAUPES,004,CARURU,RODOLFO HERNÁNDEZ,57
68,VAUPES,004,CARURU,SERGIO FAJARDO,11
68,VAUPES,004,CARURU,VOTOS EN BLANCO,4
68,VAUPES,004,CARURU,VOTOS NO MARCADOS,2
68,VAUPES,004,CARURU,VOTOS NULOS,1
68,VAUPES,010,MORICHAL (PAPUNAGUA),FEDERICO GUTIÉRREZ,3
68,VAUPES,010,MORICHAL (PAPUNAGUA),GUSTAVO PETRO,62
68,VAUPES,010,MORICHAL (PAPUNAGUA),INGRID BETANCOURT,1
68,VAUPES,010,MORICHAL (PAPUNAGUA),JOHN MILTON RODRÍGUEZ,1
68,VAUPES,010,MORICHAL (PAPUNAGUA),RODOLFO HERNÁNDEZ,3
68,VAUPES,010,MORICHAL (PAPUNAGUA),SERGIO FAJARDO,8
68,VAUPES,013,BUENOS AIRES (PACOA),ENRIQUE GÓMEZ MARTÍNEZ,5
68,VAUPES,013,BUENOS AIRES (PACOA),FEDERICO GUTIÉRREZ,18
68,VAUPES,013,BUENOS AIRES (PACOA),GUSTAVO PETRO,194
68,VAUPES,013,BUENOS AIRES (PACOA),INGRID BETANCOURT,6
68,VAUPES,013,BUENOS AIRES (PACOA),JOHN MILTON RODRÍGUEZ,1
68,VAUPES,013,BUENOS AIRES (PACOA),RODOLFO HERNÁNDEZ,10
68,VAUPES,013,BUENOS AIRES (PACOA),SERGIO FAJARDO,3
68,VAUPES,013,BUENOS AIRES (PACOA),VOTOS EN BLANCO,5
68,VAUPES,013,BUENOS AIRES (PACOA),VOTOS NO MARCADOS,3
68,VAUPES,013,BUENOS AIRES (PACOA),VOTOS NULOS,5
68,VAUPES,017,TARAIRA,ENRIQUE GÓMEZ MARTÍNEZ,3
68,VAUPES,017,TARAIRA,FEDERICO GUTIÉRREZ,54
68,VAUPES,017,TARAIRA,GUSTAVO PETRO,190
68,VAUPES,017,TARAIRA,INGRID BETANCOURT,3
68,VAUPES,017,TARAIRA,JOHN MILTON RODRÍGUEZ,4
68,VAUPES,017,TARAIRA,LUIS PÉREZ,1
68,VAUPES,017,TARAIRA,RODOLFO HERNÁNDEZ,70
68,VAUPES,017,TARAIRA,SERGIO FAJARDO,23
68,VAUPES,017,TARAIRA,VOTOS EN BLANCO,5
68,VAUPES,017,TARAIRA,VOTOS NO MARCADOS,1
68,VAUPES,017,TARAIRA,VOTOS NULOS,3
68,VAUPES,022,YAVARATE,ENRIQUE GÓMEZ MARTÍNEZ,4
68,VAUPES,022,YAVARATE,FEDERICO GUTIÉRREZ,32
68,VAUPES,022,YAVARATE,GUSTAVO PETRO,203
68,VAUPES,022,YAVARATE,INGRID BETANCOURT,6
68,VAUPES,022,YAVARATE,LUIS PÉREZ,1
68,VAUPES,022,YAVARATE,RODOLFO HERNÁNDEZ,30
68,VAUPES,022,YAVARATE,SERGIO FAJARDO,12
68,VAUPES,022,YAVARATE,VOTOS EN BLANCO,1
68,VAUPES,022,YAVARATE,VOTOS NO MARCADOS,2
68,VAUPES,022,YAVARATE,VOTOS NULOS,3
72,VICHADA,001,PUERTO CARREÑO,ENRIQUE GÓMEZ MARTÍNEZ,18
72,VICHADA,001,PUERTO CARREÑO,FEDERICO GUTIÉRREZ,1799
72,VICHADA,001,PUERTO CARREÑO,GUSTAVO PETRO,2052
72,VICHADA,001,PUERTO CARREÑO,INGRID BETANCOURT,8
72,VICHADA,001,PUERTO CARREÑO,JOHN MILTON RODRÍGUEZ,118
72,VICHADA,001,PUERTO CARREÑO,LUIS PÉREZ,3
72,VICHADA,001,PUERTO CARREÑO,RODOLFO HERNÁNDEZ,2732
72,VICHADA,001,PUERTO CARREÑO,SERGIO FAJARDO,309
72,VICHADA,001,PUERTO CARREÑO,VOTOS EN BLANCO,141
72,VICHADA,001,PUERTO CARREÑO,VOTOS NO MARCADOS,16
72,VICHADA,001,PUERTO CARREÑO,VOTOS NULOS,97
72,VICHADA,002,SANTA ROSALIA,ENRIQUE GÓMEZ MARTÍNEZ,6
72,VICHADA,002,SANTA ROSALIA,FEDERICO GUTIÉRREZ,346
72,VICHADA,002,SANTA ROSALIA,GUSTAVO PETRO,195
72,VICHADA,002,SANTA ROSALIA,INGRID BETANCOURT,1
72,VICHADA,002,SANTA ROSALIA,JOHN MILTON RODRÍGUEZ,13
72,VICHADA,002,SANTA ROSALIA,LUIS PÉREZ,1
72,VICHADA,002,SANTA ROSALIA,RODOLFO HERNÁNDEZ,832
72,VICHADA,002,SANTA ROSALIA,SERGIO FAJARDO,21
72,VICHADA,002,SANTA ROSALIA,VOTOS EN BLANCO,15
72,VICHADA,002,SANTA ROSALIA,VOTOS NO MARCADOS,2
72,VICHADA,002,SANTA ROSALIA,VOTOS NULOS,3
72,VICHADA,006,CUMARIBO,ENRIQUE GÓMEZ MARTÍNEZ,46
72,VICHADA,006,CUMARIBO,FEDERICO GUTIÉRREZ,384
72,VICHADA,006,CUMARIBO,GUSTAVO PETRO,3025
72,VICHADA,006,CUMARIBO,INGRID BETANCOURT,33
72,VICHADA,006,CUMARIBO,JOHN MILTON RODRÍGUEZ,76
72,VICHADA,006,CUMARIBO,LUIS PÉREZ,13
72,VICHADA,006,CUMARIBO,RODOLFO HERNÁNDEZ,1547
72,VICHADA,006,CUMARIBO,SERGIO FAJARDO,147
72,VICHADA,006,CUMARIBO,VOTOS EN BLANCO,71
72,VICHADA,006,CUMARIBO,VOTOS NO MARCADOS,25
72,VICHADA,006,CUMARIBO,VOTOS NULOS,55
72,VICHADA,008,LA PRIMAVERA,ENRIQUE GÓMEZ MARTÍNEZ,11
72,VICHADA,008,LA PRIMAVERA,FEDERICO GUTIÉRREZ,733
72,VICHADA,008,LA PRIMAVERA,GUSTAVO PETRO,383
72,VICHADA,008,LA PRIMAVERA,JOHN MILTON RODRÍGUEZ,65
72,VICHADA,008,LA PRIMAVERA,LUIS PÉREZ,1
72,VICHADA,008,LA PRIMAVERA,RODOLFO HERNÁNDEZ,1560
72,VICHADA,008,LA PRIMAVERA,SERGIO FAJARDO,76
72,VICHADA,008,LA PRIMAVERA,VOTOS EN BLANCO,51
72,VICHADA,008,LA PRIMAVERA,VOTOS NO MARCADOS,5
72,VICHADA,008,LA PRIMAVERA,VOTOS NULOS,19
88,CONSULADOS,115,GHANA,ENRIQUE GÓMEZ MARTÍNEZ,0
88,CONSULADOS,115,GHANA,FEDERICO GUTIÉRREZ,12
88,CONSULADOS,115,GHANA,GUSTAVO PETRO,12
88,CONSULADOS,115,GHANA,INGRID BETANCOURT,0
88,CONSULADOS,115,GHANA,JOHN MILTON RODRÍGUEZ,0
88,CONSULADOS,115,GHANA,LUIS PÉREZ,0
88,CONSULADOS,115,GHANA,RODOLFO HERNÁNDEZ,5
88,CONSULADOS,115,GHANA,SERGIO FAJARDO,6
88,CONSULADOS,115,GHANA,VOTOS EN BLANCO,2
88,CONSULADOS,115,GHANA,VOTOS NO MARCADOS,0
88,CONSULADOS,115,GHANA,VOTOS NULOS,0
88,CONSULADOS,120,ALEMANIA,ENRIQUE GÓMEZ MARTÍNEZ,14
88,CONSULADOS,120,ALEMANIA,FEDERICO GUTIÉRREZ,814
88,CONSULADOS,120,ALEMANIA,GUSTAVO PETRO,3403
88,CONSULADOS,120,ALEMANIA,INGRID BETANCOURT,6
88,CONSULADOS,120,ALEMANIA,JOHN MILTON RODRÍGUEZ,21
88,CONSULADOS,120,ALEMANIA,RODOLFO HERNÁNDEZ,416
88,CONSULADOS,120,ALEMANIA,SERGIO FAJARDO,978
88,CONSULADOS,120,ALEMANIA,VOTOS EN BLANCO,76
88,CONSULADOS,120,ALEMANIA,VOTOS NULOS,5
88,CONSULADOS,130,ARGELIA,ENRIQUE GÓMEZ MARTÍNEZ,0
88,CONSULADOS,130,ARGELIA,FEDERICO GUTIÉRREZ,2
88,CONSULADOS,130,ARGELIA,GUSTAVO PETRO,0
88,CONSULADOS,130,ARGELIA,INGRID BETANCOURT,0
88,CONSULADOS,130,ARGELIA,JOHN MILTON RODRÍGUEZ,0
88,CONSULADOS,130,ARGELIA,LUIS PÉREZ,0
88,CONSULADOS,130,ARGELIA,RODOLFO HERNÁNDEZ,0
88,CONSULADOS,130,ARGELIA,SERGIO FAJARDO,2
88,CONSULADOS,130,ARGELIA,VOTOS EN BLANCO,0
88,CONSULADOS,130,ARGELIA,VOTOS NO MARCADOS,0
88,CONSULADOS,130,ARGELIA,VOTOS NULOS,0
88,CONSULADOS,135,ARZERBAIYAN,ENRIQUE GÓMEZ MARTÍNEZ,0
88,CONSULADOS,135,ARZERBAIYAN,FEDERICO GUTIÉRREZ,8
88,CONSULADOS,135,ARZERBAIYAN,GUSTAVO PETRO,8
88,CONSULADOS,135,ARZERBAIYAN,INGRID BETANCOURT,0
88,CONSULADOS,135,ARZERBAIYAN,JOHN MILTON RODRÍGUEZ,0
88,CONSULADOS,135,ARZERBAIYAN,LUIS PÉREZ,0
88,CONSULADOS,135,ARZERBAIYAN,RODOLFO HERNÁNDEZ,2
88,CONSULADOS,135,ARZERBAIYAN,SERGIO FAJARDO,3
88,CONSULADOS,135,ARZERBAIYAN,VOTOS EN BLANCO,0
88,CONSULADOS,135,ARZERBAIYAN,VOTOS NO MARCADOS,0
88,CONSULADOS,135,ARZERBAIYAN,VOTOS NULOS,0
88,CONSULADOS,140,CURAZAO,FEDERICO GUTIÉRREZ,398
88,CONSULADOS,140,CURAZAO,GUSTAVO PETRO,165
88,CONSULADOS,140,CURAZAO,JOHN MILTON RODRÍGUEZ,11
88,CONSULADOS,140,CURAZAO,LUIS PÉREZ,2
88,CONSULADOS,140,CURAZAO,RODOLFO HERNÁNDEZ,153
88,CONSULADOS,140,CURAZAO,SERGIO FAJARDO,26
88,CONSULADOS,140,CURAZAO,VOTOS EN BLANCO,4
88,CONSULADOS,140,CURAZAO,VOTOS NULOS,1
88,CONSULADOS,155,ARGENTINA,ENRIQUE GÓMEZ MARTÍNEZ,14
88,CONSULADOS,155,ARGENTINA,FEDERICO GUTIÉRREZ,1269
88,CONSULADOS,155,ARGENTINA,GUSTAVO PETRO,5084
88,CONSULADOS,155,ARGENTINA,INGRID BETANCOURT,6
88,CONSULADOS,155,ARGENTINA,JOHN MILTON RODRÍGUEZ,51
88,CONSULADOS,155,ARGENTINA,LUIS PÉREZ,3
88,CONSULADOS,155,ARGENTINA,RODOLFO HERNÁNDEZ,972
88,CONSULADOS,155,ARGENTINA,SERGIO FAJARDO,501
88,CONSULADOS,155,ARGENTINA,VOTOS EN BLANCO,88
88,CONSULADOS,155,ARGENTINA,VOTOS NULOS,14
88,CONSULADOS,160,ARUBA,ENRIQUE GÓMEZ MARTÍNEZ,6
88,CONSULADOS,160,ARUBA,FEDERICO GUTIÉRREZ,1075
88,CONSULADOS,160,ARUBA,GUSTAVO PETRO,455
88,CONSULADOS,160,ARUBA,INGRID BETANCOURT,2
88,CONSULADOS,160,ARUBA,JOHN MILTON RODRÍGUEZ,23
88,CONSULADOS,160,ARUBA,LUIS PÉREZ,4
88,CONSULADOS,160,ARUBA,RODOLFO HERNÁNDEZ,564
88,CONSULADOS,160,ARUBA,SERGIO FAJARDO,107
88,CONSULADOS,160,ARUBA,VOTOS EN BLANCO,13
88,CONSULADOS,160,ARUBA,VOTOS NULOS,2
88,CONSULADOS,165,AUSTRALIA,ENRIQUE GÓMEZ MARTÍNEZ,14
88,CONSULADOS,165,AUSTRALIA,FEDERICO GUTIÉRREZ,1308
88,CONSULADOS,165,AUSTRALIA,GUSTAVO PETRO,4593
88,CONSULADOS,165,AUSTRALIA,INGRID BETANCOURT,5
88,CONSULADOS,165,AUSTRALIA,JOHN MILTON RODRÍGUEZ,37
88,CONSULADOS,165,AUSTRALIA,RODOLFO HERNÁNDEZ,1418
88,CONSULADOS,165,AUSTRALIA,SERGIO FAJARDO,886
88,CONSULADOS,165,AUSTRALIA,VOTOS EN BLANCO,126
88,CONSULADOS,165,AUSTRALIA,VOTOS NULOS,8
88,CONSULADOS,170,AUSTRIA,ENRIQUE GÓMEZ MARTÍNEZ,1
88,CONSULADOS,170,AUSTRIA,FEDERICO GUTIÉRREZ,147
88,CONSULADOS,170,AUSTRIA,GUSTAVO PETRO,481
88,CONSULADOS,170,AUSTRIA,INGRID BETANCOURT,2
88,CONSULADOS,170,AUSTRIA,JOHN MILTON RODRÍGUEZ,1
88,CONSULADOS,170,AUSTRIA,LUIS PÉREZ,1
88,CONSULADOS,170,AUSTRIA,RODOLFO HERNÁNDEZ,68
88,CONSULADOS,170,AUSTRIA,SERGIO FAJARDO,111
88,CONSULADOS,170,AUSTRIA,VOTOS EN BLANCO,9
88,CONSULADOS,190,BELGICA,ENRIQUE GÓMEZ MARTÍNEZ,2
88,CONSULADOS,190,BELGICA,FEDERICO GUTIÉRREZ,323
88,CONSULADOS,190,BELGICA,GUSTAVO PETRO,832
88,CONSULADOS,190,BELGICA,INGRID BETANCOURT,4
88,CONSULADOS,190,BELGICA,JOHN MILTON RODRÍGUEZ,4
88,CONSULADOS,190,BELGICA,LUIS PÉREZ,1
88,CONSULADOS,190,BELGICA,RODOLFO HERNÁNDEZ,138
88,CONSULADOS,190,BELGICA,SERGIO FAJARDO,177
88,CONSULADOS,190,BELGICA,VOTOS EN BLANCO,20
88,CONSULADOS,190,BELGICA,VOTOS NULOS,3
88,CONSULADOS,215,BOLIVIA,ENRIQUE GÓMEZ MARTÍNEZ,4
88,CONSULADOS,215,BOLIVIA,FEDERICO GUTIÉRREZ,201
88,CONSULADOS,215,BOLIVIA,GUSTAVO PETRO,151
88,CONSULADOS,215,BOLIVIA,JOHN MILTON RODRÍGUEZ,5
88,CONSULADOS,215,BOLIVIA,RODOLFO HERNÁNDEZ,104
88,CONSULADOS,215,BOLIVIA,SERGIO FAJARDO,22
88,CONSULADOS,215,BOLIVIA,VOTOS EN BLANCO,3
88,CONSULADOS,215,BOLIVIA,VOTOS NULOS,1
88,CONSULADOS,220,BRASIL,ENRIQUE GÓMEZ MARTÍNEZ,5
88,CONSULADOS,220,BRASIL,FEDERICO GUTIÉRREZ,588
88,CONSULADOS,220,BRASIL,GUSTAVO PETRO,1232
88,CONSULADOS,220,BRASIL,INGRID BETANCOURT,2
88,CONSULADOS,220,BRASIL,JOHN MILTON RODRÍGUEZ,6
88,CONSULADOS,220,BRASIL,LUIS PÉREZ,1
88,CONSULADOS,220,BRASIL,RODOLFO HERNÁNDEZ,261
88,CONSULADOS,220,BRASIL,SERGIO FAJARDO,218
88,CONSULADOS,220,BRASIL,VOTOS EN BLANCO,24
88,CONSULADOS,250,CANADA,ENRIQUE GÓMEZ MARTÍNEZ,58
88,CONSULADOS,250,CANADA,FEDERICO GUTIÉRREZ,7950
88,CONSULADOS,250,CANADA,GUSTAVO PETRO,8057
88,CONSULADOS,250,CANADA,INGRID BETANCOURT,18
88,CONSULADOS,250,CANADA,JOHN MILTON RODRÍGUEZ,114
88,CONSULADOS,250,CANADA,LUIS PÉREZ,3
88,CONSULADOS,250,CANADA,RODOLFO HERNÁNDEZ,3186
88,CONSULADOS,250,CANADA,SERGIO FAJARDO,2190
88,CONSULADOS,250,CANADA,VOTOS EN BLANCO,247
88,CONSULADOS,250,CANADA,VOTOS NO MARCADOS,2
88,CONSULADOS,250,CANADA,VOTOS NULOS,14
88,CONSULADOS,275,COREA DEL SUR,ENRIQUE GÓMEZ MARTÍNEZ,1
88,CONSULADOS,275,COREA DEL SUR,FEDERICO GUTIÉRREZ,36
88,CONSULADOS,275,COREA DEL SUR,GUSTAVO PETRO,75
88,CONSULADOS,275,COREA DEL SUR,RODOLFO HERNÁNDEZ,21
88,CONSULADOS,275,COREA DEL SUR,SERGIO FAJARDO,22
88,CONSULADOS,275,COREA DEL SUR,VOTOS EN BLANCO,4
88,CONSULADOS,285,COSTA RICA,ENRIQUE GÓMEZ MARTÍNEZ,12
88,CONSULADOS,285,COSTA RICA,FEDERICO GUTIÉRREZ,2129
88,CONSULADOS,285,COSTA RICA,GUSTAVO PETRO,826
88,CONSULADOS,285,COSTA RICA,INGRID BETANCOURT,2
88,CONSULADOS,285,COSTA RICA,JOHN MILTON RODRÍGUEZ,13
88,CONSULADOS,285,COSTA RICA,LUIS PÉREZ,1
88,CONSULADOS,285,COSTA RICA,RODOLFO HERNÁNDEZ,600
88,CONSULADOS,285,COSTA RICA,SERGIO FAJARDO,280
88,CONSULADOS,285,COSTA RICA,VOTOS EN BLANCO,20
88,CONSULADOS,285,COSTA RICA,VOTOS NO MARCADOS,1
88,CONSULADOS,285,COSTA RICA,VOTOS NULOS,4
88,CONSULADOS,290,CUBA,ENRIQUE GÓMEZ MARTÍNEZ,1
88,CONSULADOS,290,CUBA,FEDERICO GUTIÉRREZ,51
88,CONSULADOS,290,CUBA,GUSTAVO PETRO,358
88,CONSULADOS,290,CUBA,JOHN MILTON RODRÍGUEZ,1
88,CONSULADOS,290,CUBA,RODOLFO HERNÁNDEZ,56
88,CONSULADOS,290,CUBA,SERGIO FAJARDO,8
88,CONSULADOS,290,CUBA,VOTOS EN BLANCO,5
88,CONSULADOS,305,CHILE,ENRIQUE GÓMEZ MARTÍNEZ,40
88,CONSULADOS,305,CHILE,FEDERICO GUTIÉRREZ,2308
88,CONSULADOS,305,CHILE,GUSTAVO PETRO,4452
88,CONSULADOS,305,CHILE,INGRID BETANCOURT,7
88,CONSULADOS,305,CHILE,JOHN MILTON RODRÍGUEZ,73
88,CONSULADOS,305,CHILE,LUIS PÉREZ,7
88,CONSULADOS,305,CHILE,RODOLFO HERNÁNDEZ,1503
88,CONSULADOS,305,CHILE,SERGIO FAJARDO,557
88,CONSULADOS,305,CHILE,VOTOS EN BLANCO,116
88,CONSULADOS,305,CHILE,VOTOS NO MARCADOS,3
88,CONSULADOS,305,CHILE,VOTOS NULOS,33
88,CONSULADOS,315,CHINA REPUBLICA POPULAR,ENRIQUE GÓMEZ MARTÍNEZ,0
88,CONSULADOS,315,CHINA REPUBLICA POPULAR,FEDERICO GUTIÉRREZ,61
88,CONSULADOS,315,CHINA REPUBLICA POPULAR,GUSTAVO PETRO,98
88,CONSULADOS,315,CHINA REPUBLICA POPULAR,INGRID BETANCOURT,1
88,CONSULADOS,315,CHINA REPUBLICA POPULAR,JOHN MILTON RODRÍGUEZ,0
88,CONSULADOS,315,CHINA REPUBLICA POPULAR,LUIS PÉREZ,0
88,CONSULADOS,315,CHINA REPUBLICA POPULAR,RODOLFO HERNÁNDEZ,26
88,CONSULADOS,315,CHINA REPUBLICA POPULAR,SERGIO FAJARDO,25
88,CONSULADOS,315,CHINA REPUBLICA POPULAR,VOTOS EN BLANCO,6
88,CONSULADOS,315,CHINA REPUBLICA POPULAR,VOTOS NO MARCADOS,0
88,CONSULADOS,315,CHINA REPUBLICA POPULAR,VOTOS NULOS,0
88,CONSULADOS,325,DINAMARCA,FEDERICO GUTIÉRREZ,62
88,CONSULADOS,325,DINAMARCA,GUSTAVO PETRO,204
88,CONSULADOS,325,DINAMARCA,JOHN MILTON RODRÍGUEZ,1
88,CONSULADOS,325,DINAMARCA,RODOLFO HERNÁNDEZ,16
88,CONSULADOS,325,DINAMARCA,SERGIO FAJARDO,73
88,CONSULADOS,325,DINAMARCA,VOTOS EN BLANCO,2
88,CONSULADOS,330,ECUADOR,ENRIQUE GÓMEZ MARTÍNEZ,38
88,CONSULADOS,330,ECUADOR,FEDERICO GUTIÉRREZ,2949
88,CONSULADOS,330,ECUADOR,GUSTAVO PETRO,2109
88,CONSULADOS,330,ECUADOR,INGRID BETANCOURT,29
88,CONSULADOS,330,ECUADOR,JOHN MILTON RODRÍGUEZ,66
88,CONSULADOS,330,ECUADOR,LUIS PÉREZ,11
88,CONSULADOS,330,ECUADOR,RODOLFO HERNÁNDEZ,1248
88,CONSULADOS,330,ECUADOR,SERGIO FAJARDO,379
88,CONSULADOS,330,ECUADOR,VOTOS EN BLANCO,99
88,CONSULADOS,330,ECUADOR,VOTOS NO MARCADOS,15
88,CONSULADOS,330,ECUADOR,VOTOS NULOS,95
88,CONSULADOS,335,EGIPTO,FEDERICO GUTIÉRREZ,10
88,CONSULADOS,335,EGIPTO,GUSTAVO PETRO,16
88,CONSULADOS,335,EGIPTO,RODOLFO HERNÁNDEZ,2
88,CONSULADOS,335,EGIPTO,SERGIO FAJARDO,5
88,CONSULADOS,340,EL SALVADOR,FEDERICO GUTIÉRREZ,159
88,CONSULADOS,340,EL SALVADOR,GUSTAVO PETRO,66
88,CONSULADOS,340,EL SALVADOR,JOHN MILTON RODRÍGUEZ,3
88,CONSULADOS,340,EL SALVADOR,RODOLFO HERNÁNDEZ,37
88,CONSULADOS,340,EL SALVADOR,SERGIO FAJARDO,29
88,CONSULADOS,340,EL SALVADOR,VOTOS EN BLANCO,3
88,CONSULADOS,350,EMIRATOS ARABES UNIDOS,ENRIQUE GÓMEZ MARTÍNEZ,2
88,CONSULADOS,350,EMIRATOS ARABES UNIDOS,FEDERICO GUTIÉRREZ,630
88,CONSULADOS,350,EMIRATOS ARABES UNIDOS,GUSTAVO PETRO,231
88,CONSULADOS,350,EMIRATOS ARABES UNIDOS,RODOLFO HERNÁNDEZ,644
88,CONSULADOS,350,EMIRATOS ARABES UNIDOS,SERGIO FAJARDO,72
88,CONSULADOS,350,EMIRATOS ARABES UNIDOS,VOTOS EN BLANCO,11
88,CONSULADOS,350,EMIRATOS ARABES UNIDOS,VOTOS NO MARCADOS,1
88,CONSULADOS,350,EMIRATOS ARABES UNIDOS,VOTOS NULOS,5
88,CONSULADOS,355,ESPAÑA,ENRIQUE GÓMEZ MARTÍNEZ,194
88,CONSULADOS,355,ESPAÑA,FEDERICO GUTIÉRREZ,12566
88,CONSULADOS,355,ESPAÑA,GUSTAVO PETRO,21876
88,CONSULADOS,355,ESPAÑA,INGRID BETANCOURT,73
88,CONSULADOS,355,ESPAÑA,JOHN MILTON RODRÍGUEZ,359
88,CONSULADOS,355,ESPAÑA,LUIS PÉREZ,26
88,CONSULADOS,355,ESPAÑA,RODOLFO HERNÁNDEZ,7502
88,CONSULADOS,355,ESPAÑA,SERGIO FAJARDO,2932
88,CONSULADOS,355,ESPAÑA,VOTOS EN BLANCO,596
88,CONSULADOS,355,ESPAÑA,VOTOS NO MARCADOS,13
88,CONSULADOS,355,ESPAÑA,VOTOS NULOS,140
88,CONSULADOS,360,ESTADOS UNIDOS,ENRIQUE GÓMEZ MARTÍNEZ,288
88,CONSULADOS,360,ESTADOS UNIDOS,FEDERICO GUTIÉRREZ,82965
88,CONSULADOS,360,ESTADOS UNIDOS,GUSTAVO PETRO,20493
88,CONSULADOS,360,ESTADOS UNIDOS,INGRID BETANCOURT,59
88,CONSULADOS,360,ESTADOS UNIDOS,JOHN MILTON RODRÍGUEZ,591
88,CONSULADOS,360,ESTADOS UNIDOS,LUIS PÉREZ,33
88,CONSULADOS,360,ESTADOS UNIDOS,RODOLFO HERNÁNDEZ,15434
88,CONSULADOS,360,ESTADOS UNIDOS,SERGIO FAJARDO,8114
88,CONSULADOS,360,ESTADOS UNIDOS,VOTOS EN BLANCO,591
88,CONSULADOS,360,ESTADOS UNIDOS,VOTOS NO MARCADOS,7
88,CONSULADOS,360,ESTADOS UNIDOS,VOTOS NULOS,126
88,CONSULADOS,370,REPUBLICA DE FILIPINAS,FEDERICO GUTIÉRREZ,20
88,CONSULADOS,370,REPUBLICA DE FILIPINAS,GUSTAVO PETRO,21
88,CONSULADOS,370,REPUBLICA DE FILIPINAS,INGRID BETANCOURT,1
88,CONSULADOS,370,REPUBLICA DE FILIPINAS,RODOLFO HERNÁNDEZ,12
88,CONSULADOS,370,REPUBLICA DE FILIPINAS,SERGIO FAJARDO,10
88,CONSULADOS,370,REPUBLICA DE FILIPINAS,VOTOS EN BLANCO,2
88,CONSULADOS,375,FINLANDIA,FEDERICO GUTIÉRREZ,40
88,CONSULADOS,375,FINLANDIA,GUSTAVO PETRO,153
88,CONSULADOS,375,FINLANDIA,JOHN MILTON RODRÍGUEZ,1
88,CONSULADOS,375,FINLANDIA,RODOLFO HERNÁNDEZ,21
88,CONSULADOS,375,FINLANDIA,SERGIO FAJARDO,26
88,CONSULADOS,375,FINLANDIA,VOTOS EN BLANCO,5
88,CONSULADOS,380,FRANCIA,ENRIQUE GÓMEZ MARTÍNEZ,14
88,CONSULADOS,380,FRANCIA,FEDERICO GUTIÉRREZ,1302
88,CONSULADOS,380,FRANCIA,GUSTAVO PETRO,4377
88,CONSULADOS,380,FRANCIA,INGRID BETANCOURT,5
88,CONSULADOS,380,FRANCIA,JOHN MILTON RODRÍGUEZ,28
88,CONSULADOS,380,FRANCIA,LUIS PÉREZ,1
88,CONSULADOS,380,FRANCIA,RODOLFO HERNÁNDEZ,802
88,CONSULADOS,380,FRANCIA,SERGIO FAJARDO,999
88,CONSULADOS,380,FRANCIA,VOTOS EN BLANCO,91
88,CONSULADOS,380,FRANCIA,VOTOS NO MARCADOS,1
88,CONSULADOS,380,FRANCIA,VOTOS NULOS,13
88,CONSULADOS,410,GUATEMALA,ENRIQUE GÓMEZ MARTÍNEZ,4
88,CONSULADOS,410,GUATEMALA,FEDERICO GUTIÉRREZ,526
88,CONSULADOS,410,GUATEMALA,GUSTAVO PETRO,162
88,CONSULADOS,410,GUATEMALA,JOHN MILTON RODRÍGUEZ,6
88,CONSULADOS,410,GUATEMALA,LUIS PÉREZ,2
88,CONSULADOS,410,GUATEMALA,RODOLFO HERNÁNDEZ,154
88,CONSULADOS,410,GUATEMALA,SERGIO FAJARDO,80
88,CONSULADOS,410,GUATEMALA,VOTOS EN BLANCO,12
88,CONSULADOS,410,GUATEMALA,VOTOS NULOS,1
88,CONSULADOS,435,PAISES BAJOS,ENRIQUE GÓMEZ MARTÍNEZ,1
88,CONSULADOS,435,PAISES BAJOS,FEDERICO GUTIÉRREZ,449
88,CONSULADOS,435,PAISES BAJOS,GUSTAVO PETRO,902
88,CONSULADOS,435,PAISES BAJOS,INGRID BETANCOURT,3
88,CONSULADOS,435,PAISES BAJOS,JOHN MILTON RODRÍGUEZ,4
88,CONSULADOS,435,PAISES BAJOS,RODOLFO HERNÁNDEZ,175
88,CONSULADOS,435,PAISES BAJOS,SERGIO FAJARDO,301
88,CONSULADOS,435,PAISES BAJOS,VOTOS EN BLANCO,26
88,CONSULADOS,440,HONDURAS,FEDERICO GUTIÉRREZ,95
88,CONSULADOS,440,HONDURAS,GUSTAVO PETRO,41
88,CONSULADOS,440,HONDURAS,RODOLFO HERNÁNDEZ,26
88,CONSULADOS,440,HONDURAS,SERGIO FAJARDO,15
88,CONSULADOS,440,HONDURAS,VOTOS EN BLANCO,1
88,CONSULADOS,445,HUNGRIA,FEDERICO GUTIÉRREZ,33
88,CONSULADOS,445,HUNGRIA,GUSTAVO PETRO,122
88,CONSULADOS,445,HUNGRIA,INGRID BETANCOURT,1
88,CONSULADOS,445,HUNGRIA,JOHN MILTON RODRÍGUEZ,2
88,CONSULADOS,445,HUNGRIA,LUIS PÉREZ,1
88,CONSULADOS,445,HUNGRIA,RODOLFO HERNÁNDEZ,18
88,CONSULADOS,445,HUNGRIA,SERGIO FAJARDO,19
88,CONSULADOS,455,INDIA,ENRIQUE GÓMEZ MARTÍNEZ,0
88,CONSULADOS,455,INDIA,FEDERICO GUTIÉRREZ,11
88,CONSULADOS,455,INDIA,GUSTAVO PETRO,8
88,CONSULADOS,455,INDIA,INGRID BETANCOURT,0
88,CONSULADOS,455,INDIA,JOHN MILTON RODRÍGUEZ,0
88,CONSULADOS,455,INDIA,LUIS PÉREZ,0
88,CONSULADOS,455,INDIA,RODOLFO HERNÁNDEZ,1
88,CONSULADOS,455,INDIA,SERGIO FAJARDO,2
88,CONSULADOS,455,INDIA,VOTOS EN BLANCO,1
88,CONSULADOS,455,INDIA,VOTOS NO MARCADOS,0
88,CONSULADOS,455,INDIA,VOTOS NULOS,0
88,CONSULADOS,460,INDONESIA,FEDERICO GUTIÉRREZ,17
88,CONSULADOS,460,INDONESIA,GUSTAVO PETRO,18
88,CONSULADOS,460,INDONESIA,RODOLFO HERNÁNDEZ,4
88,CONSULADOS,460,INDONESIA,SERGIO FAJARDO,10
88,CONSULADOS,460,INDONESIA,VOTOS EN BLANCO,1
88,CONSULADOS,465,INGLATERRA,ENRIQUE GÓMEZ MARTÍNEZ,10
88,CONSULADOS,465,INGLATERRA,FEDERICO GUTIÉRREZ,2280
88,CONSULADOS,465,INGLATERRA,GUSTAVO PETRO,2923
88,CONSULADOS,465,INGLATERRA,INGRID BETANCOURT,7
88,CONSULADOS,465,INGLATERRA,JOHN MILTON RODRÍGUEZ,41
88,CONSULADOS,465,INGLATERRA,LUIS PÉREZ,5
88,CONSULADOS,465,INGLATERRA,RODOLFO HERNÁNDEZ,1171
88,CONSULADOS,465,INGLATERRA,SERGIO FAJARDO,781
88,CONSULADOS,465,INGLATERRA,VOTOS EN BLANCO,82
88,CONSULADOS,465,INGLATERRA,VOTOS NULOS,11
88,CONSULADOS,470,IRLANDA,ENRIQUE GÓMEZ MARTÍNEZ,1
88,CONSULADOS,470,IRLANDA,FEDERICO GUTIÉRREZ,80
88,CONSULADOS,470,IRLANDA,GUSTAVO PETRO,114
88,CONSULADOS,470,IRLANDA,INGRID BETANCOURT,1
88,CONSULADOS,470,IRLANDA,RODOLFO HERNÁNDEZ,31
88,CONSULADOS,470,IRLANDA,SERGIO FAJARDO,46
88,CONSULADOS,470,IRLANDA,VOTOS EN BLANCO,1
88,CONSULADOS,490,ISRAEL,ENRIQUE GÓMEZ MARTÍNEZ,2
88,CONSULADOS,490,ISRAEL,FEDERICO GUTIÉRREZ,221
88,CONSULADOS,490,ISRAEL,GUSTAVO PETRO,124
88,CONSULADOS,490,ISRAEL,JOHN MILTON RODRÍGUEZ,8
88,CONSULADOS,490,ISRAEL,RODOLFO HERNÁNDEZ,92
88,CONSULADOS,490,ISRAEL,SERGIO FAJARDO,25
88,CONSULADOS,490,ISRAEL,VOTOS EN BLANCO,6
88,CONSULADOS,495,ITALIA,ENRIQUE GÓMEZ MARTÍNEZ,11
88,CONSULADOS,495,ITALIA,FEDERICO GUTIÉRREZ,1063
88,CONSULADOS,495,ITALIA,GUSTAVO PETRO,1701
88,CONSULADOS,495,ITALIA,INGRID BETANCOURT,7
88,CONSULADOS,495,ITALIA,JOHN MILTON RODRÍGUEZ,19
88,CONSULADOS,495,ITALIA,LUIS PÉREZ,4
88,CONSULADOS,495,ITALIA,RODOLFO HERNÁNDEZ,668
88,CONSULADOS,495,ITALIA,SERGIO FAJARDO,402
88,CONSULADOS,495,ITALIA,VOTOS EN BLANCO,63
88,CONSULADOS,495,ITALIA,VOTOS NULOS,5
88,CONSULADOS,500,JAMAICA,ENRIQUE GÓMEZ MARTÍNEZ,0
88,CONSULADOS,500,JAMAICA,FEDERICO GUTIÉRREZ,39
88,CONSULADOS,500,JAMAICA,GUSTAVO PETRO,13
88,CONSULADOS,500,JAMAICA,INGRID BETANCOURT,0
88,CONSULADOS,500,JAMAICA,JOHN MILTON RODRÍGUEZ,2
88,CONSULADOS,500,JAMAICA,LUIS PÉREZ,0
88,CONSULADOS,500,JAMAICA,RODOLFO HERNÁNDEZ,17
88,CONSULADOS,500,JAMAICA,SERGIO FAJARDO,10
88,CONSULADOS,500,JAMAICA,VOTOS EN BLANCO,3
88,CONSULADOS,500,JAMAICA,VOTOS NO MARCADOS,0
88,CONSULADOS,500,JAMAICA,VOTOS NULOS,0
88,CONSULADOS,505,JAPON,ENRIQUE GÓMEZ MARTÍNEZ,2
88,CONSULADOS,505,JAPON,FEDERICO GUTIÉRREZ,93
88,CONSULADOS,505,JAPON,GUSTAVO PETRO,116
88,CONSULADOS,505,JAPON,INGRID BETANCOURT,2
88,CONSULADOS,505,JAPON,JOHN MILTON RODRÍGUEZ,9
88,CONSULADOS,505,JAPON,RODOLFO HERNÁNDEZ,29
88,CONSULADOS,505,JAPON,SERGIO FAJARDO,30
88,CONSULADOS,505,JAPON,VOTOS EN BLANCO,4
88,CONSULADOS,515,KENIA,FEDERICO GUTIÉRREZ,12
88,CONSULADOS,515,KENIA,GUSTAVO PETRO,15
88,CONSULADOS,515,KENIA,RODOLFO HERNÁNDEZ,2
88,CONSULADOS,515,KENIA,SERGIO FAJARDO,7
88,CONSULADOS,535,LIBANO,ENRIQUE GÓMEZ MARTÍNEZ,2
88,CONSULADOS,535,LIBANO,FEDERICO GUTIÉRREZ,107
88,CONSULADOS,535,LIBANO,GUSTAVO PETRO,9
88,CONSULADOS,535,LIBANO,JOHN MILTON RODRÍGUEZ,1
88,CONSULADOS,535,LIBANO,RODOLFO HERNÁNDEZ,18
88,CONSULADOS,535,LIBANO,SERGIO FAJARDO,10
88,CONSULADOS,535,LIBANO,VOTOS EN BLANCO,2
88,CONSULADOS,540,LUXEMBURGO,ENRIQUE GÓMEZ MARTÍNEZ,1
88,CONSULADOS,540,LUXEMBURGO,FEDERICO GUTIÉRREZ,26
88,CONSULADOS,540,LUXEMBURGO,GUSTAVO PETRO,42
88,CONSULADOS,540,LUXEMBURGO,JOHN MILTON RODRÍGUEZ,1
88,CONSULADOS,540,LUXEMBURGO,RODOLFO HERNÁNDEZ,14
88,CONSULADOS,540,LUXEMBURGO,SERGIO FAJARDO,31
88,CONSULADOS,540,LUXEMBURGO,VOTOS EN BLANCO,3
88,CONSULADOS,560,MALASIA,FEDERICO GUTIÉRREZ,29
88,CONSULADOS,560,MALASIA,GUSTAVO PETRO,18
88,CONSULADOS,560,MALASIA,RODOLFO HERNÁNDEZ,15
88,CONSULADOS,560,MALASIA,SERGIO FAJARDO,9
88,CONSULADOS,560,MALASIA,VOTOS EN BLANCO,2
88,CONSULADOS,580,MARRUECOS,ENRIQUE GÓMEZ MARTÍNEZ,0
88,CONSULADOS,580,MARRUECOS,FEDERICO GUTIÉRREZ,4
88,CONSULADOS,580,MARRUECOS,GUSTAVO PETRO,11
88,CONSULADOS,580,MARRUECOS,INGRID BETANCOURT,0
88,CONSULADOS,580,MARRUECOS,JOHN MILTON RODRÍGUEZ,0
88,CONSULADOS,580,MARRUECOS,LUIS PÉREZ,0
88,CONSULADOS,580,MARRUECOS,RODOLFO HERNÁNDEZ,1
88,CONSULADOS,580,MARRUECOS,SERGIO FAJARDO,7
88,CONSULADOS,580,MARRUECOS,VOTOS EN BLANCO,0
88,CONSULADOS,580,MARRUECOS,VOTOS NO MARCADOS,0
88,CONSULADOS,580,MARRUECOS,VOTOS NULOS,0
88,CONSULADOS,590,MEXICO,ENRIQUE GÓMEZ MARTÍNEZ,16
88,CONSULADOS,590,MEXICO,FEDERICO GUTIÉRREZ,2872
88,CONSULADOS,590,MEXICO,GUSTAVO PETRO,2470
88,CONSULADOS,590,MEXICO,INGRID BETANCOURT,4
88,CONSULADOS,590,MEXICO,JOHN MILTON RODRÍGUEZ,30
88,CONSULADOS,590,MEXICO,LUIS PÉREZ,3
88,CONSULADOS,590,MEXICO,RODOLFO HERNÁNDEZ,702
88,CONSULADOS,590,MEXICO,SERGIO FAJARDO,836
88,CONSULADOS,590,MEXICO,VOTOS EN BLANCO,56
88,CONSULADOS,590,MEXICO,VOTOS NO MARCADOS,2
88,CONSULADOS,590,MEXICO,VOTOS NULOS,8
88,CONSULADOS,620,NICARAGUA,FEDERICO GUTIÉRREZ,41
88,CONSULADOS,620,NICARAGUA,GUSTAVO PETRO,14
88,CONSULADOS,620,NICARAGUA,RODOLFO HERNÁNDEZ,14
88,CONSULADOS,620,NICARAGUA,SERGIO FAJARDO,3
88,CONSULADOS,625,NUEVA ZELANDIA,ENRIQUE GÓMEZ MARTÍNEZ,2
88,CONSULADOS,625,NUEVA ZELANDIA,FEDERICO GUTIÉRREZ,136
88,CONSULADOS,625,NUEVA ZELANDIA,GUSTAVO PETRO,408
88,CONSULADOS,625,NUEVA ZELANDIA,INGRID BETANCOURT,1
88,CONSULADOS,625,NUEVA ZELANDIA,JOHN MILTON RODRÍGUEZ,3
88,CONSULADOS,625,NUEVA ZELANDIA,RODOLFO HERNÁNDEZ,139
88,CONSULADOS,625,NUEVA ZELANDIA,SERGIO FAJARDO,100
88,CONSULADOS,625,NUEVA ZELANDIA,VOTOS EN BLANCO,24
88,CONSULADOS,625,NUEVA ZELANDIA,VOTOS NULOS,1
88,CONSULADOS,635,NORUEGA,ENRIQUE GÓMEZ MARTÍNEZ,1
88,CONSULADOS,635,NORUEGA,FEDERICO GUTIÉRREZ,49
88,CONSULADOS,635,NORUEGA,GUSTAVO PETRO,164
88,CONSULADOS,635,NORUEGA,INGRID BETANCOURT,2
88,CONSULADOS,635,NORUEGA,RODOLFO HERNÁNDEZ,24
88,CONSULADOS,635,NORUEGA,SERGIO FAJARDO,33
88,CONSULADOS,635,NORUEGA,VOTOS EN BLANCO,3
88,CONSULADOS,655,PANAMA,ENRIQUE GÓMEZ MARTÍNEZ,25
88,CONSULADOS,655,PANAMA,FEDERICO GUTIÉRREZ,3793
88,CONSULADOS,655,PANAMA,GUSTAVO PETRO,1537
88,CONSULADOS,655,PANAMA,INGRID BETANCOURT,8
88,CONSULADOS,655,PANAMA,JOHN MILTON RODRÍGUEZ,53
88,CONSULADOS,655,PANAMA,LUIS PÉREZ,2
88,CONSULADOS,655,PANAMA,RODOLFO HERNÁNDEZ,1162
88,CONSULADOS,655,PANAMA,SERGIO FAJARDO,534
88,CONSULADOS,655,PANAMA,VOTOS EN BLANCO,54
88,CONSULADOS,655,PANAMA,VOTOS NO MARCADOS,2
88,CONSULADOS,655,PANAMA,VOTOS NULOS,11
88,CONSULADOS,665,PARAGUAY,FEDERICO GUTIÉRREZ,114
88,CONSULADOS,665,PARAGUAY,GUSTAVO PETRO,44
88,CONSULADOS,665,PARAGUAY,JOHN MILTON RODRÍGUEZ,4
88,CONSULADOS,665,PARAGUAY,LUIS PÉREZ,1
88,CONSULADOS,665,PARAGUAY,RODOLFO HERNÁNDEZ,38
88,CONSULADOS,665,PARAGUAY,SERGIO FAJARDO,18
88,CONSULADOS,665,PARAGUAY,VOTOS EN BLANCO,2
88,CONSULADOS,670,PERU,ENRIQUE GÓMEZ MARTÍNEZ,9
88,CONSULADOS,670,PERU,FEDERICO GUTIÉRREZ,1049
88,CONSULADOS,670,PERU,GUSTAVO PETRO,649
88,CONSULADOS,670,PERU,INGRID BETANCOURT,3
88,CONSULADOS,670,PERU,JOHN MILTON RODRÍGUEZ,23
88,CONSULADOS,670,PERU,LUIS PÉREZ,1
88,CONSULADOS,670,PERU,RODOLFO HERNÁNDEZ,415
88,CONSULADOS,670,PERU,SERGIO FAJARDO,253
88,CONSULADOS,670,PERU,VOTOS EN BLANCO,21
88,CONSULADOS,670,PERU,VOTOS NULOS,8
88,CONSULADOS,675,POLONIA,ENRIQUE GÓMEZ MARTÍNEZ,4
88,CONSULADOS,675,POLONIA,FEDERICO GUTIÉRREZ,37
88,CONSULADOS,675,POLONIA,GUSTAVO PETRO,131
88,CONSULADOS,675,POLONIA,RODOLFO HERNÁNDEZ,18
88,CONSULADOS,675,POLONIA,SERGIO FAJARDO,17
88,CONSULADOS,675,POLONIA,VOTOS EN BLANCO,1
88,CONSULADOS,680,PORTUGAL,ENRIQUE GÓMEZ MARTÍNEZ,3
88,CONSULADOS,680,PORTUGAL,FEDERICO GUTIÉRREZ,156
88,CONSULADOS,680,PORTUGAL,GUSTAVO PETRO,310
88,CONSULADOS,680,PORTUGAL,JOHN MILTON RODRÍGUEZ,6
88,CONSULADOS,680,PORTUGAL,RODOLFO HERNÁNDEZ,74
88,CONSULADOS,680,PORTUGAL,SERGIO FAJARDO,71
88,CONSULADOS,680,PORTUGAL,VOTOS EN BLANCO,11
88,CONSULADOS,683,PUERTO RICO,ENRIQUE GÓMEZ MARTÍNEZ,5
88,CONSULADOS,683,PUERTO RICO,FEDERICO GUTIÉRREZ,435
88,CONSULADOS,683,PUERTO RICO,GUSTAVO PETRO,270
88,CONSULADOS,683,PUERTO RICO,JOHN MILTON RODRÍGUEZ,5
88,CONSULADOS,683,PUERTO RICO,RODOLFO HERNÁNDEZ,74
88,CONSULADOS,683,PUERTO RICO,SERGIO FAJARDO,62
88,CONSULADOS,683,PUERTO RICO,VOTOS EN BLANCO,3
88,CONSULADOS,685,REPUBLICA DOMINICANA,ENRIQUE GÓMEZ MARTÍNEZ,6
88,CONSULADOS,685,REPUBLICA DOMINICANA,FEDERICO GUTIÉRREZ,709
88,CONSULADOS,685,REPUBLICA DOMINICANA,GUSTAVO PETRO,255
88,CONSULADOS,685,REPUBLICA DOMINICANA,INGRID BETANCOURT,2
88,CONSULADOS,685,REPUBLICA DOMINICANA,JOHN MILTON RODRÍGUEZ,11
88,CONSULADOS,685,REPUBLICA DOMINICANA,LUIS PÉREZ,1
88,CONSULADOS,685,REPUBLICA DOMINICANA,RODOLFO HERNÁNDEZ,179
88,CONSULADOS,685,REPUBLICA DOMINICANA,SERGIO FAJARDO,122
88,CONSULADOS,685,REPUBLICA DOMINICANA,VOTOS EN BLANCO,13
88,CONSULADOS,688,REPUBLICA DE SINGAPUR,FEDERICO GUTIÉRREZ,61
88,CONSULADOS,688,REPUBLICA DE SINGAPUR,GUSTAVO PETRO,31
88,CONSULADOS,688,REPUBLICA DE SINGAPUR,INGRID BETANCOURT,1
88,CONSULADOS,688,REPUBLICA DE SINGAPUR,RODOLFO HERNÁNDEZ,18
88,CONSULADOS,688,REPUBLICA DE SINGAPUR,SERGIO FAJARDO,35
88,CONSULADOS,688,REPUBLICA DE SINGAPUR,VOTOS EN BLANCO,3
88,CONSULADOS,690,REPUBLICA SOCIALISTA DEVIETNAM,ENRIQUE GÓMEZ MARTÍNEZ,1
88,CONSULADOS,690,REPUBLICA SOCIALISTA DEVIETNAM,FEDERICO GUTIÉRREZ,4
88,CONSULADOS,690,REPUBLICA SOCIALISTA DEVIETNAM,GUSTAVO PETRO,13
88,CONSULADOS,690,REPUBLICA SOCIALISTA DEVIETNAM,INGRID BETANCOURT,0
88,CONSULADOS,690,REPUBLICA SOCIALISTA DEVIETNAM,JOHN MILTON RODRÍGUEZ,0
88,CONSULADOS,690,REPUBLICA SOCIALISTA DEVIETNAM,LUIS PÉREZ,0
88,CONSULADOS,690,REPUBLICA SOCIALISTA DEVIETNAM,RODOLFO HERNÁNDEZ,2
88,CONSULADOS,690,REPUBLICA SOCIALISTA DEVIETNAM,SERGIO FAJARDO,5
88,CONSULADOS,690,REPUBLICA SOCIALISTA DEVIETNAM,VOTOS EN BLANCO,1
88,CONSULADOS,690,REPUBLICA SOCIALISTA DEVIETNAM,VOTOS NO MARCADOS,0
88,CONSULADOS,690,REPUBLICA SOCIALISTA DEVIETNAM,VOTOS NULOS,0
88,CONSULADOS,700,RUSIA,FEDERICO GUTIÉRREZ,15
88,CONSULADOS,700,RUSIA,GUSTAVO PETRO,129
88,CONSULADOS,700,RUSIA,RODOLFO HERNÁNDEZ,16
88,CONSULADOS,700,RUSIA,SERGIO FAJARDO,3
88,CONSULADOS,700,RUSIA,VOTOS EN BLANCO,2
88,CONSULADOS,745,SUDAFRICA,FEDERICO GUTIÉRREZ,42
88,CONSULADOS,745,SUDAFRICA,GUSTAVO PETRO,28
88,CONSULADOS,745,SUDAFRICA,RODOLFO HERNÁNDEZ,4
88,CONSULADOS,745,SUDAFRICA,SERGIO FAJARDO,11
88,CONSULADOS,745,SUDAFRICA,VOTOS EN BLANCO,2
88,CONSULADOS,755,SUECIA,ENRIQUE GÓMEZ MARTÍNEZ,3
88,CONSULADOS,755,SUECIA,FEDERICO GUTIÉRREZ,180
88,CONSULADOS,755,SUECIA,GUSTAVO PETRO,612
88,CONSULADOS,755,SUECIA,INGRID BETANCOURT,1
88,CONSULADOS,755,SUECIA,JOHN MILTON RODRÍGUEZ,8
88,CONSULADOS,755,SUECIA,RODOLFO HERNÁNDEZ,82
88,CONSULADOS,755,SUECIA,SERGIO FAJARDO,112
88,CONSULADOS,755,SUECIA,VOTOS EN BLANCO,6
88,CONSULADOS,760,SUIZA,ENRIQUE GÓMEZ MARTÍNEZ,9
88,CONSULADOS,760,SUIZA,FEDERICO GUTIÉRREZ,766
88,CONSULADOS,760,SUIZA,GUSTAVO PETRO,1332
88,CONSULADOS,760,SUIZA,INGRID BETANCOURT,3
88,CONSULADOS,760,SUIZA,JOHN MILTON RODRÍGUEZ,14
88,CONSULADOS,760,SUIZA,LUIS PÉREZ,1
88,CONSULADOS,760,SUIZA,RODOLFO HERNÁNDEZ,232
88,CONSULADOS,760,SUIZA,SERGIO FAJARDO,322
88,CONSULADOS,760,SUIZA,VOTOS EN BLANCO,18
88,CONSULADOS,760,SUIZA,VOTOS NULOS,1
88,CONSULADOS,765,TAILANDIA,FEDERICO GUTIÉRREZ,17
88,CONSULADOS,765,TAILANDIA,GUSTAVO PETRO,24
88,CONSULADOS,765,TAILANDIA,RODOLFO HERNÁNDEZ,11
88,CONSULADOS,765,TAILANDIA,SERGIO FAJARDO,17
88,CONSULADOS,770,TURQUIA,FEDERICO GUTIÉRREZ,37
88,CONSULADOS,770,TURQUIA,GUSTAVO PETRO,81
88,CONSULADOS,770,TURQUIA,JOHN MILTON RODRÍGUEZ,2
88,CONSULADOS,770,TURQUIA,RODOLFO HERNÁNDEZ,4
88,CONSULADOS,770,TURQUIA,SERGIO FAJARDO,7
88,CONSULADOS,785,TRINIDAD Y TOBAGO,FEDERICO GUTIÉRREZ,22
88,CONSULADOS,785,TRINIDAD Y TOBAGO,GUSTAVO PETRO,18
88,CONSULADOS,785,TRINIDAD Y TOBAGO,INGRID BETANCOURT,1
88,CONSULADOS,785,TRINIDAD Y TOBAGO,RODOLFO HERNÁNDEZ,12
88,CONSULADOS,785,TRINIDAD Y TOBAGO,SERGIO FAJARDO,6
88,CONSULADOS,785,TRINIDAD Y TOBAGO,VOTOS EN BLANCO,1
88,CONSULADOS,805,URUGUAY,ENRIQUE GÓMEZ MARTÍNEZ,4
88,CONSULADOS,805,URUGUAY,FEDERICO GUTIÉRREZ,119
88,CONSULADOS,805,URUGUAY,GUSTAVO PETRO,266
88,CONSULADOS,805,URUGUAY,JOHN MILTON RODRÍGUEZ,2
88,CONSULADOS,805,URUGUAY,RODOLFO HERNÁNDEZ,81
88,CONSULADOS,805,URUGUAY,SERGIO FAJARDO,48
88,CONSULADOS,805,URUGUAY,VOTOS EN BLANCO,7
88,CONSULADOS,805,URUGUAY,VOTOS NULOS,1
88,CONSULADOS,815,VENEZUELA,ENRIQUE GÓMEZ MARTÍNEZ,17
88,CONSULADOS,815,VENEZUELA,FEDERICO GUTIÉRREZ,1439
88,CONSULADOS,815,VENEZUELA,GUSTAVO PETRO,464
88,CONSULADOS,815,VENEZUELA,INGRID BETANCOURT,3
88,CONSULADOS,815,VENEZUELA,JOHN MILTON RODRÍGUEZ,45
88,CONSULADOS,815,VENEZUELA,LUIS PÉREZ,1
88,CONSULADOS,815,VENEZUELA,RODOLFO HERNÁNDEZ,1102
88,CONSULADOS,815,VENEZUELA,SERGIO FAJARDO,111
88,CONSULADOS,815,VENEZUELA,VOTOS EN BLANCO,26
88,CONSULADOS,815,VENEZUELA,VOTOS NO MARCADOS,1
88,CONSULADOS,815,VENEZUELA,VOTOS NULOS,9
